frame,BrowHeight_L,BrowHeight_R,BrowSpeed_L,BrowSpeed_R,EAR_L,EAR_R,EARSpeed_L,EARSpeed_R,MouthWidth,LipGap,MouthArea,LipCornerLift_L,LipCornerLift_R,UpperLipHeight,LowerLipHeight,CheekWidth_L,CheekWidth_R,JawOpen
0,0.43599544437655446,0.4553900715680364,0.0,0.0,0.13809301386587075,0.38936790506089336,0.0,0.0,0.5138145691644753,0.013380213673542394,0.006874948723999807,0.04892543445485811,0.03520063502982474,0.41848154210461713,0.6804511996766416,0.5702266903765882,0.5670504831097675,0.6876303047600945
1,0.43599873002925654,0.4550635392438616,3.2856527020785897e-06,-0.0003265323241747886,0.1529699957974952,0.3916089048762839,0.014876981931624456,0.002240999815390554,0.5147450079840225,0.013557868688285263,0.0069788452261977255,0.049123134713690765,0.035852907246398245,0.41983501465012624,0.6818992730274815,0.5718045110214593,0.5684218081035106,0.6892964752281094
2,0.43542397865893034,0.4546326889552744,-0.0005747513703261986,-0.0004308502885871923,0.1802676303870263,0.40023861209797806,0.027297634589531106,0.00862970722169415,0.5171729405724371,0.013779042050096018,0.00712614769531942,0.0495561384110651,0.03684461304126139,0.4223632382803527,0.6855156883105324,0.5751243136411686,0.5714807909343489,0.6931938647127476
3,0.4334804300865016,0.4533634658548038,-0.0019435485724287327,-0.0012692231004706178,0.21472077056993422,0.41466855334810876,0.034453140182907904,0.014429941250130696,0.5197834906065463,0.013963955940757292,0.007258233761562843,0.05039789107244268,0.0379089218203599,0.425054176859516,0.689770722081299,0.5788388634035948,0.574913206078202,0.6976886946696678
4,0.4305293174918556,0.45092805158048266,-0.0029511125946460326,-0.002435414274321146,0.25064493652786746,0.4324488564301673,0.03592416595793324,0.017780303082058524,0.5224717930390577,0.014122518644114472,0.00737861763821801,0.05168744631435012,0.03877704860199081,0.4276531770496586,0.6937861496770488,0.5825109431540753,0.5781991182242259,0.7019066199973301
5,0.42715550947396563,0.4481138718164993,-0.0033738080178899454,-0.002814179763983349,0.28507827399277186,0.45123214462290157,0.0344333374649044,0.018783288192734282,0.5249704547705399,0.014235051112915722,0.007472981256429248,0.05282549500580292,0.039551539546691925,0.4298874292788518,0.6969773872021208,0.5858709633878666,0.5812228725803483,0.7052546512557702
6,0.4236849234918288,0.44493319796858005,-0.0034705859821368423,-0.0031806738479192576,0.31598114823296225,0.46999676038197136,0.030902874240190392,0.01876461575906979,0.5271554173036356,0.014284039593967577,0.007529908852939631,0.053851836776541394,0.040108030152932406,0.43200059516414635,0.6994416573182055,0.5888777163771671,0.5838819075050472,0.7077988607665999
7,0.42053185573403773,0.44193690563722854,-0.0031530677577910615,-0.0029962923313515133,0.3420985528019208,0.4869289106216233,0.026117404568958558,0.016932150239651944,0.5290021757728572,0.014308375509848486,0.007569161776484915,0.054671662884131424,0.04047441434522863,0.43401962673855726,0.7014301008884024,0.5915071518815311,0.586186009253227,0.7098313966162841
8,0.4177352858026664,0.439244903324218,-0.00279656993137134,-0.002692002313010533,0.36415762791913037,0.5020640216084303,0.02205907511720956,0.015135110986807032,0.530691156812802,0.014287875376560604,0.007582449111984096,0.05535334719286263,0.0407643996452295,0.43568151464761584,0.703073842721476,0.5937264732748488,0.5881322798479822,0.7114859317855678
9,0.41530352081243327,0.43675799627354167,-0.0024317649902331206,-0.0024869070506763347,0.38267665819819097,0.5155518082526002,0.0185190302790606,0.01348778664416983,0.5321497473922246,0.01425245833402138,0.007584442102167685,0.05593609708562302,0.04091442158195854,0.43698614392213236,0.7044953323974744,0.5955987196403383,0.5897152940895772,0.7129114916763946
10,0.41321167364814926,0.4345576553042844,-0.002091847164284011,-0.002200340969257253,0.39827579975501093,0.5275187233537164,0.015599141556819962,0.011966915101116249,0.5332942607918092,0.014243495916690845,0.007595974625982797,0.05646810039067859,0.04100527780029919,0.43802248117620113,0.7056416627094996,0.5971233415497078,0.5910086404433487,0.7140711548225525
11,0.41139557599375653,0.4326470661074269,-0.0018160976543927232,-0.0019105891968574928,0.41176639391101233,0.5378334942213426,0.013490594156001401,0.010314770867626222,0.534074032512083,0.014276040342407302,0.0076244624339746455,0.05686513372812166,0.04102933675230513,0.438865343868668,0.7062594360151719,0.5983580333326686,0.5920701966312626,0.7147001092795928
12,0.40987115508013805,0.4309971233523653,-0.001524420913618485,-0.0016499427550616397,0.42270006313092723,0.546555366146638,0.010933669219914899,0.008721871925295388,0.5348517368160215,0.014317193972778463,0.007657576062672435,0.05711402920764201,0.040955396975400994,0.43958782766923904,0.706553733203431,0.5993581011348456,0.5930231160353441,0.715018529785347
13,0.4085826903139119,0.4295895876731485,-0.0012884647662261273,-0.0014075356792168092,0.4320576189195399,0.5540561741667744,0.009357555788612693,0.007500808020136418,0.5357594307974222,0.01436352199054477,0.007695392365900522,0.0571888136100429,0.04087454404106835,0.44022731727837977,0.7068442299247633,0.6001608531762165,0.5939193780916329,0.7153183752455341
14,0.40750289848938853,0.42840467967533397,-0.0010797918245233906,-0.0011849079978145105,0.4397723710857406,0.5603099315910804,0.007714752166200656,0.006253757424306006,0.5365443818744735,0.014399853108841463,0.007726160285366558,0.05722349497872173,0.040792243501037155,0.4407227839236065,0.7071194909757038,0.6008242293741888,0.5946985667428992,0.7155938971192574
15,0.4066082139684778,0.4273981876101808,-0.0008946845209107379,-0.0010064920651531861,0.4460336902806739,0.5654929303491413,0.006261319194933335,0.0051829987580608305,0.5372051660761334,0.014434744708974243,0.007754419428651097,0.0572323456224121,0.04068350084777317,0.44112092979548817,0.7073567586486635,0.601372576988425,0.5953562189065512,0.7158394531811988
16,0.4059626724258973,0.426638241071435,-0.0006455415425805078,-0.0007599465387457816,0.4510435108609703,0.5700292766528834,0.005009820580296365,0.0045363463037421115,0.5378118462392831,0.014470788267317528,0.007782561354583797,0.05725993412333207,0.04057909484338248,0.44153841390390325,0.7077120327580313,0.6019510495227914,0.5960144648794523,0.7162065586878332
17,0.40537342988269853,0.42596426234823614,-0.0005892425431987536,-0.0006739787231988537,0.4549933375089855,0.5742001440602433,0.003949826648015242,0.004170867407359946,0.5382810552524893,0.01450743215175221,0.007809075887649071,0.05726431833193041,0.040489914827052956,0.4418608623738037,0.7081029415149253,0.6024126488350705,0.5965284417565613,0.7166147469553933
18,0.40487173791622655,0.42534985593847047,-0.0005016919664719843,-0.0006144064097656776,0.45829559100210404,0.5780241855942039,0.0033022534931185232,0.0038240415339605427,0.5386193549115903,0.014539400133313441,0.007831202320606776,0.05727722816963696,0.04030974682876895,0.44211410254870437,0.7083024691647752,0.6027886633663491,0.5969433806186469,0.7168244165389851
19,0.404395112414823,0.4247705074566379,-0.0004766255014035381,-0.0005793484818325534,0.4610920373926457,0.5816670676213042,0.0027964463905416626,0.0036428820271002804,0.5388595402570001,0.014581820380882947,0.007857553026552739,0.05703037325896914,0.039901457827149996,0.4421547059732493,0.7085691037715365,0.6030829797766947,0.5972768879729575,0.7171741883133274
20,0.4039636967683573,0.4242265518134892,-0.00043141564646570485,-0.0005439556431486858,0.46390776538655887,0.5853956458673573,0.002815727993913164,0.0037285782460531047,0.5391536872870776,0.014615783340022927,0.0078801534803624,0.056924788254699536,0.039616754256669426,0.44229970140033376,0.7089539596485225,0.6033729963610124,0.5976091875614175,0.7176327163724092
21,0.40360693893132543,0.42372347317739506,-0.0003567578370318736,-0.0005030786360941675,0.4664942585449529,0.588813947084574,0.002586493158394043,0.003418301217216757,0.5394714411224584,0.014637828186684236,0.007896690266773487,0.057027200021813385,0.039385327300316096,0.4425394079769621,0.7092648127324547,0.6036348585735684,0.5978915057448003,0.7180061627312462
22,0.40321303687405047,0.4232045054273713,-0.0003939020572749641,-0.0005189677500237466,0.46865539629240893,0.5918391306836093,0.002161137747456021,0.0030251835990352527,0.539691643795204,0.014653216251250632,0.00790821836552405,0.057241060432658024,0.03917985186748849,0.44283101451267265,0.7095466117259851,0.6038347654001132,0.5981112835336891,0.7183476579591277
23,0.40287338892450747,0.4227447515992045,-0.00033964794954299826,-0.0004597538281668201,0.4704446034629831,0.5941756181005567,0.0017892071705741808,0.0023364874169474747,0.5398485319466977,0.014647742351481063,0.00790756220478052,0.05752529627289979,0.03903670517101804,0.44304521985385126,0.7097565107007461,0.6039956427537176,0.5982634368559716,0.7185977471084815
24,0.40257093502364943,0.42236911930077103,-0.00030245390085803514,-0.00037563229843345924,0.4718922903487962,0.5960568897298635,0.0014476868858130931,0.0018812716293067355,0.5397838507547129,0.014641907460664334,0.007903465191511555,0.057752915896606805,0.03892586090668445,0.44319878582746647,0.7098957570357931,0.6040770266112286,0.598358634055388,0.7187690885229804
25,0.4023085251519693,0.42196049129145613,-0.00026240987168013596,-0.00040862800931490417,0.47309345513381335,0.5976275399008002,0.0012011647850171392,0.001570650170936716,0.5398117426250203,0.014629880892719244,0.007897381499095262,0.05795233601428865,0.038830365108891075,0.44329117672022245,0.7100201052534473,0.6041536952949581,0.5984427989965234,0.7189172898898994
26,0.4020195516130046,0.42150257353039694,-0.00028897353896467637,-0.00045791776105919,0.4741049902280099,0.598947275870989,0.0010115350941965473,0.0013197359701887512,0.5398987901244463,0.01461618632097895,0.007891261310930016,0.058108913227504,0.038743086717772164,0.4432747565956257,0.7101359951241533,0.6042044577525552,0.5984860475802245,0.719050019213421
27,0.4017500206121069,0.42108407277202037,-0.00026953100089771587,-0.0004185007583765721,0.4749255395022752,0.5999903412891878,0.0008205492742652809,0.001043065418198874,0.5400251849466515,0.014606961285763762,0.007888126969853155,0.058133719556568035,0.03866166916932987,0.4431927168077221,0.7102245302548222,0.6041848974257537,0.5985376904874966,0.719156042941636
28,0.4014687724891527,0.4207200387558277,-0.0002812481229542141,-0.0003640340161926714,0.47565476175235205,0.6008101237566136,0.0007292222500768775,0.0008197824674257559,0.5402697653841922,0.014628389197707481,0.007903276399794074,0.05815798167842677,0.03859839183548408,0.44306653293675985,0.7103044233774808,0.6040191131525277,0.5986570851589625,0.7192526256482966
29,0.4011956120660646,0.4204015527693794,-0.0002731604230881146,-0.0003184859864482914,0.4762960865824832,0.601314230704347,0.0006413248301311292,0.0005041069477333959,0.5404525392406566,0.014661003107199387,0.007923576357101066,0.05822471724023244,0.038552870015906376,0.44300455205436706,0.7104279410024656,0.6038223111304281,0.5987877904159259,0.7193932302042697
30,0.40103622211554013,0.4201641400377477,-0.0001593899505244467,-0.00023741273163169208,0.4768688402937286,0.6014873188308439,0.0005727537112454328,0.00017308812649696748,0.5404998997268606,0.014687050654975954,0.007938349406297826,0.05805958109346471,0.03845629310237677,0.4429541952017975,0.7103043313851707,0.6036192838897728,0.5988299147894658,0.7192841008643276
31,0.4009519497795215,0.420026521426282,-8.427233601865369e-05,-0.0001376186114657174,0.477313059486127,0.6016089102813621,0.00044421919239839847,0.00012159145051815479,0.5404413372686986,0.014715945441549791,0.007953105233604377,0.057704893368398666,0.03825798127130924,0.4428725378388255,0.7100773291489403,0.6034776105614744,0.5987997111430076,0.7190842654269982
32,0.40086961201116833,0.4198842376691427,-8.233776835314677e-05,-0.0001422837571393165,0.4777562868804114,0.6017104035367985,0.0004432273942843734,0.00010149325543640231,0.5402331439804605,0.01472966063778099,0.007957450876113659,0.0573381833362573,0.03808653722589213,0.44275948193478165,0.7097396831460266,0.6033384826625926,0.5987388358439908,0.7187604589650406
33,0.40092983659894776,0.4200265073298297,6.022458777943385e-05,0.00014226966068703328,0.47827830670282884,0.6018444620976885,0.0005220198224174522,0.00013405856088999357,0.53987091045805,0.01473744801699721,0.007956319478764467,0.05688686900686868,0.03795632477527676,0.44271033753381234,0.7092883630283852,0.6032276205436065,0.5986264751589244,0.718307313710284
34,0.4028965291046254,0.4222035988614625,0.0019666925056776585,0.002177091531632813,0.4795327908476626,0.6027083244074685,0.0012544841448337563,0.0008638623097799725,0.5393657691833021,0.014715280687084897,0.007936918686537736,0.056287225692959825,0.03787161498697795,0.4428147434725604,0.708895565848997,0.6031622131945746,0.5985064691508087,0.7178919840245823
35,0.4124246192862657,0.4296164311417208,0.009528090181640303,0.007412832280258297,0.4840913206580469,0.6061303731685415,0.004558529810384293,0.0034220487610729933,0.5389423999302169,0.01451560893712123,0.00782307711702062,0.055499023573162,0.03781998279126113,0.4433683946435168,0.7083059162569791,0.6030448618864869,0.5984193361911267,0.7172004364139093
36,0.4285022580767915,0.44240859454485815,0.01607763879052576,0.012792163403137324,0.4939656328803609,0.6133525269737494,0.009874312222313997,0.007222153805207965,0.5385565418119342,0.014058306508780415,0.007571192937100987,0.05466986142507979,0.03784633160367288,0.44511151323601433,0.7070163324539334,0.6030266433385097,0.5981824187560003,0.7157028290912731
37,0.445944905931067,0.457096222909963,0.017442647854275517,0.014687628365104843,0.5066639712930892,0.6224585413516653,0.012698338412728272,0.009106014377915916,0.5381013810080383,0.013579759604795164,0.0073072873970974495,0.05376242337124394,0.03794259868888166,0.447403177636378,0.7055256996184228,0.6025841207733744,0.5974864973217634,0.7140642301444318
38,0.4629156309172012,0.4721572390864792,0.016970724986134222,0.015061016176516229,0.5184686555483623,0.6310902639566384,0.011804684255273146,0.008631722604973024,0.5375625914443257,0.013107097608735649,0.00704588535686566,0.05273588868958779,0.037990506623692376,0.4496259095826168,0.7041715299530706,0.6018066360391993,0.5964128163773538,0.7126183084189003
39,0.47753179964255693,0.4849773244857829,0.014616168725355705,0.012820085399303682,0.528482673496562,0.638726594345098,0.010014017948199672,0.007636330388459678,0.5367315659036184,0.01264483403658003,0.006786881573044971,0.05139930983372645,0.03767802723846952,0.45176175122446166,0.7027772670535064,0.6008340307797174,0.595142882430378,0.7112119083910178
40,0.48952182179663717,0.49642897352991855,0.011990022154080238,0.011451649044135648,0.5371687933869028,0.6455807000731303,0.008686119890340849,0.006854105728032245,0.5358104025975893,0.012242760402167279,0.006559798379991074,0.05011841233500023,0.037320075436899885,0.4537493882005395,0.701430004826829,0.5997466974583333,0.5937615759336325,0.7099022563724672
41,0.4992761970516886,0.5064307526438557,0.009754375255051406,0.010001779113937181,0.5455107419281627,0.6520740854252738,0.008341948541259914,0.006493385352143499,0.5347437640645533,0.01195153086382961,0.006391006600457928,0.0489406499315494,0.03697785280480285,0.45534906933037067,0.69986896032631,0.5983707785259392,0.5921518767209116,0.708398360215929
42,0.5076000562660966,0.5152175659657692,0.008323859214408036,0.008786813321913445,0.5532839544469381,0.6579057675110177,0.007773212518775385,0.005831682085743917,0.5338860873327744,0.011779516123876819,0.006288919774049924,0.047869147594911884,0.036592655593648854,0.4565581102914587,0.6982136081527869,0.5967891274157037,0.5904358423752059,0.7068798265780551
43,0.5149426551841554,0.5233750203717643,0.007342598918058774,0.008157454405995135,0.5618872811615636,0.6641741428712905,0.008603326714625492,0.006268375360272804,0.5330156779857079,0.011674775674380584,0.0062228384714110175,0.04709272358924955,0.03624686957279279,0.45764246480147786,0.6965371818594867,0.595188407354287,0.5888086554005326,0.7053546784645498
44,0.5205748882764685,0.5298729353739415,0.005632233092313088,0.006497915002177224,0.5695036655620037,0.6701937548388344,0.0076163844004401016,0.006019611967543859,0.532088423398138,0.01167020109925503,0.006209578903641826,0.04621568407390572,0.03581943132259422,0.45856439477828,0.6949941574187819,0.5936483314482709,0.5872584269118271,0.7040619256665142
45,0.5257065623015547,0.5357915562643017,0.005131674025086186,0.0059186208903602155,0.576406485107024,0.6761136200289338,0.006902819545020256,0.00591986519009946,0.5312818973058611,0.01174125061908533,0.00623791390565127,0.04515906660691131,0.03537077302559803,0.4593650278639252,0.6938475914208816,0.5922506356988193,0.5859284240866851,0.7032264550590398
46,0.5302517354412273,0.5410964979612087,0.00454517313967262,0.005304941696906984,0.5821393018852971,0.6817696365687929,0.0057328167782730866,0.005656016539859032,0.5303921862248915,0.011861704950819838,0.006291355621219953,0.044290522526925794,0.034963942298974364,0.45989588023043254,0.6929475735650272,0.5909471927450691,0.5847235746778144,0.7026537209900714
47,0.5339527640120497,0.5454145894171405,0.00370102857082244,0.004318091455931761,0.5873928970910327,0.6873477213385638,0.0052535952057356505,0.005578084769770952,0.5295224905471402,0.01201325401156803,0.006361288183780926,0.043571668104890056,0.034649806830601024,0.4604738767502038,0.6920919361618029,0.5897409448194192,0.5836439022677502,0.7021221411176554
48,0.5369236200279217,0.5490526944642485,0.002970856015871992,0.0036381050471080423,0.5918805295531641,0.6924728762657395,0.004487632462131352,0.00512515492717569,0.5287328997627163,0.012174402577360096,0.006437007177606291,0.04295807494751162,0.034392161910555046,0.4609844944175439,0.6914807444009146,0.5886067614954662,0.58264710263665,0.7018150984515413
49,0.5395127243167558,0.5523125833249872,0.0025891042888340765,0.003259888860738691,0.595699233007879,0.6974144772970752,0.0038187034547149112,0.004941601031335674,0.5281380217351637,0.012311561115249014,0.006502203531879179,0.04223125683961048,0.03393863745255004,0.46113503177908644,0.6910059482193636,0.587510101268679,0.5817394064035895,0.7015937386242872
50,0.5417088005780232,0.5550556393832867,0.002196076261267388,0.002743056058299498,0.5989363630257344,0.7015774818755751,0.0032371300178554163,0.00416300457849994,0.5278237636494032,0.012432015271218351,0.006561913090201326,0.04147887118856511,0.03342983227249754,0.4610831091552078,0.690612954818993,0.5865371128636023,0.5809447441760422,0.701420797530447
51,0.5432529750047308,0.5570501316843579,0.001544174426707623,0.0019944923010711824,0.6012644224038433,0.7051157226443551,0.002328059378108871,0.0035382407687799544,0.5277191154411954,0.012590217974075293,0.006644098692490853,0.0407064104240832,0.03280300793557066,0.46080385167491705,0.6902024172664867,0.5856716029473458,0.5801367092168915,0.7012696903078677
52,0.5447319729326462,0.558586424498224,0.001478997927915393,0.0015362928138661358,0.6033694688042264,0.7081496790147995,0.002105046400383115,0.003033956370444457,0.5275025703171573,0.012715959401305146,0.006707701268237085,0.04004279538392733,0.03227408143631662,0.46048987803332275,0.6897214447206028,0.5848332135555856,0.5794321885557475,0.7009988259985375
53,0.5459779436846591,0.5596749406031583,0.001245970752012937,0.0010885161049342118,0.6049227199973449,0.7106711536396036,0.0015532511931185544,0.002521474624804121,0.5270653461917755,0.0128257860011329,0.0067600273388687395,0.03947245832101822,0.03183883517889568,0.4601667843728317,0.6893218544865586,0.5839919441743903,0.5787029653941067,0.7007731768905264
54,0.546870878772238,0.5604780984718517,0.0008929350875788167,0.0008031578686934493,0.6062557646598471,0.712669035791242,0.0013330446625021697,0.0019978821516383194,0.5264131152095671,0.012911763104877759,0.006796921438886654,0.03898600311756602,0.03141602088685703,0.4598251894569594,0.6889938079211868,0.5831479086573808,0.5779552473058567,0.700586549186249
55,0.5474457995116446,0.5609934014025009,0.0005749207394066813,0.0005153029306491641,0.6070627874689425,0.7142881370841534,0.0008070228090953924,0.001619101292911429,0.525916336797706,0.01300597077215029,0.0068400525049873125,0.03849690022566153,0.03097224220811637,0.45939885601556,0.6887097794666606,0.5824316176855302,0.5772466727008069,0.700445118677436
56,0.5477954215207668,0.5613594187165106,0.00034962200912214136,0.0003660173140097589,0.6078914359600555,0.7157578211846591,0.000828648491112971,0.0014696841005057415,0.5256039735015325,0.013087184531470218,0.006878676191688539,0.03806898011735297,0.030625109923576043,0.4590545258190502,0.6884368522992969,0.5818063951410068,0.5766971640277688,0.700290273915272
57,0.5479861849548154,0.561636882340048,0.00019076343404866858,0.0002774636235374217,0.6085493531177707,0.7168861454616322,0.0006579171577152376,0.0011283242769730695,0.5254387125875662,0.013155544059848043,0.0069124321341955605,0.03768221703811891,0.03036292633768363,0.4587474319595647,0.6881888212519903,0.5812539103134216,0.5762120673098536,0.7001387995625151
58,0.5481011201912331,0.5618271003570735,0.00011493523641770143,0.00019021801702545638,0.6093062810793485,0.71787111834309,0.0007569279615777802,0.000984972881457824,0.5253227910579086,0.013232865684217932,0.006951525934927785,0.03740742017695962,0.03020121068777397,0.45852851006133266,0.6879536961391642,0.5807793125674223,0.5757987563751549,0.6999984292725459
59,0.548165438903627,0.5620076439338655,6.431871239387377e-05,0.00018054357679198052,0.6098730846679136,0.7185535988246952,0.0005668035885650902,0.00068248048160513,0.5251951387216677,0.013293420626372687,0.006981639889953282,0.03720612479672424,0.030072178195774277,0.45839901701255586,0.6877452224490925,0.5803724910747093,0.5754118886109579,0.6998636331787514
60,0.5480872129792916,0.5618786658367166,-7.822592433537334e-05,-0.00012897809714884634,0.6101895695514761,0.7188862304993581,0.0003164848835625067,0.00033263167466290877,0.5251453303737785,0.013346676212390596,0.007008944688947711,0.03699601970132739,0.029980051489794587,0.4582292195358966,0.6872483906014477,0.579916435688489,0.5750215339938077,0.6994263828921308
61,0.5479394422193107,0.5616227215237398,-0.00014777075998095857,-0.0002559443129768191,0.6108618154296227,0.7193631828982591,0.0006722458781466267,0.0004769523989009983,0.5251200218103333,0.013358501758397678,0.007014816734723165,0.03677866355986867,0.02998981056073689,0.4581752919826859,0.6867994626094186,0.5795128576204431,0.5746819478309573,0.6989841840723349
62,0.5477878068543784,0.5614649913709215,-0.0001516353649322344,-0.00015773015281828062,0.6115376210905322,0.71995621171495,0.0006758056609095231,0.000593028816690877,0.5250898584121076,0.013350862377914625,0.007010402435698725,0.0365892297428912,0.03006170500531177,0.45816317843022974,0.686449090967251,0.5791548958238137,0.5743843406613441,0.6986210633517902
63,0.5476699025662664,0.5614232950749941,-0.00011790428811209175,-4.169629592742918e-05,0.6118078622501955,0.7201669618704817,0.0002702411596632315,0.00021075015553173593,0.5250007800842874,0.013322401981688945,0.006994271432983153,0.036459280425743625,0.030217205596215838,0.4582235395880878,0.6862433322793574,0.5788358614752211,0.5741214929298538,0.6983779414572222
64,0.5475510258521049,0.5614466211232566,-0.00011887671416144219,2.332604826249529e-05,0.6117748276401193,0.7199757874743808,-3.303461007619912e-05,-0.00019117439610083498,0.5249181083913986,0.013302631046558499,0.0069827919255881785,0.03639242704387908,0.03034472630577063,0.45825420410372264,0.6860844060829756,0.5785827984534214,0.5738344235258891,0.6981934137976014
65,0.5474469928846266,0.5615017791783335,-0.00010403296747829582,5.51580550769426e-05,0.6117537246520851,0.719965214715796,-2.110298803414956e-05,-1.0572758584848074e-05,0.5248663947003885,0.01328988029991656,0.006975411559016924,0.036335332965733505,0.030448310268881406,0.458277601858446,0.6859722327132762,0.5783461178357124,0.5735932709082658,0.6980646341116132
66,0.5473442358997737,0.5615577572824594,-0.00010275698485295859,5.597810412583115e-05,0.6116984618134127,0.7199641387873962,-5.5262838672409664e-05,-1.0759283998185154e-06,0.5246982819243718,0.013270171804223234,0.006962836346517173,0.0363183976620208,0.030456647544013792,0.4583118042477039,0.6858991418644433,0.5781367254007019,0.5733878363422357,0.6979602260519049
67,0.547339548160165,0.5616216281495795,-4.687739608710828e-06,6.387086712011936e-05,0.6117339469500066,0.7200191253085673,3.548513659390462e-05,5.498652117108538e-05,0.5246180547785068,0.013240269203150948,0.00694608427410082,0.036238926695895506,0.030428710531154795,0.4583225168896049,0.686024734956297,0.5779044526793017,0.5732329244103996,0.6980437965253392
68,0.5473927879695171,0.5616162255415502,5.323980935212358e-05,-5.402608029281275e-06,0.6117601780298921,0.720011154930147,2.6231079885530306e-05,-7.97037842026338e-06,0.5245933800910753,0.013228711078919991,0.006939694259138893,0.036157931393829175,0.030393674108473157,0.45829679921574135,0.6860915767325094,0.5777159113422371,0.5730760383074285,0.698092480667505
69,0.5474510054062788,0.5616548458562842,5.821743676170943e-05,3.8620314734005845e-05,0.6118034306867971,0.7203128279756293,4.325265690496849e-05,0.0003016730454823424,0.5245651101937562,0.013228051644680364,0.006938974368640453,0.03592275930677781,0.030392097458578113,0.45827231693331844,0.6861419766867557,0.5774866323139992,0.5730297792687198,0.6981336897155923
70,0.5474503638716377,0.5617520728036218,-6.415346410770795e-07,9.722694733760306e-05,0.6118677719633695,0.720704421540293,6.434127657239941e-05,0.00039159356466367257,0.5245954906960494,0.013232961738472802,0.006941952056556186,0.035592229134403866,0.030394274559690588,0.4582171638970288,0.6861480287412104,0.5772625754018955,0.5729979474034357,0.6981339916703538
71,0.5474563850665395,0.5618603013870362,6.021194901784099e-06,0.00010822858341441588,0.6119756340253746,0.7210540350180177,0.00010786206200508186,0.000349613477724664,0.5247658409787619,0.01325099991437258,0.006953672113875229,0.03522889765575101,0.03040943190987639,0.4581791050429606,0.6861725159419458,0.5770634786861164,0.573013500487303,0.6981692030055299
72,0.5476163933482819,0.5620131244678753,0.00016000828174245196,0.0001528230808390818,0.6121246347518636,0.7214027324118578,0.00014900072648904583,0.0003486973938401361,0.5248612399655841,0.013271377354898795,0.0069656315745433555,0.03487358762226755,0.030358020637590164,0.4582252088107439,0.6863440810842317,0.576953089736053,0.5730721975588257,0.6983410484482022
73,0.5477797255095517,0.5621925000639302,0.00016333216126973582,0.00017937559605485376,0.6122164438016333,0.7217327634947814,9.180904976968662e-05,0.0003300310829236208,0.525103923744305,0.013291060045697568,0.006979187780716955,0.03455573580340774,0.03020291724160078,0.45828175000211663,0.6866781400041561,0.5768407619393972,0.573127662899129,0.6986597657207771
74,0.5478957056482494,0.5621783850145766,0.00011598013869773549,-1.4115049353558007e-05,0.6122882383963799,0.7219584698082436,7.179459474659922e-05,0.00022570631346219283,0.5251905919469202,0.013299453944177139,0.0069847480895131936,0.03419419696499967,0.029921057331609744,0.45821892562086614,0.6867389642152739,0.5766708365085905,0.5731449967287793,0.6986977036809907
75,0.5480185922587331,0.562167320107286,0.00012288661048365235,-1.1064907290636583e-05,0.6124746060893432,0.7223618293310506,0.00018636769296331845,0.00040335952280701193,0.5253122342489706,0.01330335686562584,0.006988416118093292,0.03390624356184411,0.02968865298593166,0.45813903179015597,0.6867316951189147,0.5764843024419768,0.5731055465089382,0.69867157637903
76,0.5481123382870923,0.5622343806936733,9.374602835920953e-05,6.706058638727974e-05,0.6126887138061515,0.722699247591114,0.00021410771680829832,0.0003374182600633935,0.5253944352739633,0.01331195918624178,0.006994029279045549,0.03366720607753954,0.029469629214267115,0.4581169809557847,0.6866829453897794,0.5763353893237717,0.573133566219494,0.6986131164339383
77,0.5481938437005224,0.5622756798456259,8.15054134301052e-05,4.12991519526118e-05,0.6129861708837842,0.7231045275405548,0.0002974570776326235,0.00040527994944072887,0.525422948086329,0.013319979823165903,0.006998623067138247,0.03351557996832184,0.029255000626918503,0.45807448417805524,0.6866516897957363,0.5761901130361949,0.5732369455045633,0.6985821996283652
78,0.548286135957055,0.5622685535864099,9.22922565326223e-05,-7.126259215950448e-06,0.6133926279515542,0.723612400176377,0.00040645706777009405,0.000507872635822193,0.5254091743514282,0.013333962510959991,0.007005786233716386,0.033423346589476814,0.029042016865484886,0.45802116077921456,0.6866587250272203,0.5760833636698379,0.573368751089865,0.6986028331988866
79,0.5483877078166415,0.5622071766095578,0.00010157185958648007,-6.13769768521566e-05,0.6138372094687761,0.724103288052597,0.0004445815172218204,0.0004908878762200919,0.5253442854649598,0.013349038016360247,0.007012840838349359,0.03337919271755323,0.028839477326416053,0.45798607882919357,0.6866794014424765,0.5760150577597264,0.5735066070075804,0.6986377892117513
80,0.5485352549771995,0.5621818548214039,0.00014754716055798145,-2.532178815384256e-05,0.6145050367815841,0.7245095857498642,0.0006678273128080114,0.00040629769726718834,0.5251245788503084,0.013384672395824656,0.00702862045490677,0.03338448471807046,0.02866093008801215,0.4580127847897508,0.6866574916828032,0.5759532688688068,0.5735546795585419,0.698657736488725
81,0.5487766746973789,0.5622165363039257,0.00024141972017943658,3.468148252172565e-05,0.6158748758746081,0.7252534530611136,0.0013698390930240167,0.0007438673112493133,0.5249402706245149,0.013412526949273819,0.007040775526510397,0.03340081885451733,0.0283580800831241,0.4580023210859704,0.6864507630676929,0.5759077881666566,0.5735400208744073,0.6984879578857901
82,0.5491847645120375,0.5625113426995952,0.0004080898146585632,0.000294806395669589,0.6176937696865652,0.7265719248146384,0.0018188938119571008,0.0013184717535248414,0.5246742506353658,0.013471671132666773,0.007068238956338028,0.033463976025642266,0.02811869632654492,0.45806654674079317,0.6862300416371835,0.5758473388215153,0.5735165268371667,0.6983392581128274
83,0.5496061922784431,0.5626507379517227,0.0004214277664056354,0.00013939525212747217,0.6196984297300193,0.7279021564552279,0.0020046600434541206,0.001330231640589541,0.5244629520544509,0.013537118139395418,0.007099716941697177,0.03350376092109976,0.02797431868735333,0.45795917115011003,0.6860664013659301,0.5756779371520027,0.5733815658711536,0.6982430354544853
84,0.5500871167033912,0.5627046511053175,0.0004809244249480704,5.3913153594820074e-05,0.6213058482179691,0.7288846794255844,0.0016074184879497633,0.000982522970356503,0.5242761880495631,0.013610365324552533,0.007135590450318357,0.033626067443484745,0.028010912423313914,0.45803571848585484,0.6860701352650073,0.5755489954500396,0.5732969620417218,0.6982894958015949
85,0.550566677455563,0.5628269427010681,0.0004795607521718148,0.0001222915957506121,0.6226942713035233,0.7297804437773248,0.0013884230855542024,0.0008957643517403246,0.5240480141628736,0.013673180027677891,0.007165402840796064,0.033639355603067016,0.02798350790277103,0.45801985115198884,0.6860384402228402,0.5753937872120791,0.573213016110406,0.698296062398006
86,0.5508880932745437,0.5627877341647713,0.00032141581898070815,-3.920853629679755e-05,0.6244063459143226,0.7305503075205386,0.0017120746107993634,0.0007698637432138611,0.5238678448547642,0.013715002579082893,0.007184848843281688,0.033640791134692656,0.027986683251849158,0.4580410074784102,0.6861843905906921,0.5752270433957848,0.5731447768509389,0.6984662294973143
87,0.5510728617052272,0.562633484575671,0.0001847684306834907,-0.00015424958910037478,0.6260180199188611,0.7311466175916584,0.0016116740045384326,0.000596310071119821,0.5238059799458075,0.013736948672439034,0.007195495860832187,0.03372574784428224,0.028035748326881497,0.45802653846149427,0.6863420708913355,0.5750854300519608,0.5731005053204118,0.6986371539224098
88,0.5512634795119795,0.5624375931499418,0.00019061780675233564,-0.00019589142572917773,0.6280415955965929,0.7313351680482254,0.002023575677731815,0.00018855045656696046,0.5237564590612932,0.013722246448633063,0.0071871152103024595,0.03389058033473598,0.028051753760212274,0.45798552753526756,0.6865039608474602,0.5749520369495726,0.5730206800408372,0.698813346639098
89,0.5512336127911547,0.5623285263265588,-2.986672082483377e-05,-0.00010906682338296392,0.6299426499896998,0.7312943295602471,0.001901054393106949,-4.083848797831191e-05,0.5237409918970706,0.0137457975981706,0.007199237668482241,0.03390693744222262,0.028169752491342584,0.45788231712511,0.6867815271266443,0.5748117760589024,0.5729724283984251,0.6991532552478382
90,0.5512207057384497,0.5622797368810574,-1.2907052704957955e-05,-4.878944550146258e-05,0.6314625091909086,0.7310574751181034,0.0015198592012087841,-0.0002368544421437191,0.5237532849380899,0.013803414596114427,0.007229583738077309,0.03431215800447042,0.02844847160820395,0.45819100795221585,0.6871083977313838,0.574904365269002,0.572977963073176,0.6995719107093933
91,0.5513781913333662,0.562239531375639,0.0001574855949164622,-4.020550541838919e-05,0.6328770222400635,0.7315508086273319,0.001414513049154853,0.0004933335092285329,0.523758443284895,0.013804406515700985,0.007230174467135409,0.03483066462711485,0.028579829820233438,0.4587458988249119,0.6875285200617403,0.5750122775240759,0.5730986624855,0.7000129195504592
92,0.5514060406093296,0.5620076280572255,2.7849275963443e-05,-0.00023190331841349554,0.6343456486510667,0.7323025684622534,0.0014686264110032043,0.0007517598349214838,0.5236765253987183,0.013772515232455566,0.0072123429229332525,0.035289785660715646,0.028704173030199728,0.4594919076245011,0.6879221887096063,0.5751001072453612,0.5731911996170268,0.7003842888977705
93,0.5514987004133559,0.5618017469403763,9.265980402628493e-05,-0.00020588111684916033,0.635660347286047,0.7326854418914037,0.0013146986349803491,0.0003828734291503322,0.5235812587392995,0.01371416349531441,0.00718047898543327,0.035684249652905314,0.02887741536580496,0.4602172140764693,0.6881731432082561,0.5750882013856481,0.573265614664019,0.7005779597842101
94,0.551661152813921,0.5616053803961718,0.00016245240056511623,-0.00019636654420451816,0.6366771714738657,0.7330127891455874,0.0010168241878186768,0.00032734725418370747,0.5235523594936468,0.013654436524245514,0.007148812459824968,0.03599637368888691,0.029062482995748873,0.4609259198023528,0.6883003727795634,0.5750485725596282,0.5733809956300732,0.7006490870359718
95,0.5517798837924578,0.5613804476195775,0.00011873097853676295,-0.0002249327765942999,0.6374435530585363,0.733279681807066,0.0007663815846705724,0.0002668926614786127,0.5234907756106085,0.013590134086634452,0.007114309833664438,0.03615105494006473,0.029159567461835307,0.4615321347552489,0.6885933429904916,0.574960855939578,0.5734625143581106,0.7008722364486513
96,0.5518810808257983,0.5611692953197774,0.00010119703334054986,-0.0002111522998000659,0.6381389169615482,0.7336042721303703,0.0006953639030119474,0.0003245903233042302,0.5233290452833589,0.013552771089603488,0.007092558755266101,0.03619438957826462,0.02923189097785875,0.4620009290171178,0.6888369355907739,0.5748746568103282,0.5735301344745235,0.7010775776941282
97,0.5518034419827278,0.560995678822233,-7.76388430705488e-05,-0.00017361649754443764,0.6387993853510874,0.7339965468316244,0.0006604683895391483,0.0003922747012541361,0.5231555917069998,0.013509314506840925,0.0070674734243823195,0.03618235723873814,0.029299513841497305,0.4624005660075517,0.6890854686961605,0.5747952938474176,0.5735515160942104,0.7012804055218438
98,0.5513919560556205,0.5608056928986536,-0.00041148592710726906,-0.00018998592357943878,0.6391966724085352,0.7343175839668213,0.0003972870574477927,0.0003210371351969332,0.5230207599768557,0.01348850335835001,0.007054767277434593,0.036239887951883584,0.02933266838651107,0.4626198975671321,0.6892787044831165,0.5747241014619561,0.5735040977397009,0.7014406628112694
99,0.551034060778726,0.5606558427022749,-0.0003578952768945598,-0.000149850196378698,0.6398184604237701,0.7347647703322179,0.0006217880152349364,0.00044718636539653467,0.5228773302138539,0.013461287328874534,0.007038601979763496,0.036357631209340054,0.029310908394687963,0.46273122607213546,0.6894503928526119,0.5746203083556028,0.5733955002625086,0.7015746566702835
100,0.5507677153699835,0.5605661257883133,-0.00026634540874248547,-8.971691396153503e-05,0.6403491844949585,0.7351734565131909,0.000530724071188371,0.0004086861809730058,0.5227172448230162,0.013428088414335812,0.007019093379181479,0.03652407333037202,0.02931296197724934,0.4627362524024988,0.6895982785985776,0.5744784103853015,0.573214152630646,0.7016754528335813
101,0.5505496394348685,0.560442136539892,-0.0002180759351150252,-0.00012398924842127457,0.641017857929894,0.7355615428480206,0.000668673434935485,0.0003880863348296737,0.5225464054045398,0.013390459684206622,0.0069971365746965795,0.036699637403012034,0.02933865463926267,0.46272359427395615,0.6896804432783653,0.5743154300405825,0.5730499784550255,0.7017115502069918
102,0.5502607500485392,0.560289184515957,-0.00028888938632920524,-0.00015295202393506013,0.6415036436418252,0.7358142818689193,0.00048578571193125253,0.000252739020898729,0.5222310675081023,0.013349150376081358,0.006971341051227153,0.036833910592000176,0.029364354974295587,0.46268540041877826,0.6897816206635651,0.5741715354103871,0.5728820857616052,0.7017670681330112
103,0.5499008043278517,0.560024193610897,-0.00035994572068753783,-0.0002649909050600474,0.642215969777091,0.7360409126925832,0.0007123261352657284,0.0002266308236639203,0.52205535021751,0.013303252829167203,0.006945034314762966,0.03693150764139121,0.02934227807830098,0.46255687541705454,0.6898757833324488,0.5740028209559984,0.5727587462501726,0.7018156829847687
104,0.5494566084062664,0.5597062800501847,-0.00044419592158528864,-0.0003179135607122019,0.6426596778284284,0.7362377273218738,0.0004437080513374214,0.0001968146292905537,0.5219672658245795,0.013258205995972001,0.006920349533456552,0.03697721088849046,0.029302511189955062,0.46227415135688604,0.6898748302391173,0.5737539665421193,0.5726050457324714,0.7017705923182767
105,0.5491179020360196,0.5594047552382116,-0.0003387063702467996,-0.00030152481197309733,0.6426614789960711,0.7362457913930862,1.801167642700996e-06,8.064071212454671e-06,0.5219044085735448,0.013219727427737601,0.0068994340246768615,0.036997654234153673,0.029184333374470132,0.4619000541623461,0.6897878496770344,0.5734972229633766,0.5724062077944584,0.7016522727889669
106,0.5488468180809716,0.5591333839821439,-0.00027108395504804594,-0.00027137125606779833,0.6428592890556453,0.7361934783009798,0.0001978100595741994,-5.231309210640411e-05,0.5218350485491452,0.013178243687823936,0.0068768694346280695,0.03710725529275439,0.029067605759931236,0.46150496561285426,0.6895557503635572,0.5732699254557297,0.5721885888595905,0.7013788820039449
107,0.5486986766466061,0.5589457823074667,-0.00014814143436547855,-0.00018760167467712918,0.643443402991836,0.73658157195959,0.0005841139361907333,0.00038809365861014467,0.5217631674071015,0.013142684523458768,0.006857368705192139,0.03721743195572227,0.02904695213232801,0.4611002299471572,0.6892934596730111,0.5730568238372364,0.572015283825952,0.7010811570549704
108,0.54866851108159,0.5588571704030705,-3.0165565016115892e-05,-8.861190439624078e-05,0.644050575312459,0.7370134922223853,0.0006071723206230173,0.0004319202627953711,0.5217384671616099,0.0131237966028634,0.006847189522918694,0.03731331437435382,0.029094313727836458,0.46080738310168284,0.6890949007762938,0.5729148254932235,0.5718796262188571,0.7008614254883369
109,0.5487044301626699,0.5588571254108405,3.5919081079915927e-05,-4.499222994169827e-08,0.6447375965638928,0.7375467072160412,0.0006870212514338281,0.0005332149936558839,0.5217323033239006,0.013121785408840706,0.006846059325076413,0.03743204868459327,0.0291302432007202,0.46059626237121926,0.6890683310755744,0.5728154642051088,0.5717522849183859,0.700835360137351
110,0.5475769702375289,0.5587820126558514,-0.0011274599251409612,-7.511275498917058e-05,0.6428839921677862,0.7367342598029105,-0.0018536043961066007,-0.0008124474131306902,0.5218608379566195,0.013165047549592643,0.006870322745969157,0.03751565642940436,0.02918248584021313,0.4602396818627289,0.6890889922547316,0.5727472973133728,0.5716568862471841,0.7008783224533146
111,0.5462584274463064,0.5585918756245357,-0.0013185427912225656,-0.0001901370313156514,0.640524390505409,0.7358203585539055,-0.002359601662377253,-0.0009139012490050336,0.5219002088561769,0.013203845621190017,0.006891089787403787,0.03759731550672982,0.029198575534413445,0.45996468566577214,0.6891948272801034,0.5727709926749353,0.5716657485826906,0.7010064264544242
112,0.5398297965705532,0.5518830408742214,-0.006428630875753183,-0.006708834750314363,0.6338499972897744,0.7322223444275988,-0.0066743932156345664,-0.00359801412630667,0.5219820772656452,0.01335038299506888,0.006968660648057999,0.03768661669461141,0.029050550854118635,0.4589707788600829,0.6897478016956426,0.5731691574229008,0.5719396665651315,0.7016260587572906
113,0.5244178245178949,0.5364753801671059,-0.015411972052658318,-0.015407660707115411,0.6177458408213199,0.7189478184842425,-0.016104156468454534,-0.013274525943356319,0.5220952888704046,0.01365772905579663,0.0071306359966998595,0.03792030062126262,0.028872248326960014,0.4573194601634089,0.6916232317214136,0.5745548765261613,0.5732377957368128,0.7036252921798776
114,0.5097766340323261,0.5211309653074266,-0.014641190485568778,-0.0153444148596793,0.6019815062073626,0.7041220896759206,-0.01576433461395732,-0.014825728808321892,0.522594677282856,0.013950634103656864,0.007290527127291765,0.03834759440246577,0.02894061828205478,0.455402419549742,0.6938102803615077,0.576328275225333,0.5749791367918692,0.7058622335195518
115,0.49684529456857185,0.5076302059093128,-0.012931339463754243,-0.013500759398113793,0.5876191151384138,0.6903089876835636,-0.014362391068948765,-0.013813101992356969,0.5231334492307244,0.014143993025862354,0.007399195857514683,0.038918154901077175,0.02928532223319908,0.4535799177790043,0.6963527871250835,0.5782402043675882,0.576878708777108,0.7083452256389524
116,0.4854758415889835,0.4964196148797824,-0.011369452979588357,-0.011210591029530426,0.5738348844160568,0.6771343198378614,-0.013784230722357016,-0.013174667845702204,0.5234581222660855,0.014312127631493967,0.0074917994556143895,0.039512877311012405,0.029605764572593354,0.4518821925342064,0.698614651705391,0.5800729549995274,0.5786794035499172,0.710534284006683
117,0.4759731783249808,0.48736783228160985,-0.009502663264002675,-0.009051782598172575,0.5620038268264981,0.6657955223901797,-0.011831057589558713,-0.011338797447681737,0.523946308696701,0.014428871671790812,0.007559954051093193,0.040155896852142374,0.02997891721183896,0.45037392012399174,0.7006933002915904,0.5818070402088524,0.5804295097258101,0.712486752326168
118,0.468219000511412,0.48017096369294915,-0.007754177813568797,-0.007196868588660699,0.5525829481688528,0.6566385272610922,-0.009420878657645293,-0.00915699512908752,0.5246927324718516,0.014525757585562292,0.007621559438792403,0.04076142027215329,0.030368072881626487,0.4491486738892205,0.70265721221618,0.5834313016152458,0.5821168483287158,0.714318750138094
119,0.4616737631317973,0.474170154573709,-0.00654523737961471,-0.006000809119240169,0.5438546479527985,0.6487878063286516,-0.008728300216054308,-0.007850720932440547,0.5254535154758765,0.014639048233060878,0.007692139357282756,0.041374033705842174,0.03062667290808793,0.448073309911888,0.7043410272558787,0.5849016240800854,0.5836285124020552,0.7159051025957858
120,0.45570021308555986,0.4688095332552008,-0.0059735500462374524,-0.005360621318508174,0.5355353351533071,0.6412791872898606,-0.008319312799491385,-0.007508619038791076,0.5262787785108706,0.014769027415047141,0.00777262570778457,0.0418450851291249,0.03090938935187277,0.4471422744847062,0.7058806191528259,0.5861880367531582,0.5849388517561513,0.717377617982093
121,0.4502198753524653,0.46376981366462733,-0.005480337733094531,-0.005039719590573477,0.5280568260395074,0.6346547186823968,-0.0074785091137996584,-0.006624468607463796,0.5270477892961309,0.014869190014835575,0.007836773725943194,0.04242350721502752,0.031176973887309844,0.4462719092698052,0.707243415633125,0.587327438267016,0.5860244965463177,0.7186744812384581
122,0.4453919617709187,0.4593235672747945,-0.004827913581546606,-0.00444624638983282,0.5222328471272615,0.6289732940881912,-0.005823978912245953,-0.005681424594205509,0.5277383135340254,0.014951817848618466,0.00789064713569785,0.04292688281598008,0.03163582549149699,0.4455700183669902,0.7084865437389415,0.588318507448279,0.5870492727309525,0.719862870762725
123,0.44136854969433803,0.45551460676439176,-0.00402341207658069,-0.003808960510402748,0.5173848726502893,0.6238639352918526,-0.004847974476972161,-0.00510935879633867,0.528407462814981,0.014997094870859061,0.007924576850306201,0.04333759886509175,0.03214025363629983,0.44498476296843886,0.7095153573715958,0.5892810019228713,0.5880106558176799,0.7208186013388675
124,0.4381617782442193,0.4523688815406072,-0.0032067714501187172,-0.0031457252237845346,0.5132242441761898,0.6194853540600888,-0.0041606284740994814,-0.004378581231763823,0.5290839560443243,0.014990059991567384,0.007931000241680223,0.043870891127218044,0.03267972627657499,0.44446468681553025,0.7105411421573515,0.5901832875436516,0.5888709806049733,0.7217611238064721
125,0.43544811059359656,0.44979702940060934,-0.002713667650622753,-0.0025718521399978878,0.5094575218386733,0.6157683758184211,-0.003766722337516515,-0.0037169782416676123,0.5297370650461768,0.014967510365554243,0.007928845012096933,0.04438055380706761,0.03314924509780225,0.44394298950177263,0.7112983764265253,0.590964110760464,0.5896187279573476,0.7224365855458783
126,0.4333746810280875,0.4479003891144209,-0.002073429565509044,-0.0018966402861884113,0.5057703345958895,0.612545487076157,-0.0036871872427838293,-0.003222888742264174,0.5305791785123647,0.014943270872109804,0.007928588383611768,0.044754903480873603,0.0336911310785219,0.4435173007641188,0.7120073061448655,0.5916403649691416,0.5903283148776752,0.7230706463638715
127,0.43175420299819656,0.44643377657010097,-0.0016204780298909593,-0.0014666125443199562,0.5024854511633724,0.6097303132912386,-0.003284883432517094,-0.0028151737849183567,0.5311168598316677,0.014896661219950327,0.007911867929116198,0.045211671702808265,0.034253989049544194,0.4431701214704986,0.7126943263320724,0.5922993940724952,0.5909550338366543,0.7236785060519301
128,0.43052297648644144,0.445268048633962,-0.0012312265117551124,-0.0011657279361389494,0.49973314470761626,0.6073440875278031,-0.002752306455756137,-0.002386225763435501,0.531545658955394,0.01480571332030468,0.007869912643146005,0.04564183502036782,0.03483840969782167,0.44277668686964944,0.7134904793840421,0.5929110792738508,0.5915276208276778,0.7243788432752427
129,0.42947514076700266,0.4441457982872493,-0.0010478357194387833,-0.0011222503467127054,0.4977114862966296,0.6053216466719825,-0.002021658410986671,-0.0020224408558205953,0.5318711939695951,0.014678176107573274,0.007806899051630982,0.046166672260266134,0.03542433970174643,0.44229294743873837,0.7142672845116739,0.5934461591638348,0.5919951840656393,0.7250458642738223
130,0.4286922375317281,0.44339406361194034,-0.0007829032352745791,-0.0007517346753089793,0.49631053269048186,0.6039027479521833,-0.0014009536061477257,-0.0014188987197991665,0.5322204827453537,0.014553150931595475,0.007745485014279738,0.046573026607131626,0.036036694294367816,0.44179363341857714,0.7150322790053607,0.5939655439534633,0.5924649003145873,0.7256933386045684
131,0.42801633170111464,0.4427404820340898,-0.0006759058306134436,-0.0006535815778505594,0.4951604079059397,0.6026761945892941,-0.0011501247845421836,-0.0012265533628892378,0.5329112473913629,0.01441005843770189,0.007679282217018148,0.04695449866391946,0.036661489489510105,0.44124554697045276,0.7157307315458603,0.5944373276602898,0.5928830123333516,0.7262610663198161
132,0.42733645156203043,0.44209577197702954,-0.0006798801390842102,-0.0006447100570602382,0.49410661081079305,0.601554661352572,-0.0010537970951466358,-0.0011215332367221498,0.5338112526962805,0.01427914778524675,0.007622369766677887,0.047453846926913554,0.037265758884992145,0.44063738351756615,0.7161476118866715,0.5948153876203568,0.5932343573483085,0.7265505288180732
133,0.42679056058451553,0.4415965906856681,-0.0005458909775148957,-0.0004991812913614502,0.4932734873268982,0.6007367840905365,-0.0008331234838948598,-0.0008178772620354158,0.5347038546205882,0.014147472873951595,0.007564708278842129,0.048053588202695896,0.03780648098455872,0.44008563972498965,0.716503729489028,0.5951494782056271,0.5935521702273543,0.7267844591531589
134,0.4263031094526368,0.4411893008011917,-0.00048745113187875777,-0.0004072898844764139,0.49264715662500275,0.6001390438924247,-0.0006263307018954389,-0.0005977401981118735,0.5354852203268973,0.014009470194195383,0.007501864233601815,0.04886408998718476,0.03839361936209673,0.4394596373723329,0.7168198378584213,0.5953986431093735,0.5938128929119179,0.7269871033049816
135,0.4258889020872697,0.44087877180396395,-0.0004142073653670697,-0.0003105289972277214,0.4924609755522764,0.5997801976938004,-0.00018618107272633244,-0.00035884619862425193,0.5362692473669726,0.013928344817729718,0.007469342992471589,0.04968302489200387,0.039172853693553784,0.438931226984264,0.7171096235503966,0.5956101381925082,0.5940919012988186,0.727192276430316
136,0.4255427727303091,0.4405938026857721,-0.00034612935696060054,-0.000284969118191869,0.49235431292426646,0.5994499035897224,-0.00010666262800995696,-0.0003302941040780327,0.5369486333939814,0.013847721076796903,0.007435514907807129,0.050455019976744495,0.03999752770065028,0.4384894913505022,0.7173340715749478,0.595790553975367,0.5943432358563205,0.7273300713423143
137,0.42525286160454073,0.44036288242362304,-0.00028991112576837175,-0.00023092026214904804,0.49236928214517434,0.5993648441209721,1.4969220907878888e-05,-8.505946875025927e-05,0.5375583129445327,0.013776674992056656,0.00740576616671511,0.05110859374490563,0.040711927332001505,0.43810569942116107,0.7175393589093908,0.5959189871895906,0.5945481434945425,0.7274600224614203
138,0.424973094259766,0.44016636400904624,-0.0002797673447747506,-0.0001965184145767962,0.49242611892406285,0.5992865451227565,5.6836778888513795e-05,-7.829899821565345e-05,0.5380466548821429,0.013737921274046409,0.0073916425865348965,0.051677725418026496,0.04146384019321808,0.4378020141179905,0.7177726972703385,0.596023946268667,0.5947406232051955,0.7276408019155445
139,0.4247438365475873,0.4400252343409942,-0.00022925771217868762,-0.0001411296680520202,0.49251652629950954,0.5992516248219822,9.040737544668831e-05,-3.492030077423269e-05,0.538429429494575,0.013708149482465019,0.007380871105269993,0.05215103887019881,0.04231946621061058,0.4375862484144596,0.7179854519920933,0.5961283203453029,0.5949126175038711,0.7278087929679642
140,0.42455599049103127,0.4399184686307308,-0.00018784605655602915,-0.0001067657102634123,0.49260746035276093,0.5992334885980647,9.093405325139026e-05,-1.8136223917553096e-05,0.5387261747905887,0.013713965873916326,0.007388072376463615,0.05261957888482713,0.04316815140504152,0.4374375616086991,0.718143964000057,0.5962125405443987,0.5950781457076458,0.7279317688390626
141,0.42440897572759545,0.4398429597011322,-0.00014701476343581543,-7.550892959862221e-05,0.4927743258826846,0.5992896522708369,0.00016686552992367654,5.616367277216927e-05,0.538977442316441,0.013727662618507736,0.007398900487106316,0.05305671836634505,0.04392623553680274,0.4373400315249874,0.7183532661982305,0.5962887569439895,0.5952186520076282,0.7281082606943827
142,0.4243076011371626,0.43994207362695625,-0.00010137459043285668,9.911392582406808e-05,0.49275300731745425,0.5992857450806615,-2.1318565230354913e-05,-3.907190175400643e-06,0.5390990185570624,0.013738392065963608,0.0074063536793131145,0.053627256926898924,0.044673271795806116,0.43734848064485116,0.718471241894279,0.5963971810883176,0.595355227929419,0.7281930811455527
143,0.4242117998813615,0.43996754569613794,-9.580125580110899e-05,2.5472069181686763e-05,0.4928330637920887,0.5993485730677489,8.005647463443788e-05,6.282798708745485e-05,0.539195937173154,0.013729231731359069,0.007402745970057556,0.05417210349406559,0.04523948831001144,0.43743644899957984,0.7186545953569337,0.5965467187691261,0.595477529963715,0.7283084831927543
144,0.4241967858721961,0.44020091291294355,-1.5014009165370545e-05,0.00023336721680561334,0.4928923615964174,0.5996357915338121,5.929780432872844e-05,0.00028721846606316603,0.5391645180035017,0.013721927599141898,0.007398376480070289,0.054484962388788576,0.045583830536123124,0.43751585923380754,0.7189339711722591,0.5967356131070157,0.5955195358129446,0.7285249978317343
145,0.4242421896813793,0.4404705728561069,4.5403809183164334e-05,0.0002696599431633584,0.4929865964033055,0.600013796294706,9.423480688808272e-05,0.0003780047608938908,0.5389972832268336,0.013714294932487714,0.007391967709982409,0.05496882383976857,0.04603834450764158,0.43776871644253595,0.719237924920278,0.5969856272814502,0.5955382736953383,0.7287726627304483
146,0.42448410735912884,0.44085172587009885,0.00024191767774955908,0.0003811530139919417,0.4932344246310878,0.6009650453783771,0.0002478282277822985,0.0009512490836711684,0.5387766215925254,0.013694566511172858,0.007378312279063849,0.05589284422647018,0.04665140876183442,0.4380595548343243,0.719467389618236,0.5972599200083094,0.5955022488416783,0.72894158440275
147,0.4247876131869624,0.4413246253199499,0.00030350582783356117,0.0004728994498510719,0.4939975979429003,0.6022134734113571,0.0007631733118125261,0.0012484280329799757,0.5385651476138685,0.01364173292377329,0.0073469619058009325,0.05675041958674368,0.04727602308037834,0.4381876902514745,0.7197641950761566,0.5974329966251265,0.5954908027533581,0.7291090637246479
148,0.4250916166892996,0.4417059710586219,0.0003040035023372245,0.00038134573867198984,0.49490441022501364,0.6034027572794638,0.0009068122821133118,0.001189283868106683,0.5383799298363082,0.01358669259917044,0.007314802608248869,0.057286219938547954,0.0475946909319445,0.4382798674564812,0.7200153238285405,0.5975461113888227,0.595552191854494,0.7292341382972098
149,0.4253849863499913,0.44200895103790966,0.0002933696606916558,0.000302979979287743,0.4959143107878089,0.6045341901769642,0.0010099005627952629,0.001131432897500395,0.5382909412505841,0.013515212637486687,0.007275116531834497,0.057599937168345154,0.04776644302661422,0.4382690840644062,0.7200087255613569,0.5976032976034362,0.5956437480783331,0.7290906002295952
150,0.4257617619739848,0.44226769800997334,0.0003767756239935194,0.0002587469720636837,0.4969634453619814,0.605573577332943,0.0010491345741724944,0.0010393871559788437,0.5384039095602083,0.013473909023253116,0.007254405295178045,0.05781092704454743,0.04781157172692596,0.4381498268313391,0.719896062542051,0.5975764196977846,0.5957695566040196,0.7289077396985544
151,0.42610630872980293,0.4424757505018938,0.00034454675581813143,0.00020805249192046293,0.49798343948649626,0.6065658998303362,0.001019994124514867,0.0009923224973931166,0.5385814423809506,0.013451751824111069,0.007244863899980323,0.058010181621704626,0.04780121370490924,0.438083560715951,0.7195909184912136,0.5975515347499109,0.5959292639823107,0.7285364577402613
152,0.4263625737200095,0.44260862963942177,0.00025626499020658944,0.00013287913752796365,0.49899230731946087,0.6076733175951156,0.0010088678329646106,0.001107417764779406,0.5388176431824767,0.013428863987922713,0.0072357088445905516,0.05800194875935819,0.04762546311093072,0.43802120592321175,0.7194479404102071,0.597512361488413,0.5961015423408749,0.7283413810270684
153,0.4264063872851907,0.44252479544431533,4.381356518118329e-05,-8.383419510643586e-05,0.49935802168666943,0.607991981198171,0.0003657143672085583,0.00031866360305543573,0.5386677266141402,0.013416375240626157,0.00722696835027033,0.05794790959211135,0.047541106103226406,0.43791808041144586,0.7192951528350474,0.5974778072323529,0.5960556143226562,0.7281609208545243
154,0.4263466595415663,0.44244677123551707,-5.97277436243937e-05,-7.802420879826633e-05,0.4991539750694926,0.6081510657406399,-0.00020404661717682293,0.00015908454246893466,0.5381997144601258,0.01340487807437758,0.007214501552002815,0.05782368495558124,0.0475599613550859,0.43788549184543585,0.7192817984113191,0.59754041639289,0.5958576051219913,0.7281199720910706
155,0.426286477970895,0.44241527314629325,-6.0181570671336004e-05,-3.14980892238137e-05,0.49873151568765794,0.6083867910109318,-0.00042245938183466114,0.00023572527029191992,0.5375889182379315,0.013402679410898738,0.007205131925994849,0.05772224033053392,0.04760242084193269,0.4379725901325764,0.7194899131740992,0.5977901980348431,0.5956571694339889,0.7283143900231057
156,0.4262452736462151,0.44237136868220417,-4.1204324679855464e-05,-4.3904464089083994e-05,0.49834405224121614,0.6086402247886034,-0.00038746344644180475,0.0002534337776715079,0.5371259784385316,0.013390168975942014,0.007192207612660125,0.057650541091520416,0.04767847879858088,0.4380851784241186,0.7201047294146868,0.5979675494813301,0.595526998069743,0.728910634790549
157,0.42623590016707574,0.4422517087310445,-9.37347913937403e-06,-0.00011965995115964523,0.4981634594641505,0.6091066966394749,-0.0001805927770656135,0.00046647185087156373,0.5366154344249362,0.01340500315732582,0.007193331592736036,0.05751615938352024,0.047827768131042295,0.4382807388823434,0.7205226118240902,0.5981909920407755,0.5953525228945424,0.7293786015210147
158,0.4262597051118052,0.44220129380839773,2.3804944729477473e-05,-5.041492264679093e-05,0.4982385491419771,0.6096475654970248,7.508967782660081e-05,0.0005408688575498921,0.536260134813667,0.013399169257612076,0.007185440312478194,0.05717025221852142,0.04797837882882391,0.43847499733470147,0.721025122980487,0.5983905939195775,0.5953030169352845,0.7299202832612425
159,0.42627091249845606,0.4421337244259073,1.1207386650835538e-05,-6.756938249041777e-05,0.4982947068460095,0.6098204410576082,5.6157704032389066e-05,0.0001728755605834298,0.5359135299862782,0.01340521610261335,0.007184036681780418,0.05658926878146808,0.04807014044167383,0.43867415392194997,0.7213812885634209,0.5985260343598704,0.595289918485428,0.7303364260607292
160,0.426295028128833,0.4420646421619301,2.411563037696407e-05,-6.908226397722705e-05,0.49839397799460833,0.6101129711319865,9.927114859881181e-05,0.00029253007437823886,0.535368347397289,0.01341499573804417,0.0071819640986183824,0.05596468712928636,0.04813612388287845,0.43885847482076634,0.7215586418528962,0.5986813798198385,0.5952482782403946,0.7305763819272363
161,0.42631452844058915,0.44200252588010913,1.9500311756126543e-05,-6.211628182095641e-05,0.49832872300579595,0.6101819199398152,-6.52549888123799e-05,6.894880782870594e-05,0.535136098191175,0.013414134912160817,0.00717838781750376,0.05545143705876675,0.04819005805686417,0.43900674214104146,0.7217319833155117,0.598846105079982,0.5953009913591975,0.7307970659690463
162,0.426321126484979,0.441943394435632,6.598044389849456e-06,-5.913144447711183e-05,0.4982722450001402,0.6103454184981311,-5.6478005655724584e-05,0.00016349855831587767,0.5349539239146869,0.01341293292761939,0.007175301100834502,0.05503524012022376,0.04823402837867521,0.43910437936824065,0.7217505022630608,0.5989920431553919,0.5953676301372278,0.7308550592468597
163,0.42631640009081767,0.44190085376386934,-4.7263941613251426e-06,-4.254067176268084e-05,0.4981813785070957,0.6103802132455056,-9.086649304451688e-05,3.479474737455579e-05,0.5352901935369591,0.013398454153341446,0.007172061116838216,0.054663878633445885,0.04824268466692236,0.43916625760716255,0.7218036848849175,0.5991252001093632,0.5955241527847669,0.7309064206588385
164,0.42631715512979734,0.44187426623755666,7.550389796717738e-07,-2.6587526312682463e-05,0.4980610496329482,0.6103195532888444,-0.0001203288741474795,-6.0659956661268666e-05,0.5356925914737666,0.01334165641048393,0.0071470264970847274,0.05455429662727395,0.04823495519191267,0.43920140645961075,0.721807576651273,0.5992435022856694,0.5956944184612919,0.7308840479322306
165,0.4262817593850884,0.4418415792265098,-3.539574470895479e-05,-3.2687011046861336e-05,0.49788237612909414,0.610208706752559,-0.00017867350385408765,-0.00011084653628534724,0.5360470148755487,0.013293756306743067,0.00712607838471262,0.05452315964587305,0.04824107215183753,0.43919158474360437,0.7218401143631017,0.5993258582476271,0.5958645790808481,0.7308822847896872
166,0.4262465074464094,0.44181662234383307,-3.52519386789818e-05,-2.4956882676729908e-05,0.497585003293091,0.6100823437972192,-0.00029737283600311804,-0.00012636295533985376,0.5364010884265796,0.013260551197382406,0.007112974095412307,0.05451749853183726,0.048230006153601866,0.4391782142359896,0.7216659086768554,0.599380540956169,0.5960209713470577,0.7306843766008535
167,0.4262209978079967,0.4418131537069297,-2.5509638412690716e-05,-3.4686369033698483e-06,0.49730936779093676,0.609876167658385,-0.0002756355021542589,-0.00020617613883411323,0.5368613199294857,0.013214770805547161,0.007094499297231682,0.05448130508875146,0.04819497323940113,0.4391584681157658,0.7215389990118687,0.5994321891154605,0.5961614940293894,0.730524637288114
168,0.42621114552452255,0.441824231101216,-9.852283474165446e-06,1.1077394286296283e-05,0.4970913310248985,0.6097131041717305,-0.00021803676603826538,-0.0001630634866545133,0.5373140499816489,0.013182718118403313,0.007083259661965746,0.0544048524393966,0.048160901358844266,0.439158936993387,0.7214069559948675,0.5994939330262069,0.5963031459287509,0.7303618842077814
169,0.4261779584812331,0.4418101722144268,-3.3187043289473195e-05,-1.4058886789181102e-05,0.4968665048064318,0.6095075549247603,-0.00022482621846670048,-0.00020554924697024912,0.5379052329877275,0.013161616051246345,0.007079702148540679,0.05431889526451868,0.04812988164640631,0.43913824273989127,0.7212671112958845,0.5994665069649181,0.5964462224923662,0.730197143951263
170,0.4261293889688072,0.44177803315992675,-4.8569512425877814e-05,-3.213905450005772e-05,0.496676711164757,0.6091999159948872,-0.00018979364167481805,-0.0003076389298730664,0.5383005731022465,0.013167549383892687,0.007088099379701567,0.054205723093835666,0.04809566670291494,0.4391325034777962,0.7210789118804121,0.5994070297902531,0.5965194971791253,0.7299957354070791
171,0.4260094832820383,0.4417104812488584,-0.00011990568676889524,-6.755191106833092e-05,0.49635673772529526,0.6087302314575962,-0.0003199734394617182,-0.0004696845372910152,0.5386332720812528,0.013197233565350968,0.00710846909772553,0.05396710245327203,0.04802951670376773,0.43905721104785206,0.720874592066105,0.5992829625060442,0.5965786578304834,0.7297848693790865
172,0.4258834762858018,0.44164553621118796,-0.00012600699623649403,-6.494503767046078e-05,0.4960708619290939,0.608259042801196,-0.0002858757962013736,-0.0004711886564001677,0.5388302539499253,0.01322341754697569,0.0071251774349228095,0.05370060700232694,0.04797030933255442,0.4389887258925607,0.7208071044956926,0.5991630039049884,0.5966214562098724,0.72971683101752
173,0.42580498846419323,0.4416354257966929,-7.848782160857493e-05,-1.0110414495057007e-05,0.49576684217046907,0.6078098939250601,-0.00030401975862481834,-0.0004491488761358964,0.5387423423812299,0.013194836810944471,0.007108617290866302,0.05349185722512696,0.047940943162281466,0.43898656335063757,0.7208082792231012,0.5990816506220139,0.5966522749300959,0.7297032582218707
174,0.4257109655218868,0.4416222512010842,-9.40229423064265e-05,-1.3174595608678175e-05,0.4953737089149515,0.6073921805163762,-0.0003931332555175415,-0.0004177134086839063,0.5385820517243473,0.013173354993900467,0.007094932560708089,0.05333757644771622,0.0479305037708655,0.4389711904369921,0.7207812182362303,0.5989516489443205,0.5966347458454206,0.7296781394080198
175,0.42566278420234743,0.4416147549748138,-4.8181319539375433e-05,-7.496226270442552e-06,0.49514727410364373,0.6070262429314695,-0.0002264348113077963,-0.00036593758490677253,0.538434938230998,0.013154842528562513,0.007083026824305062,0.05322833032441841,0.04793000480814709,0.43895193107614483,0.720642943411743,0.5988324276072553,0.5966345167143257,0.7295369983060576
176,0.42561928701023055,0.44158792585430584,-4.349719211688141e-05,-2.682912050794295e-05,0.4949750464945683,0.606687586030019,-0.000172227609075426,-0.00033865690145040706,0.5383235627573695,0.013118967593299002,0.007062249374523192,0.05314711755884314,0.047990681811128755,0.4389672421511228,0.7206183141426838,0.5987291948397933,0.5966702633326683,0.7294845430834243
177,0.42560545422105067,0.4416169097269781,-1.3832789179879512e-05,2.898387267225022e-05,0.49478091056655066,0.6063885215184105,-0.0001941359280176469,-0.00029906451160854886,0.5381182277734945,0.013097563743668019,0.00704803778989301,0.05302539401469228,0.04799021073798627,0.438958809613733,0.7204235023739345,0.5986648915850562,0.5966905044222621,0.7292794503277704
178,0.4255607629719259,0.44159175432746844,-4.469124912476197e-05,-2.5155399509646514e-05,0.4945375930796297,0.6061086220598316,-0.00024331748692096866,-0.00027989945857886944,0.5378679016628322,0.013063563835034028,0.007026471668188213,0.05289593398725731,0.048002540277165884,0.4389492109826814,0.7204114898754399,0.5985792095215635,0.596712039819082,0.729243262822006
179,0.4256064230546984,0.44157331145003215,4.566008277251399e-05,-1.844287743629769e-05,0.4942645498033844,0.6058150790124969,-0.00027304327624527724,-0.00029354304733475445,0.5375746449390271,0.01304472703574708,0.007012514504568263,0.05281503252116203,0.047988942970958466,0.4389381817550634,0.7202907337311715,0.5985521405996636,0.596715716119772,0.729105349082104
180,0.4256362461715016,0.44157304782300627,2.982311680316263e-05,-2.6362702587601206e-07,0.4940678059917457,0.6053715045177737,-0.00019674381163869992,-0.000443574494723209,0.5371596024434662,0.013042772571549385,0.007006050529294013,0.05276534158840233,0.0479513441088756,0.4390215341407488,0.7199866727162222,0.5985231511391921,0.5966923689244397,0.7287959040483397
181,0.42570773835054465,0.44152046003182965,7.149217904306449e-05,-5.258779117661705e-05,0.49350760086315326,0.6036289290757475,-0.0005602051285924503,-0.0017425754420261619,0.5370143567820992,0.013041666639355905,0.007003562221700272,0.0528381518393093,0.04781686171867431,0.4391685478493747,0.7200008192667808,0.5985889918149437,0.5967899446409659,0.7288029512499216
182,0.42560786694952785,0.44070368011158206,-9.987140101680447e-05,-0.00081677992024759,0.4826131743640223,0.5804428594307391,-0.010894426499130971,-0.023186069645008356,0.536560694833895,0.013339375883113794,0.007157384792494039,0.05278838510995497,0.04804105925129991,0.4389798098155295,0.7197095571749841,0.5983072453974446,0.5963839400751864,0.7286892949867544
183,0.42309482913651947,0.4358134283385121,-0.0025130378130083786,-0.0048902517730699535,0.4426619379741227,0.5437807721512783,-0.039951236389899614,-0.03666208727946085,0.5345814749323626,0.013807474628052718,0.007381220151755597,0.052327788476158654,0.048857851420994323,0.43701148362687137,0.7166253949108713,0.5958775019467695,0.5939745985121436,0.725979031589903
184,0.41566367854269715,0.4261248025066271,-0.007431150593822322,-0.009688625831885012,0.393729021204772,0.5095691079261426,-0.04893291676935069,-0.03421166422513566,0.5326239547789952,0.014365279495108995,0.00765129197619056,0.053038280755004,0.050073658535425086,0.43353265557078924,0.7152830974919825,0.5921694313447105,0.5906424578897375,0.7251078405006908
185,0.40289357439714024,0.41218689895963,-0.012770104145556904,-0.013937903546997088,0.3429725790369764,0.48092511216329326,-0.05075644216779557,-0.028643995762849372,0.5319517180869907,0.015300051969285747,0.0081388889318818,0.05463542552872732,0.04930926194404223,0.4261228751961531,0.7157523828690646,0.5873408915240093,0.5869573653994782,0.7270097547225562
186,0.38828002959806684,0.39652370144905585,-0.014613544799073397,-0.015663197510574156,0.29177882945311084,0.4569303364113464,-0.05119374958386558,-0.023994775751946862,0.5322495153067459,0.016505327201249455,0.008784952402844272,0.05785155900872749,0.04812618601609659,0.41563047669512015,0.7183977907883962,0.5824652164055173,0.583394361718421,0.7315491934487145
187,0.37357262226759685,0.3815617787683631,-0.01470740733046999,-0.01496192268069274,0.24548438638469544,0.441407138096267,-0.0462944430684154,-0.015523198315079367,0.53569641714712,0.017479821207051854,0.009363877592989926,0.06087719069388012,0.04714112891719719,0.4025069155348556,0.7218952968522104,0.5774965745364785,0.5792642329548235,0.7370383572123077
188,0.3608090026191579,0.36846277272948913,-0.012763619648438973,-0.013099006038873984,0.2207285108594985,0.4357397855779291,-0.024755875525196952,-0.0056673525183379425,0.5425246957395147,0.018448769687439862,0.010008913161446692,0.06125253828269765,0.04605478718102318,0.38303881535987966,0.7276959751456291,0.5737760966513535,0.5757732822793328,0.74463644749859
189,0.34489087835466387,0.35367842420266765,-0.015918124264494016,-0.014784348526821478,0.21053218378504843,0.4365153544321167,-0.010196327074450062,0.0007755688541876138,0.5511408987606424,0.02439759745900127,0.013446513791154326,0.06718315356270078,0.04907196278103149,0.3646994192652413,0.7286541999838332,0.5735381085970984,0.574862353075429,0.7525548253045433
190,0.329245747702333,0.33896790235692625,-0.015645130652330863,-0.014710521845741398,0.20386346767060606,0.436414521206097,-0.0066687161144423635,-0.00010083322601972533,0.5569225523592308,0.02914741677290497,0.01623285374384449,0.07638625363789578,0.05419575129315866,0.34794610405496235,0.7261343184843733,0.5743128528057622,0.5744116707333715,0.7551340638915861
191,0.31312580343943314,0.32552356231915774,-0.016119944262899866,-0.01344434003776851,0.1955710905405086,0.4313240163028264,-0.00829237713009745,-0.005090504903270565,0.5605947949054085,0.03548705068276271,0.019893855899301198,0.08476264054343935,0.057705830029075755,0.3329324005517681,0.719468888753181,0.5753774678670013,0.5744986245180369,0.7549395057128256
192,0.29837544546438416,0.3130886107741734,-0.014750357975048978,-0.012434951544984363,0.18901645672072714,0.4233856518906059,-0.006554633819781469,-0.007938364412220511,0.5622296606614736,0.03918222333015973,0.02202940812687778,0.0921214941919008,0.06102454099324547,0.3212354341443333,0.712708763839352,0.5757039852812911,0.5751307327005704,0.7518208982547504
193,0.28603636002011235,0.3019609717921758,-0.012339085444271813,-0.01112763898199759,0.1860287847383606,0.417379132282572,-0.0029876719823665465,-0.006006519608033889,0.5639271081975961,0.044005546326402474,0.024815920484503495,0.0985865732908108,0.06391641851848957,0.31163748299031235,0.7068949767873886,0.5762296543069175,0.5773411043476051,0.7506840704193248
194,0.2733006172175885,0.28886006085955107,-0.01273574280252382,-0.01310091093262472,0.18272239539557555,0.4112932333052325,-0.0033063893427850433,-0.006085898977339521,0.5657662543722809,0.046402071003674474,0.02625272590686553,0.10474610111743844,0.0665540329099058,0.3037897134412165,0.7021347942109203,0.5767248508937847,0.5804307102909724,0.7481820189773819
195,0.26424519154167764,0.2798156358726623,-0.009055425675910889,-0.009044424986888788,0.17974605261195487,0.406422151726736,-0.002976342783620689,-0.004871081578496472,0.5669100569701878,0.046719472707804834,0.026485738934398772,0.10996286153674438,0.07019952744403908,0.2979148997080123,0.6981180008088199,0.5773701894755363,0.5829342575360242,0.7444386708884313
196,0.2533083661229919,0.26910297937333993,-0.010936825418685736,-0.010712656499322348,0.17651751745225341,0.4036243113955232,-0.003228535159701451,-0.002797840331212831,0.5667531095233118,0.04622242554159118,0.02619670340540655,0.11423295662500207,0.07213498609885591,0.29347656650649745,0.6951935610256967,0.5777116303828636,0.5847108943937025,0.7410232173483631
197,0.2454628268284353,0.26055692544210296,-0.007845539294556614,-0.008546053931236974,0.17573534113151593,0.40115552306647,-0.0007821763207374877,-0.002468788329053173,0.5664063899504259,0.04594138856452276,0.026021496046141117,0.11731145631776578,0.07371722765821526,0.2897298034819247,0.6916246124624711,0.5779930734467851,0.5859978951925179,0.7371727920719887
198,0.23812522206407072,0.2522762385796738,-0.007337604764364569,-0.008280686862429165,0.1748800820045395,0.3996927404755943,-0.0008552591269764265,-0.001462782590875733,0.5654658424798309,0.04629037785710509,0.02617562751367764,0.12005356564602183,0.07429354681412802,0.28610646577336135,0.6889666267232993,0.5785099320108789,0.5870941189520478,0.7348329585943508
199,0.23336001488091193,0.24607945417038457,-0.004765207183158787,-0.006196784409289224,0.175172357407465,0.39859078294385764,0.000292275402925507,-0.0011019575317366415,0.5646651986454149,0.0457532600411869,0.025835273669832123,0.12313649614669199,0.07543290651343436,0.28339346730498316,0.6870490842197459,0.5792791587617242,0.5883328360647693,0.7323835352595776
200,0.22975867916901158,0.2411362933854822,-0.0036013357119003553,-0.004943160784902367,0.17389501235767307,0.3974464431621665,-0.0012773450497919336,-0.0011443397816911505,0.563598192408009,0.0449223392601041,0.025318149205734004,0.12636242745609935,0.07624961339573097,0.2811505339615591,0.6853094044439173,0.5797139774512045,0.5892651687391881,0.7298302784110782
201,0.2254065323802137,0.2364914796993861,-0.004352146788797889,-0.004644813686096094,0.17121128705793065,0.396299638533158,-0.0026837252997424232,-0.0011468046290084577,0.5630744705720027,0.04395372803478969,0.024749222142854996,0.1290035891932031,0.07673782715837175,0.2789991703199007,0.6846522402956723,0.5806040618296259,0.589945108098615,0.7281812847991872
202,0.2230932400947029,0.234985725534839,-0.0023132922855107763,-0.0015057541645470962,0.1702081188639676,0.3955780092836488,-0.0010031681939630388,-0.000721629249509248,0.5628546693176893,0.044147072885367,0.02484838611023717,0.1304464129923567,0.07765068258411333,0.27734101394888516,0.683134012503081,0.5812204808263015,0.5904538746217528,0.7267784159235892
203,0.22165186154564182,0.23477080001686243,-0.0014413785490610953,-0.000214925517976583,0.16859884778998727,0.39485341014305647,-0.001609271073980345,-0.000724599140592308,0.5623012880143062,0.043969081737626765,0.02472387129387384,0.13144400366589928,0.07870863829882005,0.2758435385738119,0.6815536715603899,0.5815630765492817,0.5907125161943286,0.7249535129069931
204,0.21924323501023865,0.23406207465762366,-0.0024086265354031633,-0.000708725359238771,0.16538676251748136,0.39388723205425996,-0.00321208527250591,-0.0009661780887965099,0.5617960573235348,0.04336129169173019,0.024360202712869768,0.1316502005998125,0.07989408384097615,0.27503134268529944,0.6804303820914311,0.5816017819112191,0.5905911343863781,0.7231784790362211
205,0.21530956675489482,0.23144147266059287,-0.003933668255343831,-0.0026206019970307914,0.16353313471542336,0.3931701318303174,-0.001853627802058,-0.0007171002239425572,0.5610498867576673,0.04209698948020985,0.02361851118071045,0.13213074166150046,0.08061032732243897,0.2745753982477043,0.6797707160631783,0.581503011095147,0.5904165505198178,0.7212294842138308
206,0.21147652684747228,0.22875215849559224,-0.0038330399074225363,-0.0026893141650006225,0.16355113627339793,0.3927877753984981,1.8001557974572924e-05,-0.00038235643181933066,0.5604637616373832,0.040664811854759064,0.02279115341839472,0.13302400416584645,0.08135188450193086,0.2737315353025594,0.6794768211497323,0.5814533955554523,0.5906970120167055,0.7195286608688451
207,0.20891222322473488,0.22668904265101178,-0.002564303622737407,-0.0020631158445804654,0.16472231586846015,0.3926417744621288,0.0011711795950622161,-0.0001460009363692949,0.560037395651209,0.039270358189946085,0.021992869126987533,0.13433403614926107,0.08196795712828775,0.2729887573408172,0.6791029270399502,0.5813792666354752,0.5909326192435539,0.7177953972504715
208,0.2064958446686614,0.2245622517538773,-0.0024163785560734896,-0.0021267908971344673,0.16539439261943026,0.3926406750929282,0.0006720767509701131,-1.099369200563416e-06,0.5597788534960999,0.0376383428120504,0.021069148386822743,0.13591281944335776,0.08250746731344913,0.2727805842937746,0.6792340822755851,0.5813958524460837,0.5915655392447683,0.7163153773253833
209,0.20592737096817063,0.22413700998293,-0.0005684737004907625,-0.00042524177094729887,0.1678578027737206,0.39301158725066876,0.0024634101542903297,0.00037091215774054387,0.5597186677836163,0.03676825894325841,0.020579880912443633,0.13689532544566124,0.08391009644684906,0.27185716663575393,0.6787888445150778,0.5817630855611238,0.5920931722946531,0.7150434432698232
210,0.2068197504755613,0.22427774058259192,0.0008923795073906837,0.00014073059966190904,0.17230633212863988,0.39322239322181246,0.004448529354919295,0.0002108059711437016,0.5601343201907184,0.03535224847940399,0.019802007669224315,0.13703059672526588,0.08632037928237586,0.27142294073905787,0.6789205259062335,0.582437310757214,0.5924308828653774,0.7137847042431842
211,0.20761063358981147,0.22476328691577507,0.0007908831142501571,0.0004855463331831511,0.17481479853700238,0.39308058621007574,0.0025084664083624975,-0.0001418070117367165,0.5607725654866207,0.03416771051136193,0.019160314680260606,0.1370670454542171,0.08736218229565905,0.2714843332978989,0.6784878931206014,0.5829336788534475,0.5928620014257079,0.712149244869071
212,0.20794899065723202,0.22458959458759717,0.0003383570674205527,-0.0001736923281779046,0.17585709082324558,0.39301298347985814,0.001042292286243196,-6.760273021760854e-05,0.5613608644974383,0.03332925113817853,0.018709737231980127,0.1372717710628522,0.08807694128193244,0.2716417486728607,0.6776563643625746,0.5833454892457501,0.5931738579634991,0.7104138578201117
213,0.20823422589258472,0.22442874489780912,0.00028523523535270434,-0.0001608496897880507,0.1762599953955778,0.3930200092439282,0.0004029045723322189,7.0257640700788215e-06,0.5618058331426676,0.03296678708692576,0.018520933285407264,0.13763412385084112,0.08812190010791648,0.2717348464213667,0.6764735099619111,0.5835786488343095,0.5932983708882196,0.7088175415230523
214,0.20872097691034877,0.223949843424438,0.0004867510177640477,-0.0004789014733711239,0.17653879163684305,0.39299762747407774,0.0002787962412652556,-2.2381769850476907e-05,0.5617377422214382,0.03309744099538377,0.01859208177805415,0.13807558023865305,0.08746651157735595,0.2716870461487739,0.6751652162196733,0.5838532487276236,0.5932259021065899,0.7076050647952828
215,0.20866821960703186,0.2234796962856289,-5.275730331691375e-05,-0.0004701471388091072,0.17641333709202062,0.3929884118588394,-0.00012545454482243423,-9.215615238311603e-06,0.5611768818827324,0.033159252584483,0.018608205970922102,0.13828567633689803,0.086462289684095,0.27161397787803115,0.6741520821293638,0.5837217473900644,0.5928840652131151,0.7066247059197337
216,0.20858846065122424,0.22273846057787344,-7.975895580761283e-05,-0.0007412357077554443,0.17715192986803419,0.3932405580833481,0.0007385927760135691,0.00025214622450869806,0.5602719030777455,0.03315068386569469,0.01857339673776148,0.13825894181898724,0.08538116095188135,0.27130276861926467,0.6728426850362037,0.5833461714323667,0.5923057969873617,0.7052787083106606
217,0.20893561068878982,0.2225229001079615,0.00034715003756558005,-0.00021556046991194622,0.17692221814453205,0.39325521795133705,-0.00022971172350214064,1.465986798893093e-05,0.5594592100138908,0.033101500306463326,0.018518939211728536,0.13857551193587833,0.0845809479811687,0.27085997126973815,0.6715490724515614,0.5829275874547408,0.5917345282541346,0.7039134764218988
218,0.20912591121861074,0.22298595383586223,0.00019030052982091372,0.00046305372790073074,0.17643904907669028,0.39319519437805994,-0.0004831690678417655,-6.002357327711261e-05,0.5585413987908918,0.03265350873132883,0.018238336442227002,0.13873728028321244,0.08442758179111376,0.2707482289608856,0.6702621594696059,0.5824045681873039,0.5908941349527173,0.702178579243046
219,0.20808304999398144,0.22318622539962354,-0.0010428612246292934,0.00020027156376131727,0.17637944144626014,0.393317946555502,-5.9607630430141834e-05,0.0001227521774420648,0.5576465218094333,0.03143931143729195,0.01753202267108939,0.13924938248708058,0.08500673724161319,0.2711200649707398,0.6695862807063497,0.5819944753366275,0.5901907551168081,0.700352549698348
220,0.2057919545541942,0.22187805285020015,-0.002291095439787255,-0.001308172549423392,0.1768823308400415,0.39342003713645524,0.000502889393781375,0.00010209058095322909,0.5569989539954847,0.030083317576008045,0.016756376422550463,0.13969202799700636,0.08585163551107404,0.271389688464476,0.6696541991612601,0.5818135466366254,0.5897923630667171,0.6991128772147849
221,0.20395386952522504,0.21997426236416526,-0.0018380850289691497,-0.0019037904860348953,0.17807578292526946,0.39338488806571925,0.0011934520852279473,-3.514907073598472e-05,0.5566531505660538,0.028535363533499978,0.015884300013470444,0.14041440848786116,0.08685305419134999,0.2720946963663956,0.6699873232129839,0.5819218862352309,0.5895968529566527,0.6979649267460201
222,0.20170753390654445,0.21830247861655505,-0.002246335618680595,-0.001671783747610206,0.17891984070169684,0.39356270031169716,0.000844057776427376,0.00017781224597790413,0.5561294210530174,0.02709303036605363,0.015067231292045225,0.1412266279757027,0.08758593478409976,0.2725046906435537,0.6701414519883183,0.5823968065098309,0.5888719660828391,0.6967408268989139
223,0.20040137381863912,0.21842249293113558,-0.0013061600879053226,0.00012001431458052991,0.18005473213079431,0.39370691742698705,0.0011348914290974788,0.00014421711528989078,0.5561024850542756,0.025427803832346507,0.014140464900640526,0.14177749436732337,0.08885248554746127,0.2735278453197536,0.6710163996213351,0.5829516326698175,0.5887687612897805,0.6960289608854515
224,0.20012346151992466,0.2190438674345562,-0.0002779122987144611,0.0006213745034206186,0.18125847086189706,0.3938919610626172,0.0012037387311027437,0.00018504363563015547,0.556314101260818,0.023959650682201517,0.013329091535792082,0.14259807095030141,0.09038197068480659,0.2745387280571482,0.6713955054212155,0.5832613559874847,0.5887538035283695,0.6950144314073606
225,0.19976890029553823,0.2192779995399226,-0.00035456122438642934,0.00023413210536640805,0.18252371429174538,0.39403918817441475,0.0012652434298483228,0.00014722711179754322,0.5578236168320602,0.022606174679397857,0.01261025812239905,0.1439981759277653,0.0919660720033178,0.27545182210893904,0.6718510134502599,0.5835892643913116,0.5890726952059406,0.6941750167646995
226,0.19968479620759141,0.21937828088976502,-8.410408794681801e-05,0.00010028134984241266,0.18403860404804437,0.3941876420926644,0.0015148897562989871,0.00014845391824963583,0.5606308985741494,0.021501721173663366,0.012054529262481708,0.14686653260191662,0.09364361323169099,0.2759830330266499,0.6721610649763816,0.5840931042894449,0.5896146796855442,0.6934199003442613
227,0.19972576384821722,0.21928643174961632,4.096764062580527e-05,-9.184914014870316e-05,0.18647566051916595,0.39444059956231525,0.002437056471121579,0.00025295746965087185,0.5639851441727827,0.021863371915548314,0.012330616961893684,0.15049045107175346,0.09481515140803046,0.2755596998732179,0.6714577040035467,0.5847614898980151,0.5904678281879506,0.6930858105586736
228,0.19967262734326885,0.2186624895446328,-5.313650494837008e-05,-0.0006239422049835186,0.18980335423056272,0.3949988858327133,0.0033276937113967675,0.0005582862703980562,0.5671087895239763,0.023415429406469845,0.013279095826887232,0.1542326507845803,0.09607913447962352,0.2741441446365767,0.6693841098851885,0.5855387052028972,0.5911900575460571,0.6925560636906792
229,0.19944392840879704,0.2180316111543493,-0.0002286989344718049,-0.0006308783902835013,0.1920448639733957,0.39546172222553566,0.002241509742832992,0.00046283639282235223,0.5692829751809754,0.0248918492411816,0.014170505993776165,0.15764655297169722,0.09723302537145335,0.2728244502057637,0.6673696616118827,0.5856200995620281,0.5918324990053305,0.6919899527937695
230,0.19929978946154028,0.21786776123172813,-0.00014413894725676113,-0.0001638499226211676,0.19433206274690232,0.3960371206815364,0.00228719877350661,0.0005753984560007419,0.5711819692773474,0.02684809541862903,0.015335148012558659,0.1604675654255403,0.09870103115516489,0.2709174226056398,0.6649815203649855,0.5859688288639773,0.592277547968764,0.6915499328012515
231,0.19817670430458567,0.21629437484324407,-0.0011230851569546119,-0.0015733863884840604,0.19609116486063458,0.3963523624138908,0.0017591021137322582,0.000315241732354421,0.5728278381492958,0.027717753661199204,0.01587750090809947,0.1629501152568675,0.1006039718213226,0.27008324933524985,0.6634537968161008,0.5863113168761798,0.5929131501493046,0.6908786164559795
232,0.19693691492739565,0.21457432139653013,-0.0012397893771900204,-0.0017200534467139428,0.19746119029437015,0.39653540163241147,0.0013700254337355722,0.00018303921852064198,0.574023622336129,0.02735045738599094,0.01569980862125645,0.16481044349193438,0.10241830504237319,0.27011564172159014,0.6623225767397263,0.586499049369325,0.5934027872428131,0.6894314304957363
233,0.1959884583911863,0.21302353112608402,-0.0009484565362093411,-0.0015507902704461063,0.19863687691867193,0.3968981578407836,0.001175686624301786,0.00036275620837211697,0.5751673356137483,0.02681622637024878,0.015423817472591129,0.16623994312346596,0.10401829819492539,0.2701436566425827,0.661272715361353,0.5866188584623371,0.593770067877051,0.6878931099073509
234,0.19539906884105762,0.21169075454621994,-0.0005893895501286883,-0.0013327765798640812,0.1995219356631795,0.3971204007962762,0.0008850587445075608,0.00022224295549261308,0.5767162982569334,0.02628131233225193,0.015156861161590625,0.16734437144480094,0.10532639992227659,0.2702688985456949,0.6603115276681089,0.5867317344889005,0.5941506949512727,0.6864300841121024
235,0.1950527981103086,0.209990708234615,-0.0003462707307490265,-0.001700046311604947,0.20027047108396615,0.3971414908686041,0.0007485354207866501,2.1090072327922815e-05,0.5782895923246673,0.02577533996207617,0.014905610838698733,0.16839597423399466,0.10624825476376333,0.27042394948075704,0.6596411943567241,0.5868341026539544,0.5945723937289272,0.6852750813445657
236,0.19510486720647188,0.20827465773363932,5.2069096163287476e-05,-0.0017160505009756744,0.20072170067427608,0.39691704639814146,0.00045122959030993726,-0.00022444447046265914,0.5798274502269948,0.02511501457304053,0.014562374862299906,0.16947643488853545,0.10670366371064563,0.2709663509786732,0.659012939449262,0.5869330123727845,0.5949065792844304,0.6839988405323617
237,0.19477433638903133,0.20667521330575703,-0.00033053081744055524,-0.0015994444278822906,0.20119449179441395,0.3967035937079406,0.00047279112013787206,-0.0002134526902008438,0.5810555439315276,0.024617114312622024,0.014303910746945184,0.1702186679529877,0.10695539912675535,0.27141270593219746,0.6584041966887638,0.587094518001094,0.5951643682045643,0.6828969984100961
238,0.19387458342487582,0.2052687424223666,-0.0008997529641555091,-0.0014064708833904371,0.2016659899326822,0.3964404034149823,0.0004714981382682448,-0.000263190292958293,0.582035745521328,0.02420401183991547,0.01408760007585225,0.17060453101984346,0.10731774183670768,0.2718507774500526,0.6581077672806012,0.5872657386652992,0.5953949994942871,0.6821836478084654
239,0.1927665131374132,0.20449648988413757,-0.0011080702874626258,-0.000772252538229018,0.20047527501937415,0.396203286670085,-0.0011907149133080497,-0.0002371167448973477,0.5822731301363855,0.02394904584019348,0.01394488588514924,0.1707658593874519,0.10699417557756623,0.2721354023814462,0.6578433735813678,0.5871608572648704,0.5951840565348006,0.6816613945865629
240,0.19153058580158733,0.2035290893736605,-0.001235927335825865,-0.0009674005104770844,0.20007288284030386,0.3962847800004508,-0.0004023921790702878,8.149333036583384e-05,0.5811993872039145,0.02391617840949141,0.013900068235855897,0.1702527357875028,0.1061305203094235,0.2723040732693576,0.6578289210830268,0.5872324158542983,0.5939258775986853,0.6816056533097271
241,0.19005601330793276,0.20279115586379587,-0.001474572493654569,-0.0007379335098646189,0.20021428040762485,0.39649230873619346,0.0001413975673209833,0.00020752873574264585,0.5794901376969921,0.02424763938615252,0.014051267886708534,0.1691597128272943,0.10473961346109541,0.27244112286136984,0.6580924270399409,0.5872667894191823,0.5923544897782043,0.6821654627886822
242,0.18908153901159908,0.2025048348229757,-0.0009744742963336828,-0.00028632104082015886,0.20089446361005056,0.39680909973438133,0.000680183202425716,0.0003167909981878769,0.5771941569713259,0.024503513500577907,0.014143284817801569,0.16728517626299477,0.10325403686287875,0.2724466109471212,0.657787263809972,0.5869722578008885,0.5910038021173254,0.6820915680098026
243,0.1883747585224464,0.20273839450799008,-0.0007067804891526808,0.00023355968501437285,0.20128528765972858,0.39717830212000216,0.00039082404967802353,0.00036920238562082597,0.5748987235217394,0.024548799241737473,0.014113073348066319,0.16588140874129967,0.10207021917818147,0.2728662866827033,0.6577408446406594,0.5867265476048671,0.589949818012549,0.68205877682292
244,0.18738134064260567,0.20290843835794067,-0.0009934178798407245,0.00017004384995059074,0.20118654327051783,0.3975300698246532,-9.874438921075868e-05,0.00035176770465106255,0.572780918167417,0.02444455020626931,0.01400137191133646,0.16507764030272695,0.10139284725124184,0.2733218322829595,0.6578475321667326,0.5863196398372893,0.5892120622328909,0.6820404970802149
245,0.18680245268770057,0.20315189467923148,-0.0005788879549050996,0.00024345632129080252,0.1996514199913947,0.39775943945978787,-0.0015351232791231129,0.00022936963513464637,0.5706012676187671,0.024569485043055457,0.014019379310307781,0.16447759822926705,0.10078861985815592,0.27364795686852494,0.6577678570169906,0.5856565188145803,0.5886005240153447,0.6820565117536257
246,0.18707396564955941,0.20361806737157345,0.0002715129618588441,0.0004661726923419762,0.1975369093151027,0.3974947287474038,-0.0021145106762920085,-0.000264710712384042,0.5683575876971775,0.0246280469819303,0.01399753737234266,0.16354215123540344,0.10014913092602619,0.2739335056609162,0.6576440284777948,0.585013751940986,0.5882792681295115,0.6819392506119418
247,0.18747908697767468,0.20447077868923932,0.00040512132811526547,0.0008527113176658718,0.19565875744284195,0.39712630653652964,-0.0018781518722607582,-0.00036842221087418636,0.5663231550981511,0.024796457090652913,0.014042807814834479,0.16276240801114206,0.09976450585542336,0.27407411058889286,0.6571271798328955,0.5844508494789219,0.5880266514227204,0.6815531963284731
248,0.187821324766606,0.2048340174106362,0.00034223778893133217,0.00036323872139687463,0.19477261624420625,0.3967690976090282,-0.0008861411986356982,-0.00035720892750146227,0.5644978642550652,0.024884489498170174,0.014047241174794663,0.16228018028157487,0.09976434642701351,0.2744697062259863,0.6569546647767289,0.58397318174687,0.588040209461217,0.6814410386417425
249,0.18880581640058103,0.20542308410963392,0.0009844916339750154,0.00058906669899772,0.1945164643757875,0.3964851201433386,-0.00025615186841873583,-0.0002839774656895888,0.5625918779385833,0.024814199311730543,0.013960266990328788,0.16178965436546816,0.09978917038755444,0.2748117340886579,0.6565442411641206,0.5833729983429856,0.58801834806628,0.6809582321127711
250,0.1900180141479602,0.2062424816516229,0.0012121977473791845,0.000819397541988981,0.19298299049695924,0.39600156877143783,-0.0015334738788282676,-0.0004835513719007589,0.560957666869737,0.02471941598279176,0.013866545916089353,0.1612342557313624,0.09992383774549583,0.2750743210567881,0.6557735613872056,0.5827665716659276,0.5880468494262782,0.6800751957661334
251,0.19098322037536963,0.20692635220802444,0.0009652062274094209,0.000683870556401539,0.19134473344525935,0.3954889422409504,-0.0016382570516998984,-0.0005126265304874478,0.5595462366610308,0.024835355536595004,0.01389652972664043,0.16013640071184915,0.10004185116259509,0.27525820640594617,0.6553263488443056,0.5821680190289855,0.588006391269947,0.6797006258312964
252,0.19171784836202577,0.2072142886368989,0.0007346279866561334,0.00028793642887445237,0.18917686491989147,0.39505570157021197,-0.0021678685253678776,-0.00043324067073841066,0.5584759312731697,0.02494807072186593,0.013932897029862976,0.15919983986028238,0.1007289998165145,0.27539863300304634,0.6552157192185099,0.5814153017998013,0.5882411165918875,0.6796685627015439
253,0.19290166912544976,0.20718569496028572,0.0011838207634239928,-2.8593676613175578e-05,0.18730747778126167,0.39475578394825894,-0.0018693871386298022,-0.0002999176219530275,0.5577088126833539,0.02543068922822511,0.014182919495192783,0.15826338733565218,0.10092567912317181,0.27525264878469535,0.655483876899164,0.5808000000925522,0.5885005494692239,0.6803699947448406
254,0.19231237032372975,0.2058537295945453,-0.0005892988017200118,-0.0013319653657404285,0.1852138368066343,0.39442137307163644,-0.0020936409746273588,-0.000334410876622504,0.5569609368090995,0.025661686255441442,0.014292556816931859,0.15632314925549629,0.10125894308630969,0.27510040538329533,0.6564513321631981,0.5804227190723303,0.5887165103725873,0.6815238624750761
255,0.19277374345963483,0.20563453076451085,0.0004613731359050799,-0.00021919883003443386,0.1826394204168868,0.3941531236627869,-0.002574416389747508,-0.0002682494088495635,0.5564399307578956,0.025745747349784767,0.014325961872624509,0.15437357188035356,0.10147788174505905,0.27497562531156805,0.6574212673905545,0.5801589882606595,0.5888824658539056,0.6825398209269649
256,0.19306376961795962,0.20504804815890784,0.0002900261583247965,-0.0005864826056030115,0.18198017586360826,0.394167280867424,-0.0006592445532785374,1.4157204637099685e-05,0.5564023738569616,0.025814772368698252,0.014363400626520806,0.15364277365323395,0.10248918606043943,0.2752276927637295,0.6589533908135464,0.580125969560437,0.5895116500570066,0.6841140131493855
257,0.19339445525493298,0.20457739124650046,0.0003306856369733602,-0.0004706569124073856,0.18249836570152456,0.3944215620485882,0.0005181898379162941,0.0002542811811642176,0.5565274100977858,0.025987952752820308,0.01446300803927071,0.15311883419457853,0.10308478709583925,0.27578455055283235,0.660392168326942,0.5801139405171128,0.5900003658943492,0.685710629352384
258,0.1937612958954355,0.20428866672951593,0.0003668406405025193,-0.0002887245169845287,0.18282330386917817,0.3945650407862187,0.00032493816765361005,0.0001434787376304869,0.5568219064202661,0.025842174863186143,0.014389489073365187,0.15276619960800533,0.10370404908137114,0.2766183342938177,0.6622260228653679,0.5805477892748299,0.5903770359867041,0.6874009911550001
259,0.1941289302967609,0.2041955849502109,0.00036763440132539515,-9.308177930503203e-05,0.18295240229087392,0.3946706890352166,0.0001290984216957558,0.00010564824899794711,0.5568626751350644,0.02562636695622862,0.014270367257238287,0.1524640863011437,0.10408222154036129,0.2771701595585474,0.6632995424898767,0.5807375799032285,0.5904727173571502,0.6882615088006725
260,0.1973822955519881,0.2099889197756974,0.0032533652552272085,0.005793334825486496,0.1867613978950457,0.39654592886921824,0.0038089956041717776,0.0018752398340016185,0.5563695289956121,0.02557699046530944,0.014230258138309476,0.1526008950832766,0.10402578521165677,0.2773593521713282,0.6637815314803674,0.5807039809413884,0.5903341775475838,0.6888028584652887
261,0.202766193841569,0.21940358380674624,0.005383898289580885,0.009414664031048847,0.1898425457588273,0.4002689435588773,0.003081147863781608,0.0037230146896590766,0.555945920005183,0.025509530859783965,0.014181919602743202,0.15387403031917424,0.10459856586324158,0.27786588559973363,0.6636722946046131,0.5805282300734864,0.5899529145640519,0.688677766804233
262,0.2192222215382974,0.24054497632339364,0.01645602769672841,0.0211413925166474,0.20444631747698366,0.40964394426802575,0.014603771718156355,0.009375000709148429,0.5561141964891024,0.022646350204725968,0.012593956847512001,0.1567962761414009,0.10517153180700325,0.28235095937219445,0.6652681222029029,0.5802039397994976,0.5895884941398346,0.6877740075782357
263,0.2429003011058438,0.26887298528214043,0.02367807956754639,0.028328008958746792,0.22179158443961886,0.41926895581707546,0.017345266962635192,0.009625011549049711,0.5552728754632218,0.019557756644253,0.010859891769464294,0.15756738004522,0.10675317779256194,0.29293983305042004,0.664137978137475,0.5787580864800798,0.5891305507329805,0.6836835620321418
264,0.27019939243217866,0.29692567944926457,0.027299091326334873,0.028052694167124137,0.24570448105386078,0.4315504611448604,0.023912896614241924,0.012281505327784936,0.5561959219628572,0.017555344179612867,0.009764210841355057,0.15734465711721116,0.10948900151728036,0.3053461811889695,0.6663521911537625,0.5796729611621815,0.5896418649720281,0.6836408817129803
265,0.2945266194016144,0.322672444228043,0.024327226969435733,0.025746764778778408,0.26341806701974907,0.43858729802455004,0.01771358596588829,0.007036836879689645,0.5571170775108261,0.01609579806026438,0.008967243975538915,0.15242603434242213,0.11016277847582791,0.31677585450126733,0.6696386842769128,0.580930082341833,0.5897202886896734,0.6851151805399232
266,0.3172114419911012,0.3456101354806122,0.022684822589486786,0.022937691252569226,0.27556309138468604,0.44336035300810717,0.012145024364936974,0.004773054983557123,0.55835336804928,0.015276531305022097,0.008529702706269352,0.144982349171324,0.10899129170752116,0.32901800830916955,0.6754404037000578,0.5821200521978391,0.5894060194222293,0.6897532467780865
267,0.33862975297134645,0.3657495995853938,0.02141831098024527,0.020139464104781624,0.264622977893536,0.43078154863802315,-0.010940113491150039,-0.012578804370084018,0.5576596432226275,0.013352426443019996,0.007446109366370909,0.13656156179996265,0.10710884061034366,0.33989792274648406,0.6821631015299217,0.5826108743561854,0.5882290212937332,0.6945927860159405
268,0.35607263716849763,0.38224153827569046,0.017442884197151176,0.016491938690296637,0.245712129278074,0.41749977637624913,-0.018910848615461995,-0.013281772261774016,0.5568909673632919,0.011939358007567614,0.006648920630530994,0.12764962778337344,0.10252131943005272,0.3490710278239227,0.6875613499601118,0.582082332400327,0.5860793277469719,0.6986774795013097
269,0.37032818601431516,0.39517704698064354,0.014255548845817534,0.01293550870495308,0.24642868386806283,0.4140163933681064,0.0007165545899888159,-0.0034833830081427153,0.5570489803199804,0.011481101903083478,0.006395536108062438,0.11837942734190625,0.09686772600062034,0.3595403105448254,0.6951224878136625,0.5828458559791745,0.5847686992285784,0.7057575404183595
270,0.3805340980302033,0.4058375089556028,0.010205912015888163,0.010660461974959234,0.26426171240414376,0.42190172939547105,0.01783302853608093,0.007885336027364631,0.5580355678465991,0.01125405671999072,0.006280163932317857,0.10949857848542661,0.09107713528786013,0.36973911975826335,0.7026595268023043,0.5851528726466411,0.5851427169432131,0.7129851236883872
271,0.3879662087729039,0.4138776985747676,0.0074321107427005595,0.008040189619164806,0.2888757737102901,0.43611166772247945,0.02461406130614635,0.014209938327008398,0.5584721188428895,0.011156921912931002,0.00623082982047924,0.10229936997689285,0.08534205596531241,0.3796529940561637,0.7091947083742569,0.5877968653182817,0.5858417119731167,0.7191924876240556
272,0.3941034701755358,0.4202218511906691,0.006137261402631933,0.006344152615901544,0.3085310811971534,0.4480104273555486,0.019655307486863283,0.011898759633069134,0.5587622503355401,0.011210865994044587,0.006264208711042534,0.09670744278986577,0.0805458872796136,0.3886676557599781,0.7148579721934989,0.5907281864356416,0.5866853108917626,0.7247716425458367
273,0.39894860611303756,0.42473206890792836,0.004845135937501743,0.004510217717259235,0.3286843743918671,0.4609032374294173,0.020153293194713706,0.012892810073868721,0.5586762164669289,0.011141220490464442,0.006224334910436496,0.0911333321742229,0.07590604657273672,0.3962010946913622,0.7202015170676889,0.5934949200910522,0.5874741004183246,0.7298048136671526
274,0.4034192607863445,0.4295429112082632,0.0044706546733069286,0.00481084230033485,0.34929878465071734,0.47585982744043615,0.020614410258850246,0.014956590011018844,0.5584816992745398,0.011062862577092042,0.006178406290895079,0.08650109650836972,0.07182079655635357,0.403001569903063,0.7258461694668444,0.5962080303302825,0.5885118874095532,0.7351986739704786
275,0.40750754721104626,0.43331086533520197,0.00408828642470177,0.003767954126938755,0.36777762388045226,0.48938114985152537,0.018478839229734922,0.01352132241108922,0.5582172510679482,0.011093595094233282,0.006192636157963778,0.08223490138867255,0.06818522541292342,0.4081041555871807,0.7296421916348409,0.5983091420546898,0.5894597893535471,0.7391498259036752
276,0.4114574312002392,0.43713491191054976,0.003949883989192937,0.003824046575347795,0.38392967132933925,0.5025681270740178,0.016152047448886986,0.013186977222492402,0.558113954871256,0.011037685671363977,0.006160286402670744,0.07906785218723693,0.06546547722004818,0.4129107304871542,0.7327723517149738,0.6001119508885214,0.5904087099725881,0.7422132675724142
277,0.41536349397398287,0.4404230887167739,0.003906062773743668,0.003288176806224119,0.397830689361557,0.5137257627529155,0.013901018032217771,0.011157635678897715,0.5582506343280832,0.010985454520860673,0.00613263695465278,0.07689683135943363,0.06339992136459334,0.4166476795598174,0.7349040740779726,0.601655125328175,0.5914307309167872,0.7442124177667132
278,0.41889600903485974,0.44339839473964815,0.003532515060876873,0.002975306022874269,0.4088251823793869,0.5230769573941512,0.010994493017829898,0.009351194641235683,0.5581740732453239,0.010993341712095503,0.006136198322018069,0.07579866024329301,0.06216332844666583,0.4191972875069714,0.7360640245491886,0.6027327286384141,0.592388630639892,0.7452920228813095
279,0.42210585351366303,0.44588324427882986,0.003209844478803292,0.0024848495391817105,0.4181528079707785,0.5316107703340033,0.009327625591391553,0.008533812939852115,0.5581101197026644,0.011029617272580327,0.006155741016274381,0.07527281925075749,0.06123874732252056,0.42146149622930185,0.7366206939142008,0.6036921361844163,0.5931664807266724,0.7458019056620941
280,0.424872588281417,0.4480468759336205,0.0027667347677539644,0.0021636316547906653,0.42583670252572914,0.538352712038277,0.007683894554950665,0.0067419417042736685,0.5581025090059628,0.011056483476621127,0.006170651169085222,0.0751102187769406,0.060917156615629735,0.4229288426627666,0.7370711971345695,0.6042713385226013,0.5938147271897778,0.746183007110928
281,0.4267795316590734,0.4490459441469825,0.0019069433776564004,0.0009990682133619866,0.4318448718142424,0.5431309585575425,0.0060081692885132765,0.0047782465192655055,0.5568940718422772,0.011071109518334402,0.006165435259477038,0.07482951413474742,0.06015182668336664,0.42340333849418377,0.7373069120052801,0.6042159060218364,0.5938424665319808,0.7463234577744049
282,0.42820897519173007,0.4495730220481636,0.0014294435326566712,0.0005270779011810611,0.4376753963674343,0.5469207210047384,0.005830524553191885,0.0037897624471959768,0.5558459426298711,0.011069028227492127,0.006152674429107012,0.07452635582306562,0.0592474552561707,0.42363662524491424,0.7373398240115673,0.6042232963632989,0.5936706264867566,0.7462405857041934
283,0.4291783321387047,0.4499219089118365,0.0009693569469746421,0.00034888686367290367,0.44354398358074415,0.5494997083211907,0.0058685872133098504,0.0025789873164522303,0.5551158508962091,0.011083273358429289,0.006152500721079759,0.0739757410735735,0.05848783821837828,0.4238671828995261,0.7376384154130244,0.604362630608272,0.5936809864984587,0.7464770958218758
284,0.4299921460613705,0.45014274614277766,0.0008138139226657737,0.00022083723094118435,0.44893317463713084,0.5517631156661267,0.0053891910563866885,0.0022634073449360192,0.5543934367921439,0.011069783437539763,0.006137015284482422,0.07352856323625788,0.05760053471728407,0.42416169557405076,0.7381266978143404,0.6045544731211384,0.5938881496902146,0.7468734737934448
285,0.4306820263878382,0.4503858016946647,0.0006898803264677178,0.0002430555518870281,0.45360964122552994,0.5547401706934418,0.0046764665883990975,0.0029770550273151564,0.5536923277965131,0.011099421144887876,0.006145664330906807,0.07301352477845442,0.05655028244342566,0.4244942624188215,0.7388318000222457,0.604948922897023,0.5942721293437224,0.7475100852796274
286,0.4313316046482704,0.4504335768569284,0.0006495782604322153,4.777516226373013e-05,0.45790205281393614,0.5588733398059359,0.004292411588406209,0.004133169112494062,0.553751858613005,0.011126340343029522,0.006161231644513458,0.07246383451855512,0.05567249888276057,0.4251419263875601,0.7395444641106436,0.6055063609046066,0.5949126537127283,0.7480997929597841
287,0.4322745590201427,0.450837940153809,0.0009429543718723066,0.00040436329688059436,0.4613015881639804,0.5635749090312561,0.0033995353500442804,0.004701569225320168,0.5539477414747781,0.01116444727451287,0.006184520352530646,0.07187742309809991,0.054689343661597785,0.42615436457418787,0.7405132505269513,0.6064043105425535,0.595704606615674,0.7489965960313938
288,0.4331823726948517,0.451421899184046,0.0009078136747089904,0.0005839590302370024,0.46415665118842137,0.5690026801413922,0.0028550630244409403,0.005427771110136148,0.553954130525844,0.011271420548171505,0.0062438499695534775,0.07103375224461422,0.05367982552936663,0.42729246948745153,0.7411289252507567,0.6072204641221323,0.5964541814549656,0.7496955878791204
289,0.43398630593045673,0.4512554291142134,0.0008039332356050144,-0.0001664700698326138,0.4667575484968408,0.5742908630239403,0.0026008973084194476,0.005288182882548065,0.5541708357611111,0.01136719796107917,0.006299369594353242,0.0700815664780314,0.052807481717264175,0.42851198300458176,0.7415769035069182,0.6079876522939363,0.5971651616262855,0.7502321456949308
290,0.4346008164901265,0.451049255583774,0.0006145105596697675,-0.0002061735304393908,0.46920788153945886,0.5789789460837429,0.002450333042618047,0.004688083059802617,0.5546183953959115,0.011477102099321,0.006365411950120461,0.06905608682736757,0.052020810971847437,0.4296984766221572,0.7420681707572029,0.6085824390819159,0.5980638045275029,0.7508058809221931
291,0.4350829336333893,0.450708576402248,0.00048211714326279465,-0.00034067918152602683,0.4718846491017373,0.5831254120790158,0.002676767562278415,0.004146465995272908,0.5552867609464956,0.011729218175136518,0.006513079568906324,0.06792035798332234,0.05148066563199175,0.43085748594627415,0.7427991634458119,0.6091605882031333,0.5991282771679991,0.7517809043342855
292,0.4353883404182194,0.4505001563048735,0.00030540678483009787,-0.0002084200973744843,0.4741511196065464,0.585524286065336,0.002266470504809104,0.0023988739863202158,0.5559817027288102,0.01199022073623858,0.006666343341028214,0.0668225498043635,0.051137602838420816,0.4318655299207829,0.7434645410688735,0.6095267225971369,0.6001087141490185,0.7526611300617952
293,0.4356303252350302,0.4505857678873996,0.00024198481681081407,8.561158252612389e-05,0.47595170209528115,0.5866337218808113,0.00180058248873477,0.0011094358154752904,0.5564798848065503,0.012183243523173005,0.006779729952345464,0.06582024594955369,0.05088889640546113,0.43279635368686364,0.7440271146302792,0.6097588761739833,0.6009106436959277,0.7533409296799978
294,0.4357329253870491,0.4506712664148967,0.00010260015201890571,8.549852749706321e-05,0.47705824815001063,0.5868465631845199,0.0011065460547294848,0.00021284130370857746,0.5567383540250811,0.012387631927549029,0.006896669809612189,0.06480819641780913,0.050576681169695124,0.43355587659301864,0.7444956242092982,0.609866309726663,0.6015532139279012,0.7539173006810664
295,0.43576931553850945,0.4506358488036747,3.6390151460341524e-05,-3.541761122199949e-05,0.47771376255714887,0.5867648800509784,0.0006555144071382357,-8.168313354151024e-05,0.5568524026427912,0.012532744462965309,0.00697888886591037,0.06396411413874126,0.050167988293040554,0.43433166146824986,0.7448572080829929,0.6099549157724622,0.6021368958318586,0.7543011718243389
296,0.4357652196043866,0.45056027846860414,-4.095934122871903e-06,-7.557033507055166e-05,0.4781737080675181,0.5867826063281186,0.0004599455103692085,1.772627714025088e-05,0.556879258441656,0.012644670759499566,0.007041554875789009,0.06317525614778362,0.0498341577446107,0.4349431985596561,0.7451473657945585,0.609943817135282,0.6026619092326531,0.7545749510683579
297,0.43576315254561626,0.4503527222402607,-2.0670587703164323e-06,-0.0002075562283434529,0.47836690461612047,0.5864405526858492,0.00019319654860239233,-0.00034205364226946866,0.5566505903150218,0.012739195218023245,0.007091280538250943,0.06256738170001606,0.04930207200392251,0.4355737632761553,0.7452476107709968,0.6098956789958583,0.6030925427798198,0.7546683361221515
298,0.43577910296164957,0.45028285786445943,1.5950416033305714e-05,-6.986437580125404e-05,0.47818729968821916,0.5853551135819245,-0.00017960492790131122,-0.001085439103924668,0.5562549030320295,0.012833073429085861,0.00713846001589907,0.06228416987991572,0.04915378251989705,0.4362210616200187,0.7450063283852437,0.6098306424014526,0.6034051830347328,0.7544542140055936
299,0.43575706628730343,0.4502064207146562,-2.203667434613754e-05,-7.643714980321015e-05,0.47707012637897317,0.583539362799835,-0.001117173309245989,-0.0018157507820895091,0.5558653664539659,0.012915629308836595,0.007179351018740036,0.062294917692301305,0.049389449385968925,0.43690799681179904,0.7446388685831135,0.6097682170490722,0.6035860415981547,0.7541193725617273
300,0.4355576098029597,0.450142202099209,-0.00019945648434371854,-6.421861544719798e-05,0.4738503146404148,0.5800361576359692,-0.0032198117385583425,-0.003503205163865819,0.5558515070210872,0.013250303369707901,0.007365201096538727,0.06241725550288058,0.04989802096097788,0.43681470876261075,0.7434265809728037,0.6095709402623978,0.6036469676393237,0.7535345226340142
301,0.4350453390423447,0.450095930856101,-0.0005122707606149968,-4.627124310802033e-05,0.4680616772647926,0.5756786235016739,-0.005788637375622241,-0.004357534134295293,0.5559941209125352,0.013418086767306858,0.007460377356516897,0.06302186751458551,0.05087315934328922,0.43642934885111506,0.7420163193024365,0.6093245271441522,0.6036384266665614,0.752544883550763
302,0.4342685221917734,0.4502677055711116,-0.0007768168505712936,0.0001717747150106197,0.46081415426152983,0.5714114598514751,-0.007247523003262757,-0.0042671636501987464,0.5561298056467179,0.013547500163219477,0.007534168632770126,0.06369762360116202,0.0519058723445842,0.43617186380828565,0.7407561405393255,0.6093127465098105,0.6036507452068405,0.7516043377091257
303,0.43345674419776103,0.45082398661745493,-0.0008117779940123859,0.0005562810463433099,0.45137748369810227,0.5668475213101092,-0.009436670563427563,-0.004563938541365942,0.5565053546549442,0.013593132572535013,0.007564651063150272,0.06454447184864275,0.0531146327740847,0.4361726677301479,0.739844177321894,0.6095190837145563,0.6038566181377844,0.7508476014707558
304,0.432901744897489,0.4519090196538168,-0.0005549993002720299,0.001085033036361871,0.44155237091374194,0.561585204822306,-0.009825112784360324,-0.005262316487803176,0.557262578975541,0.013587671312445995,0.0075719007578456295,0.06546333644274605,0.05441524238758576,0.4361593618491659,0.739060855995654,0.6098960430397097,0.604238947855678,0.7501471338461049
305,0.43256460997859836,0.4530541603105306,-0.00033713491889064695,0.0011451406567137834,0.4232408603199618,0.5507588438203351,-0.018311510593780167,-0.010826361001970874,0.5576866631587214,0.013462890599266282,0.007508074534775732,0.06656505106793408,0.05544809231879287,0.435365223511471,0.7379864973747761,0.609606324163704,0.6039610912226951,0.7490862282424854
306,0.4309256201253833,0.45362294796560976,-0.0016389898532150338,0.0005687876550791726,0.3814225030647662,0.5160261741752757,-0.04181835725519556,-0.03473266964505939,0.5553888001778389,0.01317841587260446,0.007319144579730379,0.06673012965689562,0.05662374045723757,0.43226804742815955,0.7332536536444645,0.6058762570221143,0.6008097166924545,0.7443323701163498
307,0.42828936317862426,0.452903775637504,-0.0026362569467590635,-0.0007191723281057549,0.3354119860742475,0.47884775359853,-0.046010516990518724,-0.03717842057674575,0.5514161208259634,0.012615331677448468,0.0069562972565115275,0.06684588824977913,0.05811969912652473,0.42730777556030214,0.7276980947686984,0.6001954653064498,0.595972074057408,0.7385614250380359
308,0.4249923346930375,0.4508954729680261,-0.0032970284855867726,-0.0020083026694778794,0.2960162797312833,0.45022080344220844,-0.03939570634296419,-0.02862695015632155,0.5470013057068348,0.012479216008959522,0.006826147451098495,0.06652425687877256,0.059510026793378766,0.421618579426641,0.7207694236912432,0.5938739887022366,0.5903175643833362,0.7317507758929406
309,0.421520683895515,0.44834049551082694,-0.0034716507975224853,-0.0025549774571991812,0.2599841026526699,0.42864110515723525,-0.03603217707861339,-0.021579698284973192,0.5427925923331229,0.012305130062682067,0.0066791334457194425,0.06610657372649997,0.06038775688774618,0.41578462398778643,0.7145586185368769,0.5878623130494912,0.5849014841925679,0.7255848661130346
310,0.4185472878804921,0.4458728139906606,-0.002973396015022889,-0.0024676815201663538,0.23249708057360408,0.41396287958422645,-0.027487022079065837,-0.014678225573008796,0.5389570909647505,0.01223478318635579,0.006594023154702758,0.06539170929555585,0.06105145551364397,0.4111283982648391,0.7094593485597163,0.5827820809072953,0.5806591151453591,0.7205793402129642
311,0.41639058390641204,0.4438172657168044,-0.0021567039740800764,-0.002055548273856178,0.21137766120734083,0.404224860625636,-0.021119419366263242,-0.009738018958590444,0.5359386971668757,0.012169144721797651,0.006521915567835395,0.06481729341079612,0.06152418943963078,0.4072655090485356,0.7054736587725959,0.5786519233373866,0.5772596854540474,0.7166588188844099
312,0.41448651636016276,0.44204455202591636,-0.0019040675462492773,-0.0017727136908880503,0.1944425672107271,0.3977337848977076,-0.01693509399661372,-0.006491075727928397,0.5332683045307626,0.012211612968086694,0.006512066143077464,0.06433444062746888,0.0619495367527938,0.4041754970044167,0.7023270631940355,0.57516121832663,0.5745877348490922,0.7136243473507957
313,0.413002782355456,0.44048024418901605,-0.0014837340047067493,-0.0015643078369003138,0.18121365255447008,0.39333497401234946,-0.01322891465625703,-0.004398810885358151,0.5310794538271547,0.01232895643191104,0.006547655448118101,0.06389799070775029,0.06242352904601087,0.40160751328686617,0.6997677667242924,0.5723110860313269,0.5723984432073919,0.7112451061639781
314,0.41159088488013934,0.43898485536822507,-0.0014118974753166702,-0.0014953888207909771,0.1715163309734331,0.3903923712721827,-0.009697321581036977,-0.0029426027401667776,0.5289968533117575,0.01256460947960505,0.00664663887780215,0.06337113401031834,0.0628062667404403,0.39930331413268205,0.6974342468708796,0.5697964169135412,0.5706404944199465,0.7092103991586741
315,0.41037112652696245,0.4376968121199622,-0.0012197583531768919,-0.0012880432482628712,0.16390333961303935,0.3882746480191446,-0.007612991360393756,-0.0021177232530381063,0.5271950492451616,0.012775088136944158,0.006734963219467554,0.06289675496436788,0.06311981040515566,0.39737473322789496,0.6954852210666151,0.56769656168267,0.5692011034824405,0.7075214569001752
316,0.40915308280029555,0.4365091813952782,-0.0012180437266668953,-0.0011876307246839746,0.15640711558511716,0.3866350744944832,-0.007496224027922188,-0.0016395735246613752,0.5257412026469444,0.012932481904278158,0.006799138589565044,0.06243886179273952,0.06331796842172453,0.3955813796129343,0.6934507310303485,0.5657363770227288,0.5678301362457073,0.7056842548075782
317,0.40818756723043365,0.4355129379291604,-0.0009655155698619078,-0.0009962434661178188,0.15024898355513572,0.38529295690731163,-0.006158132029981445,-0.0013421175871715652,0.5248263515151315,0.013183170656751583,0.006918875357184273,0.06195129600241189,0.06347018464053211,0.3941893050824128,0.6917791224486922,0.564109480827626,0.5668037920843081,0.7043126107966421
318,0.40739855448784146,0.43470215517281496,-0.0007890127425921878,-0.0008107827563454406,0.14529094353169697,0.3843337734971059,-0.004958040023438748,-0.0009591834102057328,0.5240279362788018,0.013359709006069836,0.007000860739736099,0.06153948146733848,0.06368449078017403,0.3930035621816239,0.6903346825523384,0.5627320349311701,0.5659487126984936,0.7030774480743651
319,0.40678663491064754,0.4342415963409665,-0.0006119195771939201,-0.0004605588318484788,0.14155487436669037,0.3836754283363997,-0.0037360691650066002,-0.0006583451607061752,0.5234521091708105,0.013477032565521352,0.007054581121785851,0.06132000468850677,0.06390437804010345,0.39204487673951294,0.6893315313564339,0.561697863483685,0.5652877651481288,0.702209903833902
320,0.4062883603154498,0.43386468567203673,-0.0004982745951977452,-0.000376910668929753,0.1383906039311815,0.3831768713410299,-0.0031642704355088758,-0.0004985569953698255,0.52297569216487,0.013573042053235932,0.00709837106257395,0.061191699453501114,0.06422794477080003,0.3911803246827412,0.6884655934695924,0.5608656852247458,0.5647035426038326,0.7014556471298752
321,0.406048549110998,0.43366674768494073,-0.0002398112044517675,-0.00019793798709599741,0.13579156689237162,0.38269442705790896,-0.0025990370388098705,-0.0004824442831209419,0.5224634455819479,0.013774601535199741,0.007196725779598846,0.060860081595917014,0.06430451865130207,0.3905364037008832,0.6876651627414175,0.5603233625256039,0.5642659381363041,0.7009056672041272
322,0.4058687651654962,0.4333626469718987,-0.0001797839455018324,-0.00030410071304204367,0.13294090261552782,0.38225939958866534,-0.0028506642768438006,-0.0004350274692436207,0.521625049357763,0.013929554888786203,0.007266004756394772,0.0606711327959427,0.06451414637400003,0.3902255124432302,0.6864044285779987,0.5598475023022632,0.5638471280261589,0.6998223970018381
323,0.40594046982303356,0.43320700415331015,7.170465753736366e-05,-0.00015564281858854168,0.13022852297019244,0.3817475360611271,-0.0027123796453353832,-0.0005118635275382366,0.520736199806608,0.0142097705519527,0.007399541917347696,0.06040375028215194,0.06446399752868769,0.39041740832493754,0.6851366400400946,0.5596015303609273,0.5636344901000215,0.6988406557106712
324,0.40631737567265025,0.4332577165071716,0.00037690584961669327,5.0712353861448456e-05,0.12822060757948783,0.3812494158225254,-0.0020079153907046066,-0.0004981202386016848,0.5201523917112502,0.014476289718217215,0.0075298767200356635,0.060143077431960984,0.06458569711753386,0.39075024180485785,0.6839364145392655,0.5595935360332775,0.5636238602235105,0.697911749234515
325,0.40678695795742614,0.4334108402622025,0.0004695822847758935,0.00015312375503090392,0.12607018936409264,0.3808512877462421,-0.002150418215395189,-0.0003981280762833106,0.5198068207180288,0.014655871398602149,0.0076182219165596725,0.05998356717755423,0.06477348668599152,0.3911648841483774,0.6827256959156685,0.5596844827734175,0.5637042384754113,0.6968724119625949
326,0.4071612068802396,0.43356519862751175,0.00037424892281345823,0.0001543583653092484,0.12407125942960476,0.3805865970981806,-0.0019989299344878864,-0.0002646906480615052,0.5195085434858547,0.014814783116533286,0.007696406398929039,0.059860961696708535,0.06489115437288481,0.39144084367096965,0.6816956171053683,0.5596925595964849,0.5638376561885128,0.6959814734124902
327,0.40743856641345544,0.4335589001025016,0.0002773595332158374,-6.298525010162148e-06,0.12051738132268436,0.3803365308201649,-0.0035538781069203995,-0.0002500662780157148,0.5189638845935509,0.014956557292761775,0.007761913072797655,0.05984270883566907,0.06483799853281332,0.39150386119974123,0.680506679850793,0.5594444217034429,0.5636058189428433,0.6949103956182924
328,0.407701423043841,0.4334425700799249,0.00026285663038555507,-0.00011633002257666059,0.11787836546525826,0.3800235537716536,-0.002639015857426097,-0.00031297704851129815,0.5185835292528442,0.015102753314747001,0.007832039115396592,0.05978503835432355,0.06475751522611653,0.39161602747962654,0.6793351452995253,0.5591533294463854,0.5635144844551803,0.6938422168000583
329,0.4080241800012615,0.4334277447751817,0.00032275695742051136,-1.4825304743226742e-05,0.11586833588077096,0.3796598220195593,-0.0020100295844873023,-0.0003637317520943095,0.5181370748299701,0.015247978543973577,0.007900542999844615,0.059695251267345546,0.0646801017135488,0.39191746002541467,0.6785498930438449,0.5589728430516943,0.5635239552499791,0.6931709003009532
330,0.40848839750918786,0.433522241166719,0.00046421750792635663,9.449639153730205e-05,0.11446546837850208,0.37936894553173434,-0.0014028675022688814,-0.0002908764878249426,0.5176693829835076,0.015398808589973606,0.007971491741452773,0.05966914790676549,0.06463769702963441,0.39217573115758514,0.677779238620473,0.5587111106954162,0.5635636527011616,0.6925285941653893
331,0.4088743385670159,0.43361486125310345,0.0003859410578280209,9.262008638444286e-05,0.1132643901952181,0.37904179540003313,-0.0012010781832839795,-0.00032715013170120377,0.5173086017797683,0.015494820958139517,0.008015604164683004,0.05962410339415271,0.06461253818195464,0.39238547680029695,0.6770705799917289,0.5584153810496787,0.5636665534756957,0.6918966294933686
332,0.4093151914813034,0.4338000784079497,0.00044085291428752615,0.00018521715484626222,0.11277985329420771,0.37875231813393295,-0.00048453690101038505,-0.0002894772661001799,0.5172427167230098,0.015560441427613276,0.00804852499742796,0.05958218782772288,0.06481985355361206,0.39264218505674814,0.6765076078007366,0.5583099952142182,0.5638405732336673,0.6913800759292115
333,0.4097382121923411,0.43396299724979215,0.00042302071103766936,0.000162918841842441,0.11269222890945745,0.37854716990768833,-8.762438475026779e-05,-0.00020514822624462248,0.5174215441643342,0.015599338153421263,0.008071433635284843,0.05963736315646622,0.06498931816987734,0.3929925129166989,0.6763379739546529,0.5583938552568294,0.5641131003534856,0.6912141367807072
334,0.410183778945536,0.4339683935850078,0.0004455667531949037,5.396335215623882e-06,0.11273698811407373,0.3783949183403077,4.4759204616287573e-05,-0.0001522515673806346,0.5174984900416076,0.015651011895310162,0.008099375023446249,0.059692438281199,0.0650446208708759,0.3933471222798979,0.6763826953650832,0.5584595314506592,0.5643207652825906,0.6912714883898899
335,0.4105863042862843,0.4339477032077438,0.00040252534074830537,-2.0690377263987703e-05,0.11296362632700492,0.37820400551774996,0.0002266382129311878,-0.00019091282255773168,0.5175372093646479,0.015661266829896613,0.008105288330259818,0.05962472150324667,0.06501329491105637,0.3936148634470345,0.6766155021029108,0.5585528885111335,0.564527410070378,0.6914738893883587
336,0.41099391984098654,0.43396961774050535,0.0004076155547022564,2.191453276156885e-05,0.11315501157716623,0.3780633320773242,0.00019138525016131058,-0.000140673440425787,0.517550612768086,0.015739881663423747,0.00814618539980212,0.05945418030182575,0.06504696719806487,0.39406324116979713,0.6768539360850223,0.5586983548984737,0.5647353311578314,0.6917703461937608
337,0.41144020844415585,0.43404271241559694,0.0004462886031693092,7.309467509158951e-05,0.11327637644495714,0.3779415203016057,0.00012136486779090738,-0.00012181177571846113,0.517642739178682,0.015949859090003366,0.008256328748863343,0.05904124381721851,0.0647691516589215,0.39470815244971047,0.677236541420349,0.5589919855592476,0.5650786222742153,0.6923758346024345
338,0.41181361945632067,0.43409021638981243,0.00037341101216481487,4.750397421549035e-05,0.11323028252982795,0.3778114554928157,-4.60939151291917e-05,-0.00013006480879002025,0.5177178701792292,0.016256247616812148,0.008416149893282156,0.05839377367995719,0.0642444250520241,0.3953621197011927,0.6773721671905147,0.5593122621389294,0.5654416833899475,0.6928664905019649
339,0.41235328761508605,0.43418018815945103,0.0005396681587653829,8.99717696385971e-05,0.11293162792514869,0.3776866363555848,-0.0002986546046792604,-0.00012481913723089155,0.5177383592257665,0.016614455285433267,0.008601940818910084,0.05759486266897528,0.06341499853524402,0.3954449820361109,0.6773756462971963,0.5594766863016187,0.5655912008321385,0.6932964252623792
340,0.4124849218388079,0.4340618150697438,0.00013163422372186595,-0.00011837308970724658,0.11162333226489553,0.3775851085338639,-0.0013082956602531587,-0.00010152782172090369,0.5177103318428246,0.016765285776920994,0.008679561663009554,0.05685314758045069,0.06262356664079428,0.39546748672659765,0.67744514656484,0.5595180782406779,0.5654724375916674,0.693552552583841
341,0.4125110174359888,0.4338826142965566,2.6095597180864072e-05,-0.00017920077318717142,0.11015456762276855,0.3775111583558705,-0.001468764642126974,-7.39501779933871e-05,0.517638479582826,0.016804740002071567,0.008698780064457023,0.05620372682578548,0.06186628074806936,0.3953906193647273,0.677422883045696,0.5594261548283147,0.5652645592700706,0.6935819312447163
342,0.4125359593859253,0.43379950687212854,2.494194993651888e-05,-8.310742442807495e-05,0.10878542383722084,0.37749876361043944,-0.0013691437855477134,-1.2394745431076881e-05,0.5176332041478672,0.01678432519233153,0.008688124028766337,0.05577888359114576,0.061093731324062754,0.3953072655867981,0.6774669485484868,0.5592926702463287,0.5651074002512819,0.6936085457705429
343,0.4126554831852853,0.433762915130777,0.00011952379935997737,-3.659174135151044e-05,0.10821636309281576,0.3775298697854212,-0.0005690607444050755,3.1106174981754275e-05,0.5176297882232862,0.016771493655442546,0.008681424709054914,0.0555234075925708,0.060440173205045716,0.39536296063285936,0.6777886336949827,0.5593482497003215,0.5651659189726433,0.6939150953515054
344,0.41266936264785814,0.4336458627235075,1.3879462572863321e-05,-0.00011705240726950228,0.10759847059120405,0.3776079906296083,-0.0006178925016117193,7.812084418712395e-05,0.517729277055674,0.0167457621415137,0.008669771327272162,0.05535156249578153,0.0598923821958998,0.3953656408378149,0.6780077775350265,0.5593639586783496,0.5652082698888024,0.6941058916506032
345,0.41267036093758364,0.43345140277413396,9.98289725495649e-07,-0.00019445994937355993,0.10753105096950377,0.3776705029059778,-6.741962170027371e-05,6.251227636949741e-05,0.5177976873643871,0.016708439454717103,0.008651591309120398,0.055272752773048314,0.05944925687932118,0.39535584781857463,0.6782601524808509,0.559399548492574,0.5652806507285888,0.6943027169323858
346,0.41259640666681563,0.43328205395724856,-7.395427076800631e-05,-0.00016934881688540626,0.1078164913469729,0.3777293201038899,0.0002854403774691233,5.881719791206441e-05,0.5175128992572818,0.01665211526044113,0.008617684447197316,0.055174147433255966,0.059168983707752656,0.3953035504958934,0.6784914331637661,0.5594227514956934,0.5652942807397617,0.6944491750397315
347,0.4124263352999706,0.4330215027568748,-0.0001700713668450482,-0.0002605512003737709,0.10728255635235627,0.3778115188503287,-0.000533934994616625,8.219874643883296e-05,0.5171809710011132,0.01652761390742001,0.008547767408970983,0.055156411284416486,0.0590387900877666,0.39516898284758534,0.6785677441714618,0.5593280413900008,0.5651534989022393,0.6943692232791829
348,0.4122511877330047,0.4327074390701116,-0.00017514756696590528,-0.0003140636867631774,0.10670731979760703,0.3779204467132995,-0.0005752365547492394,0.00010892786297078683,0.516529018318795,0.016454536689811585,0.008499245683278974,0.05513022493049443,0.05893292771091408,0.39496110408478063,0.6784190874465182,0.5591485760407495,0.564864482947484,0.694100016475985
349,0.4123440866259966,0.43266683770167647,9.289889299191056e-05,-4.0601368435144725e-05,0.1063518829924619,0.37804603567058304,-0.00035543680514513176,0.00012558895728354003,0.5162885664823429,0.016389980662938057,0.00846195962114161,0.055150140706356605,0.058863096719437576,0.3950004080388664,0.6786373144621599,0.5592152442077419,0.5649627305149004,0.6942121202659454
350,0.41246151774562523,0.43268683975070804,0.0001174311196286415,2.0002049031575542e-05,0.1061614732718448,0.3781228512846349,-0.00019040972061709627,7.681561405187276e-05,0.5163887542440821,0.016324687224065278,0.008429884899059352,0.05519338459842632,0.058825035515583116,0.3950547037879283,0.6789099211286351,0.5593012145472479,0.5651531433480891,0.6943803151530933
351,0.412573434818388,0.43273203273401695,0.0001119170727627572,4.5192983308905976e-05,0.10591607926611935,0.3781808531458766,-0.0002453940057254578,5.80018612417188e-05,0.5167809473693739,0.01624318911166289,0.008394170657425046,0.055258177185831946,0.05881958221524697,0.39513298231767136,0.6791759871022367,0.5593912790601169,0.5654222947091726,0.6945310192560143
352,0.4126563816022452,0.4328293157967491,8.294678385722953e-05,9.728306273215637e-05,0.10568981716376195,0.37825043907805217,-0.0002262621023573913,6.95859321755421e-05,0.5172382611873992,0.01617598374022528,0.008366837702789766,0.05533740766875882,0.058890423099159206,0.3952781706815348,0.6793641167753482,0.5595451945330229,0.5656058798165219,0.6946238193941192
353,0.4127405048143596,0.43302927308323463,8.412321211437312e-05,0.00019995728648553035,0.10522747549170086,0.3783016716629696,-0.00046234167206109233,5.1232584917404456e-05,0.5176991223287388,0.016098421999114515,0.008334138939819246,0.055382408280189914,0.05897078106364913,0.3954141125272868,0.679480763606207,0.5597297585573516,0.5655848524504196,0.6946485638632713
354,0.41281556343003567,0.4331254912018984,7.505861567608241e-05,9.621811866378227e-05,0.10474888443558752,0.378308647699466,-0.00047859105611333663,6.976036496408877e-06,0.5181367507881984,0.015944803094892025,0.008261588467544965,0.05555002941281942,0.059048827347540606,0.39565649857599056,0.6797504794905308,0.5599243021500753,0.5655338518930884,0.6947554069675808
355,0.4128960291738633,0.4331153664760133,8.046574382764016e-05,-1.0124725885130026e-05,0.10486018458066212,0.37833140890285094,0.00011130014507459984,2.2761203384957795e-05,0.518578483547098,0.015856679380778643,0.008222932747376725,0.05570605705361118,0.05913903685378265,0.39605254603588597,0.6800309246110492,0.5602206099163574,0.5655858669937722,0.6949280081348097
356,0.41300073919558206,0.4331117186206787,0.00010471002171874577,-3.6478553345764553e-06,0.10560642667964648,0.3783492072652169,0.0007462420989843566,1.7798362365983866e-05,0.5189936842811486,0.015878695365289255,0.008240942609209469,0.05574533154249599,0.05915786225475699,0.39635883393656485,0.6803535407910051,0.5605508552679688,0.5657047966129017,0.6952696624286562
357,0.413084356052798,0.4331014567609546,8.361685721591794e-05,-1.0261859724136624e-05,0.10677327598759301,0.37836177160811685,0.001166849307946527,1.2564342899923364e-05,0.5192830478847834,0.016024746292137668,0.00832137909616163,0.05567531094630606,0.05917074216543299,0.3964936572223308,0.6805568636173595,0.5608214259261372,0.5658230846274277,0.6956414684560912
358,0.4130092825283972,0.4329667143635498,-7.507352440078163e-05,-0.00013474239740479677,0.10813374450769359,0.3783536412340849,0.0013604685201005773,-8.130374031967147e-06,0.5195032226927221,0.01612740384848033,0.00837823827295254,0.05561039106069959,0.05930628818610399,0.39661171639039083,0.6807508595415261,0.5610127848277087,0.5659248024081367,0.6959486547364373
359,0.41230541292681033,0.4327060649128935,-0.0007038696015868595,-0.00026064945065629175,0.10969479557843172,0.3783659033947764,0.0015610510707381314,1.2262160691500767e-05,0.5195961484921137,0.01619140719212698,0.008412992815696687,0.055499910372077264,0.059519577049189386,0.3967025654340067,0.6809139912600527,0.5611211012246279,0.565975186327127,0.6961799383133972
360,0.41158805857646363,0.4321319529432828,-0.0007173543503466995,-0.0005741119696106578,0.1110526275059982,0.3784383429275149,0.0013578319275664857,7.243953273849968e-05,0.5193827253365346,0.016082741697877427,0.008353098213927105,0.05575775946166309,0.05918231698671281,0.39659760072102396,0.6810139989542078,0.5612065333945503,0.5659750167769132,0.6962368866506706
361,0.4119974969762856,0.4322543891935148,0.00040943839982199304,0.00012243625023194982,0.11832362334257943,0.3790920197126854,0.007270995836581223,0.0006536767851705316,0.5205046615731603,0.016085591014806527,0.00837262510736614,0.05600895291956271,0.05895048611088386,0.39743102517179635,0.6828072553571142,0.5627404349480243,0.5673721850430336,0.6980943462765313
362,0.4131150185519898,0.4335356660883096,0.0011175215757041612,0.0012812768947948472,0.135003020802447,0.3816967745961807,0.016679397459867573,0.002604754883495264,0.5236814815262224,0.016213969410664775,0.008490955522397781,0.05611918646035739,0.05930007895297454,0.39976027296674865,0.6870244036989569,0.5664511702783862,0.5708873140557844,0.702468898794565
363,0.4138801559663684,0.4341247465884053,0.0007651374143786138,0.0005890805000956512,0.16420835470222003,0.38950155936805436,0.029205333899773034,0.007804784771873685,0.5279723557132536,0.01640130753128892,0.008659436974072138,0.0566772963956481,0.05941893360338866,0.40321275809083507,0.6925484358803379,0.571571510130916,0.575543251085211,0.7081592781823675
364,0.4139311637140102,0.43399556777369586,5.1007747641773626e-05,-0.0001291788147094186,0.19914708589062421,0.4022029566781007,0.03493873118840418,0.012701397310046325,0.5319114353357804,0.01654743274173526,0.008801768700778692,0.05720192222120766,0.05947243634609482,0.40652427955654535,0.6981744740383178,0.5764339739179681,0.5798749660104786,0.7138883768710677
365,0.4136498618528236,0.43361181212079863,-0.00028130186118657807,-0.0003837556528972219,0.23264696508446975,0.4176712648449259,0.03349987919384553,0.015468308166825206,0.5354527933536234,0.016542445443568456,0.008857698621658649,0.05789501166295847,0.0596321509487933,0.40981768649898853,0.7040210870425371,0.5809074524327654,0.5837775751525472,0.7196484768055065
366,0.4132085091950079,0.43324185957192446,-0.00044135265781569677,-0.00036995254887417506,0.26353740153597843,0.4340278031593028,0.030890436451508685,0.01635653831437689,0.5383600688372036,0.016504965151720515,0.008885614175235902,0.05850323081057037,0.05966571035369966,0.41281983827671115,0.7091235992235073,0.5847981487606968,0.5871217974464688,0.724617712170064
367,0.41300034074813835,0.4332052458756461,-0.00020816844686954994,-3.661369627833144e-05,0.2895210161781654,0.44949359241928943,0.02598361464218696,0.015465789259986651,0.5412543790745975,0.01651683637489028,0.008939810016367964,0.05918181361171937,0.05990533706262389,0.4156887683147888,0.7139068436544587,0.5883425767781808,0.5901720008969654,0.7293246238176172
368,0.41275814491980545,0.43308280134630295,-0.00024219582833290287,-0.00012244452934317973,0.311966578390415,0.464377891390779,0.02244556221224958,0.014884298971489573,0.543593411662783,0.016526715876497493,0.008983813866886754,0.05976161389807168,0.06008382283413865,0.4181256184236765,0.7178219881037223,0.5912418178518386,0.5926283002655931,0.7331601157718716
369,0.4125428611393732,0.4329713047491641,-0.0002152837804322294,-0.00011149659713882709,0.3311169116041686,0.4779181148857101,0.019150333213753645,0.013540223494931114,0.5454375410312956,0.016536534711864885,0.009019646830418247,0.060357570614085795,0.06017754685955343,0.4201659089913021,0.7211065129697173,0.5936055056091699,0.5946258021412508,0.7363823532988353
370,0.4123605884863254,0.43279371636305,-0.00018227265304782136,-0.00017758838611414696,0.3472762633402926,0.4900065327563369,0.016159351736123984,0.012088417870626755,0.5469425934045965,0.016563484135728612,0.009059274969011299,0.060903697863898695,0.060203802073014484,0.42183616203223134,0.7237629858386118,0.5955498646536195,0.5962503680184845,0.7390082989500821
371,0.4122224091623776,0.4326579191612257,-0.00013817932394777355,-0.00013579720182427257,0.3613809867841387,0.5008485565109513,0.014104723443846112,0.010842023754614405,0.5482083541181348,0.016590480978275916,0.009095040271128865,0.0614143578689302,0.060166534003620716,0.4233083802296965,0.7261616520012476,0.5972236866368965,0.5976640218116497,0.741383853067543
372,0.412072472403396,0.43226595363300035,-0.00014993675898161696,-0.00039196552822534647,0.3737625867565866,0.5106716254655562,0.012381599972447865,0.009823068954604941,0.5491698459793893,0.016586955606560882,0.009109055855722008,0.06189105440745385,0.06005747666139664,0.42464035077664997,0.7278003380161292,0.5985732310849212,0.598811840438939,0.7429487030978253
373,0.41201728591343484,0.4320726063188196,-5.5186489961167595e-05,-0.00019334731418074735,0.38465723535563023,0.5190992425053756,0.010894648599043655,0.008427617039819424,0.5501939637043771,0.01648511559716772,0.009070011092530557,0.062383053857310154,0.06000202126733649,0.425851185617573,0.7290451289070783,0.599715981590567,0.5998841667063919,0.7440214551029701
374,0.41210191902202337,0.4321630709647689,8.463310858852768e-05,9.046464594930637e-05,0.39421012969300145,0.5262953786544876,0.00955289433737122,0.007196136149111965,0.5510399296724856,0.016358732048504455,0.00901431455753893,0.06285046742940067,0.05994280719028236,0.42705183364068355,0.7301249633054763,0.6007511268610463,0.6008570543122579,0.744897663177488
375,0.41224303450905136,0.43226799197074406,0.00014111548702799848,0.00010492100597514487,0.4022352509620244,0.5324062850206982,0.008025121269022939,0.006110906366210589,0.5515620365527971,0.01623579627397097,0.008955048857927745,0.0632444433565703,0.05980648129475006,0.4280673068292474,0.7311044669683849,0.6016163925460811,0.6016331444649914,0.7456944891904738
376,0.4123588398496855,0.4324493967348644,0.00011580534063415637,0.0001814047641203187,0.4088415223318962,0.5374493462504383,0.006606271369871797,0.005043061229740076,0.5516539286721406,0.016127856798453355,0.008896995563928485,0.06357239909929285,0.05963893635188185,0.42893856589675533,0.7319599130398259,0.60232938279123,0.6022562680548484,0.7463791762978741
377,0.4124765965443216,0.43274282670883196,0.00011775669463609528,0.00029342997396758497,0.414218415250902,0.541584918258431,0.005376892919005782,0.004135572007992749,0.5517338567303967,0.01604023965966627,0.008849943290307537,0.06383450528825665,0.05946688124221808,0.4297537159724935,0.7326304032971194,0.6029384535655145,0.6027851361222968,0.7468974606403167
378,0.41254027971677854,0.4330247973443032,6.368317245691868e-05,0.00028197063547125145,0.4186300333810053,0.5450385472807017,0.004411618130103323,0.0034536290222706434,0.5518454352199199,0.015954987401127513,0.008804686966303552,0.06404911108213521,0.05918767960077814,0.4304798416468797,0.7331096388975344,0.6034251935886344,0.6031832467064344,0.7472308131230423
379,0.4125508429404803,0.43323061750780323,1.0563223701742785e-05,0.00020582016350001453,0.4223685626426839,0.5481548848638584,0.0037385292616786137,0.0031163375831567697,0.5518160298600094,0.015863148124985408,0.0087535394194107,0.06422029374138843,0.05892598719408415,0.4311602250044361,0.733533932955076,0.6038109724334457,0.6035004423753221,0.7475064642345759
380,0.41257267426575217,0.43344750664035664,2.1831325271892688e-05,0.00021688913255341058,0.4255728714066637,0.5511115239069552,0.003204308763979813,0.0029566390430967315,0.5517379133768707,0.015745167027327586,0.008687205601428029,0.06431296016116014,0.05860089539087691,0.43169672681681304,0.7340363601011356,0.6040969203209726,0.6037126178501037,0.7478288289530786
381,0.4125927035463825,0.43361057022894256,2.002928063032927e-05,0.00016306358858592107,0.4287586594261978,0.5542051729236686,0.0031857880195340638,0.0030936490167133845,0.5513786920326749,0.015576733721236635,0.008588679065356717,0.06445772827016773,0.05825355645309311,0.432169692885873,0.7346633754621751,0.6044405063202246,0.6037071481189913,0.7481931335070119
382,0.4126389617467547,0.433664051227812,4.625820037218453e-05,5.3480998869426255e-05,0.43181793841823995,0.5574870945992786,0.0030592789920421692,0.0032819216756100333,0.550689404576283,0.015366202079547324,0.008462004673784758,0.06466815360576206,0.05770762910179425,0.43265003827856224,0.7352838697713501,0.6048957332543189,0.6034036062961026,0.7484854236152343
383,0.41268041466441996,0.4337937775111332,4.145291766527448e-05,0.0001297262833211965,0.4344952625727546,0.5603240615742896,0.0026773241545146598,0.0028369669750110127,0.5506337318973455,0.015102891179702616,0.008316161332719155,0.06503109014113506,0.05722122056208424,0.43303767425741174,0.7358971047643768,0.6055035427438022,0.6029635802169063,0.7486868058698704
384,0.41271867007877117,0.433993524262031,3.825541435120705e-05,0.00019974675089784455,0.43700597656194795,0.5628398192244765,0.002510713989193336,0.002515757650186856,0.5502069946472194,0.014829252199780783,0.008159158285707053,0.06540134616476449,0.05699728135429641,0.43324792510044985,0.7364400957743841,0.6060758667679855,0.6024458206725835,0.7488256040563296
385,0.41263338956774637,0.43421746926712046,-8.528051102479894e-05,0.00022394500508943205,0.439121345800749,0.5654192692926843,0.002115369238801068,0.0025794500682078114,0.5497390143126883,0.014573184081237542,0.008011447852216887,0.0658460485306796,0.05683189321350877,0.43328691213177534,0.7367213373474054,0.606472141066679,0.6017712170131002,0.7487325221894614
386,0.41257438348350833,0.43435694514129564,-5.900608423803355e-05,0.0001394758741751767,0.4411957386495813,0.5677077375174627,0.0020743928488322627,0.0022884682247784616,0.5495135911339795,0.014332828519354218,0.007876084070777854,0.06639747267096842,0.05695933398679843,0.43328363286178523,0.7369742753462768,0.6067763774031646,0.601204405588944,0.748631149990057
387,0.412511062629553,0.43441047455313925,-6.332085395532872e-05,5.3529411843611374e-05,0.4431908392730938,0.5700767593888403,0.0019951006235124913,0.0023690218713775524,0.5492507290281489,0.01410909455032482,0.007749430467692989,0.0669839280490102,0.057183100786937294,0.43323880618928223,0.7371425670221324,0.6070016669881743,0.6006463703230019,0.7484928234304569
388,0.4123644352891946,0.43445932000827175,-0.0001466273403584184,4.884545513250682e-05,0.445327014307447,0.5726416840116575,0.002136175034353205,0.0025649246228172107,0.54900988054568,0.013886383481888082,0.00762376173660288,0.06775740965635188,0.05732024080079039,0.43312946528543256,0.7371868278576352,0.6071063991527965,0.6000455353482586,0.7482607877062858
389,0.4122158067070654,0.4343979760683567,-0.0001486285821291622,-6.134393991508169e-05,0.4474850910229345,0.5754346654997613,0.0021580767154875113,0.0027929814881038073,0.5488676338469155,0.013680863761107333,0.007508983321540995,0.06880122660487807,0.057543257246299925,0.4329883062647176,0.7370362510438275,0.607052628234362,0.5993957615701803,0.7478545952838168
390,0.41207294627327634,0.4342954191410407,-0.00014286043378908264,-0.00010255692731597765,0.450323339665916,0.5781797143229247,0.002838248642981489,0.0027450488231633985,0.5485802362498591,0.01348473814314361,0.007397460836333207,0.06975515479567074,0.05777473836924456,0.4327791877474093,0.7366734494798046,0.6068928384397251,0.5987529576291256,0.747272278615877
391,0.4120177542194372,0.4341784702574327,-5.5192053839137056e-05,-0.00011694888360797018,0.4528759156720321,0.5806160798204876,0.0025525760061161362,0.0024363654975628757,0.5485621171128554,0.013296000599231002,0.007293682237847952,0.0706932021173004,0.05807564974309119,0.432628110163216,0.736059303944462,0.6066878986527604,0.5982220604860092,0.7464669453239032
392,0.4121735966103251,0.4342175445575052,0.00015584239088789476,3.907430007249468e-05,0.4552614097687464,0.583055878387127,0.0023854940967142912,0.0024397985666394506,0.5485506134043308,0.013124149207924228,0.007199260098416797,0.07151729097033524,0.05836255794020808,0.4326249199527615,0.7358341084766015,0.6066327802003441,0.597875321239958,0.7460650979840946
393,0.4124867106538603,0.43438167599624783,0.0003131140435351787,0.0001641314387426096,0.45721362721326386,0.5850627754054623,0.0019522174445174567,0.0020068970183352297,0.5484820567144898,0.012962305947041699,0.007109592225595893,0.07220325531316847,0.058615599597109845,0.43264052979326567,0.7356639493947509,0.6065973167973606,0.5975783446820504,0.7457423315607661
394,0.4127997716037343,0.4345465634005922,0.0003130609498740444,0.00016488740434439375,0.45892790251330884,0.5872792723133702,0.0017142753000449762,0.0022164969079079277,0.5481968579788716,0.012828796446497894,0.007032705903620659,0.07281027265902028,0.05883758667438115,0.43270021150598953,0.7355832504862106,0.6065732501278216,0.5973089642615373,0.745541359701425
395,0.4132569289596818,0.43484887725478566,0.0004571573559474795,0.0003023138541934367,0.460595882601656,0.5894990902779927,0.0016679800883471763,0.0022198179646225613,0.5480529536107742,0.012683410554734013,0.006951180616380044,0.07352550474218718,0.05919350517273578,0.43297041385663787,0.7356944265395337,0.6065818990637069,0.5973012746917161,0.7454960231720791
396,0.4136904066431865,0.43508630293308137,0.0004334776835047127,0.0002374256782957107,0.46237695607878765,0.5915542696826814,0.0017810734771316339,0.0020551794046886895,0.5478762158915709,0.012517556541484485,0.006858071510157299,0.07428200660279341,0.059652303613167375,0.4331768872909368,0.735807231396598,0.6063839785097643,0.5974304893569542,0.7454017311840606
397,0.4141367464395375,0.43544450353585906,0.00044633979635100296,0.00035820060277769183,0.46399323974084417,0.5936258844850073,0.0016162836620565169,0.002071614802325872,0.5478061297983106,0.01238782770605105,0.006786127952260109,0.07507007936323695,0.060209088121013755,0.43348814167442057,0.7359444140805921,0.6061514836717395,0.5976319910643666,0.7453661459906878
398,0.4145370390492217,0.43580347059584335,0.0004002926096841608,0.00035896705998428313,0.46542423125423976,0.5955698355442853,0.0014309915133955964,0.0019439510592780262,0.5478449904172261,0.012283235384352203,0.006729308971432965,0.07581173196218545,0.06078304648402416,0.4337982941303763,0.7359965322823071,0.6058446168065802,0.597869515447603,0.7452690520016302
399,0.4149924588664384,0.4362083962050519,0.00045541981721669567,0.0004049256092085729,0.4669384028638425,0.597503376580092,0.0015141716096027658,0.001933541035806674,0.5479855568903906,0.012184299009097725,0.006676819877819451,0.07660031866711203,0.06140842301003708,0.43404108483774095,0.73601796144168,0.605506248204713,0.5981677031226166,0.7451432959230909
400,0.4155503615383862,0.43672827974026757,0.0005579026719478297,0.0005198835352156483,0.46839901065837036,0.5994569112521118,0.001460607794527835,0.001953534672019752,0.5481149554755468,0.01211139779984112,0.00663843826580655,0.07740026559048353,0.062156912706031985,0.4343493375435112,0.7361380963268366,0.6053080792774262,0.5985419286397888,0.7451561752130312
401,0.41644801722258723,0.438199277400871,0.0008976556842010264,0.0014709976606034347,0.46425296333995547,0.5956557392697577,-0.004146047318414892,-0.003801171982354079,0.5483446560659809,0.012115517834901838,0.006643479460240506,0.07795718784928014,0.06307538300914861,0.4348594957529038,0.7365162863408465,0.6055244267989025,0.5989410444689931,0.7455565818854886
402,0.4185579327216495,0.44173035327364946,0.0021099154990622537,0.0035310758727784552,0.43362869213723937,0.5674997182112074,-0.030624271202716102,-0.028156021058550307,0.5478277229536581,0.012227373254381285,0.006698494047652159,0.07772950665238797,0.06398414341382168,0.43422645272176075,0.7356328060036668,0.6047718507920417,0.5980643728124643,0.7448776293689144
403,0.42111648770602034,0.4456620159905567,0.0025585549843708533,0.003931662716907258,0.3928470594991717,0.5299547762371543,-0.040781632638067666,-0.037544941974053114,0.5463822664670217,0.012163902661195904,0.006646140705108455,0.07702882564726597,0.0648865323047537,0.43224060769488887,0.7335780271494379,0.6025717169588274,0.596036166748686,0.743018297091536
404,0.42370024330772693,0.4489858328687617,0.0025837556017065944,0.003323816878204988,0.3666963951386976,0.5069879519764154,-0.026150664360474085,-0.022966824260738816,0.5455831989773358,0.012340623224167355,0.006732836696015229,0.07641771058759825,0.06552113078881054,0.43063008984061013,0.7318061445960133,0.6011282820671849,0.5946538877282772,0.7417476633112694
405,0.4256499380174154,0.4514743606371681,0.0019496947096884765,0.002488527768406412,0.3515190333405993,0.4922294498068214,-0.01517736179809831,-0.014758502169594068,0.5457441255619471,0.012506307341616691,0.00682524376415956,0.07604337548241728,0.06599236466124891,0.429897913512679,0.7313005550332625,0.600831702339435,0.5942926449031855,0.741638815738637
406,0.42727395290492115,0.45356705938714387,0.0016240148875057425,0.002092698749975752,0.34347019574058607,0.4851230261081419,-0.008048837600013237,-0.007106423698679476,0.5461997271127362,0.012634785062739327,0.006901116153396296,0.07593159193086459,0.06647890088414865,0.4297335767330371,0.731754760081515,0.6010454240178393,0.5944216818995481,0.7423441475158122
407,0.42852589887897313,0.4548678555872994,0.0012519459740519823,0.0013007962001555518,0.34187166478708314,0.4842525087914308,-0.0015985309535029302,-0.0008705173167111169,0.5466703968600972,0.012716789226401248,0.0069518922131829785,0.07618505698821738,0.06694037694994236,0.4297609631659385,0.7324168804693716,0.6014023309256518,0.5946490989085984,0.7431454755274532
408,0.42914776864110643,0.4553716044778474,0.000621869762133298,0.0005037488905479948,0.346480714847443,0.48723343595291974,0.004609050060359887,0.0029809271614889554,0.547075280639054,0.012735137052207801,0.006967078676813398,0.07624361064725241,0.06716307806844682,0.43002200386619344,0.733058336830292,0.6017849567819704,0.5949206559782804,0.7438061561815811
409,0.4293378629927396,0.45513197147360723,0.00019009435163319655,-0.00023963300424018064,0.35403471872369807,0.4923068667640388,0.007554003876255044,0.005073430811119051,0.5472754066659511,0.012699293594351296,0.006950011066218913,0.07625514387280859,0.06730641325805814,0.43033037336279095,0.733653853002767,0.6021357314758786,0.5951318841681484,0.7443293618284453
410,0.42918084701223974,0.4542740320094447,-0.00015701598049988608,-0.000857939464162516,0.36312232971286035,0.49883036015569127,0.009087610989162276,0.0065234933916524795,0.5473992619346262,0.012658347472631894,0.006929170063830739,0.07616685602295047,0.06738314277824296,0.43066851958067587,0.7339469779905482,0.6024575176878911,0.5952768114864552,0.7445193104231143
411,0.4286736334430608,0.4529300063387605,-0.0005072135691789326,-0.0013440256706842013,0.37264516497696576,0.5057574324175574,0.009522835264105411,0.006927072261866174,0.5475442224443604,0.012632131356780384,0.006916650541563339,0.07592442498977783,0.06737652937133247,0.4309651317710199,0.7340609288626625,0.6027221448391158,0.595347666263556,0.7445193872175334
412,0.42786172895355923,0.45136152227498494,-0.0008119044895015803,-0.001568484063775577,0.38259832171716507,0.5129559989954561,0.00995315674019931,0.007198566577898635,0.5476786712154561,0.012633468344780994,0.006919081155912182,0.07563497429873942,0.06736186720299084,0.43117598199085927,0.7339763616505308,0.6029093886042516,0.5954831032299246,0.7443328316382538
413,0.4268380337563601,0.44970764961174414,-0.001023695197199137,-0.0016538726632407963,0.39253785341530245,0.5200747517264082,0.009939531698137383,0.007118752730952083,0.5479297621222812,0.012651937909572997,0.006932373329178203,0.07515102712041637,0.06729119232367796,0.4313980284364913,0.7339065992597765,0.6031391567290675,0.5956810424348253,0.7442210735144192
414,0.4257164075589336,0.4477567278813739,-0.0011216261974265063,-0.0019509217303702586,0.4022785947032278,0.5272401214424557,0.009740741287925347,0.007165369716047532,0.5480899939756213,0.012668947810235318,0.0069437235289893364,0.07469184204003351,0.06702663040297288,0.4316474501381153,0.7335480683281177,0.6033634495272107,0.5958150059454101,0.7438389807916046
415,0.4246629113319318,0.4458459133206463,-0.0010534962270017934,-0.0019108145607275584,0.4117538411113504,0.5342648751387987,0.009475246408122584,0.0070247536963430335,0.5480749627928271,0.01264052860586741,0.006927957245342447,0.07427490877108987,0.06663492827681748,0.4318632026882337,0.7331862400131717,0.6035608497088683,0.5959349746658233,0.7433973746607646
416,0.42371445626337545,0.4441513670891656,-0.000948455068556342,-0.0016945462314807425,0.42034173375853906,0.5406470947942362,0.008587892647188677,0.006382219655437504,0.5479951324269958,0.012595975069073518,0.00690253302602408,0.0739924832084431,0.06628909983650907,0.43209687329585056,0.7328137182309356,0.6037336060151756,0.5960088989806983,0.7429362811369801
417,0.42285673434499027,0.4425967955348125,-0.0008577219183851792,-0.001554571554353068,0.42828312867599383,0.5461967795383028,0.00794139491745477,0.005549684744066585,0.5480151827318768,0.012513123432881877,0.006857381624617291,0.07382913379038913,0.06601225678980628,0.4323305248696316,0.7324233391528651,0.6038143567859531,0.5960598590231256,0.7424265854138853
418,0.42206459408895614,0.4412282401892971,-0.0007921402560341351,-0.0013685553455153876,0.4352647807893561,0.5509363376183578,0.006981652113362269,0.004739558080054995,0.5479660105550738,0.012429269137998166,0.006810817023664156,0.07369247883690865,0.06577391563695643,0.43252625250045756,0.7320462057183615,0.6038398454305361,0.59604186344769,0.7419219703538523
419,0.4213515519317621,0.4400200126178558,-0.0007130421571940326,-0.0012082275714413448,0.44125366110337666,0.5549130274130782,0.0059888803140205615,0.003976689794720434,0.5477023567563354,0.012353489385725133,0.0067660352507260295,0.07358024233288424,0.06558200471547476,0.432676867091798,0.7318257209621957,0.6038042161244429,0.595987432540581,0.7415768084342496
420,0.4211149033454083,0.4390765056656471,-0.0002366485863538048,-0.0009435069522086836,0.44689696645547883,0.5583701287945421,0.005643305352102168,0.003457101381463823,0.5476194310154932,0.012365714655861651,0.006771705623942902,0.07322807099789676,0.06537456408990747,0.43267687183157205,0.7313996241271933,0.6038781415492009,0.5959477310943224,0.7412185324687062
421,0.42090768642269477,0.43832753617910364,-0.00020721692271352676,-0.0007489694865434604,0.4526529641447351,0.5615410554437519,0.005755997689256276,0.0031709266492098154,0.5475635393187399,0.01228323768893785,0.006725853103248148,0.07285920162633973,0.06513813939696195,0.43262014223341994,0.7309913482770138,0.6038735293172242,0.5959181048087571,0.740817252930844
422,0.4211066981555881,0.43777714296070785,0.0001990117328933283,-0.0005503932183957838,0.4579410790637696,0.5643543027518748,0.00528811491903447,0.0028132473081229348,0.5475902017446796,0.012518028406243675,0.006854749700420605,0.07201688821865898,0.06438042909633057,0.43201794797211385,0.7307542284540796,0.6038655969302518,0.5958524924415888,0.7410788030368097
423,0.42154823824294896,0.43745534469933706,0.0004415400873608588,-0.00032179826137079814,0.4625744433108187,0.5670085898466204,0.004633364247049132,0.0026542870947455777,0.5478854653766918,0.012723658926420058,0.006971107792195952,0.07146297326978356,0.0637630157002726,0.43164659087416096,0.7308569860282418,0.6039848309556757,0.5958384938482378,0.7415660325129912
424,0.4218578793692349,0.4373223629385365,0.0003096411262859533,-0.00013298176080056567,0.46656498692761417,0.5693619871868498,0.003990543616795461,0.002353397340229435,0.54807137404141,0.013173632131874023,0.007220090663632266,0.07079405539977258,0.06293891095838246,0.43112843654747546,0.7311293290130606,0.6041404836802896,0.5958416610135366,0.7425631842017958
425,0.42230585845810675,0.43732700888099313,0.00044797908887184157,4.645942456638075e-06,0.46993627813374383,0.5713741597210394,0.0033712912061296674,0.0020121725341896157,0.5481313546851776,0.013687112315297473,0.007502335415112181,0.07019008701424295,0.06210782398959142,0.43075430849568047,0.7315597774651735,0.6043468035521632,0.5959003330002541,0.7437509787966495
426,0.4227101109121352,0.4373600943102633,0.0004042524540284198,3.3085429270163225e-05,0.47279211784605574,0.573230350248067,0.002855839712311903,0.001856190527027568,0.548210785441719,0.014055323509484045,0.007705279940771706,0.06982473953754754,0.06152072090152935,0.4307392254153888,0.7321164963890697,0.6046171615465186,0.5960412130036941,0.7448260301110329
427,0.4231254563575173,0.4374591703536692,0.0004153454453821315,9.907604340592124e-05,0.4751836165544373,0.574926300725805,0.0023914987083815675,0.001695950477737962,0.5482934570752781,0.014322251595499349,0.007852796840398255,0.06964387000542205,0.0611348877087888,0.43088573126824836,0.7325354103018145,0.6048602838302554,0.5961665674928824,0.7456040040006778
428,0.42349585306981596,0.43758295957596727,0.00037039671229865956,0.0001237892222980541,0.47708114393249923,0.5762696109704026,0.001897527378061925,0.001343310244597662,0.548131101453571,0.014526187959891386,0.007962255406376868,0.06952808088465438,0.060847431024130545,0.4310580010573638,0.7328799043970712,0.6050307167088509,0.5962612643454746,0.7462166946677365
429,0.423783399916545,0.43774733632067175,0.0002875468467290476,0.00016437674470448638,0.4786336821036043,0.5773796630226908,0.0015525381711050668,0.0011100520522882018,0.5477744207737569,0.014670177352222542,0.00803594790176199,0.06946897176034457,0.060631781706629376,0.4312542957080026,0.7332938613068367,0.6051135465636105,0.5963521573791509,0.7468120933278367
430,0.4239978741217754,0.43780499437680276,0.00021447420523040828,5.765805613100472e-05,0.4800733431280821,0.578472651090343,0.0014396610244777897,0.001092988067652123,0.5473384477763187,0.014733027364977183,0.008063952328992638,0.0695026662229354,0.06044628397260228,0.43149638109612204,0.7336521834528614,0.6051299391201341,0.5963900732196564,0.7472438477144685
431,0.4241223055093785,0.43781069108438103,0.0001244313876030967,5.69670757827323e-06,0.48134644842171115,0.579499643365982,0.001273105293629062,0.0010269922756390715,0.5468658949813284,0.01475010287501643,0.008066328209812526,0.06959538775332885,0.060265620083604705,0.43174197710266454,0.733929103892564,0.6051345444673502,0.5964005467818975,0.7475346838041322
432,0.4241338179396012,0.437773736636787,1.1512430222682113e-05,-3.6954447594050865e-05,0.4823723162841253,0.5804806784370157,0.0010258678624141537,0.0009810350710336424,0.5464742935724537,0.014717569025066933,0.008042773136077278,0.0697356267550413,0.06017832279944326,0.4320024646077687,0.734329425693992,0.6050903390485267,0.5964232126511179,0.7478856137760179
433,0.4241736851915678,0.4377525089549117,3.986725196658547e-05,-2.1227681875291005e-05,0.48328182255832947,0.581353021919939,0.0009095062742041637,0.0008723434829233101,0.5462602181820521,0.014692620082274038,0.008025993851809016,0.06984256370169149,0.060081897497796084,0.43224083501157734,0.7345063349728312,0.6050775313654436,0.5964499245523656,0.7480232408520626
434,0.42421161157031223,0.43770852175362723,3.7926378744446154e-05,-4.3987201284456656e-05,0.4840205562000493,0.5821166782132547,0.0007387336417198354,0.000763656293315762,0.5462483580436605,0.01462986892379374,0.007991541878016305,0.06991222117398883,0.06001637885351262,0.4325292025796402,0.7346030524134974,0.6050864608693436,0.5965347947342439,0.7480368846811714
435,0.4242362433814761,0.4376889585457498,2.4631811163855488e-05,-1.9563207877437705e-05,0.4844499050748679,0.5828132748812305,0.0004293488748186025,0.0006965966679757241,0.5463554105731496,0.014589444437557416,0.007971021905715836,0.0699610718951289,0.05995933540070523,0.43284448535190656,0.7346879948768107,0.6051315224766635,0.5966594013130244,0.748051485233382
436,0.42414917153683535,0.4376257570851059,-8.707184464074036e-05,-6.320146064386911e-05,0.48458297284989926,0.5833352805709533,0.00013306777503135914,0.0005220056897228265,0.5464543115937441,0.014512929231717823,0.007930652752527089,0.06999182555439916,0.05991241235556083,0.43314979562569833,0.7348231978448542,0.6051919757024653,0.5967619525037868,0.7480671585716254
437,0.4240127813482313,0.43754261315943466,-0.00013639018860406305,-8.31439256712696e-05,0.4844648545118789,0.5837951767940985,-0.00011811833802038985,0.0004598962231452397,0.5465162486060257,0.01440864044526544,0.007874556123659523,0.0700325608314435,0.0598191981772344,0.4334105892694922,0.7349255716997471,0.6052427630021282,0.5968623699712724,0.7480015826112232
438,0.4238284277017542,0.43740477626677277,-0.00018435364647706454,-0.00013783689266189114,0.48435550391917176,0.5842250302866443,-0.00010935059270711367,0.000429853492545762,0.5466762941071504,0.014277122381157645,0.0078049643538455156,0.07010331423499498,0.059707835880960874,0.43358478238684856,0.7350211936262916,0.6052851007244813,0.5969128950295395,0.7478960121388484
439,0.4236567199261874,0.43726163242985483,-0.0001717077755667984,-0.00014314383691793608,0.484176654527496,0.5845641454037404,-0.00017884939167578384,0.000339115117096056,0.5467874055868185,0.014162830331424453,0.007744057252685878,0.07016598454483462,0.05950002831477687,0.43375322160698154,0.7351065099118648,0.6053440205700329,0.5969655777777672,0.747800787056731
440,0.42349966420637025,0.437094612361868,-0.00015705571981716737,-0.0001670200679868561,0.4838743565747245,0.5848027633185696,-0.00030229795277147975,0.00023861791482926442,0.5469274150938118,0.014051198015577592,0.00768498540963115,0.0702147852099993,0.059272129132019846,0.43387198186128434,0.7351311771003616,0.605412083496971,0.5970059228704104,0.7476487040492135
441,0.4233255000501333,0.4368687601202208,-0.00017416415623694448,-0.0002258522416471731,0.48357053707704356,0.5849339603307478,-0.00030381949768093497,0.0001311970121782302,0.5470096110349307,0.013939598464721202,0.0076250943341702624,0.07028475180966424,0.0590679979094121,0.4339393396305585,0.7352018902391998,0.6054318594464745,0.5970019819116855,0.7475417673903078
442,0.42310724017837287,0.4366298714491546,-0.00021825987176044004,-0.00023888867106619527,0.4831387877307432,0.5849760968176609,-0.00043174934630035855,4.213648691309135e-05,0.5471220255998075,0.013836736860724445,0.00757038349893108,0.0703290342397721,0.05892632019024413,0.43400491188303264,0.7350542841757799,0.6054717874466394,0.5969678359154343,0.7472296857684885
443,0.4228478766040504,0.43635911140065076,-0.0002593635743224909,-0.0002707600485038486,0.4827436811437898,0.5850096139376553,-0.0003951065869534087,3.351711999433071e-05,0.5472024453774595,0.0137040639470225,0.007498897303419792,0.07042144109123753,0.05886886004206008,0.4339561785559452,0.7349484378165783,0.6053760138593408,0.5968934352321669,0.7469249756106766
444,0.422583847236949,0.43613103857173674,-0.0002640293671014038,-0.0002280728289140166,0.4823608592520123,0.5850473986802261,-0.00038282189177751835,3.7784742570878826e-05,0.5472955185295945,0.013589463794390123,0.007437452633889893,0.07050440987984874,0.05880852852902855,0.4339567459568388,0.7348386780458072,0.6052948751425549,0.5968866185931667,0.7466360743163335
445,0.4223125314519995,0.43588751384128915,-0.0002713157849494885,-0.00024352473044758627,0.4819703155824332,0.5850629989744661,-0.0003905436695790798,1.5600294239970225e-05,0.5473163578088792,0.01348950402910172,0.007383026213856155,0.07057657388912084,0.05876558027678735,0.4340199948940618,0.7346632261056332,0.6052323783324024,0.5968175037067632,0.7463040818266602
446,0.42216166056876175,0.43564949151093857,-0.00015087088323773035,-0.00023802233035058462,0.48151976749182424,0.5850223753810676,-0.00045054809060895984,-4.06235933985144e-05,0.5473988331895939,0.013400617467195598,0.007335482365562962,0.07071198415959323,0.05879460063818838,0.43413625484799817,0.734525677756883,0.6052379574295585,0.5967752795084206,0.7460269887845287
447,0.4220671678775085,0.4352962637252258,-9.449269125327842e-05,-0.0003532277857127841,0.4810726507228219,0.5848575846507857,-0.00044711676900233144,-0.00016479073028186075,0.547440331709425,0.01330917470437518,0.0072859790149418365,0.07086063199408833,0.058838694688769434,0.4342530734465794,0.7343480482853996,0.6052146780541952,0.596748465505908,0.7457173737622488
448,0.422005803967319,0.43489801664017164,-6.13639101894603e-05,-0.00039824708505414863,0.4811614232678593,0.5854439032402547,8.877254503741883e-05,0.0005863185894690037,0.5473916717180993,0.013221707807079815,0.0072374527394856655,0.07108161878306112,0.058863800733524464,0.4343034476433182,0.734108646061198,0.6051573049530237,0.5967116042774917,0.7453563781913807
449,0.42199941973351507,0.4346592888794794,-6.384233803946593e-06,-0.00023872776069222557,0.48168375555227644,0.5865986842968273,0.0005223322844171152,0.001154781056572518,0.5473605553435752,0.013126066272920463,0.007184690924622317,0.07137174058990613,0.05895294428122143,0.4344334156215316,0.7339780216462576,0.6050999087200194,0.5966977901181477,0.7450854501025564
450,0.4219786010667346,0.4344630156835559,-2.0818666780442197e-05,-0.0001962731959235242,0.48387339499739884,0.5881594404941046,0.0021896394451224044,0.0015607561972773576,0.5473599268296303,0.013079480112636504,0.007159183277422322,0.07151833679714066,0.05903888390758428,0.4345660020243566,0.7338754505266267,0.6050529537115814,0.5966513849394675,0.7448784673401256
451,0.4219856884181248,0.43434140772043495,7.087351390155927e-06,-0.00012160796312093991,0.4867081815297917,0.5902993035368891,0.00283478653239283,0.0021398630427844623,0.5471678377605586,0.012993056580022212,0.007109382674791351,0.07172368571312893,0.05918231529782895,0.43467626337536097,0.7340022390229192,0.604956805747223,0.5965334381977262,0.7448592307739614
452,0.42206696950912337,0.4344225475077153,8.128109099858616e-05,8.113978728035987e-05,0.4892137009502053,0.5920655277650988,0.0025055194204136044,0.0017662242282097118,0.5469485234105137,0.012921427569175362,0.007067355729316368,0.07182459019926851,0.05934644826754848,0.4346848070224507,0.7340170370202961,0.604839558757989,0.5964110252557254,0.7447448549086915
453,0.42232758646302493,0.43484326862858014,0.00026061695390156014,0.00042072112086483093,0.4898506245883297,0.5919147716619612,0.0006369236381243981,-0.0001507561031376392,0.5467182421585624,0.012884792967191378,0.007044351361599877,0.07185519001824126,0.05956761956702967,0.4346660144787192,0.7341343021778445,0.6047364925095771,0.596321368458402,0.744759050942939
454,0.4243460923093168,0.4388218596060465,0.0020185058462918737,0.00397859097746639,0.45189297246833804,0.5528674956367224,-0.037957652119991636,-0.03904727602523872,0.5451898105016724,0.012577761911415119,0.006857267633019561,0.07075283783443065,0.060593524814577956,0.4335237752842154,0.7324994509786317,0.6028043377072989,0.5946930082133439,0.7429986643335245
455,0.42914685550235815,0.4445348852941758,0.004800763193041346,0.0057130256881292585,0.3868253890222424,0.5044813702805607,-0.06506758344609564,-0.04838612535616171,0.5424437926123045,0.011997597553725911,0.0065080223192791895,0.07016168670330485,0.060653430121438374,0.43109302225082324,0.7292060081467013,0.59919143876954,0.5915334711565572,0.73944591923323
456,0.433073387387564,0.44916944671736764,0.003926531885205864,0.004634561423191852,0.3499426482317169,0.47934271986724664,-0.0368827407905255,-0.02513865041331409,0.5410399656175471,0.011679897577172959,0.006319291383570129,0.06961041257166646,0.060658660912707975,0.42988210304403207,0.7275836009346818,0.5972063007077045,0.5898486537241501,0.7377109636689295
457,0.4347485712298321,0.4517373804705782,0.0016751838422681131,0.0025679337532105717,0.349011998764412,0.4797296236140097,-0.0009306494673048671,0.0003869037467630898,0.5405873809899396,0.011498178125202423,0.0062157699988589915,0.06925743696248139,0.06081344008402424,0.429830363270515,0.7273721448998326,0.5967272592128583,0.5893955811568389,0.7374345393872953
458,0.43423197652426593,0.45151108544401475,-0.0005165947055661979,-0.00022629502656346112,0.3634730828612621,0.4909586334069453,0.014461084096850096,0.011229009792935563,0.5403479973108989,0.011362926203231894,0.00613993441750789,0.06921797863082166,0.060844536734354256,0.4299902522454381,0.7273589106294782,0.5966382608335434,0.5892835198196946,0.7373447436391528
459,0.43422175590263695,0.4519226699032151,-1.0220621628975746e-05,0.0004115844592003648,0.375134944033765,0.5004139419616696,0.011661861172502896,0.009455308554724262,0.5405278851877313,0.011286256018368225,0.006100536097295882,0.06918396452513573,0.06105395470787668,0.43047375543249355,0.7278226223120753,0.5969636884944203,0.589550768107907,0.7377653877555229
460,0.43666827984155715,0.4551780124576982,0.0024465239389201976,0.003255342554483065,0.33096449472007555,0.47286869979252705,-0.044170449313689464,-0.027545242169142503,0.5381886171658272,0.010934848180012273,0.0058850108209190675,0.06874035355145743,0.060852230806888986,0.42853134413349525,0.72500028034014,0.5942193142064552,0.5869758545694801,0.734765866497706
461,0.4388568492158824,0.4590614891838062,0.0021885693743252665,0.003883476726108004,0.281305678259399,0.44369109397862816,-0.04965881646067655,-0.029177605813898888,0.5351496948058333,0.010441809680839274,0.0055879312639217325,0.06799512775386522,0.060655633426517884,0.42555583273248065,0.7214013390123412,0.590470563018162,0.5835037935748354,0.7309224067868905
462,0.4395095338710687,0.46158588614363355,0.0006526846551863086,0.0025243969598273686,0.2467720148755012,0.4240751045138424,-0.034533663383897795,-0.019615989464785766,0.5324709179603321,0.010067742799227794,0.005360780250093347,0.06705820908977439,0.06054126602307619,0.42263534700871785,0.7181386974113808,0.587075159085149,0.5804406341816867,0.7275158562896883
463,0.44020771734918984,0.4639192114269162,0.0006981834781211171,0.0023333252832826723,0.25011413529060433,0.4274693087491597,0.0033421204151031225,0.003394204235317333,0.5327026440175097,0.009994608847299063,0.005324154558877006,0.06648609306764094,0.06057587954876372,0.4222869142495948,0.718562604950742,0.5870881585209665,0.58056817220406,0.7279495756296787
464,0.4382756204439338,0.462669569811057,-0.001932096905256031,-0.0012496416158592205,0.2783814036139931,0.4454752499830229,0.028267268323388772,0.018005941233863176,0.533556378926809,0.010116085911023217,0.005397502167598057,0.06628819254748063,0.060484141264165354,0.4228399603692475,0.7197646789042995,0.5880635456164396,0.5815212366900846,0.7292415508782887
465,0.43580322468234695,0.4603309230711223,-0.0024723957615868652,-0.0023386467399347244,0.3095208159361452,0.4665076507006398,0.031139412322152116,0.021032400717616917,0.5344216594839001,0.01036993568454522,0.0055419182372759695,0.0662687565618785,0.06018031585727272,0.4235999741817468,0.7211746987279865,0.5893189958551984,0.5827221246304317,0.7307979287961318
466,0.43322495818023027,0.45756094662113367,-0.0025782665021166773,-0.0027699764499886093,0.33903607073032194,0.48726355232133317,0.029515254794176715,0.02075590162069335,0.5354672872524462,0.010636791415247353,0.005695653844192608,0.06645940250789699,0.0598487580899183,0.42452420524970036,0.7225824007465017,0.5906764907057528,0.5839750809052773,0.7323196192702791
467,0.43377780447649383,0.4583437085294808,0.000552846296263565,0.0007827619083471404,0.31643835526170366,0.47101487008044807,-0.022597715468618274,-0.016248682240885104,0.535323453704662,0.010661453416473177,0.005707326064417788,0.066226613117701,0.059673383999668095,0.42422868905954464,0.7220375304962153,0.5901805850678984,0.5835849799003218,0.7317954957253752
468,0.43574256545479184,0.4618674771132182,0.001964760978298008,0.0035237685837373744,0.2739066052760704,0.4433287529475098,-0.04253174998563325,-0.02768611713293828,0.5343739849243957,0.010482234346346712,0.00560143333856866,0.06567389123358032,0.05971041511856444,0.4230896542217954,0.720456591557157,0.5885479735326806,0.5822371157347378,0.7301391978256478
469,0.4366640375819599,0.4644385696349715,0.0009214721271680326,0.0025710925217533043,0.24117766184149128,0.42407919408756933,-0.03272894343457913,-0.019249558859940452,0.5332912211874448,0.010234595709648693,0.005458020044358335,0.0650770939941278,0.059773834868336845,0.4216123157616718,0.7184740551218949,0.5865486168221021,0.5804343994842938,0.7280638883670928
470,0.43817861146770143,0.46686789723122035,0.0015145738857415547,0.0024293275962488647,0.24024425158871204,0.42390081464425994,-0.0009334102527792376,-0.00017837944330939548,0.5347149148618381,0.010177783202543424,0.005442212478630253,0.06500957687836496,0.05985695264105051,0.4222398015169134,0.7199264360379626,0.5875356204269182,0.5813228692225448,0.7295213800008287
471,0.4372396414540717,0.465792721842782,-0.0009389700136297474,-0.0010751753884383763,0.2660929515566909,0.4377336524540443,0.02584869996797884,0.013832837809784337,0.5363734297572806,0.010290263604558274,0.005519423982683439,0.06538699120143002,0.05968858648652518,0.4232100837237939,0.721655537865377,0.5890485518506451,0.5826115539172627,0.7313243365187887
472,0.4353776873016425,0.4632760600321568,-0.0018619541524291794,-0.0025166618106251537,0.2961773358554842,0.45502447741170704,0.030084384298793343,0.017290824957662765,0.5378109388876343,0.010407913964081297,0.005597489980884282,0.06593035053802598,0.059381005611838046,0.4243339239022826,0.7235135993466673,0.5906763295588207,0.5839246614730224,0.733205194936155
473,0.4343988464847491,0.4628996872282528,-0.0009788408168934226,-0.0003763728039040126,0.3102560071103987,0.45486024551660353,0.014078671254914465,-0.000164231895103506,0.538815060171512,0.01068210175358243,0.005755677299114731,0.06536249435772915,0.05976146683295963,0.4251685095776234,0.7248948362073014,0.5917947015236746,0.5849916763912151,0.7347473772509724
474,0.43719518833100807,0.46514677753202033,0.0027963418462589873,0.0022470903037675183,0.27637968689494524,0.43483213819256394,-0.03387632021545345,-0.02002810732403959,0.5374469191121498,0.010823605343507995,0.0058171133455541734,0.06521181736741583,0.058898511915262165,0.42361551248726614,0.7226135983714995,0.5897990804460176,0.5832300106346213,0.7326239519104545
475,0.4394567170389115,0.46766714123605035,0.002261528707903415,0.0025203637040300264,0.24160850914395715,0.416297669542765,-0.03477117775098809,-0.018534468649798963,0.5355168186484722,0.01081089661603063,0.005789416962554257,0.06456377162218688,0.05846711450109599,0.42154024248177413,0.7197746881845416,0.5869445644644221,0.5809694983684448,0.7298566517887692
476,0.440706235308527,0.46959555683013826,0.0012495182696155016,0.0019284155940879066,0.21057072957583386,0.4026515268184575,-0.031037779568123286,-0.013646142724307475,0.5336268797418394,0.010821960445866266,0.005774888985417221,0.06364921506884913,0.05795676841279098,0.41960451333140875,0.7168768654988544,0.5842688354490612,0.5788226136696452,0.7270669497262843
477,0.44302342593209826,0.47229019137384565,0.0023171906235712747,0.002694634543707386,0.20714393445190663,0.39905438748190375,-0.00342679512392724,-0.0035971393365537563,0.5341419034881061,0.010955449420050367,0.0058517646067933705,0.06273366259533937,0.05811936556154059,0.4197779726051919,0.7172536491915606,0.5844762852085565,0.5792666202138903,0.7275859404251874
478,0.4421773715788774,0.471359548918071,-0.000846054353220882,-0.0009306424557746218,0.2370299769096481,0.4130628913309848,0.029886042457741485,0.014008503849081033,0.535782276205299,0.011195997435193148,0.005998616990216474,0.06240192756049905,0.05816354563571175,0.4210921600295982,0.7191024883331941,0.5861312020538401,0.5809417173708065,0.729579982963071
479,0.4392328043330588,0.4677052391929914,-0.0029445672458185967,-0.0036543097250796297,0.2741828836748568,0.43379870658523756,0.037152906765208715,0.020735815254252776,0.5375057735382865,0.011370813551551909,0.00611187793378654,0.06264337313611149,0.05815465043054465,0.42269982595378747,0.7213796990771366,0.5880550357067474,0.5827756869076772,0.7318567844410137
480,0.43693922053670115,0.4650923452700379,-0.0022935837963576344,-0.0026128939229534964,0.30210399055995657,0.4511503992555705,0.027921106885099745,0.01735169267033293,0.5394121758465072,0.011543569136133105,0.006226741744756144,0.06278638925259332,0.05823993485597176,0.4244535749550165,0.7238220058790176,0.5905325352169832,0.5845545355566993,0.7343205235721293
481,0.4383389554369228,0.4656143055987587,0.0013997349002216608,0.0005219603287208163,0.2781703382319671,0.437992301477803,-0.023933652327989496,-0.013158097777767497,0.5395249593607913,0.01138663933963424,0.0061433761269721505,0.06292809952905078,0.057914442503989104,0.4244675147987952,0.7240846830896224,0.59076026369369,0.5844093978239779,0.7344327830088236
482,0.43927214167857925,0.46636694367934245,0.0009331862416564474,0.000752638080583734,0.24235553745169122,0.41980398486065246,-0.03581480078027585,-0.018188316617150535,0.5378560852919196,0.010970054724827512,0.005900310689733852,0.06292776415635738,0.057430599091426025,0.42298729969570137,0.7221984092250744,0.5888340251107744,0.5823379077492823,0.7323171927503591
483,0.43915718948793625,0.4664738063430498,-0.00011495219064300288,0.0001068626637073522,0.2129039232947957,0.4059552398695941,-0.02945161415689551,-0.01384874499105837,0.5354802704514807,0.010590395989860418,0.0056709481088387335,0.06262046401354841,0.05707092620731784,0.4208614418992513,0.7192100031860417,0.5861017860995279,0.5795854549419868,0.7291315071532635
484,0.44027662628968117,0.46728418209488287,0.0011194368017449219,0.0008103757518330701,0.21671394790684542,0.40789688370776095,0.0038100246120497117,0.0019416438381668621,0.5358383588141151,0.010639348451882392,0.0057009710133081575,0.0626173192288519,0.05684415962653079,0.42100336239684016,0.7198496682605559,0.5866443078411883,0.5799428087551266,0.7298220466313989
485,0.4387547330598029,0.4650484402730215,-0.0015218932298782795,-0.00223574182186137,0.24520908269675812,0.4228968329118528,0.028495134789912696,0.014999949204091867,0.537117780347667,0.01078308344601133,0.005791785845825277,0.06277282300451187,0.05665024615013835,0.42178355084646035,0.7213497009298353,0.5880406531801308,0.5811232495018566,0.7314209247593536
486,0.4356079851202453,0.4613203932036589,-0.0031467479395576037,-0.0037280470693625833,0.2799871009015897,0.442499329046602,0.03477801820483156,0.01960249613474918,0.5381639315541848,0.011010095162133537,0.005925236099239495,0.06297217614109024,0.0564792558361765,0.4225159275910506,0.7228276940344737,0.5894780606479136,0.5823263588623991,0.7330309666596634
487,0.43317597190021107,0.45865171316162706,-0.0024320132200342237,-0.002668680042031857,0.3083408803524015,0.45944267695244606,0.0283537794508118,0.016943347905844064,0.5393624794508256,0.011214936389596824,0.006048915897976233,0.06310903063054128,0.05639287596389684,0.42340375216302367,0.7246222639865113,0.5911503867002366,0.5837395619272983,0.7349238335066225
488,0.43365750814450305,0.45904378375697774,0.00048153624429198016,0.0003920705953506798,0.30310698644867073,0.45292784167407846,-0.005233893903730746,-0.006514835278367603,0.5400291327812392,0.011396067186169019,0.006154208279663592,0.06285479307142833,0.05658928268688813,0.4238274927695568,0.7255268296908041,0.592060911488634,0.584543776292435,0.7359754833677281
489,0.43414417764167,0.4610180837654053,0.0004866694971669694,0.0019743000084275764,0.26668150117492834,0.431377915594141,-0.0364254852737424,-0.021549926079937443,0.5382411881957162,0.011371698072382098,0.006120716282281876,0.062231902332318886,0.056692926321510344,0.42224013086471796,0.7232360735768588,0.5900960145634827,0.5826912634819368,0.7337368877905975
490,0.43430990011138926,0.4628324267153887,0.00016572246971924276,0.001814342949983394,0.22760130653891555,0.41276595701094704,-0.03908019463601278,-0.018611958583193977,0.5352384594050663,0.011253264300191957,0.006023179847312775,0.06181556318609042,0.05642188468459056,0.4196928147391786,0.7194363634189788,0.5867253934173453,0.5795515899158934,0.7299669468868419
491,0.4337507687643897,0.4643952507161354,-0.0005591313469995307,0.0015628240007466987,0.19434878673480394,0.400136912472785,-0.03325251980411162,-0.012629044538162049,0.5324480669105417,0.01112932216215555,0.005925786071264373,0.06159781930172687,0.056011714017012715,0.41726738767719623,0.7160858449586981,0.5835823316982113,0.576686701292135,0.7266422038936415
492,0.4328765156450683,0.46542229049561334,-0.0008742531193214331,0.001027039779477934,0.17294318108397397,0.3930311603048068,-0.021405605650829967,-0.007105752167978208,0.5303038514173898,0.011172307460974456,0.0059247176757739935,0.06145961015518995,0.055660903974723445,0.4153487035757766,0.7135109146787983,0.5810937212990464,0.5744699746446649,0.7241852784583596
493,0.4331400882767494,0.4655181502569849,0.000263572631681086,9.585976137155283e-05,0.1876397756180453,0.4022174378975899,0.014696594534071322,0.00918627759278312,0.5311679327342191,0.011507199154910958,0.0061122551866750075,0.06228786568950505,0.05491106947464753,0.41608470330344977,0.7151158711414141,0.5824692271247105,0.57579322780577,0.7260627905683336
494,0.4311393948304806,0.4628549003725255,-0.0020006934462687975,-0.0026632498844593733,0.22213123968452847,0.4193326281589761,0.03449146406648318,0.017115190261386193,0.5326326370727719,0.011915627316665494,0.006346652000051898,0.06295778843008656,0.05443978065802463,0.4176541441635452,0.71745612828513,0.5847491332408549,0.5779391476824424,0.7286931690635104
495,0.42853393830568115,0.45919214075661635,-0.002605456524799432,-0.0036627596159091724,0.258543023801706,0.43909933429264136,0.03641178411717755,0.01976670613366527,0.5341348872318543,0.012284110214605948,0.006561371824222218,0.06355923508386299,0.053986112329139184,0.4193095234690169,0.7197420429369431,0.5870189403042737,0.5799880576513795,0.7312112573081625
496,0.426894597676272,0.45750479249052484,-0.001639340629409125,-0.0016873482660915151,0.28532145029429734,0.4528379968635594,0.026778426492591323,0.013738662570918048,0.5357539566229599,0.012645972863189065,0.006775129996800122,0.06372123833301971,0.053731652729234546,0.42122843113512,0.7224589804515559,0.5894925664929661,0.5823871633236061,0.7341538631635774
497,0.42836664679799413,0.4588641333987365,0.0014720491217221077,0.0013593409082116592,0.2590407678002206,0.43861002238631364,-0.026280682494076724,-0.014227974477245775,0.5348299488255785,0.012860464726457754,0.006878161691524559,0.06351303201779669,0.05320623784911099,0.4210939038774187,0.7218282405245771,0.5890854970181786,0.5820179139947484,0.7337224102541539
498,0.42961648571800776,0.46098580838606873,0.001249838920013624,0.002121674987332234,0.2251134082719791,0.4189567713353251,-0.033927359528241524,-0.01965325105098853,0.5327949682264517,0.012886655012887037,0.006865944948136393,0.06266575579003777,0.05322243374877248,0.41988671889482365,0.7196187469374487,0.5870912632364569,0.5803203770196589,0.7316135306894875
499,0.429490233478739,0.4619272858721153,-0.00012625223926876483,0.0009414774860465602,0.1966386367456698,0.4046641584990377,-0.028474771526309284,-0.01429261283628741,0.5303834303618814,0.012852668697383421,0.006816842513022993,0.061864601350326856,0.05314347662861938,0.41825052903545457,0.7167147267634207,0.5844904606605167,0.578088668343954,0.7287621301951348
500,0.43093794461286566,0.4634798059891211,0.0014477111341266724,0.0015525201170057956,0.19140815214456589,0.4017055366613678,-0.005230484601103924,-0.0029586218376698725,0.5304426007039833,0.01308324766325278,0.006939911916150117,0.06155220170276317,0.05289754596991881,0.41862957270312595,0.717024272504693,0.5848346738762841,0.5785693694570815,0.7292755029985006
501,0.42935499411347416,0.4614383714310689,-0.0015829504993915,-0.0020414345580521687,0.22160113938414142,0.41535700978248125,0.03019298723957553,0.013651473121113422,0.5319030029605556,0.013393427054586148,0.007124004070267521,0.06162305800339215,0.052660078396017246,0.42042646274640316,0.7189861360907536,0.5868658031849422,0.5806131775408355,0.7314497292513303
502,0.4263377421567277,0.45719741357333826,-0.0030172519567464584,-0.004240957857730654,0.26056900198032434,0.4349876743255908,0.03896786259618293,0.019630664543109577,0.5331746510207249,0.013724017109369307,0.0073172980328904385,0.0617076305985794,0.052313040505774684,0.42230809849474676,0.7207336026277974,0.5888879357436616,0.5825204823542078,0.7333732290680217
503,0.4233764420951679,0.45320803197149234,-0.002961300061559813,-0.0039893816018459205,0.296023224598081,0.4542509860576638,0.03545422261775666,0.019263311732072963,0.5343057304678407,0.013995168479212585,0.007477698717306179,0.06153284186161992,0.05216931394110886,0.4243611161179176,0.7226476212098984,0.5909952800987012,0.5842236359759256,0.7353909667112789
504,0.42341764282709893,0.45327585881766774,4.1200731931034795e-05,6.782684617540058e-05,0.2919020026326732,0.44592278154847104,-0.0041212219654078175,-0.00832820450919275,0.5346955698431795,0.014227600064564444,0.007607434724023142,0.06047420909647073,0.05252999463006723,0.4253267405128195,0.7234837039124707,0.5918439289016973,0.5850326244287989,0.7363866805610674
505,0.4255084526101104,0.4559637817737124,0.0020908097830114603,0.0026879229560446416,0.25937843628271556,0.4261836640570467,-0.03252356634995762,-0.01973911749142432,0.5331660007379153,0.014324200769217902,0.007637176837890879,0.05932856330571814,0.05227115162886367,0.42452259281795296,0.7216120024106955,0.5903890159818758,0.5836855452575445,0.7346646216842192
506,0.42706015384809287,0.45815771516482595,0.0015517012379824835,0.0021939333911135672,0.22475624439454647,0.4080635430292563,-0.03462219188816909,-0.018120121027790426,0.5304058949525604,0.014282665917808928,0.007575610198443877,0.058132393300450474,0.051894376703097087,0.42256492784344957,0.717956534548569,0.5874401681084744,0.5810038869801594,0.7310863225674262
507,0.427236007610878,0.4597276748366787,0.00017585376278511644,0.0015699596718527498,0.19560131002928915,0.3948713677858964,-0.029154934365257318,-0.013192175243359916,0.5275009913930452,0.014155178761320266,0.007466870829942218,0.057082148510327925,0.051748336706658966,0.42063946166756083,0.7141837177221542,0.5843521899022673,0.5782931522283387,0.7272990414120513
508,0.42736382572537107,0.46117339750715036,0.00012781811449308345,0.0014457226704716608,0.1761116965472438,0.38758104892739387,-0.019489613482045365,-0.007290318858502509,0.5257732135151181,0.014100885868470926,0.007413868076475876,0.05663948750426874,0.05148173838438334,0.4196905612529927,0.7119335891535071,0.5825897777850461,0.5768494847703689,0.7250855964677138
509,0.42734214307298374,0.4604205906435709,-2.168265238733369e-05,-0.0007528068635794805,0.19661794346235334,0.3978953500290853,0.02050624691510955,0.010314301101691459,0.5270615257850425,0.014154339186192579,0.007460207607953678,0.0573014353883518,0.05089285211370616,0.4214484399004448,0.7138390032169545,0.5844787492664048,0.5787406832652242,0.727031740247871
510,0.4250065083701653,0.45636697921672625,-0.0023356347028184454,-0.004053611426844628,0.23766218508902484,0.41810093615014077,0.0410442416266715,0.02020558612105544,0.5286819910137046,0.014360172217356956,0.007591964439171961,0.05795294684498747,0.05043997073570352,0.4238771498702358,0.7154932710407017,0.5869819052868411,0.5811806256684007,0.7287697162077746
511,0.42222762693291355,0.45152628270591627,-0.0027788814372517456,-0.004840696510809983,0.2771925765879791,0.4410157624924188,0.03953039149895424,0.02291482634227804,0.5300301865198201,0.014427017519907166,0.007646754787001109,0.05871688948104402,0.049948528141055264,0.42629767470363694,0.7172226721539355,0.5893619923356733,0.5833540335101884,0.7303993085161046
512,0.420827823160446,0.4501268302114571,-0.0013998037724675672,-0.0013994524944591635,0.2878575072447606,0.4422362483023892,0.010664930656781535,0.0012204858099704174,0.5310993993809604,0.014464696419345066,0.007682191580542093,0.05838725960842555,0.050328999559134724,0.42818516780405375,0.7181129178018834,0.5910317817657106,0.5850760518932364,0.7311907352926666
513,0.42245988325122996,0.4520730094352109,0.0016320600907839822,0.0019461792237537856,0.25904024421922395,0.42683241329171123,-0.028817263025536666,-0.015403835010677991,0.5298879838226752,0.014213569030062753,0.007531599436264369,0.05808086040031369,0.05025149441737372,0.42781826335991385,0.7162775542093572,0.5898130578342579,0.5840695540929792,0.729105548152183
514,0.42407449950911097,0.45469120525856876,0.0016146162578810075,0.0026181958233578717,0.22449671252893066,0.4114079774826463,-0.03454353169029328,-0.01542443580906494,0.5279719013776472,0.013755355987225805,0.007262441454702011,0.057826378947458915,0.05000246747799645,0.42643540017544884,0.7136933092088931,0.5874141040846812,0.582023147853603,0.7261942623152541
515,0.4249903644234454,0.45659702996906026,0.00091586491433443,0.0019058247104914994,0.19744778780882788,0.401418398589685,-0.027048924720102785,-0.009989578892961315,0.5258390688714945,0.01334722850984237,0.007018494211630577,0.057471996868214435,0.04976641430090275,0.42464876969544246,0.7107666251241643,0.5847474156687968,0.5796942000934429,0.7230061627540014
516,0.426288987825957,0.4585902060297181,0.0012986234025115784,0.001993176060657853,0.1894553049539865,0.4001182502170509,-0.007992482854841387,-0.0013001483726340912,0.525043807314783,0.01316288692275963,0.0069110922651796835,0.05730384261941948,0.04933127037600088,0.4240243971647692,0.7096566467840143,0.5837988515056676,0.5789007121166146,0.7217644634707031
517,0.42628532391775875,0.45845711725585314,-3.663908198225929e-06,-0.00013308877386497553,0.2147055064700335,0.41301699510376694,0.02525020151604701,0.012898744886716051,0.5259831447866571,0.013139506059918498,0.00691115871833927,0.05765398207915438,0.04883869594775924,0.4250764880357515,0.711012355523557,0.5850088771046086,0.5802207987562596,0.7230471138755646
518,0.4247764933624767,0.4556573809312789,-0.0015088305552820591,-0.0027997363245742535,0.24943124689244645,0.4325777026771943,0.03472574042241294,0.01956070757342737,0.5272741492582449,0.013209215518559915,0.006964877874917485,0.058403812004900225,0.04809276860867482,0.42667407181788386,0.7129117780453733,0.5868276432085938,0.5820603468332053,0.7249052339575571
519,0.4225883678320627,0.4520410632438442,-0.0021881255304139757,-0.0036163176874347003,0.28305335584202107,0.45331799768835984,0.033622108949574625,0.020740295011165533,0.5284775329323373,0.01330463434796538,0.00703120033677958,0.059132630089790535,0.047386639325455907,0.4282617890599895,0.714789684456526,0.5887363528383228,0.5837978456002714,0.7267356575794301
520,0.42130934632016415,0.44985132515294934,-0.0012790215118985704,-0.002189738090894844,0.30991337265101554,0.4696417282753732,0.02686001680899447,0.016323730587013363,0.5302404810692172,0.013440618520159087,0.007126760029996984,0.05966214886571077,0.04695237431445411,0.4302223646852846,0.7171782892159568,0.5910680289621372,0.5858618591398629,0.7291036702601853
521,0.42316192988505724,0.45174763641985355,0.0018525835648930955,0.0018963112669042048,0.2812320873799035,0.4532706092250924,-0.028681285271112023,-0.016371119050280825,0.5299377428366715,0.013266697976877514,0.007030523980762306,0.05981241207238248,0.04661505602478474,0.43045215218903243,0.7165836115689249,0.590513463155154,0.5855571700313715,0.7283374694429473
522,0.4258070359495563,0.4549193584458195,0.002645106064499081,0.0031717220259659396,0.24360507634939113,0.43201558550062213,-0.037627011030512386,-0.021255023724470246,0.528465109613779,0.012919716029988,0.006827619147966506,0.05973991581215901,0.04650225496172334,0.42959935303797553,0.7143707947399222,0.5882751775365737,0.5839221420144554,0.7258807716435434
523,0.4271502581939555,0.4572240739894255,0.0013432222443992003,0.0023047155436060063,0.21420310208566687,0.41537544368434753,-0.029401974263724262,-0.0166401418162746,0.5265377179451237,0.012562010013613355,0.006614372085371769,0.05937206333809669,0.04661144480934775,0.4281364977811853,0.7117758863574226,0.5855635279778442,0.5818503680668441,0.7230499249156657
524,0.42898503850899344,0.4598110880505778,0.0018347803150379205,0.002587014061152304,0.20611099043125544,0.4080719302151785,-0.008092111654411427,-0.007303513469169021,0.5262747666829478,0.012529441870517825,0.006593929097074325,0.058986823766653235,0.047158801442324275,0.42799676686507165,0.7114265762816401,0.585030924799022,0.5815848549425909,0.7226839823391604
525,0.4299970707975135,0.4602724277737395,0.0010120322885200372,0.00046133972316170224,0.2242768039414175,0.4179524428809415,0.018165813510162054,0.009880512665763008,0.527650731408087,0.012626566134962576,0.006662416856285586,0.059323269090945284,0.04737092084867791,0.42926488914679867,0.7133462361334879,0.5864749256803573,0.58318160543819,0.7246414167976903
526,0.42900902283949904,0.45831269175132056,-0.0009880479580144375,-0.0019597360224189453,0.2569381255158521,0.4355193758548351,0.032661321574434604,0.017566932973893556,0.5289937074983749,0.012840053599752724,0.006792307558211049,0.05969698565318719,0.047427843148733634,0.43070578081640676,0.7153576317554472,0.5882358594862634,0.5848162885960086,0.72673357038097
527,0.42692254712668576,0.45513271309750364,-0.002086475712813285,-0.0031799786538169172,0.2909259621460562,0.45479489472668755,0.033987836630204105,0.01927551887185247,0.5299908972921604,0.013092941561485884,0.006939139846365724,0.059948871284004404,0.047419939007807804,0.4322504986786164,0.7171681603421914,0.5899821360317137,0.5862178732456113,0.7286109567650975
528,0.4245076696444243,0.4514664210652721,-0.002414877482261435,-0.0036662920322315107,0.3228976666150353,0.4744439375021121,0.03197170446897907,0.019649042775424563,0.5307832575314267,0.01331025466186352,0.007064860327996778,0.06014586778984159,0.04745440932367349,0.43376663892391765,0.7188645290166228,0.5917070617875411,0.5873803656227348,0.7303189322221668
529,0.42209243160122467,0.447695440703327,-0.0024152380431996523,-0.00377098036194512,0.35145933915842525,0.49315680230133296,0.028561672543389982,0.018712864799220852,0.5312454042117358,0.013455755224495646,0.0071483081232113655,0.060549956269261816,0.047436940236962925,0.4352580559109368,0.7206658837538577,0.5934672443553853,0.5883733757978271,0.732055912143848
530,0.41995692524576433,0.44432791029278834,-0.002135506355460337,-0.003367530410538666,0.37472458913677437,0.5095232579232856,0.023265249978349112,0.016366455621952603,0.5316663697295664,0.013552177407783705,0.007205236964327407,0.060959565909868924,0.047407743154355475,0.4366583726568179,0.7219449287978739,0.5951398685392284,0.5893275289767503,0.7332006826355643
531,0.4182015691984451,0.44144984936198656,-0.0017553560473192453,-0.0028780609308017846,0.3939275876935831,0.5239218948328599,0.019202998556808737,0.014398636909574325,0.532341199143017,0.013550968549111973,0.007213738846983577,0.06156920119646621,0.047263601437941956,0.43756643124911376,0.7231337078847148,0.5966708443883136,0.5902729304544483,0.7341407711670086
532,0.41657541689069605,0.43900864904590137,-0.0016261523077490403,-0.0024412003160851903,0.4096117174179521,0.5360729891107766,0.015684129724369,0.012151094277916719,0.5329888457436589,0.013535073820356121,0.0072140433725668245,0.06212268760308464,0.047210944207733974,0.438198363980036,0.7243414508702086,0.5979638272338379,0.5910350472245327,0.7350664510024103
533,0.4153621624106838,0.43709183930492096,-0.0012132544800122491,-0.0019168097409804075,0.42232669891096203,0.546129511486528,0.012714981493009925,0.010056522375751387,0.5334118575125815,0.013523820557998476,0.007213766244508803,0.06266797865199007,0.04713784313053625,0.43861320037648643,0.7254462393814617,0.5989801848824593,0.5916159660069407,0.7359273294744532
534,0.4143707823845195,0.43546099473844707,-0.0009913800261642791,-0.001630844566473888,0.4328126439713263,0.5544113104638675,0.010485945060364266,0.008281798977339494,0.5337383307677689,0.013520459583542083,0.007216387529332835,0.06321080465144363,0.04711944772322659,0.4389115406239771,0.7265040935654252,0.5998231771971908,0.5920101587778739,0.7367769081677192
535,0.4137303617118164,0.434298440020629,-0.0006404206727031458,-0.001162554717818065,0.4412667950022665,0.5612205581777393,0.008454151030940216,0.006809247713871813,0.5341533352036159,0.013521774132782308,0.007222700750895651,0.06375419529054947,0.0471719132638026,0.4391820500951578,0.7274671820973551,0.6005472629735112,0.5924217196682553,0.7375596839344134
536,0.41319526612516605,0.43333965797187374,-0.0005350955866503249,-0.000958782048755269,0.4481952815860367,0.5669789169122471,0.00692848658377021,0.005758358734507807,0.5347600944421064,0.013504140698197421,0.007221475555127545,0.06416977925156199,0.04718158247712616,0.4392461497135072,0.7282820625306606,0.6011133144545894,0.5927345956281295,0.7382063137982967
537,0.4126617090689453,0.4324841273945311,-0.0005335570562207681,-0.0008555305773426114,0.4538983772370351,0.5720133537550972,0.005703095650998358,0.0050344368428500985,0.5355104054281961,0.013500909194544412,0.007229877356419738,0.06460052779432593,0.04721439631731781,0.4392623641539254,0.7286973321392027,0.6016101802460277,0.5929677022661183,0.7384863232406776
538,0.4122213804526564,0.43189584739123776,-0.00044032861628889863,-0.0005882800032933622,0.45866013781629933,0.5762992271774371,0.0047617605792642514,0.004285873422339881,0.5358774851565945,0.013484822891779245,0.0072262129790287375,0.06503806026842347,0.047254159843478354,0.43925643972248096,0.7290979073814138,0.6020091264338256,0.5930255836088612,0.7387335481367641
539,0.41183723587329285,0.4314459805680621,-0.0003841445793635323,-0.00044986682317565974,0.4626519614565547,0.5798557103831854,0.003991823640255354,0.0035564832057483065,0.5361000523724581,0.013473107334304495,0.007222933547540389,0.06550945797677728,0.04722635275169712,0.43915049076264145,0.7297134978806971,0.6024035388485137,0.5930687513945003,0.7392062077275121
540,0.411453652927076,0.4309997882679931,-0.00038358294621687605,-0.0004461923000689816,0.46600359749989667,0.5826568467357572,0.003351636043341988,0.0028011363525718425,0.5361316648933131,0.01345314554389541,0.007212657318500702,0.06588655610054213,0.047210170182290345,0.43894977023834847,0.729635166218994,0.60258751793702,0.5930037844245635,0.7390120888983278
541,0.4111013260035288,0.4306050901053269,-0.0003523269235471971,-0.00039469816266624047,0.46861122691729257,0.5848207892345878,0.002607629417395896,0.0021639424988305622,0.5360716328181995,0.01338143693706464,0.0071734087483060075,0.0661584259033877,0.0471620884235125,0.4386600074591856,0.7294008048039212,0.6026919901268128,0.5929081938137795,0.7386235712979325
542,0.41075196415004506,0.430341291681338,-0.0003493618534837206,-0.0002637984239888813,0.4706623609675353,0.5867760628701861,0.002051134050242709,0.0019552736355983313,0.5359334827097575,0.013327423861450726,0.007142612685616412,0.06636572578925207,0.04719162625123458,0.4383632773154175,0.7291157743126006,0.6026914676543111,0.5928250417043525,0.7382035161003278
543,0.4105304217720423,0.4302096287846105,-0.00022154237800275922,-0.00013166289672750242,0.4721102161426233,0.5885385163691154,0.0014478551750879975,0.0017624534989292284,0.5354337694286098,0.013233877089107495,0.007085864693975744,0.06651619126609457,0.04722423800950114,0.4381635469869732,0.7289482110494253,0.602732845576758,0.5928126917466697,0.7379000543443138
544,0.41036237297878747,0.4302163237495672,-0.0001680487932548269,6.694964956699412e-06,0.47302451581132593,0.5899931501169329,0.0009142996687026561,0.001454633747817513,0.5350159885536891,0.013162506545658693,0.00704215145136999,0.06654824254578508,0.04729869776104627,0.4379860130564415,0.7288075742096711,0.6027724845631144,0.5928449422957468,0.7376469486627402
545,0.4103390541718205,0.4303240221209144,-2.3318806966987626e-05,0.00010769837134722016,0.47336394607418153,0.5909444016064451,0.0003394302628556001,0.0009512514895122504,0.534516804104082,0.013094536533053114,0.006999249818871696,0.06647273511578096,0.0474342957101725,0.43782200602357507,0.7287768196339983,0.602813640676328,0.5929220007027592,0.7375184017423261
546,0.41043260678465443,0.4304693909525122,9.3552612833947e-05,0.0001453688315977697,0.4732449298109117,0.5915998588074965,-0.00011901626326982218,0.0006554572010514237,0.534058244472264,0.01300503424271009,0.00694544575696343,0.06631398319787159,0.047552358033850946,0.4376715837482754,0.72866271254979,0.6028321693619997,0.5929886543542967,0.7373105657321907
547,0.4105962588004301,0.43073830975865596,0.00016365201577567268,0.00026891880614376973,0.47300250461113813,0.5922222578103356,-0.00024242519977357713,0.0006223990028390025,0.5336521531700446,0.012920092273823644,0.006894835061081644,0.06608704208114409,0.04759718503264151,0.4375391429835192,0.7285110624849421,0.6028249353197573,0.5930555441521311,0.7370721648867274
548,0.4108412509459283,0.43097573217867996,0.000244992145498224,0.0002374224200240027,0.4726267738511354,0.592987084488447,-0.00037573076000274597,0.0007648266781113966,0.53351891929216,0.012848875672849803,0.006855118263098152,0.06593498090800445,0.047586502071532734,0.4374511416425154,0.7284412745861935,0.602867157779388,0.5931914121197362,0.7369352466177506
549,0.41090694997323673,0.43109186530046717,6.569902730840793e-05,0.00011613312178720969,0.47202105194290034,0.5935604230670415,-0.0006057219082350462,0.00057333857859454,0.5334603407091494,0.012795266457991639,0.006825767204144571,0.06583204395310478,0.04758275644552181,0.4373416194126574,0.7285272055127399,0.6028815025697715,0.593264971677999,0.7369574652322334
550,0.4112203374532433,0.4317558943716778,0.00031338748000658834,0.0006640290712106034,0.4691239772658897,0.5906470544183892,-0.0028970746770106137,-0.002913368648652326,0.5334514674449033,0.012788501580648924,0.006822044934618634,0.06556615719430817,0.0477363444310583,0.43729093182377055,0.7290993046456484,0.6029721753181172,0.5933623416153485,0.7375151966658064
551,0.4123519594972511,0.43380782055546824,0.0011316220440077962,0.0020519261837904645,0.46067193657253436,0.5802235529383415,-0.008452040693355367,-0.01042350148004767,0.5335557213396421,0.012914521904256118,0.0068906170503819815,0.06491795253247476,0.047985372884672355,0.4372413089786547,0.7301300303505951,0.6031653918052164,0.5934932489105128,0.7387015401073345
552,0.4140449412204027,0.43663131822241114,0.0016929817231515765,0.002823497666942898,0.4502403561828098,0.5685648306038574,-0.010431580389724582,-0.011658722334484062,0.5337682776111217,0.013066421963034178,0.006974441545748885,0.06416516496584693,0.04821631843851731,0.4369301466537396,0.7312006058417413,0.6033202136435414,0.5935978472580937,0.739983312669517
553,0.4168145745600064,0.44168705701469657,0.0027696333396037276,0.005055738792285436,0.3982965696762125,0.5226962929481158,-0.051943786506597256,-0.045868537655741615,0.5313611486576533,0.012770015293513489,0.0067854899947371265,0.06251795040701617,0.04887521870183657,0.43383161014213784,0.7285794293944104,0.5997879897541627,0.5907046066820519,0.7375270747213726
554,0.41924078158890965,0.44523801469509644,0.0024262070289032267,0.003550957680399869,0.3679514799014649,0.4968203562268351,-0.030345089774747647,-0.02587593672128069,0.529671119430642,0.012791322535193767,0.006775194126214481,0.06127833906149472,0.049217455502433484,0.43140020415990193,0.7263903666460172,0.5972381974137824,0.5886286967639296,0.7356478489473525
555,0.4216012684004248,0.44852162739905393,0.002360486811515128,0.0032836127039574947,0.3494910184953909,0.4843917314010098,-0.01846046140607399,-0.012428624825825352,0.5293061926021319,0.012824915400685111,0.00678830714118108,0.0606276165495127,0.04930793662459933,0.43010520405962216,0.7256813665008531,0.5961663244309446,0.5880316249239212,0.7351370967474419
556,0.4227731065833753,0.44989925536703557,0.0011718381829505242,0.0013776279679816317,0.3491798725631881,0.4857862636695673,-0.0003111459322027721,0.0013945322685575134,0.5292307107654989,0.012805632320764093,0.006777133894919626,0.0604695388292656,0.04937072603545507,0.42944820187997684,0.7252804892039475,0.5955449527485513,0.5878250261350951,0.7347811242278747
557,0.4235858284715333,0.45076821914967347,0.0008127218881580078,0.0008689637826378993,0.3526909157738892,0.4900268219904691,0.0035110432107011147,0.0042405583209018105,0.5292881197506678,0.01278361446905855,0.006766215265945431,0.060408506275975306,0.04930883145245969,0.4291020109388923,0.7250948831546712,0.5952748286921903,0.5877994827805003,0.7346039466690116
558,0.4253999895587013,0.45268291828426166,0.0018141610871679759,0.0019146991345881936,0.3269667711881826,0.471308445856078,-0.0257241445857066,-0.01871837613439109,0.5288365429468008,0.012649491051377176,0.006689513117646799,0.06004747725529496,0.04944086809727529,0.42781960766589106,0.7236932020443051,0.5939151714471029,0.5868085276013281,0.7332811690089673
559,0.42786995007657536,0.45518893339329614,0.0024699605178740702,0.0025060151090344762,0.2805651327847796,0.44428023256685184,-0.046401638403403,-0.027028213289226166,0.5266094671754641,0.01226307652974904,0.006457852197263081,0.05988471864614757,0.04909227419865224,0.42461322344685304,0.7195391392279167,0.5900667109056895,0.5835699774883761,0.7291465745484942
560,0.4293393377231777,0.45660592532701105,0.0014693876466023714,0.0014169919337149173,0.2375569258626071,0.4225351557172937,-0.043008206922172526,-0.02174507684955812,0.5236362053948166,0.011844377345073378,0.006202144808238556,0.05982247072188427,0.04848727986526014,0.42074154379597933,0.7143327606402161,0.5854106570530917,0.5795948545307902,0.7239451992116984
561,0.42994438113407063,0.45707241656319647,0.0006050434108929026,0.0004664912361854179,0.21304423638149483,0.41105260353698186,-0.024512689481112265,-0.011482552180311856,0.5214518412655784,0.011583010007702262,0.006039981895913966,0.059789024530033034,0.047878501602987886,0.4178191091715477,0.7103172568047937,0.5819596420694751,0.5767485273779476,0.7199526868336804
562,0.4319270537361668,0.45895020902079503,0.0019826726020961694,0.0018777924575985594,0.2070401021553611,0.4101166698413697,-0.006004134226133745,-0.0009359336956121789,0.5218987696371236,0.011509070169627203,0.006006569561195758,0.06024471716467734,0.04744297257579847,0.41732055582791666,0.7101019581492126,0.5819511821416834,0.5768668553127276,0.7198226301157467
563,0.4339951717183395,0.4603630837247081,0.0020681179821727125,0.0014128747039130474,0.21567336196073655,0.41651787969239057,0.008633259805375465,0.006401209851020884,0.523260859353537,0.011609516003597184,0.006074805320720902,0.060999097484978435,0.04685209213833176,0.4176891193002301,0.711115295242905,0.583300954210173,0.5779913499334615,0.7209618408794775
564,0.435881520689398,0.461589067903651,0.0018863489710584935,0.0012259841789429293,0.22810119148000466,0.42375756310960283,0.012427829519268102,0.0072396834172122615,0.5250250587544099,0.011767306805951186,0.006178130947175688,0.06155156854385439,0.04650791836843647,0.4185826061244753,0.7124928126201143,0.5851591497020725,0.5795819765772869,0.7224258462896022
565,0.4363930903295071,0.46183284813246134,0.0005115696401091219,0.0002437802288103308,0.2166511963164083,0.4164394071721733,-0.01144999516359635,-0.007318155937429516,0.5248562472140789,0.011846016033245256,0.006217455519646914,0.06141262056939926,0.04641000511671404,0.4178879427133866,0.7109338609893412,0.5844393941910324,0.5790575220256088,0.7209594068862221
566,0.43665859644748256,0.46215073514901694,0.00026550611797543366,0.0003178870165556069,0.1939309901828717,0.40556456563438137,-0.02272020613353662,-0.010874841537791946,0.5237082187453809,0.011753138522856425,0.006155215240472855,0.061154156347303236,0.046407212518909786,0.4164141263748957,0.70825667187038,0.5823568102580287,0.577339890906545,0.7182764952743
567,0.43657974486997486,0.46200953589718863,-7.885157750769922e-05,-0.00014119925182831672,0.17932528876271708,0.3987744085542015,-0.014605701420154604,-0.006790157080179882,0.5226503260177711,0.011712910512643643,0.006121756498050178,0.060851425679109894,0.04650667929952626,0.4150023817943519,0.7064470526065092,0.5804343778276493,0.5758401045612843,0.7164189525249589
568,0.4372941239677072,0.4625497596544748,0.000714379097732365,0.0005402237572861845,0.18374954097612,0.3998627981089257,0.004424252213402924,0.001088389554724234,0.5226227977661144,0.011804631703274344,0.00616936964736381,0.06056393880744618,0.04645091953440932,0.4152827208722403,0.7077580549450386,0.5810766722797263,0.5760960662032406,0.7178052891622893
569,0.43772962000360494,0.46207350119780666,0.0004354960358977089,-0.0004762584566681549,0.2047458804924756,0.41106957418094403,0.0209963395163556,0.01120677607201831,0.5236581704700537,0.012053633687586386,0.006311983764357694,0.06070433703273232,0.04614058754406627,0.41655494650334807,0.7103072844987803,0.5831733503974621,0.5776159676366228,0.7204861814504687
570,0.43657747615876535,0.4604931534391664,-0.0011521438448395815,-0.0015803477586402437,0.23458324898536873,0.4273382835540753,0.029837368492893118,0.016268709373131296,0.5251134936389771,0.012212804624523154,0.006413108503513609,0.06106558587924616,0.04629802344854765,0.41822237294352793,0.7130199519543231,0.585432559939646,0.5794093395718215,0.7231899060060498
571,0.434310777587423,0.45782526766575193,-0.0022666985713423737,-0.00266788577341448,0.2668705765418961,0.4457541854413334,0.032287327556527384,0.018415901887258057,0.5264196883475409,0.012314677510778296,0.006482688697324382,0.06157614468696823,0.046563704224096086,0.41977576338205846,0.715297001929733,0.5874210874316514,0.5809915499130339,0.7253894868056707
572,0.4316878333843773,0.45440685147807547,-0.0026229442030457073,-0.003418416187676465,0.2977894577909678,0.4651220077844285,0.030918881249071717,0.019367822343095142,0.527567709434412,0.012379231066523796,0.006530882578325272,0.062182254364520025,0.04674787740116887,0.4211217706918699,0.7173803864699566,0.5891727332800833,0.5823472883331994,0.7273694265001102
573,0.42906935695380594,0.45126849738427355,-0.002618476430571337,-0.0031383540938019205,0.32564170479207216,0.48374536056236705,0.027852247001104335,0.01862335277793853,0.5287032042103935,0.01246707560471594,0.006591382819346547,0.06277024862816834,0.04693270721057876,0.42231576561462275,0.7190583546822787,0.5907759350065984,0.5835470992071811,0.7289599584810399
574,0.4268092959756787,0.4486695478951572,-0.002260060978127254,-0.0025989494891163756,0.34942769985885885,0.5000215050504312,0.02378599506678669,0.016276144488064137,0.5298536128812896,0.012550758716637753,0.006650064850411851,0.06325936275822273,0.04712610245746792,0.42336508843282417,0.7205267412411718,0.5922156019272307,0.5846822306499128,0.730356967035593
575,0.42485919553902474,0.4465633384446048,-0.0019501004366539454,-0.0021062094505523987,0.3697163222303196,0.513985523969275,0.02028862237146073,0.013964018918843801,0.5309189623362656,0.012636214964494746,0.006708806136807541,0.06361983786326979,0.04743426990955924,0.4243343424312834,0.7218347693456092,0.5935319750238234,0.585737585641536,0.7316111363221676
576,0.4232285459953133,0.44479339274008695,-0.0016306495437114488,-0.001769945704517828,0.38615636007215914,0.5255163950479476,0.01644003784183956,0.011530871078672567,0.5319647490567436,0.012720889521141962,0.0067670648018928435,0.06391648174884476,0.04771692316411651,0.4251655306139372,0.7229197096861151,0.5946939161948732,0.5866674979324393,0.7326524399952751
577,0.42182007980227165,0.44327041562170405,-0.0014084661930416353,-0.0015229771183828955,0.3998121661180577,0.5354639232956725,0.013655806045898555,0.009947528247724935,0.5328749183626694,0.012786377873346667,0.006813540065413848,0.06419124158494247,0.04796015993796747,0.4258509678709989,0.7237833704959161,0.595665032983468,0.587453065808956,0.733475019028234
578,0.42061514215350165,0.4420135043413921,-0.0012049376487699992,-0.0012569112803119675,0.4112636173670616,0.5437663271512362,0.011451451249003874,0.00830240385556369,0.5336218564387389,0.012841800815047136,0.006852665590941964,0.06441959443464354,0.04817924746534075,0.4264225981928748,0.7245537748119506,0.5964989994774361,0.5881384404959398,0.7342049894104237
579,0.4195396883333575,0.4409527947207052,-0.0010754538201441788,-0.0010607096206868838,0.4209716403413379,0.5505918350757062,0.009708022974276309,0.006825507924470009,0.5342662552504988,0.012886422454903006,0.006884780668556968,0.06461954261078155,0.04843521801569315,0.4269333555325555,0.7252095647439518,0.5972161569062706,0.5887376637928471,0.7348178538320395
580,0.4186237623259723,0.4400536528637795,-0.0009159260073851594,-0.0008991418569256893,0.42888243093483175,0.5560476009781324,0.007910790593493866,0.005455765902426246,0.5348442845705851,0.01292892024702327,0.006914959099789313,0.0648309596202434,0.048691768655679014,0.4274065644840732,0.7259931009167555,0.5978290888097741,0.58926089736414,0.7355596864691154
581,0.41779972922417913,0.4392403093272822,-0.0008240331017931868,-0.000813343536497313,0.4353737645712867,0.5605361794352922,0.006491333636454932,0.004488578457159775,0.5353487154319507,0.012983950923944027,0.006950941448364925,0.06503362901447048,0.04899515341127367,0.42783836437160655,0.7266651891437202,0.5983572394446257,0.5897153271517256,0.7362057366679478
582,0.417142191770726,0.4385787475800719,-0.0006575374534531497,-0.0006615617472102708,0.44074513067818416,0.5641950095189372,0.005371366106897479,0.0036588300836449816,0.5357507503077684,0.013028218091847166,0.006979877617880362,0.06523726546933596,0.04936843359014744,0.4281927221779194,0.7273206024965242,0.5988647971911315,0.5900618153128876,0.736836956905428
583,0.4165809989596472,0.43800518497827134,-0.0005611928110788034,-0.0005735626018005813,0.4450627745086308,0.5670256343473494,0.004317643830446638,0.0028306248284122315,0.5359475736969718,0.013076492079747546,0.007008314202608366,0.06538053361989248,0.04971853305865206,0.4285400591182099,0.7279279089685334,0.5994128838303604,0.5902581954940248,0.7374411777044564
584,0.4160926679501108,0.4374733548396012,-0.0004883310095363802,-0.0005318301386701418,0.4486154341155127,0.5692858180522498,0.0035526596068818916,0.0022601837049003315,0.5359620079431724,0.01313201704344458,0.00703826222294852,0.06538351530676514,0.04995838794572412,0.4288192307221896,0.7285155369090026,0.599893827009136,0.5904089044418959,0.7380585500187139
585,0.41564332285186795,0.4369647507867018,-0.0004493450982428482,-0.0005086040528993752,0.4515064949426434,0.5710527302374133,0.002891060827130698,0.0017669121851635605,0.535773325626279,0.01319144999313139,0.007067627032652761,0.06529798803858605,0.05008348403916851,0.4291180462233404,0.729012322224242,0.6003150397991053,0.5905545767582873,0.7385735109614561
586,0.4153157474064563,0.4365427491759074,-0.00032757544541162087,-0.0004220016107944202,0.45404959856669286,0.5724927793093098,0.0025431036240494698,0.001440049071896432,0.5356034072397401,0.013228255230018762,0.007085098573034961,0.06520910379749216,0.0501844681386292,0.42950878991496355,0.7295192001444822,0.6006908055932187,0.5907202358327647,0.7390768665243088
587,0.41504382988879773,0.43611722690579385,-0.00027191751765859307,-0.00042552227011355415,0.45639988452315966,0.5739283064878571,0.002350285956466802,0.0014355271785473356,0.5354013779361105,0.013293843361870252,0.007117542054012149,0.06518414563619102,0.050275522760960555,0.4299850467010554,0.7297461601521857,0.600955907757818,0.5909337905925449,0.7393258598294145
588,0.41486984567149326,0.4358314302023175,-0.00017398421730446811,-0.00028579670347633757,0.4584101379242253,0.5752352677410326,0.0020102534010656425,0.0013069612531755315,0.53531761634983,0.01333806189669376,0.007140099501264595,0.06520325678787608,0.05035025635418979,0.430428057361255,0.7300541049294701,0.6011259147632343,0.5912098909931586,0.7396359882425688
589,0.4147871357550631,0.4356275848068272,-8.270991643016812e-05,-0.00020384539549034297,0.4601010613903794,0.5763452082907635,0.0016909234661540706,0.0011099405497309034,0.5352917278866314,0.013376085989461798,0.007160108181659167,0.06524383188905286,0.05039599497972061,0.43089727378501447,0.7303357294099114,0.60131761278614,0.5914650352132003,0.739912768645962
590,0.41477785832928815,0.4354888253018874,-9.277425774945058e-06,-0.0001387595049398005,0.4616823552448751,0.5774040059015414,0.0015812938544957356,0.001058797610777873,0.5353090623662662,0.013411606025038608,0.0071793542460891835,0.06514146547198163,0.05029673454358789,0.4313281097015516,0.7307643776819744,0.6015305564366178,0.5917041606142047,0.7403333715567194
591,0.4148598146902116,0.43535220302143257,8.195636092345193e-05,-0.00013662228045480118,0.46304706363179576,0.5783925496571551,0.0013647083869206544,0.0009885437556137466,0.5352710548128209,0.013461274982856536,0.007205430859199055,0.06504003232857206,0.05021203797951242,0.43175024132469453,0.7310521810098126,0.6017497646687372,0.5918984380715901,0.7406297894879574
592,0.41504291311595065,0.43517531687210703,0.00018309842573904778,-0.00017688614932553914,0.4643000948221875,0.579415356026998,0.001253031190391718,0.0010228063698428658,0.5355540827323553,0.013506191374781677,0.0072332959329288495,0.06500370549914082,0.05012146074738734,0.432387270764195,0.7313858778571235,0.6020343994014187,0.5922094734420195,0.7409723380397726
593,0.4151383883119636,0.434948498869541,9.547519601293963e-05,-0.00022681800256602047,0.465204292460235,0.5802253402472776,0.0009041976380474992,0.0008099842202795582,0.5360264300031405,0.01355598021261927,0.007266363678563521,0.06496715029860811,0.04991361177418761,0.4329464767882218,0.7314489925591826,0.6022238916336007,0.5924470973472585,0.7410435891435584
594,0.4152112776901609,0.43476641577731656,7.288937819732721e-05,-0.00018208309222444985,0.4659316183525289,0.5808770183012736,0.0007273258922939063,0.0006516780539960187,0.5364705507548877,0.0136068429267907,0.007299670518970655,0.06484075866545269,0.04961372530706641,0.43351250169376987,0.7313520575837263,0.6023302904195693,0.5927309929459114,0.7409497162848289
595,0.4152498962276874,0.4346372156902087,3.861853752645805e-05,-0.00012920008710787245,0.46651442380195496,0.581303192555586,0.0005828054494260715,0.00042617425431246136,0.5369870590116771,0.013642672128133112,0.007325938383146777,0.06459698670872178,0.04931710170299898,0.4340369004840965,0.7312233784482268,0.6024545974945154,0.5929569143250504,0.7407988932498554
596,0.4152092016988828,0.43448999464113996,-4.069452880456348e-05,-0.00014722104906872424,0.4669592983088839,0.5816230198396919,0.00044487450692892727,0.0003198272841058447,0.5374191123318338,0.013661845346047046,0.007342136798687398,0.06443877828131529,0.049083647453469666,0.4344783589941811,0.7311103847943149,0.6024841603366065,0.593180638452016,0.7406509684696492
597,0.41520108777637077,0.4343663820344642,-8.113922512043015e-06,-0.00012361260667576035,0.4673060774284605,0.5818788461414716,0.00034677911957659013,0.00025582630177967136,0.5375942566652071,0.013677633409660828,0.007353017165805815,0.06435171388820767,0.04889177182372849,0.4349401388411296,0.7310242984880028,0.602511710412039,0.5933950796576174,0.7405143275122497
598,0.4152047930823768,0.4342413590023615,3.705306006018816e-06,-0.00012502303210271126,0.4675423423308512,0.5819751153165608,0.00023626490239070375,9.626917508920307e-05,0.5378537679609595,0.013700420530409329,0.007368822804930345,0.06434762579849636,0.04876555803640555,0.4354089753363194,0.7311189237017603,0.6025462597511317,0.5936398502925466,0.7405308619395805
599,0.4151843002022909,0.43415398750715833,-2.049288008587613e-05,-8.737149520315901e-05,0.46773356256858584,0.5820272111573633,0.00019122023773465724,5.209584080256846e-05,0.5380075842564085,0.01373721169922546,0.007390724080719162,0.06440025779087605,0.048673465989913005,0.4358847781327046,0.7312671903916923,0.6025997748323677,0.5938692348937251,0.7406053276774383
600,0.4152442898496216,0.43407810967984717,5.998964733067158e-05,-7.587782731116599e-05,0.4679067935148596,0.58200782846468,0.00017323094627375024,-1.938269268331183e-05,0.5381376311009158,0.013776072971161915,0.007413423274574428,0.0644929083088785,0.048585091392403544,0.43605693493358494,0.7310771346243761,0.6025812124472535,0.5939682946981256,0.7403680634318839
601,0.415422253035306,0.4341410679175747,0.0001779631856844155,6.29582377275062e-05,0.46832355127095454,0.5823043679549823,0.00041675775609495425,0.0002965394903022833,0.5381982006448911,0.013794640035105348,0.007424250445437676,0.06456657498375713,0.04857938988527825,0.4361661251997584,0.7307769467185729,0.6025170428053852,0.5941040923784524,0.7400213863370391
602,0.41555518655687634,0.43408107055072664,0.00013293352157034422,-5.9997366848030254e-05,0.4685775771092883,0.5824685704129314,0.00025402583833378234,0.00016420245794912525,0.5384155876702214,0.013791837741310122,0.007425740422539828,0.0646460814930933,0.04869033673624984,0.43621303725900235,0.7305465182861942,0.6025320740854919,0.5942237958998744,0.7397448928632411
603,0.4157541936629423,0.4341233059457979,0.0001990071060659626,4.2235395071255066e-05,0.4689009094126799,0.5825241076070183,0.00032333230339159913,5.5537194086907604e-05,0.5386834698889121,0.013793987919554808,0.00743059327611152,0.06472594979300347,0.048857490953512266,0.43634944404512416,0.73043079508789,0.6026262190275008,0.5945000850636731,0.7395933712548496
604,0.4160495641854571,0.43428789985957594,0.0002953705225147707,0.0001645939137780439,0.4691216336178356,0.5825047395617274,0.0002207242051556757,-1.9368045290901748e-05,0.5388932776676092,0.013802441433238716,0.007438042903773225,0.06481055182899327,0.049022632760324224,0.4366155497412046,0.7305453562696931,0.6028097863540185,0.5948328102953278,0.7396820077420847
605,0.41636297896776997,0.43442907253095464,0.000313414782312893,0.0001411726713786976,0.4691058529245077,0.5822933334248426,-1.5780693327915873e-05,-0.00021140613688486187,0.5389581343452584,0.013821943657495053,0.007449448966668811,0.06484763949814715,0.04913059561241669,0.43691093353913124,0.7306081770801547,0.6030124906501245,0.5951173658261941,0.7397411836156621
606,0.41662217386802636,0.4345477780489755,0.0002591949002563876,0.00011870551802084517,0.4690203945915755,0.5821422573284724,-8.545833293216454e-05,-0.00015107609637021735,0.5388312219124013,0.013838806510963636,0.007456781022111831,0.06479690308413591,0.04916193968305765,0.43713757934352776,0.7308013569131685,0.6031948834089825,0.5952808173619512,0.7399336136706718
607,0.4168424700026274,0.4345238253049169,0.00022029613460106123,-2.3952744058586273e-05,0.4688754655360632,0.5818865507633018,-0.00014492905551233282,-0.0002557065651705992,0.5387172073492705,0.013858900672453857,0.007466028267195269,0.0646770817211308,0.049100428536928704,0.4373572521664306,0.730996554133313,0.6033496641439569,0.5953735742336012,0.7401440929181387
608,0.4170649711601068,0.4344676760209962,0.00022250115747940447,-5.61492839207256e-05,0.4686596326720521,0.5816843816382277,-0.0002158328640111118,-0.00020216912507409202,0.5389018517119449,0.013871631014174303,0.007475447639803377,0.06455984969980734,0.049031974530284426,0.43761243784252246,0.7310565046265622,0.6034783524062193,0.5954031097572688,0.7402035778210427
609,0.4170642678216008,0.4342000226003546,-7.03338506047313e-07,-0.00026765342064155595,0.4681677258552421,0.5814281319060305,-0.0004919068168099949,-0.00025624973219717795,0.539135891809653,0.013870216641426686,0.007477931618568667,0.06445522459503256,0.048947163058605095,0.43764536865083237,0.7308369080888133,0.6033796943312489,0.5952554458815872,0.7399588273263051
610,0.41706888726902536,0.4339522215673275,4.619447424580869e-06,-0.0002478010330271285,0.46769959684015694,0.5811006806213048,-0.00046812901508513916,-0.0003274512847256661,0.5393120725933476,0.013869469345099614,0.007479972258275572,0.0643944758369384,0.04882149839405061,0.437626991193324,0.7306702125114302,0.6032428785224958,0.5951352462348362,0.7397722229202375
611,0.41699821107672996,0.43368436212755535,-7.067619229539357e-05,-0.00026785943977214455,0.4674252837239176,0.58082655220659,-0.000274313116239322,-0.00027412841471485816,0.5392212168511622,0.013870703402428004,0.007479377567238784,0.06432549407789856,0.04871759535730449,0.43754068464175266,0.7304534268780655,0.6029938385215874,0.5950499147625484,0.7395401545223398
612,0.4169051345445573,0.4333998537777046,-9.307653217266454e-05,-0.0002845083498507206,0.46723573017674697,0.5806254788021494,-0.0001895535471706511,-0.00020107340444053268,0.5386650876228404,0.013910139157298817,0.00749290632801227,0.06421795613202658,0.04860869180710374,0.4373984574024643,0.7303653264321731,0.6027499487669776,0.5948728049761389,0.7394772482848674
613,0.41680402792351273,0.4331591738755569,-0.00010110662104456658,-0.0002406799021477113,0.4671040724736543,0.5804593559179562,-0.0001316577030926469,-0.00016612288419326493,0.5380083038360102,0.013956104893831815,0.007508500322087895,0.06408220850584126,0.0484469030015883,0.43722139916827185,0.7302425754313601,0.6024998518851242,0.5946621206755917,0.7393928742163356
614,0.4166637551782963,0.43289826025879014,-0.00014027274521644095,-0.00026091361676677804,0.4669408744823148,0.5802986918798742,-0.0001631979913395143,-0.00016066403808201457,0.5372674472723867,0.014014817278079728,0.007529705102982835,0.06392224918815494,0.0482897882347288,0.437103288504793,0.7299904748842709,0.6022579956348229,0.5944151067988379,0.7391917693653222
615,0.4165171665687734,0.43263762322147986,-0.00014658860952287966,-0.000260637037310274,0.46675856278405936,0.5801239660916746,-0.00018231169825544402,-0.00017472578819954787,0.5365773676112711,0.014056275937435529,0.0075422795409268075,0.06377715396358773,0.048168084242125944,0.4370325155151169,0.7297677342669628,0.6020238317697808,0.5941566430736991,0.7389928822546867
616,0.41642856651871124,0.4324494100430613,-8.860005006217087e-05,-0.00018821317841855034,0.46669706580728326,0.580066113146576,-6.149697677609867e-05,-5.7852945098635367e-05,0.5360121607009435,0.014100367348657075,0.007557968369230712,0.06359854216163896,0.04809675400380992,0.43720774316629124,0.7296729486301944,0.6019950361538772,0.5940089592772704,0.7389371636091563
617,0.41638296365017496,0.43229861147802173,-4.5602868536276375e-05,-0.00015079856503957823,0.46655908571073296,0.5800719008653163,-0.0001379800965503053,5.787718740379866e-06,0.5357339950234495,0.014145412975539604,0.007578178604642372,0.06352363047470595,0.048198744357671755,0.4375611909219196,0.729631944859831,0.6021261201399223,0.5938982138073775,0.7389339481963659
618,0.4163006401034977,0.4321068656272951,-8.232354667725428e-05,-0.0001917458507266212,0.466340383999012,0.5799970980263583,-0.00021870171172094777,-7.480283895799911e-05,0.5355120713983873,0.014182718096573232,0.007595016745955325,0.06344853814324412,0.048263365593661664,0.438026628988004,0.7295243611791682,0.6021551493363695,0.5938135135048362,0.7388483613072497
619,0.41625936033075867,0.4318918104105876,-4.1279772739044596e-05,-0.00021505521670750483,0.4662867695406212,0.5800014160881612,-5.361445839080492e-05,4.318061802899287e-06,0.5351547209911229,0.014213746149703853,0.007606553354983414,0.06350851896332657,0.048526649858498284,0.4384054002135597,0.7292561308600093,0.6022189285386691,0.5936686669054317,0.7385987586445844
620,0.41637732183621673,0.4319157103816493,0.00011796150545806405,2.389997106166941e-05,0.46641849200212815,0.5802280790287614,0.00013172246150694455,0.00022666294060014192,0.5348292773026714,0.014245364377378718,0.0076188379348666796,0.063655617373233,0.04874593330757706,0.43885820509244733,0.7292936630527,0.6023833003901329,0.5937039323258072,0.7386544863115689
621,0.4164566206290444,0.43190664122929834,7.92987928276978e-05,-9.069152350937859e-06,0.4667365294006385,0.5802656009879544,0.0003180373985103291,3.752195919304313e-05,0.5340900882437188,0.0142728192098953,0.007622971271299626,0.06366716726508699,0.04895160921798828,0.4391271847277426,0.7292970429333983,0.6022764531477246,0.5937446331331651,0.7386720674532573
622,0.41646624419998196,0.43193344462745903,9.623570937533632e-06,2.6803398160690772e-05,0.46730511194883767,0.5803093255439038,0.0005685825481991924,4.372455594936486e-05,0.5335575493632484,0.014291251271871063,0.007625205005953931,0.06361842389468604,0.049108859014911174,0.4391428524279492,0.7293521458125659,0.6020936056053012,0.5938199678675922,0.7387341875377165
623,0.4164430700980021,0.4319152510737774,-2.3174101979883677e-05,-1.819355368165576e-05,0.4674946743763094,0.580108364544871,0.00018956242747175667,-0.0002009609990327732,0.5336725331418571,0.014303399888149418,0.007633331650849656,0.06349522620050341,0.049442596148582735,0.4391607798907206,0.7294266553798687,0.6019324735204536,0.5939692301718607,0.7388539332928129
624,0.41656362523909474,0.43192967327325354,0.00012055514109265975,1.4422199476171738e-05,0.4677030409883613,0.5796844427079635,0.00020836661205186902,-0.00042392183690753704,0.5340850502757498,0.01432500835671658,0.0076507728083975105,0.06344518833754176,0.049962046272597815,0.43929423883602775,0.7297334293331166,0.601856901923666,0.594225833052511,0.7392354313809332
625,0.41659137415726283,0.4318653939296008,2.774891816809122e-05,-6.427934365271781e-05,0.468413543023566,0.5794119018256995,0.0007105020352047298,-0.0002725408822640274,0.5345285436313475,0.014314623577284987,0.007651574893397094,0.06339645604943492,0.05028565761367134,0.4395265628559038,0.7299977733653186,0.6017179297554488,0.5945789565918516,0.739567526815118
626,0.416675068503409,0.43187155032356067,8.369434614619031e-05,6.156393959844131e-06,0.46916629444291047,0.5791929674583651,0.000752751419344444,-0.00021893436733433358,0.5346749952031029,0.01430153887048841,0.00764667522697538,0.06339221592867873,0.05061870147219264,0.43996388854434587,0.7302506379326902,0.6015662807924556,0.5950538357924887,0.7398743421107279
627,0.4168065186008924,0.4320351595943746,0.00013145009748338765,0.00016360927081393584,0.46981651928407603,0.5789997948192968,0.0006502248411655587,-0.000193172639068373,0.5346669505226728,0.014298761604512192,0.007645075263335213,0.06349636389789932,0.05110102452709072,0.44040479320351095,0.7306056211727021,0.6015060515977052,0.5954364094643632,0.7402685689301175
628,0.4168589173952785,0.43222625807553827,5.2398794386121494e-05,0.00019109848116366512,0.47052904850157634,0.5788710452921291,0.0007125292175003128,-0.00012874952716768195,0.5345831501394697,0.014298723182077363,0.007643856481647178,0.06354576159352067,0.0515391609288995,0.4407495438225225,0.7308304991914321,0.6014527991529182,0.5957403475234214,0.7405309653263702
629,0.4168347989633759,0.4322911465091559,-2.411843190264218e-05,6.488843361762697e-05,0.47121010630668875,0.5787648198623798,0.0006810578051124061,-0.00010622542974925153,0.5343991525479889,0.014297544316780871,0.007640595566405012,0.06356857125198112,0.051898350477606346,0.440959295827373,0.7309516236740108,0.6013619921819611,0.5959421020798997,0.7406838799383425
630,0.4167751744772324,0.43233913027965676,-5.962448614349469e-05,4.7983770500859e-05,0.47177272156971267,0.5787124073701441,0.0005626152630239245,-5.241249223575384e-05,0.5342473988921094,0.014273052353605766,0.00762534109416478,0.06359982158387273,0.0521317931733597,0.4410617778705435,0.7311307089852768,0.6012828669386665,0.5960650381272342,0.7408790601418321
631,0.41665750362708964,0.43230720208813167,-0.00011767085014274814,-3.192819152508797e-05,0.4722019596891664,0.5786474273483075,0.00042923811945372314,-6.498002183652485e-05,0.5343090312776477,0.014234943151224254,0.007605858685423017,0.06376174070424921,0.0522800381064299,0.4410747636483368,0.7313424108734272,0.601228260038995,0.596111667133398,0.741098133032806
632,0.41653458139654176,0.4322879907706021,-0.00012292223054788387,-1.9211317529577165e-05,0.47263996390292534,0.5786608828901765,0.0004380042137589468,1.3455541868934162e-05,0.5345259767772886,0.014186349914501498,0.007582972544953318,0.0639280628013295,0.05234960532524771,0.4408879042030354,0.73154404074887,0.6011725064571776,0.5960698989462706,0.7412721506732984
633,0.41643361486558905,0.4323711143139154,-0.00010096653095270636,8.312354331330152e-05,0.47299852947766247,0.5788155556650882,0.00035856557473712414,0.00015467277491176823,0.5348479071952351,0.014115361666348197,0.007549571646550179,0.06415078028344512,0.05235256807814085,0.4405004493293214,0.7316374051118333,0.601098707413427,0.5959977463602746,0.7413073861867094
634,0.41643894137808585,0.4325750538070682,5.326512496794944e-06,0.0002039394931527827,0.47318932252584706,0.5788962216425412,0.00019079304818458986,8.066597745293169e-05,0.5353285180154852,0.014040012032970397,0.007516018834529622,0.06450890761806799,0.05238691972152903,0.4398895088539316,0.731684784593756,0.601002529395883,0.5959384651630555,0.7412869383476555
635,0.4164853728015618,0.4327997288441871,4.643142347593443e-05,0.00022467503711892656,0.47316526431053435,0.5789810620523517,-2.4058215312705578e-05,8.484040981049379e-05,0.5357945030414637,0.013946838520274325,0.007472639413969925,0.06494100643867752,0.05247272570264906,0.43931668972019683,0.7317533989019251,0.6009540801630423,0.5959149905723632,0.7412868724721375
636,0.41649722051015936,0.43300196966729687,1.1847708597578777e-05,0.0002022408231097672,0.473115619795049,0.579076198837266,-4.964451548533644e-05,9.51367849143514e-05,0.5362568552892467,0.01385047545271221,0.007427412410532356,0.06531627341513686,0.052526426427692396,0.43875590835053646,0.7318105350428791,0.600899992936562,0.595896675166575,0.741276263831923
637,0.4164819351101432,0.43318330029630114,-1.5285400016162853e-05,0.00018133062900427266,0.47301824735888093,0.5790571295017102,-9.737243616808611e-05,-1.906933555584356e-05,0.5366354492936144,0.013759338635929033,0.007383748870874764,0.06567145256151945,0.05255850473773082,0.43815765831666775,0.7319616886200295,0.6008592750626727,0.5958443717823114,0.7413620034556437
638,0.41646512279944103,0.4333194387243371,-1.681231070216338e-05,0.0001361384280359479,0.47296810649359927,0.5790193298617989,-5.0140865281655955e-05,-3.7799639911240135e-05,0.5372234506735682,0.01368888309437286,0.00735398901182606,0.06604890899538839,0.05262650921107216,0.43766213485160343,0.7320694705523728,0.6008537797397828,0.59582937110424,0.7413940259151465
639,0.4163850021854357,0.43341130810429973,-8.01206140053079e-05,9.186937996263911e-05,0.47280861026424525,0.579007034295333,-0.00015949622935401697,-1.2295566465980734e-05,0.5377471022761741,0.013625532596807571,0.007327090670902824,0.06647875590686875,0.052708232733526754,0.4372384744775583,0.7322471911101045,0.600829916453698,0.5958133461481204,0.741480271331536
640,0.4162689987928018,0.43341788980680584,-0.00011600339263390103,6.58170250611434e-06,0.4725309566159415,0.5789428192950424,-0.00027765364830373285,-6.421500029052396e-05,0.5384318198389186,0.013579622370242505,0.007311700785534962,0.06689648366570777,0.05274199040578909,0.43677556904652115,0.7322508398758102,0.600836428951978,0.5956686125158153,0.7414160191295692
641,0.41612902907791305,0.43336818196281274,-0.00013996971488877685,-4.970784399310757e-05,0.4721681252534286,0.5787638434099182,-0.0003628313625129165,-0.0001789758851242773,0.5390181880655235,0.013556733912367225,0.0073073261495306165,0.06728890391103738,0.052783195780853234,0.4363319489325276,0.7321707251304991,0.6008391710236397,0.5954702388998911,0.7412910256023626
642,0.41593307652115,0.43322748297724556,-0.0001959525567630238,-0.00014069898556717808,0.47176969841779476,0.5784162072110759,-0.0003984268356338472,-0.0003476361988422605,0.5395064527174213,0.013539537021461226,0.007304667589884745,0.06762115062348732,0.0528823852252712,0.43587301692750563,0.7319420897180022,0.6007715541862234,0.5952198874060296,0.7410286451831729
643,0.41574781157900986,0.4331019439809554,-0.00018526494214016198,-0.0001255389962901421,0.47137110576850716,0.5780720864027609,-0.0003985926492875991,-0.00034412080831502934,0.5399436247385461,0.013536278847303783,0.007308827466284913,0.06793233211924884,0.053023347356913574,0.435452086399027,0.7317396199131073,0.6007639415284027,0.5949675786777757,0.7407971166419511
644,0.4155775915041792,0.43299780990584635,-0.0001702200748306404,-0.00010413407510906358,0.4709853914059778,0.57772556084497,-0.00038571436252937685,-0.000346525557790911,0.5402364150724407,0.013542845078931021,0.00731633807532314,0.06824630093868583,0.05316332369290713,0.4350824122925762,0.7315320405861735,0.6007746784913549,0.5947341933090573,0.7405686458116146
645,0.4153624180709439,0.4328250594847281,-0.00021517343323534943,-0.00017275042111825067,0.4705394134764017,0.5770903514027157,-0.0004459779295760691,-0.0006352094422542587,0.5404162321409985,0.013554275766140881,0.007324950638937901,0.06849636947558903,0.0532679021695059,0.4347207829859511,0.7312012481570096,0.6006888169093534,0.5944773748043632,0.7402268077953051
646,0.41511879149174796,0.43263345859864055,-0.00024362657919591024,-0.00019160088608755066,0.470232236100346,0.5765855511173079,-0.0003071773760557339,-0.0005048002854077804,0.5405347859538254,0.013571932523517289,0.00733610164157918,0.06872433306550377,0.053386964654703946,0.43443565606359386,0.7309143198813823,0.6005993254713241,0.5942665308484186,0.7399358241285974
647,0.4149083559376862,0.4324921620344064,-0.00021043555406174974,-0.00014129656423417236,0.4699881700062252,0.5761465001360992,-0.00024406609412075397,-0.00043905098120866626,0.540520481047602,0.013596199896525425,0.0073490245084892785,0.06888952085163086,0.05352455229717136,0.43419576024270345,0.730602342112308,0.6005196434997668,0.5940885856903303,0.7396280027314084
648,0.41476366651030194,0.43239588346353364,-0.00014468942738427026,-9.627857087274316e-05,0.46981060828307064,0.5758301820943149,-0.00017756172315458452,-0.00031631804178433587,0.5404391114081142,0.01361474237291261,0.0073579392700672906,0.06909945993370824,0.053763282882274846,0.4340114517704929,0.7303735892922594,0.6004677104013086,0.5939516399926277,0.7394004303405156
649,0.41460060371467744,0.43232758326953197,-0.00016306279562450232,-6.83001940016692e-05,0.4697546600453615,0.5754877486428703,-5.594823770915802e-05,-0.00034243345144457926,0.5402968102675862,0.013646167234602831,0.007372980629233958,0.06926939775595595,0.054107555156525995,0.4339505878260776,0.7302218279733056,0.60046032477401,0.5938496156254376,0.7392611402746239
650,0.41445799129000527,0.4322519956043722,-0.00014261242467217272,-7.558766515974868e-05,0.46974292907550536,0.5752312678826308,-1.1730969856127427e-05,-0.00025648076023954136,0.5400306124348656,0.013674065510922824,0.007384413972338126,0.0694255066706787,0.05438424088704507,0.4338843113621718,0.7300637327818921,0.6004588514352032,0.5937265825335857,0.7391263408072131
651,0.4143423193022626,0.43221789554931933,-0.00011567198774264931,-3.4100055052888045e-05,0.46975073627943165,0.5750411584873247,7.807203926291084e-06,-0.00019010939530605953,0.5398263600464952,0.013699674574906796,0.007395445459593452,0.06955646994565183,0.05459893297981735,0.433823678948433,0.7299092951606281,0.6004699428170528,0.5936187387440336,0.7389944449273111
652,0.414270527830256,0.4322301276578005,-7.179147200664371e-05,1.2232108481169401e-05,0.46975655115843257,0.5749097897625991,5.814879000920481e-06,-0.00013136872472563343,0.5396442501559496,0.013722228265912946,0.007405121583027368,0.06966647105747233,0.054838156953861315,0.43376088690595294,0.7297369403684596,0.6004770429329646,0.5935225944841577,0.7388450578045145
653,0.4142375193915326,0.43232221725700243,-3.3008438723391986e-05,9.208959920192772e-05,0.46960447302259617,0.5746784659825042,-0.00015207813583639762,-0.0002313237800949386,0.5396063835590882,0.013728728503155437,0.007408109538452279,0.0698742850474434,0.05533619380790012,0.4337068754329908,0.7295989168719427,0.6004919236164632,0.5934574803740025,0.7387219982431935
654,0.414253281559047,0.4324381040760662,1.57621675144215e-05,0.00011588681906377074,0.46938346747429477,0.5744206005626918,-0.00022100554830140062,-0.0002578654198123198,0.5397103675725569,0.013722868411226821,0.007406374354373057,0.07024754422420613,0.05607676518369986,0.4335914325961136,0.7294806862657157,0.6005179544716598,0.5934023973461777,0.7386202013673386
655,0.4142052878648685,0.4325466235755841,-4.79936941785164e-05,0.00010851949951790063,0.4692991989115806,0.574243736104591,-8.426856271415151e-05,-0.00017686445810083384,0.5397929456516043,0.013693585260240143,0.007391700724156417,0.07077501262249672,0.05702008092905809,0.4334481119037149,0.729438971372216,0.6005917133182175,0.593320770451034,0.7385860660772161
656,0.41413160648495334,0.4326574559656265,-7.3681379915147e-05,0.00011083239004239243,0.4692095022668237,0.5741877324697546,-8.96966447569425e-05,-5.6003634836376825e-05,0.5399487541913421,0.013638970667431747,0.00736434522033203,0.07175547283928316,0.05814592592615023,0.43312297557375257,0.7293976148306167,0.6006518531155924,0.593223114556418,0.7385828735476972
657,0.4140428068275164,0.43275143838143154,-8.87996574369665e-05,9.398241580504951e-05,0.46898698570469644,0.5741540543026167,-0.00022251656212723958,-3.3678167137951576e-05,0.5405316283333129,0.013554599135170434,0.00732668954193899,0.0732898619141494,0.05979099420764056,0.43270413683655223,0.7295096136842718,0.6006863175405771,0.5932132013330745,0.738745417823281
658,0.4139342840710668,0.43282351798265,-0.00010852275644956944,7.207960121846657e-05,0.4687004811892953,0.5741389669512161,-0.0002865045154011314,-1.5087351400544513e-05,0.5413890539766351,0.013442623084983374,0.007277688994943624,0.07563399087815335,0.062033742461813514,0.43219832175433603,0.7301193087163004,0.6007785865582247,0.5932701005761292,0.7393904335618374
659,0.4138374918584171,0.43281007631303253,-9.679221264968785e-05,-1.3441669617475505e-05,0.46859746403897046,0.5741711999390994,-0.00010301715032484671,3.223298788324058e-05,0.5430704783552945,0.013267842555094786,0.007205373603138059,0.0789681300697014,0.06567455032530069,0.4314884580127725,0.7309971039727353,0.6009837678825807,0.5934090580338609,0.7402915442800801
660,0.4136478939846609,0.4327898857682076,-0.00018959787375621984,-2.0190544824938428e-05,0.4686666185530096,0.574452537760946,6.915451403916029e-05,0.0002813378218465834,0.5452036203374778,0.013032492652120958,0.007105362175957924,0.08307748533562631,0.07021250348862693,0.4305395030018978,0.7320143865555595,0.6012530583885953,0.593795346455338,0.7413078717194984
661,0.4134762890924368,0.43267532762336247,-0.0001716048922241198,-0.00011455814484512272,0.46876012477483386,0.5748905528626284,9.350622182424662e-05,0.00043801510168239854,0.5476478991266722,0.012734682518598618,0.006974122127355692,0.08760599640718626,0.07562682879259558,0.4294299238631838,0.7331654660831293,0.6015723577107319,0.5943922914129448,0.7423920304326739
662,0.4133469153399876,0.43238711617817144,-0.00012937375244920224,-0.00028821144519103337,0.4688178627755516,0.5752133456481795,5.773800071773305e-05,0.0003227927855511403,0.5502524997661774,0.012420323686890786,0.00683431415661672,0.09218456538033316,0.0810311545797528,0.4281793352299569,0.7344870436974826,0.6019742229773446,0.595001916146624,0.743575829689799
663,0.4132320081799533,0.4319921591397417,-0.00011490716003426105,-0.00039495703842973295,0.4689238304849147,0.575313051816049,0.0001059677093631084,9.970616786947328e-05,0.5526881466487477,0.012143559934680581,0.006711601634016597,0.09671679983457963,0.08662997706043843,0.42673703482903963,0.7360468397964531,0.6023473210505866,0.5956926350002439,0.7450297549273109
664,0.41307092776000826,0.43156489775633544,-0.00016108041994505884,-0.0004272613834062633,0.4690873787927923,0.5753451845039949,0.00016354830787757013,3.2132687945884975e-05,0.5559049583104531,0.01195439788790177,0.0066455090595006015,0.10116099749733452,0.09182107618724054,0.4251608099917376,0.737361951706799,0.6027006122410387,0.5964776933660496,0.7463908206083222
665,0.4128845834154016,0.4311227610228245,-0.00018634434460668148,-0.00044213673351095606,0.46934076468841435,0.5753025464750655,0.00025338589562207137,-4.263802892934265e-05,0.5592109939867642,0.011807836060270282,0.006603071740096503,0.10534086692543301,0.09625914414413689,0.4236766956234459,0.738646884689574,0.6030554860585543,0.5973359670882396,0.74775785243563
666,0.4127104849793334,0.43067993093208434,-0.00017409843606819297,-0.0004428300907401428,0.46962528560025013,0.5752540903616102,0.0002845209118357839,-4.845611345527523e-05,0.5625944280057209,0.011775117880308836,0.006624615708572286,0.10910757397117658,0.10019504172364344,0.4220231975585204,0.7399969458888619,0.6034640877961165,0.5981479667095517,0.7493022345304488
667,0.41249282504794965,0.43022033573051655,-0.00021765993138372908,-0.0004595952015677973,0.4698035464707498,0.5752238352665074,0.000178260870499658,-3.025509510279356e-05,0.5662458162292902,0.011826634230409552,0.00669678215304352,0.11309115501353378,0.1040934180450636,0.41990104543247586,0.7417127706622861,0.603854822530896,0.5988827587077303,0.7513353080561284
668,0.41225102203898223,0.4297850946220351,-0.0002418030089674228,-0.00043524110848142117,0.4700958661585411,0.5749693899668762,0.00029231968779130924,-0.0002544452996312563,0.5705073877644097,0.011862803844509981,0.006767817232892986,0.11717227113594793,0.10817153245097544,0.41745792587693353,0.7434632789498791,0.6042841029458398,0.5997545113975025,0.7533954828116002
669,0.41199952682595864,0.4293235807324183,-0.00025149521302358924,-0.00046151388961684914,0.4704981437579306,0.5748003233141951,0.0004022775993894889,-0.00016906665268112686,0.5753283047125729,0.012016990338921167,0.006913714679438882,0.12085446302090797,0.11293471295629762,0.4143449437766134,0.7450990907122172,0.6046361157621809,0.6007236918492482,0.7555604720979359
670,0.411640819815313,0.4286705871567156,-0.0003587070106456647,-0.0006529935757026983,0.470661218378845,0.5746375915774793,0.00016307462091441627,-0.00016273173671577101,0.5805600745487869,0.012045997653416006,0.0069934252956817084,0.12498241267724723,0.11717890622058622,0.41105559411358883,0.7468542482630094,0.6049956631030485,0.6017082196400512,0.7576220792536276
671,0.41127262456344404,0.42797721922923854,-0.0003681952518689302,-0.0006933679274770399,0.47059327082536034,0.5742894895123539,-6.794755348465964e-05,-0.00034810206512536634,0.5860254278280032,0.011850077555029585,0.00694444676898123,0.12941734353275788,0.12096574918673177,0.4073367591996553,0.7492510676591011,0.6053794230770259,0.6027080863314468,0.7599900394122215
672,0.41088612198132013,0.42733152001983066,-0.0003865025821239154,-0.0006456992094078795,0.4701527662997892,0.5735477184468634,-0.0004405045255711504,-0.0007417710654905596,0.5914223202820432,0.011691541180668568,0.006914638412744064,0.1327640854322,0.12404160170662733,0.4032627445486306,0.752048138531744,0.6057654016476501,0.6037006991931364,0.7627748782035544
673,0.41046540594815956,0.42658972414894464,-0.00042071603316057304,-0.0007417958708860195,0.4695371438176343,0.5726190999071841,-0.0006156224821549094,-0.0009286185396792934,0.5958438554198665,0.011462458454810727,0.006829835438304469,0.13528837967612795,0.12609493189159768,0.3993510496303189,0.755011156825427,0.6061596344954423,0.6046088450882229,0.7656038001288216
674,0.41005486244269596,0.4258903346033879,-0.00041054350546360086,-0.0006993895455567611,0.46876297404425715,0.5715854850112029,-0.0007741697733771313,-0.0010336148959811942,0.5997859454178657,0.011483089134424349,0.006887395472808329,0.13732080025194804,0.1275854840336375,0.39542724287837533,0.7576528371054951,0.60655671031314,0.6054494307347533,0.7684067605250833
675,0.4096208671457121,0.4252441980940246,-0.00043399529698384676,-0.0006461365093632931,0.4679525725187693,0.5707091932692477,-0.0008104015254878361,-0.0008762917419551375,0.6040553820907747,0.011639979260837673,0.007031192119933994,0.13968383682258037,0.12928102792647317,0.3911060745085315,0.7599222976636798,0.6068707727407893,0.606283325044203,0.7710044306616779
676,0.4092431666934919,0.42473505284537155,-0.00037770045222018656,-0.0005091452486530312,0.4670767248731098,0.5698147673291767,-0.000875847645659511,-0.000894425940071053,0.6081621230087669,0.011713800042163719,0.00712388950214247,0.14228666740993853,0.13098663677260844,0.3869403509868105,0.7621382074567488,0.6071864226260691,0.6071103448756967,0.7734248885982677
677,0.40888942791205063,0.42431427670181465,-0.0003537387814412929,-0.0004207761435569002,0.46627036588180076,0.5690447923903851,-0.0008063589913090419,-0.0007699749387916066,0.6115955102518565,0.01158142320028652,0.007083146431621924,0.14481409153315702,0.13239791633269685,0.3830551655666885,0.764393477406654,0.6075338448710372,0.6078430112377217,0.7756171808307001
678,0.4084757361366861,0.4239297882543459,-0.00041369177536454416,-0.0003844884474687449,0.4652522643670549,0.5682623037563815,-0.0010181015147458505,-0.000782488634003542,0.6149422945403425,0.011325880366856217,0.0069647628604839786,0.14728838378652429,0.13368929918124703,0.3793347362345729,0.7664263012249067,0.6078470207329394,0.6084608394488238,0.7774313062809939
679,0.40812359714302077,0.4235912256389203,-0.00035213899366531853,-0.0003385626154255861,0.4639027604256569,0.5674267134507076,-0.0013495039413979892,-0.0008355903056739278,0.6185057723091827,0.01116092218768129,0.0069030947973745095,0.14952276781463567,0.13553849168547313,0.37575544816615963,0.7682811890485065,0.6082678957801242,0.6092114594058627,0.7791545835166808
680,0.40776272458248036,0.42326620612210725,-0.00036087256054040395,-0.0003250195168130743,0.462505227997302,0.5666935378039424,-0.0013975324283549417,-0.0007331756467652273,0.6219863992981153,0.010957844712953508,0.0068156303770778425,0.15135126121661177,0.13729360123107515,0.3724833366961455,0.7701000118510369,0.6087285925041883,0.6099758245474285,0.7807969716932979
681,0.4074938476058508,0.4230234552650525,-0.000268876976629584,-0.00024275085705477428,0.46094023944669715,0.5659010426840143,-0.0015649885506048289,-0.0007924951199280716,0.6249972363896154,0.010814050352462284,0.006758751584467073,0.15272137337622307,0.13880467078266046,0.36948236223602887,0.7717024877075616,0.6091312666618429,0.6107145997782977,0.782281442711184
682,0.40715672921333995,0.4228375109776807,-0.00033711839251082676,-0.00018594428737178648,0.45944526723847356,0.5651834540990937,-0.0014949722082235883,-0.0007175885849206587,0.6275829250117594,0.010829210188159693,0.006796227405452405,0.1538194516323468,0.1399138527092521,0.3667735730312431,0.7730239888821935,0.6095020818591472,0.6113658916446677,0.7836447389311776
683,0.4067493333592904,0.4226247293466322,-0.0004073958540495304,-0.00021278163104848646,0.45790517430277455,0.5644844682097321,-0.0015400929356990112,-0.0006989858893615697,0.6298227489200017,0.010951618811875728,0.0068975786652195736,0.15460744347900737,0.14083220354189044,0.36415793659355117,0.7739737502673443,0.6098108206512678,0.6118634618638725,0.7847418178987594
684,0.4064117142940797,0.42241959456548006,-0.0003376190652107369,-0.00020513478115213868,0.4564111152206021,0.5637803223173024,-0.0014940590821724276,-0.0007041458924297306,0.6317106049084849,0.011006914205781914,0.0069531844311102875,0.15528627852714721,0.14159041952521104,0.3618681112984806,0.7747669428474969,0.610073184428163,0.6122682020861138,0.7856048166046093
685,0.4061119808203715,0.4221580959196464,-0.000299733473708208,-0.00026149864583363547,0.4551322721308882,0.56309429599802,-0.0012788430897139325,-0.0006860263192823846,0.6335565543100204,0.011065996118775243,0.007010934371019303,0.15608892797796384,0.14223600376272463,0.3598599377233974,0.7753989729783394,0.610346233329423,0.6126800861577647,0.7863040416673676
686,0.40583106098596966,0.42187020535346875,-0.000280919834401816,-0.00028789056617767317,0.4539848340171152,0.5624839906181117,-0.0011474381137729917,-0.0006103053799082492,0.6351121413511163,0.01119029913182479,0.007107094843972779,0.1566823694158285,0.1427515707524306,0.3581456752663075,0.7758978003516374,0.610639288970678,0.6130260611799258,0.7869316607266882
687,0.4054812774535917,0.4215732877540235,-0.00034978353237796744,-0.00029691759944527885,0.4529942436378253,0.5619510009142176,-0.0009905903792898907,-0.0005329897038941489,0.6363208351354821,0.011324813530695014,0.007206214803605459,0.15709197595541824,0.1432110329332764,0.35661381006379067,0.7761700498824878,0.6108287409248359,0.6132637595598928,0.7873384767098237
688,0.4050320093000967,0.4212665062514202,-0.00044926815349499716,-0.00030678150260327053,0.45202324364402363,0.5614322763849358,-0.00097099999380168,-0.000518724529281811,0.6372682654582252,0.011508279678622082,0.007333861429203636,0.15731929823042226,0.14373108374918642,0.35525890366300217,0.776091741421627,0.6109523792063869,0.6134509168091425,0.7874397141480866
689,0.40458069533016133,0.4210094770822756,-0.000451313969935363,-0.00025702916914460694,0.4510664286718934,0.5609175594577263,-0.0009568149721302377,-0.000514716927209502,0.6380554735710177,0.011705327527066546,0.007468648298586314,0.1573341841554493,0.14429054693705656,0.3540020973765036,0.7759679450203196,0.6110596460360875,0.6136250181562676,0.7875068767855161
690,0.4041747877386278,0.4207268740923406,-0.0004059075915335275,-0.000282602989934988,0.45019929839446365,0.5604526862377384,-0.0008671302774297396,-0.00046487321998789355,0.6386098348645889,0.011676379637174912,0.007456650871912519,0.1572239435999377,0.1448592399883225,0.35278074389673814,0.7758837663519368,0.6110937198971992,0.6137121769228745,0.787386454507476
691,0.40385864412487316,0.42047294319624395,-0.00031614361375464917,-0.00025393089609665465,0.4494166009409956,0.5600328743169013,-0.0007826974534680398,-0.0004198119208370654,0.6391803795618343,0.011624305363949051,0.00743002791467162,0.15721321179454503,0.14555376905554848,0.3517314873437569,0.775885007230451,0.6111500469421026,0.613816052413453,0.7873291852820224
692,0.4035884803454314,0.4202480991961529,-0.00027016377944177883,-0.0002248440000910401,0.44878007232876993,0.559704301794419,-0.0006365286122256841,-0.0003285725224823066,0.6396639856213464,0.011540583237419274,0.007382095470042514,0.15720848514990862,0.14622916604744812,0.350880337254102,0.7758402732516373,0.6112209691096988,0.6139533231363388,0.7871930282490474
693,0.40337108609468736,0.42003714422794725,-0.00021739425074401852,-0.00021095496820566773,0.4482109345315365,0.5591831632823222,-0.0005691377972334433,-0.000521138512096786,0.6400434281206833,0.011454900715849694,0.007331633922954507,0.15720936189469625,0.14700136592468524,0.3501641698455835,0.7758102443169187,0.6113041001732339,0.6140873406832416,0.7870698714257838
694,0.40322677822032027,0.4198540815103206,-0.00014430787436708892,-0.0001830627176266364,0.44768295868370095,0.5586945868679221,-0.0005279758478355379,-0.0004885764144001437,0.6405251961279408,0.011352785652184165,0.007271745256463734,0.15726318850677867,0.14762751315146275,0.34955229957525813,0.7757889071048514,0.6113885676578786,0.6142398066523219,0.7869382889330471
695,0.40304345236191147,0.4196382736707605,-0.00018332585840880045,-0.0002158078395601004,0.44723548264132346,0.5582605767691722,-0.0004474760423774926,-0.00043401009874988183,0.6410847186550986,0.01136085452345853,0.007283270225852917,0.15734605731331125,0.14821784499557625,0.3490377726206748,0.7757076022494901,0.6115072942460319,0.6143852721442282,0.7868565382754438
696,0.402785535940946,0.41944932957649156,-0.00025791642096545386,-0.0001889440942689502,0.44679040587736124,0.5578796496295876,-0.0004450767639622155,-0.000380927139584597,0.6415251702791636,0.011283391986076852,0.007238579965194503,0.15750951204031488,0.1486533141667966,0.3486966770224597,0.7756970033222774,0.6116208054013061,0.6145126038460186,0.7867617593109039
697,0.40256648332593936,0.4192964234924738,-0.00021905261500665407,-0.00015290608401774541,0.44640137560011744,0.5575562575416806,-0.0003890302772437959,-0.0003233920879069929,0.6418926230921072,0.011173212003145777,0.00717200236106346,0.15769983836437773,0.1490470793695392,0.34839764789462613,0.7757437278240757,0.6117195150395845,0.6146223431398441,0.7866932167567876
698,0.4023367631355609,0.4191338503220815,-0.00022972019037847957,-0.00016257317039231056,0.4459337665104142,0.5572200313675384,-0.0004676090897032248,-0.0003362261741421957,0.6422196566125518,0.01105827796106951,0.00710184347488421,0.1578506197646568,0.14934530903192997,0.34812549396321085,0.7757067874838801,0.6117888757418345,0.6147295790265752,0.7865363968407656
699,0.40205781004412233,0.4189805764829802,-0.00027895309143854963,-0.00015327383910129777,0.44533074316111165,0.5569049576846584,-0.0006030233493025672,-0.00031507368287997384,0.6425201005397211,0.010910996027028719,0.00701053426427499,0.15796231677674838,0.14953204158386144,0.34793176393554837,0.7756989534673888,0.6118498361343512,0.6148008522215419,0.7863786314105196
700,0.401837704437447,0.41885063517800086,-0.00022010560667534707,-0.00012994130497934187,0.4447852336810382,0.556641027473635,-0.0005455094800734805,-0.00026393021102344427,0.6427514900643073,0.01064125711458772,0.006839683866558669,0.15807052852361592,0.14962910053504475,0.3478050729479053,0.7757537852245456,0.6119095926041206,0.6148407431082393,0.7861613173084115
701,0.4016476970536665,0.4187252810694618,-0.00019000738378049942,-0.00012535410853908857,0.44432169592435855,0.556350964808718,-0.0004635377566796217,-0.00029006266491693466,0.6429141319283802,0.01032304067745915,0.006636828736010007,0.15805636962247016,0.14966320151999735,0.3477209409314774,0.7758699959678036,0.6119732783080506,0.6148776329879775,0.7859573657197368
702,0.4014724919892591,0.4185456132589588,-0.00017520506440737993,-0.00017966781050299252,0.4439818635954493,0.5561130478664852,-0.00033983232890927306,-0.00023791694223285198,0.6431049446579499,0.009996568365479411,0.0064288425454510495,0.1579307900714138,0.14974734210577909,0.3476727394923562,0.775922362351949,0.6120081292469629,0.6149035185996339,0.7856811267166381
703,0.4012738576189695,0.4183290499247305,-0.00019863437028960762,-0.00021656333422825913,0.44379969900309413,0.5558910628989866,-0.0001821645923551496,-0.00022198496749858965,0.6432278303194563,0.009715196931147889,0.006249085043148497,0.15785579047236015,0.14972161253784877,0.34757180584243463,0.7759731404497628,0.6120406066836938,0.6149033367829225,0.7854504199599969
704,0.4012078898429614,0.41819558757840464,-6.596777600809123e-05,-0.0001334623463258855,0.4435326949656939,0.5554973671823437,-0.00026700403740020917,-0.0003936957166429389,0.6433195229909333,0.009432566711945652,0.006068154317709033,0.15786885905673456,0.14970413048267622,0.3474984996964205,0.776038425205856,0.6120688146344837,0.6149324944949897,0.7852275501611814
705,0.4011669286457393,0.4180823880877318,-4.096119722213354e-05,-0.00011319949067284396,0.4434940790234034,0.5550949390415929,-3.861594229054299e-05,-0.0004024281407507546,0.6434588766750267,0.009155425668213812,0.0058911399159505655,0.15792216932018213,0.14971970591715922,0.3474518245837081,0.776122974662628,0.6121250774055729,0.6149627110630836,0.7850283448762342
706,0.40104504259481066,0.41800114710243635,-0.00012188605092861016,-8.124098529543877e-05,0.4434248938389276,0.5547355649766258,-6.918518447579514e-05,-0.00035937406496711066,0.6437108661207539,0.00897769039688017,0.005779036861139709,0.1579603932812255,0.14974898203013948,0.3473276816842338,0.7761450487404471,0.6121680455120121,0.615018043235698,0.7848687562739206
707,0.400903785413747,0.417890088952623,-0.0001412571810636698,-0.00011105814981338114,0.443314020952501,0.5543782511951371,-0.00011087288642658288,-0.00035731378148873283,0.6438347897030556,0.008837368469206774,0.005689805269900158,0.15802928400818103,0.14982934103468118,0.34726195940592025,0.7760746984420455,0.612147312558259,0.6150210962578609,0.7846545469687407
708,0.400779955992146,0.41779033739846605,-0.00012382942160099608,-9.975155415692383e-05,0.44313859422230506,0.5540326521384222,-0.0001754267301959378,-0.00034559905671482927,0.6440413034486709,0.008814833102754492,0.005677116601180495,0.1580823331026146,0.1499033669534237,0.3472102494162797,0.7759133757755798,0.6121233074963347,0.6150443955931865,0.7844720477210605
709,0.4006945483636407,0.41771355147529726,-8.540762850528516e-05,-7.67859231687873e-05,0.44298355830601044,0.5537542187858099,-0.00015503591629462132,-0.0002784333526123506,0.6442904074050454,0.00879673901514212,0.0056676545639017745,0.15808932804304135,0.14999222173296115,0.34720997956734967,0.7757635322462427,0.6121124306912363,0.6150688287000913,0.784306244095297
710,0.40064562584332875,0.4176654583917318,-4.892252031196698e-05,-4.809308356545916e-05,0.4429335786711603,0.5535904095835583,-4.997963485015022e-05,-0.0001638092022515636,0.6446724746989806,0.008799076994932334,0.0056725227413898975,0.158110710232747,0.15006434022806944,0.3472277692728204,0.7756858678382422,0.6121529498028755,0.6150996868461686,0.7842388376635773
711,0.40060238739725723,0.4176719077726505,-4.323844607151406e-05,6.44938091870495e-06,0.4427827244639701,0.5534280819925504,-0.0001508542071901875,-0.00016232759100787142,0.6448251433356896,0.008810732574687338,0.005681381895365192,0.15811516418782268,0.1499643867362207,0.3472370906772915,0.7756521022395785,0.612088270349029,0.6151424554704223,0.7842277788433347
712,0.40054548141839796,0.41773177477080375,-5.69059788592674e-05,5.9866998153246254e-05,0.44270252311834896,0.553298656744139,-8.020134562114478e-05,-0.0001294252484114189,0.6448360112691216,0.008835432734381782,0.005697405202275376,0.15800267674582943,0.14987779634769485,0.3472197195662345,0.7754949567702015,0.6118409536637449,0.6153662575536389,0.7841013966462544
713,0.4004668702108957,0.4178551904492166,-7.861120750224382e-05,0.0001234156784128415,0.4424946333539013,0.5532683001522258,-0.00020788976444763296,-3.0356591913194286e-05,0.6447496234697624,0.008921323076290599,0.005752019694290466,0.15784001902498251,0.14981382313853908,0.34719458286465066,0.7752770315609842,0.6115470519800859,0.615560599902848,0.7839734259450565
714,0.40050505511730705,0.41801873634723047,3.818490641133154e-05,0.00016354589801387265,0.44218822464914825,0.5533092084498256,-0.00030640870475306947,4.0908297599728805e-05,0.6444259565737357,0.009004178392287739,0.005802526273610588,0.15757496986243424,0.14977356260153138,0.3471358550170767,0.7750206471260445,0.6111785157198356,0.6157464613491561,0.7837976848572736
715,0.4006086245120786,0.41829430290144526,0.00010356939477157434,0.00027556655421479004,0.44199031393876004,0.5534196676993342,-0.00019791071038821606,0.00011045924950858765,0.6441748507456373,0.009068085332128488,0.005841432515372572,0.1571612566567835,0.1497811880028136,0.3471041632391863,0.7748494996097287,0.6108926692987461,0.6160186248422255,0.7836864444343336
716,0.400714385236486,0.4186033886820989,0.00010576072440737772,0.00030908578065363956,0.44178693706049726,0.5535586518597456,-0.00020337687826277318,0.00013898416041147055,0.6439933696491883,0.009192186250153805,0.005919706997679485,0.15647231278221047,0.14981164167938507,0.34704536125591867,0.774675662054998,0.6107133402672232,0.6162975607086992,0.7836344882278732
717,0.40079621437414553,0.4188778373503399,8.182913765952815e-05,0.0002744486682410008,0.4416331177266891,0.5536078371413785,-0.00015381933380814727,4.918528163289082e-05,0.6438791591543405,0.00938168799051485,0.006040673374781076,0.15581765161943975,0.14978194995108945,0.346985883350026,0.7745274753796515,0.6106218909273611,0.6165239321081554,0.7836749342582214
718,0.4009020055023742,0.41913296180634535,0.00010579112822867165,0.0002551244560054511,0.4414926786032523,0.5535893868659889,-0.00014043912343680853,-1.84502753896032e-05,0.6437945472037765,0.009703416464707853,0.006247006609226262,0.1552026650782969,0.14976019778280164,0.34695052568524254,0.7743496131855041,0.6105886017788826,0.6167413994538112,0.783821214866764
719,0.4009926788800791,0.41926109938011474,9.067337770490846e-05,0.0001281375737693935,0.44137383402781577,0.5535964668977814,-0.00011884457543653859,7.080031792505714e-06,0.6437536051112827,0.010060760684005216,0.006476650960490211,0.15467672993774317,0.14975591468843064,0.34693908569114984,0.7741995145080633,0.6106505935350098,0.6169101580749102,0.7840317872561614
720,0.4011104196350984,0.41928966741306534,0.00011774075501930215,2.8568032950593292e-05,0.4414135847131558,0.5536358015085839,3.9750685340012026e-05,3.933461080252165e-05,0.6437189218512113,0.010198807282200434,0.006565165227866345,0.1541657357666379,0.14957636684229825,0.34699184945106637,0.7738854467160611,0.6107519595679579,0.6169417191274404,0.7838543643508923
721,0.4012341914487081,0.41923379290618623,0.00012377181360967437,-5.5874506879105557e-05,0.4415995939342165,0.5536529899533544,0.00018600922106071227,1.7188444770499522e-05,0.6437305582447203,0.010243468477136133,0.006594033681149037,0.1537663670809963,0.14951556739683722,0.3470529321992076,0.7736166093252909,0.6109618401312362,0.6167805459879151,0.783626052821518
722,0.4013330963193117,0.4191363250411895,9.890487060359998e-05,-9.746786499675864e-05,0.44171904652672134,0.5534267270811611,0.00011945259250484286,-0.00022626287219329466,0.6436633732239081,0.010241081330239024,0.006591808954482039,0.15349212838601137,0.149495081165519,0.34698960199429324,0.7734049624546038,0.6111030520611622,0.6165983137895038,0.7834087513851576
723,0.40138713978998053,0.41910921286643865,5.4043470668840854e-05,-2.7112174750820728e-05,0.4416026027676391,0.5530753825069804,-0.00011644375908226312,-0.00035134457418073417,0.6437158063798888,0.010223687959602016,0.006581149539091571,0.1532590287997863,0.14951567564277968,0.3469215811222435,0.7731869256389002,0.6111788617368128,0.6164206005602061,0.7831709987628731
724,0.4014373871105033,0.41910639197739846,5.024732052277825e-05,-2.8208890401892894e-06,0.441521693761689,0.5527167588117345,-8.090900595009165e-05,-0.00035862369524586324,0.6436848715072692,0.010249942035364765,0.006597732621990726,0.15301520802093477,0.1494905967680305,0.34675839749710174,0.7730050333434414,0.6112262681822231,0.616247436363689,0.7830139758648504
725,0.40151677241616474,0.41916330577561656,7.938530566142799e-05,5.69137982180945e-05,0.44145599388293844,0.5523736209781642,-6.569987875054695e-05,-0.00034313783357031724,0.6436725896135834,0.010273522459407002,0.006612784805899816,0.15281056736683699,0.14948907486709478,0.3465934597018586,0.7729239436890853,0.6112854374275125,0.616133751096701,0.7829543507593246
726,0.40151915589212417,0.41921591840962336,2.3834759594332233e-06,5.261263400679894e-05,0.4413563331866997,0.5521106514996299,-9.966069623873475e-05,-0.00026296947853432506,0.6435521882260488,0.010249287543663629,0.006595951426482713,0.1526723933292915,0.1495311402286457,0.3464787514278908,0.7728651445420069,0.6113376767572749,0.6159982938159744,0.7828692207414115
727,0.40144423339170393,0.41923414400855474,-7.492250042023807e-05,1.822559893138731e-05,0.44117780099176784,0.5518494679182803,-0.00017853219493185746,-0.00026118358134963326,0.6433311380423944,0.010233285112830367,0.006583390957549452,0.1524999938753066,0.14952841153927504,0.34635876728010373,0.7727784960780111,0.6113498749053864,0.6158730900515612,0.7827637970531852
728,0.40138165869967246,0.4191806023588078,-6.257469203146959e-05,-5.3541649746968734e-05,0.4410422946586905,0.5517323416490852,-0.00013550633307735094,-0.00011712626919502256,0.6431171196125098,0.010373324902165778,0.006671262831885575,0.15229752160978297,0.1494681525577808,0.34614679385302466,0.7726460395067603,0.611367846639185,0.6157910474232844,0.7827687115599787
729,0.40132775961947065,0.41913982762185503,-5.3899080201813554e-05,-4.077473695274225e-05,0.44095911132389987,0.5517159520046905,-8.318333479062634e-05,-1.6389644394765313e-05,0.6426646024418653,0.010664905537774726,0.006853957277514042,0.1518457240657194,0.14924904372920803,0.34581798918123574,0.7725459883686986,0.6113793608075052,0.6157286392810631,0.7829616223697848
730,0.4012717083651087,0.419105441127247,-5.605125436192182e-05,-3.438649460801857e-05,0.44086418623120677,0.5517373943414144,-9.49250926930989e-05,2.1442336723964672e-05,0.6422174068971294,0.010944441865752524,0.007028711074959967,0.1515443244215165,0.14903117733020455,0.3455290725093647,0.7724452047333905,0.6113910328169385,0.6157078388322466,0.7831412214513762
731,0.4012354633672015,0.4190941262938683,-3.624499790721991e-05,-1.1314833378739397e-05,0.4407529615881714,0.55173014341816,-0.00011122464303536805,-7.250923254487063e-06,0.6418290424324616,0.011277593878819683,0.0072382872801850275,0.15117460640954222,0.14875693779568686,0.34534918143568355,0.7723516181852992,0.6114047433624697,0.6157115297765425,0.7833810844539086
732,0.40122115241746703,0.41906842086748514,-1.4310949734475109e-05,-2.5705426383137997e-05,0.4406900666464965,0.5517488313199537,-6.289494167488474e-05,1.868790179371249e-05,0.6413945271646491,0.01174465299903639,0.007532956157029823,0.15075800724526883,0.14835175307491405,0.345184746963091,0.7721121589046863,0.6114159560714331,0.6157171498258381,0.7836102194390259
733,0.40120225477143173,0.4190118741090059,-1.8897646035298532e-05,-5.654675847921453e-05,0.4406413458494049,0.5517842984805779,-4.872079709161703e-05,3.546716062419186e-05,0.641007613100923,0.012063957599676843,0.007733088665519594,0.1503822124686937,0.14804038496860555,0.34522418455591714,0.7718543849753785,0.6114296987765856,0.6156989621429902,0.7836754830549374
734,0.40120288145652316,0.418958135371983,6.266850914316002e-07,-5.373873702291254e-05,0.4405663654625319,0.5518420473649576,-7.498038687298036e-05,5.774888437970471e-05,0.6405865987637869,0.012175652357864143,0.007799559731654473,0.1499095442418439,0.14768156972855365,0.3454162293814141,0.771881463491248,0.6114782589799744,0.6155960888122517,0.7838207744294351
735,0.40129039555646784,0.4189373534708159,8.75140999446744e-05,-2.078190116711065e-05,0.4404973688512073,0.5518999886371195,-6.89966113245899e-05,5.794127216196543e-05,0.6402814891286278,0.012130188170932333,0.00776673494549502,0.14950696647460412,0.14738562872347802,0.3457276440895946,0.7719774568823143,0.6115619002780494,0.615528201972893,0.7838763020993493
736,0.40136533450392253,0.41890985801821073,7.493894745469465e-05,-2.749545260516406e-05,0.4405450131305655,0.5520062513356229,4.764427935816107e-05,0.00010626269850333436,0.6400072994974064,0.011979872462063893,0.007667205822768858,0.14912315026508824,0.1471813744941243,0.34602867021904515,0.7722065065880276,0.6116536716439392,0.6154815098105878,0.783958271968025
737,0.4014707215160031,0.41889346910602293,0.00010538701208057111,-1.6388912187803584e-05,0.4407044072950499,0.5521298671784652,0.00015939416448440547,0.00012361584284237281,0.6398862924113168,0.011859144374243222,0.007588503924805021,0.14882710379016897,0.14705296375210827,0.3462948130886087,0.7724897747065843,0.6117623868301995,0.615468259481678,0.7841232481075615
738,0.4015785954154136,0.41879913830606225,0.0001078738994104711,-9.433079996068461e-05,0.4409157000669031,0.5521491375198558,0.00021129277185322204,1.9270341390598134e-05,0.6398286946428656,0.011839463734293289,0.0075752286263844225,0.14860136018879921,0.14692564933646005,0.34651142333370644,0.7727797190146003,0.6118785718903454,0.6154766646044361,0.784398001274988
739,0.4016224905273105,0.4187268623778073,4.3895111896952166e-05,-7.22759282549279e-05,0.441064428672228,0.5522006242435258,0.00014872860532488819,5.148672366994678e-05,0.6398136791651382,0.01187460056062427,0.007597531873309427,0.1484688863393414,0.14683707289306674,0.3466925955478231,0.7731734005519589,0.6120085919266478,0.6155130415543589,0.7848325805337182
740,0.4016201553855761,0.4186737298250446,-2.3351417344219527e-06,-5.313255276273576e-05,0.44115010945018795,0.5522696868552828,8.56807779599511e-05,6.906261175698702e-05,0.6397587352231775,0.011907309004510197,0.007617804948636997,0.14841413586123375,0.1467645875465627,0.34684844245204793,0.773563920043679,0.6121176586041307,0.6155139617672796,0.7852603247770629
741,0.40164076853161007,0.41865541588483846,2.0613146033965357e-05,-1.83139402061272e-05,0.4412385743063768,0.552363593902142,8.846485618885236e-05,9.390704685918738e-05,0.6396599384362087,0.011913554996848293,0.007620623855840366,0.14839140582777746,0.14672907958536976,0.3469846356922434,0.7738640120654164,0.6121896442801218,0.6155020772948095,0.7855709031541614
742,0.4016678506904007,0.41865328437369226,2.7082158790603383e-05,-2.1315111461972513e-06,0.44131914063067335,0.5524467291284261,8.05663242965382e-05,8.313522628411452e-05,0.6396337829466824,0.011918185398680904,0.00762327401241818,0.14843991705193904,0.14671678783001285,0.34709733391071307,0.7740425974291888,0.612229993674284,0.6154907572464351,0.7857571294712025
743,0.4016660887193663,0.4186427711857532,-1.7619710343530492e-06,-1.051318793904299e-05,0.441505884489157,0.5526157822607056,0.00018674385848366226,0.00016905313227955077,0.6396394351369743,0.011945147620854512,0.007640587476831153,0.14857511503886228,0.1467120532525265,0.3471572766918042,0.7741004003530558,0.6122579389401676,0.6154847023184936,0.7858445001978355
744,0.4016331812366786,0.41858656153233814,-3.2907482687694056e-05,-5.620965341507356e-05,0.4417473703579991,0.5529647555367864,0.0002414858688420951,0.000348973276080744,0.6396413267947063,0.0119813996949406,0.007663798397729495,0.14880060166652923,0.14673123798566634,0.34719029310995586,0.7741492159225805,0.6122838251697114,0.6154693134913286,0.7859330303769757
745,0.4016079470997538,0.4185522108458324,-2.523413692484544e-05,-3.4350686505757455e-05,0.44203996767156156,0.5533649438704983,0.0002925973135624593,0.000400188333711915,0.6395357041085842,0.011891937533621388,0.007605318643779855,0.1490173918743646,0.1467586748166064,0.34722329167667426,0.7742004903757436,0.6123330033429333,0.6154785505327112,0.7858962693678503
746,0.4015487307014426,0.41849744777181835,-5.921639831119041e-05,-5.4763074014030355e-05,0.4420443318611821,0.5536588167584553,4.364189620520431e-06,0.00029387288795701405,0.6390559263901531,0.01174156606047227,0.0075035173760462865,0.1491203081005769,0.14683118211333188,0.34730675050943466,0.774245668631636,0.6123471698899228,0.6154130212179101,0.7857898930879572
747,0.4014954614817494,0.4184199878775446,-5.3269219693174996e-05,-7.745989427376809e-05,0.4419972027755368,0.553864223970798,-4.712908564530327e-05,0.00020540721234274528,0.638420849498745,0.01158127755678716,0.0073937290560848095,0.14902781647638244,0.14689070292039322,0.34742359076619067,0.7742782551547889,0.6123437597283853,0.6153241223605459,0.785659809483644
748,0.4014052047334099,0.4183008401964938,-9.025674833951225e-05,-0.00011914768105081297,0.4419030566295085,0.5540282325576882,-9.414614602826221e-05,0.00016400858689014086,0.6377882610904241,0.011403935002174721,0.007273295874625237,0.14892007215425557,0.1469365056194141,0.3475183004884236,0.7743118548956353,0.6123289112662257,0.6152003240641678,0.7855132279935619
749,0.40127052259188095,0.4181524882494338,-0.0001346821415289523,-0.000148351947059977,0.4417751791495599,0.5541503307056916,-0.00012787747994863485,0.00012209814800345775,0.6373032878634807,0.011251071414678656,0.00717034480456153,0.148796777970141,0.14694486122869235,0.34758047378910095,0.7742279518401681,0.6122281884549499,0.615073155940419,0.7852751423376285
750,0.4011488654266298,0.41798665665060963,-0.00012165716525114334,-0.0001658315988241621,0.4417768074754762,0.5540741933276033,1.628325916325224e-06,-7.613737808831456e-05,0.6369370100521816,0.011418888662680394,0.007273112802926404,0.1487034573961774,0.1468942634221865,0.3475558207365182,0.7733577438832628,0.6119261167022654,0.6149111333633198,0.7845698711088357
751,0.40106677314414024,0.41787841610324933,-8.209228248956535e-05,-0.00010824054736030542,0.4419401765660466,0.5540227471877063,0.00016336909057040883,-5.144613989704894e-05,0.6368988837400593,0.011593331276465687,0.007383779748809713,0.14886247361242808,0.146853690570905,0.34755071276082905,0.7726024414577961,0.6117441892709985,0.6147361115307299,0.7839886556190879
752,0.40108319920770874,0.4178342404909747,1.642606356849763e-05,-4.417561227465505e-05,0.44235074012697057,0.5540977295853994,0.00041056356092394886,7.498239769310189e-05,0.636842900976019,0.01174445538789148,0.007479373039608247,0.14900851461920783,0.1468467711029874,0.34757539721717,0.7718920259462171,0.6116277095313416,0.6146095067984422,0.7834278206559365
753,0.4011077762479585,0.4178186294445585,2.4577040249773585e-05,-1.5611046416175167e-05,0.4431065294224347,0.5542952191771197,0.0007557892954641598,0.00019748959172027902,0.6367416420116371,0.011864983001375106,0.007554928758735747,0.14913612266013881,0.14684739020002388,0.3476332073972399,0.7712795046430264,0.6115495944456608,0.6145030663213824,0.7829323961246949
754,0.40111540590097583,0.4178275477064653,7.629653017315885e-06,8.918261906798453e-06,0.4439616731873683,0.554564354161181,0.0008551437649335636,0.0002691349840613366,0.6368297209979965,0.011947424099513741,0.007608474755938076,0.1492409158942284,0.1468794866567274,0.34769855655484927,0.7706556393519995,0.6115252922371502,0.614434328500983,0.7823863064805975
755,0.40113696885420613,0.4178877185532203,2.1562953230302995e-05,6.017084675502549e-05,0.44478380914068283,0.5548677194054301,0.00082213595331454,0.0003033652442491208,0.6369529946544169,0.011939706376554763,0.007605031731840993,0.14931661203379462,0.1470702834118179,0.3477999845195467,0.7700898737093745,0.6115123409681629,0.6143403989525917,0.7818088234041926
756,0.40119152056674384,0.417950808720083,5.4551712537709296e-05,6.309016686267821e-05,0.4454163750514017,0.5550444537175513,0.000632565910718863,0.00017673431212117396,0.6371259078265479,0.011850540738442395,0.0075502865262156,0.1494103951948323,0.14719511944819458,0.3479024799370695,0.7696487158579799,0.6114841405875939,0.6142365594364496,0.7812749996401687
757,0.401215366086414,0.4179800908143014,2.3845519670162574e-05,2.9282094218374688e-05,0.4458916588327402,0.5552175758994595,0.0004752837813384869,0.00017312218190823625,0.6371757870742756,0.011648920871875823,0.007422410325103435,0.14943810318040282,0.14732089218705907,0.3479893077301767,0.7693201389633969,0.6114158481866198,0.6141104940240535,0.7807419985202366
758,0.40127905018468896,0.4180215443277291,6.368409827495203e-05,4.145351342771386e-05,0.4463058399007746,0.5553946393579785,0.0004141810680344249,0.00017706345851897787,0.6371527212093481,0.011484235535169827,0.007317211922242549,0.14946103736632452,0.1474326496766495,0.3480750244381969,0.7690981676940135,0.6113687682788768,0.613996102709348,0.7803537405720774
759,0.4013438972649435,0.41808959495845205,6.484708025455976e-05,6.805063072296003e-05,0.4466790031743858,0.5555699148399381,0.00037316327361119894,0.00017527548195961362,0.6371385643167794,0.011342889084130585,0.00722699206626743,0.14951097203244684,0.14757988955187407,0.3481875992518046,0.7689563571809297,0.6113350721052893,0.6139173824619847,0.7800695176420965
760,0.40141432902811686,0.41817120118772505,7.043176317333977e-05,8.160622927300132e-05,0.4470188688873902,0.5557253304907718,0.0003398657130043725,0.00015541565083365683,0.637248252036334,0.011228756429609665,0.007155505407310505,0.14952600964031518,0.14771199402453689,0.3482930045378742,0.7688511072332412,0.6113247256154825,0.6138739506080381,0.7798492715069877
761,0.40147054905160046,0.418217025175567,5.622002348359967e-05,4.582398784197528e-05,0.4473723250584946,0.5559006673768351,0.00035345617110443817,0.00017533688606330422,0.6374341313308522,0.011116505303707737,0.007086039901703753,0.14954112400675304,0.14787459718185067,0.34842741955662754,0.7687542392540646,0.6113492247481321,0.6138666402489492,0.7796413495958392
762,0.40150142221755486,0.4182297948230299,3.08731659544037e-05,1.276964746288467e-05,0.44761634511601517,0.5560166899134201,0.00024402005752055533,0.00011602253658504758,0.6378737106570415,0.011154756723030505,0.007115326062396048,0.1495412558867356,0.14824256130629526,0.3484269698804072,0.7687022920435583,0.6114320327947936,0.6138923388531068,0.7796313092695842
763,0.4014588916234921,0.41820152878426875,-4.253059406278403e-05,-2.8266038761159962e-05,0.4477110619961719,0.556089540446775,9.471688015671997e-05,7.285053335492897e-05,0.6389009073912996,0.011365021223067834,0.007261122371939417,0.14968092759831977,0.1489803752082619,0.3482261714730226,0.7686540493846115,0.6115364274442057,0.6140590906960349,0.7797951331524378
764,0.40137075734732397,0.41815112196528453,-8.813427616810587e-05,-5.040681898421662e-05,0.4476050893500424,0.5560828146138137,-0.00010597264612949298,-6.725832961351763e-06,0.6407140785685933,0.012468484362433082,0.007988733469423227,0.15021611226788437,0.15031850907242952,0.3468369724460959,0.7687172578697796,0.6118053180871543,0.6143224851164353,0.7809565477095968
765,0.40123519616247527,0.41808317222955077,-0.00013556118484869817,-6.794973573376328e-05,0.4470977956271825,0.5559672535376645,-0.0005072937228599028,-0.00011556107614918432,0.6439787803120683,0.0151548588545431,0.009759407520950215,0.151266706284107,0.15180479077059486,0.34366700507878983,0.7689403180167946,0.6121910333491678,0.6147741333974492,0.7837973868681672
766,0.40107938629383677,0.41803236028656887,-0.00015580986863850121,-5.081194298189873e-05,0.4459118814095646,0.5554568153463825,-0.0011859142176178783,-0.0005104381912820477,0.648404696234932,0.01855252823684525,0.012029546435801643,0.15330553125972415,0.15349407810256416,0.3392232172817701,0.7697345821133548,0.6128551957313441,0.6154057140109436,0.7878575955331514
767,0.40090333806717315,0.4179933020918486,-0.00017604822666361652,-3.905819472027616e-05,0.44441242320027463,0.5548046218884093,-0.0014994582092899833,-0.0006521934579731825,0.6533133232213811,0.022088212797295986,0.01443052370662248,0.15521365359639444,0.15466703463878875,0.3340272173085582,0.7707481978065137,0.6138394799829119,0.6161102993898602,0.7922483922925714
768,0.40069367319570165,0.417949898335725,-0.00020966487147150437,-4.3403756123605586e-05,0.44234487540251544,0.55382475531056,-0.002067547797759195,-0.0009798665778493199,0.6579606520273359,0.025466812886350366,0.016756160811761248,0.15703249646825895,0.15592696214927512,0.3287969746744096,0.7717600790486219,0.6149968684085969,0.61681796587185,0.7964819427605889
769,0.4004626002254778,0.41788418714713443,-0.00023107297022384454,-6.571118859055591e-05,0.439972250793719,0.5523443018512811,-0.0023726246087964475,-0.0014804534592788299,0.66200399898815,0.028333755408089262,0.018757059386507215,0.15871281918516222,0.15745994039826772,0.3240325023669848,0.7727406199998923,0.6162549908257068,0.6175254192832159,0.8001929148903214
770,0.4000314410293873,0.41770068802841115,-0.00043115919609049147,-0.00018349911872328484,0.43707826358556134,0.5506568221747224,-0.0028939872081576445,-0.0016874796765586897,0.6663484473158848,0.03077513055579763,0.020506960461799395,0.16082506771038987,0.15939150902443922,0.31995389729253304,0.7737422718189426,0.617586732652493,0.6181551947907572,0.8035210332897074
771,0.39938016089425,0.41736889503922847,-0.0006512801351373221,-0.00033179298918267763,0.4339065354976768,0.5486047792737857,-0.0031717280878845178,-0.002052042900936746,0.670765096545257,0.03294573607991439,0.022098849842398332,0.16299457593515546,0.16117880339145407,0.3160461281111229,0.7749967884539813,0.6190218833403468,0.6187857541276032,0.806850281579176
772,0.3984916507297093,0.4169954148351777,-0.0008885101645406679,-0.0003734802040507579,0.43041888234766595,0.5465373740429722,-0.003487653150010872,-0.0020674052308135016,0.6754781021845493,0.034075679282507175,0.02301737517239731,0.16523505708517852,0.16211421283919858,0.31239072131291296,0.7771329335069018,0.6205642901016313,0.6194238327687344,0.8100667591027603
773,0.39744338990600714,0.4164674572606728,-0.001048260823702185,-0.0005279575745049114,0.4262339346957679,0.5442895586942736,-0.00418494765189803,-0.0022478153486985564,0.6808660504409872,0.03470384755149087,0.023628671617489716,0.1676503004620459,0.16262566198266992,0.3089731147218971,0.7796074543599112,0.6221317630268549,0.6200186651727674,0.8131500243655317
774,0.3963648357294278,0.4158831571902938,-0.001078554176579316,-0.000584300070379018,0.42134031117411264,0.5417084110603159,-0.004893623521655288,-0.002581147633957781,0.6860401266054827,0.03540907095083349,0.02429204351809233,0.16982904507774862,0.16262558576687286,0.3057791438817034,0.7820984102257295,0.6236746611699666,0.6205378866454928,0.8163264826929895
775,0.3954458514741881,0.4151833036886232,-0.0009189842552397298,-0.0006998535016705665,0.4165285030422278,0.5389155533765869,-0.004811808131884809,-0.0027928576837289443,0.6904106670194621,0.03578721318929519,0.024707873728788982,0.17127393413061154,0.1624896407070938,0.30334091055558876,0.7850833227573654,0.6250612264200118,0.6210125137410647,0.8196849634755864
776,0.39458258439097077,0.41445160194777936,-0.0008632670832173228,-0.0007317017408438597,0.41204312840395424,0.5360904810891037,-0.004485374638273587,-0.002825072287483188,0.6940628589005147,0.036104905593505474,0.02505907399656159,0.17222405086657105,0.16234534203082537,0.30144210935764737,0.7889742702574881,0.6262918453787818,0.6214290078898344,0.8239455312147035
777,0.3938693707989473,0.4138058875418407,-0.0007132135920234761,-0.0006457144059386355,0.407913911817938,0.5332485776573697,-0.004129216586016227,-0.002841903431734072,0.6984378057593599,0.04647726415294514,0.03246147839268116,0.17080568017524564,0.16029958898647662,0.29790661121357215,0.786676638852346,0.6274146723888324,0.6220002802207467,0.8320068895511196
778,0.39319515603911726,0.41315303322041974,-0.0006742147598300385,-0.0006528543214209814,0.4039507940665113,0.530650115222503,-0.003963117751426715,-0.0025984624348666108,0.7041392106677744,0.06478066953025909,0.04561460950956658,0.1666836917939988,0.15580168183767765,0.29299304184226055,0.779416410937806,0.6283948469781083,0.622671969759501,0.8431271724894417
779,0.39249319907730723,0.4123978888637398,-0.0007019569618100241,-0.0007551443566799487,0.3994883969691231,0.5280826607611119,-0.0044623970973882154,-0.002567454461391172,0.7112269407683557,0.08451539626665695,0.06010962673455973,0.16143120287403986,0.15071318447137344,0.2886041369081863,0.7707952046874053,0.6293338191456067,0.6233733499898151,0.8543536505175008
780,0.3917559368678331,0.41191260597511314,-0.000737262209474121,-0.00048528288862664803,0.39486045378119633,0.5253566181582897,-0.004627943187926753,-0.002726042602822165,0.7196250745459525,0.10310036581336203,0.07419360843415562,0.15587494982772593,0.14554765431555303,0.28453972573580105,0.7617949848377203,0.6301224771973979,0.6240070831271897,0.8640153580677506
781,0.3910519020654909,0.41149873769869166,-0.0007040348023422127,-0.0004138682764214807,0.38974894825390194,0.522058747673275,-0.005111505527294391,-0.003297870485014731,0.7281379220274473,0.1208293462151852,0.08798042907305995,0.15019051960094032,0.1399515871818729,0.2806227787827706,0.7534409254983735,0.6309977016648797,0.6247913698085216,0.8734985244031183
782,0.3903925936891063,0.41103959327044204,-0.0006593083763846153,-0.00045914442824962487,0.3847957068275718,0.5184938744347155,-0.004953241426330135,-0.003564873238559474,0.736066395277244,0.13625165195408695,0.10029026230441444,0.1448597157443384,0.1346603236014273,0.27702342407897246,0.7462705657806958,0.6317814649948593,0.6255654314921045,0.8818257065604518
783,0.38972558004963165,0.41037078545940986,-0.000667013639474634,-0.0006688078110321793,0.37998690052499173,0.5150188322182558,-0.004808806302580071,-0.0034750422164596673,0.7433924542862446,0.14949723662986375,0.11113511764728587,0.14017742642444717,0.13007515863607572,0.27387949417956264,0.7399167435239963,0.6324701639417049,0.6262799929208868,0.888802286567411
784,0.38896565960389234,0.4096715357131118,-0.0007599204457393038,-0.0006992497462980363,0.37563471702147744,0.5116377076517723,-0.004352183503514295,-0.00338112456648354,0.7498818177248067,0.16140214571388134,0.12103253441260946,0.13595822399594665,0.12657985012344278,0.27110103710721867,0.7343104213845332,0.6332202193938075,0.6270525591166837,0.8951488251225028
785,0.38830652191825826,0.40904808174075225,-0.0006591376856340814,-0.0006234539723595778,0.37196021868498036,0.5088137789886765,-0.0036744983364970785,-0.002823928663095776,0.7555264145086233,0.17227424803684943,0.1301577449314501,0.13212799924023766,0.12333388792429653,0.26857832909956475,0.7292604881286011,0.6340428468788488,0.6278873011808539,0.901013592390114
786,0.387909612563379,0.4086020143058679,-0.00039690935487923795,-0.0004460674348843452,0.3688175993489403,0.5065552621388599,-0.0031426193360400423,-0.002258516849816594,0.7602252527970491,0.1817081136428094,0.1381390966293797,0.12894811496483718,0.12059154100952013,0.26655196097209927,0.7249837519171101,0.6349056096141186,0.6286709172866859,0.9062065284416732
787,0.3877040853081288,0.408345835878302,-0.0002055272552502485,-0.0002561784275659229,0.36602010454098527,0.5042148790111457,-0.0027974948079550477,-0.0023403831277142295,0.7641327191421778,0.19002527288892532,0.14520452847834886,0.12629805547737977,0.11825770954856085,0.26485617353387997,0.7213111494012392,0.6357756409805474,0.6295292454512645,0.910877525486497
788,0.387444629166692,0.4081518031807674,-0.00025945614143679796,-0.0001940326975345963,0.36294931344531384,0.5024180703186077,-0.0030707910956714324,-0.0017968086925379545,0.7671275155063566,0.1969729433482397,0.15110336465270946,0.12403011322019888,0.11631524727100033,0.2635897908642123,0.7183156040283516,0.6364564264382369,0.6303765199717285,0.9148525725842568
789,0.38702900288406517,0.4078897213919615,-0.0004156262826268131,-0.00026208178880587907,0.35919179358347797,0.5008027078027045,-0.0037575198618358674,-0.0016153625159032181,0.768929360882687,0.20250323261310293,0.15571068122987133,0.12211840489930038,0.11479426327459244,0.26269299398056983,0.7160051277458427,0.6369276592594019,0.6311441925304878,0.9180951416129801
790,0.3866371128863442,0.4076734763420809,-0.00039188999772094,-0.00021624504988060345,0.35533785472050883,0.49903063516500273,-0.003853938862969142,-0.0017720726377017937,0.770185070601943,0.2068123297853982,0.15928376881711923,0.12065091451948853,0.11375004461048564,0.26207981931504676,0.714339173169671,0.6373686434562071,0.6317988795380199,0.9207527598506388
791,0.386317316042737,0.4075195372551011,-0.00031979684360722294,-0.00015393908697980407,0.35210216464876054,0.4976447447417709,-0.0032356900717482873,-0.0013858904232318392,0.7709721770890955,0.2098768778297,0.16180923342102593,0.11976431786422118,0.1131672086208135,0.26177133253933876,0.7132624411449883,0.6377148906112792,0.6323874169009567,0.9227468718504882
792,0.38614553079698843,0.40746376429452724,-0.00017178524574856802,-5.577296057385217e-05,0.34953005790992864,0.49647559573991273,-0.002572106738831903,-0.0011691490018581607,0.7714896719975166,0.21170333932505064,0.16332693981666227,0.11932520436658899,0.11278839406212117,0.2616009822956174,0.7131107600333193,0.6379574909883456,0.6328350456163002,0.9244240342549505
793,0.38606840226465455,0.40746486051835906,-7.712853233388106e-05,1.0962238318201756e-06,0.34750108686006637,0.49550451197511614,-0.0020289710498622715,-0.0009710837647965986,0.7719696876607992,0.21296396446851454,0.16440172513376472,0.11925352976070472,0.1125257810632875,0.2616014519347291,0.7131935893808382,0.6381254359490813,0.6331629513738032,0.9257662454250029
794,0.38607490975886516,0.4075363092800321,6.507494210605813e-06,7.144876167303194e-05,0.34588572292864456,0.4946562391535669,-0.0016153639314218093,-0.0008482728215492563,0.7724417832212017,0.21368831796880575,0.16506178538536348,0.11949073201901043,0.11249822349883287,0.26179452950263593,0.7134700463030529,0.6382613266131562,0.6334704098372634,0.9267597213442246
795,0.38610650628750265,0.4074791881566998,3.159652863748974e-05,-5.712112333228214e-05,0.3446631013597682,0.4940343784939109,-0.0012226215688763697,-0.0006218606596559706,0.7727701024848688,0.2138988510071838,0.16529463701421712,0.11993006648611533,0.11260259264593546,0.2621893322612185,0.713778861749694,0.6383041418679546,0.6336787258109463,0.9272685734676595
796,0.38618851924778436,0.4075575791537929,8.201296028170768e-05,7.839099709311403e-05,0.34396392320197045,0.4934113497073371,-0.0006991781577977418,-0.0006230287865738315,0.7730080802766027,0.21375935152909126,0.1652377059666743,0.12052036723179783,0.11300021063392271,0.2626480140540844,0.7142362060734296,0.6383278903463516,0.6338980026808866,0.9275543326499958
797,0.38621951033045154,0.40760088069782174,3.099108266718664e-05,4.3301544028817585e-05,0.3434653664022743,0.49290714930395696,-0.000498556799696126,-0.0005042004033801173,0.7731309317932739,0.2132501633081842,0.16487029746352427,0.12120020569629276,0.11350579591248433,0.26325942372942385,0.7148533484061238,0.6383370955849254,0.6341288497438328,0.9276272604436384
798,0.3861410385785987,0.4075892738262744,-7.847175185282662e-05,-1.1606871547331643e-05,0.34309822310795457,0.4924101430013705,-0.00036714329431974946,-0.0004970063025864779,0.77320100033895,0.2122480463897316,0.16411040178852834,0.12186844292093184,0.11405436960617271,0.26387509265249276,0.7158041227780628,0.6383198482083771,0.6343462813225782,0.9275446814444736
799,0.3860340464867545,0.4075808035491723,-0.00010699209184422687,-8.470277102101686e-06,0.34274756424019104,0.49182155559039176,-0.0003506588677635314,-0.0005885874109787248,0.7732632117236191,0.21094159840026133,0.1631133778650999,0.12249204145356184,0.11454985590250324,0.26458931586076406,0.7170388907492768,0.6382736924929749,0.6345090478875446,0.9274538373100396
800,0.38594072791176603,0.4075843982988541,-9.331857498845464e-05,3.5947496818122815e-06,0.34243541404646083,0.49116138962793704,-0.0003121501937302096,-0.0006601659624547174,0.7733039227458409,0.20963968632770477,0.16211519180042172,0.12301463893315344,0.11501483066771387,0.2652000860673906,0.7182853771313614,0.6382143965559423,0.6346481209678552,0.927384160966965
801,0.3858403935736963,0.4075879990546281,-0.00010033433806971859,3.6007557739914375e-06,0.34199604184856897,0.49050053498971025,-0.000439372197891863,-0.0006608546382267932,0.7733176743230187,0.20847085711078306,0.1612141983850371,0.12344219751702604,0.11539326419704152,0.26573845520677863,0.7193058536935597,0.6381600039706583,0.634751685707817,0.9272253535488609
802,0.3857226674563308,0.40771161315802484,-0.00011772611736549088,0.00012361410339672974,0.3415516514495635,0.4893294868707758,-0.0004443903990054565,-0.0011710481189344257,0.7732745869222133,0.2073494034050477,0.16033802426660562,0.12375119822642697,0.11588057704424813,0.26618425374744514,0.720214955514643,0.6380676980878651,0.6348124671248043,0.9270029281040268
803,0.3855526965868631,0.4077636593224417,-0.00016997086946773932,5.204616441684129e-05,0.3411236107430748,0.4883096263874771,-0.0004280407064887193,-0.001019860483298718,0.7732303925004497,0.2063215356737049,0.15953408201027436,0.12406401103155162,0.11635438559397912,0.2664995861726835,0.720709422424741,0.637864426564813,0.6349190849478271,0.9264626181475487
804,0.38529466737983975,0.407717821568234,-0.00025802920702333587,-4.583775420768932e-05,0.3406882958790143,0.48728842902479164,-0.0004353148640605098,-0.0010211973626854665,0.7732026744238917,0.20542221315109857,0.15883300459450414,0.12438142793391334,0.1168667328695467,0.26648029212575813,0.7209090188595486,0.6376260369495367,0.6349933515156648,0.9257587431825212
805,0.38496890709270765,0.4076685895697709,-0.00032576028713210414,-4.923199846307291e-05,0.3403034547646119,0.48637712375309905,-0.0003848411144024011,-0.0009113052716925862,0.773267920075649,0.20483559862655865,0.1583927973074095,0.12465413346932726,0.11730302597846864,0.2663613531354324,0.7208626080665822,0.6374207873082813,0.635060211196648,0.9251237619035686
806,0.3846826575692561,0.40755337530387326,-0.00028624952345152055,-0.00011521426589766737,0.34002140889841864,0.48558258090930345,-0.0002820458661932368,-0.0007945428437955981,0.7733817385544978,0.20444419721707208,0.1581134086811178,0.12485860247159533,0.11768104861128337,0.2661644205559501,0.7206631407825419,0.6372135526820621,0.6350846032777339,0.9245377562316045
807,0.3843681871558774,0.40738988274574695,-0.00031447041337873127,-0.00016349255812631025,0.3396634264422419,0.4848571254300363,-0.00035798245617674196,-0.0007254554792671675,0.7735636978467174,0.20404981026664618,0.1578455257747879,0.12512464465101336,0.11801085372733525,0.26591832237567486,0.7203619836177813,0.6369790194680115,0.6350354078330745,0.9238506793523119
808,0.3840737514841352,0.40721036660703286,-0.0002944356717421992,-0.00017951613871408645,0.33932303299329963,0.48422445667240227,-0.00034039344894226664,-0.000632668757634014,0.7736931747874244,0.20369983405984654,0.1576011713174342,0.12533700436625103,0.11825938961658863,0.26568897997665647,0.7200326151390751,0.6367469992215419,0.6349597248072723,0.9231785048912183
809,0.3838108957618678,0.40703804531615667,-0.0002628557222674188,-0.0001723212908761873,0.33906198853597136,0.48368056820448263,-0.0002610444573282744,-0.0005438884679196399,0.773855633820438,0.20332800734953552,0.15734652400092147,0.12561005426818098,0.11852960665712435,0.2654847716958871,0.7196867967742568,0.6365053801754246,0.6349338763722181,0.9224699640900141
810,0.38358027435278147,0.40685644924879966,-0.0002306214090863068,-0.00018159606735701495,0.3388677041884236,0.48315513552490125,-0.00019428434754775736,-0.0005254326795813835,0.7739749630746984,0.2030743272094421,0.15717444490334717,0.12583602500064855,0.11875544597422273,0.2652786569764153,0.71934594745897,0.6362763606020876,0.6349272707092882,0.9218853984595585
811,0.38327799807436014,0.4066100779323461,-0.00030227627842133176,-0.00024637131645355304,0.3387299000284953,0.48275321215930533,-0.00013780415992831196,-0.00040192336559591313,0.7738849586682852,0.2025623385380134,0.1567599469872417,0.12617619466878938,0.11907611049420665,0.26507538493194155,0.7188857521405873,0.6359399725879651,0.6348256889119045,0.9209225164685666
812,0.38298381041748014,0.40636465107730313,-0.00029418765687999615,-0.0002454268550429739,0.3388412492236313,0.48245316261022436,0.00011134919513600128,-0.0003000495490809718,0.7737476480031221,0.20214085651374447,0.15640601229284637,0.12639747912069635,0.11923528986449196,0.26485068947778534,0.7189412665848063,0.6355757806685621,0.6346725148773095,0.9205645846333159
813,0.38285181382136524,0.4061848795087433,-0.00013199659611490278,-0.00017977156855980558,0.33962006796974925,0.4824173589108115,0.0007788187461179596,-3.580369941286188e-05,0.7736836853043799,0.2014210247821177,0.15583616075121368,0.12676617066573304,0.11957763311925662,0.2648273588477484,0.7191899371412669,0.6352437715242095,0.6344925945433656,0.9200931163409736
814,0.38283352406620885,0.406032943512048,-1.8289755156386533e-05,-0.0001519359966953293,0.3411325703155259,0.4827991813921523,0.0015125023457766562,0.0003818224813407767,0.7736816712292177,0.2005354886817633,0.1551506320240745,0.12726187381318635,0.12006999725617638,0.26487444351551354,0.7196415441025233,0.634960463954391,0.6343750979191245,0.9196594258148243
815,0.38286307361634997,0.4058530578487527,2.954955014111693e-05,-0.00017988566329529831,0.34268951591449054,0.48328038458933603,0.001556945598964632,0.00048120319718375493,0.773851320244877,0.1995241991382306,0.1544020649239215,0.12803527758390523,0.12058437488830215,0.2650527312593493,0.7202219671694606,0.6348240768542662,0.6343795410012885,0.9192214976018986
816,0.3827293563209923,0.4055011942343206,-0.00013371729535766042,-0.0003518636144320686,0.3437746620331478,0.4837078219234716,0.0010851461186572875,0.00042743733413558305,0.7739060249215967,0.1984998409007607,0.15362022281907708,0.12879598934450465,0.12099274065238033,0.2653228323721568,0.7207848692401941,0.6347140507149612,0.6343082939651017,0.918738090980236
817,0.38256756039631473,0.40512255915187884,-0.00016179592467757686,-0.00037863508244179167,0.34469432163992886,0.48419907386737365,0.0009196596067810314,0.000491251943902038,0.7739647347853243,0.1975113273518542,0.15286680209097522,0.12957946029608974,0.12133050863571351,0.26564772896978284,0.7213770333480746,0.6346508604975037,0.6342550217159867,0.9183116992204625
818,0.38240073003476327,0.40479912075744173,-0.00016683036155146214,-0.0003234383944371033,0.3453769503844979,0.4845823447482282,0.000682628744569036,0.0003832708808545471,0.7739418977080111,0.1966462279334059,0.15219275482390227,0.13036709582431255,0.12154434351385314,0.26588650137245495,0.7218830366400131,0.6346327670907579,0.6342314026946063,0.9179258860037062
819,0.3822617965415939,0.40450901921820764,-0.00013893349316934644,-0.0002901015392340889,0.3459351553803624,0.48492988997960973,0.0005582049958645086,0.0003475452313815297,0.7740571566648055,0.195868395938277,0.15161333364047905,0.13102900103948423,0.12170394052964795,0.2660826251003649,0.7221871201172041,0.6345866650522468,0.6342112154914893,0.9174296586028899
820,0.38212071146832716,0.40423354586048627,-0.00014108507326676678,-0.0002754733577213786,0.3464349452327069,0.4851833272370474,0.000499789852344501,0.0002534372574376498,0.7742506442125697,0.19532055927695746,0.15122706884814371,0.1317715589196054,0.12179468649877935,0.2661638229663489,0.7221971431756816,0.6345251087386116,0.6341938528627656,0.9168741797840774
821,0.38199830372381577,0.4039664355492202,-0.00012240774451138803,-0.0002671103112660833,0.3468674391099696,0.48531259596644327,0.0004324938772626852,0.00012926872939589273,0.7744025935072675,0.19485837838408623,0.15089883358725684,0.1323398964059777,0.12184632615483304,0.266178296351445,0.7219188138159325,0.6342932300674923,0.6342028009338351,0.9161208906679057
822,0.3819099438781616,0.403757643904367,-8.835984565419563e-05,-0.00020879164485315682,0.3472406694372334,0.48542803810759155,0.0003732303272638293,0.00011544214114828089,0.7746086651986369,0.19453351244771502,0.15068734441352696,0.1327931951778681,0.12187887947704439,0.2661100359034553,0.7215208882127371,0.6340550423753376,0.6342483211653809,0.9153894432730152
823,0.38199388387037875,0.40366643926650947,8.393999221717463e-05,-9.120463785755595e-05,0.3476213051280581,0.4854027008404661,0.0003806356908246933,-2.5337267125447038e-05,0.7748353759431208,0.19429555497197595,0.15054706938078827,0.13309176366338385,0.12195358569382567,0.26607291871234995,0.7212521947851955,0.6338640594573588,0.6343404428390238,0.9148766924750189
824,0.38217170644529014,0.40367424957244313,0.00017782257491139042,7.810305933664274e-06,0.34805412798671814,0.4853858213203892,0.00043282285866003134,-1.6879520076895638e-05,0.775200297228279,0.19416666003023386,0.15051805256725947,0.13339005776034657,0.1220353534698447,0.2660129732647315,0.7212151961887248,0.6337847583908144,0.6344502778013925,0.9147066546728673
825,0.3823238516701696,0.4037220108347758,0.00015214522487944082,4.7761262332690624e-05,0.3484037165681569,0.48534018190247197,0.0003495885814387423,-4.5639417917242575e-05,0.7756913602202999,0.19400956902223807,0.15049154649061403,0.13374520332977802,0.12223544832271846,0.2660291834033897,0.7211008604353716,0.6337510324747694,0.6345317494150385,0.9144329156739295
826,0.38247351421106196,0.40377469933307675,0.0001496625408923813,5.268849830092348e-05,0.34863967984184074,0.48540991141995526,0.00023596327368385905,6.972951748329681e-05,0.7761698891959299,0.19389214067963506,0.150493241347274,0.13395097709072273,0.12248817090603113,0.26604333466749963,0.720969642250312,0.633938711197798,0.6343702988099985,0.9141882141352499
827,0.38257644063565677,0.4037629810288581,0.00010292642459480694,-1.1718304218644171e-05,0.3488055558319691,0.4854510874957639,0.0001658759901283502,4.1176075808613266e-05,0.7765877228542325,0.1936115806498039,0.1503563765350398,0.1341121854301668,0.12272480854415836,0.2659819467579949,0.7208726815032489,0.6340977762368798,0.6341354201058439,0.9138141061170234
828,0.38262757316119655,0.4037043540305466,5.113252553978764e-05,-5.862699831149509e-05,0.3488391271835534,0.48540710857297414,3.3571351584327225e-05,-4.397892278973359e-05,0.7768418286053221,0.19330413154138962,0.15016673502357683,0.13421614333217224,0.12298122469432686,0.2658916713572959,0.7206534736822677,0.6341295158978009,0.6338922703412678,0.9132887671015141
829,0.3826387133486903,0.4036137596299497,1.1140187493763332e-05,-9.059440059688839e-05,0.3489897892462329,0.48538060944560313,0.00015066206267949633,-2.6499127371015785e-05,0.7770106382687143,0.1930469927130145,0.14999956702379524,0.1342233295296609,0.1232027701606501,0.2657429795015635,0.7202169979478161,0.6340579100433786,0.6336263091904666,0.9125921296507121
830,0.38270126201931665,0.40355687423698516,6.254867062632785e-05,-5.68853929645563e-05,0.3491358830609224,0.4853796759815826,0.00014609381468949634,-9.334640205249656e-07,0.7770344726878735,0.1928786443133633,0.14987335567678617,0.13423917674830207,0.12339275931401651,0.26555781837910664,0.7197438874662041,0.6341540594923614,0.6332314810554485,0.9119419233846416
831,0.38270837037349237,0.4033611418621511,7.108354175722198e-06,-0.0001957323748340567,0.34921847104986564,0.48517326957602863,8.258798894322794e-05,-0.0002064064055539716,0.7769907156659154,0.1926994461363154,0.1497256805618812,0.1343639192954041,0.12341321320788799,0.26550523112940694,0.7195195218573847,0.6342120495869137,0.6329161303936746,0.9115279792349819
832,0.3825492882955729,0.40309819463885216,-0.00015908207791948126,-0.00026294722329894826,0.34943923368247354,0.484950510738332,0.00022076263260789597,-0.00022275883769662386,0.7768473987396127,0.1923303518656284,0.14941133354548786,0.13440141357971933,0.123432711938077,0.26552602672297554,0.7195155895816979,0.6342551847004873,0.6326486011711444,0.9111394947744577
833,0.3823671430146867,0.4029124837933768,-0.0001821452808861701,-0.00018571084547536199,0.3494363401154155,0.48468372962047224,-2.893567058015467e-06,-0.0002667811178597712,0.7766885351509865,0.19190795288502888,0.1490527068100976,0.1343350292298915,0.12340494186682717,0.26557697155018134,0.7196201388420751,0.6342715472790514,0.6325206175751391,0.9108091073415733
834,0.3820299822017794,0.40263315860085874,-0.00033716081290730004,-0.000279325192518054,0.3491844739756708,0.4842252858262733,-0.0002518661397447053,-0.0004584437941989594,0.7764492577140164,0.1914295205635038,0.14863530914608256,0.1341867836206142,0.12336953284231407,0.26549056422637896,0.7194049917084098,0.6340284132435376,0.6323684751839788,0.9101068593861908
835,0.3814535390501745,0.4022361426112715,-0.0005764431516049329,-0.00039701598958724604,0.348456018488293,0.48380171292125773,-0.0007284554873778215,-0.0004235729050155457,0.7757497346515944,0.19081823129844738,0.1480271922964571,0.1339514954096407,0.1233633578837506,0.2652906088829967,0.7188393208749755,0.6336059853681,0.6321756041459429,0.9089191016664481
836,0.38106724644665313,0.40199818855217984,-0.0003862926035213543,-0.00023795405909166067,0.3477372440574686,0.483397569982333,-0.0007187744308244093,-0.000404142938924712,0.7750536990813319,0.19029593502167516,0.14748956835869012,0.1337171791168078,0.12340612650109278,0.26514014258275936,0.718601585292,0.6332933849377096,0.6321447516002182,0.9081530257476342
837,0.38079000977530636,0.40182106497551173,-0.00027723667134677,-0.0001771235766681034,0.34690337717688824,0.48299544905225006,-0.0008338668805803473,-0.0004021209300829609,0.7744484225645639,0.18980981839435987,0.14699791444277835,0.1334807717851213,0.12342529851752303,0.26500439629092454,0.7186128619553271,0.6331134258323061,0.6321063562411098,0.9076793877522945
838,0.3805812483653832,0.40168809800983496,-0.00020876140992315273,-0.0001329669656767729,0.34617315163473916,0.4826953289054696,-0.0007302255421490766,-0.00030012014678043597,0.7740394584202012,0.1894764862714705,0.14666227681693172,0.1332213522375502,0.12338665995695713,0.26483518202222345,0.7187360454962906,0.6330045921695368,0.632098122569553,0.9074734761260428
839,0.3803861306170168,0.401555997643875,-0.00019511774836639129,-0.0001321003659599529,0.34559494611425245,0.48249141963234016,-0.0005782055204867076,-0.0002039092731294656,0.7736844501669152,0.1891800079258294,0.146365630414668,0.13295434200371012,0.12331124174504016,0.2647182185142246,0.7188000957721544,0.6328365660142566,0.6320460032605938,0.9072402079049089
840,0.3805338140895147,0.4017149878893251,0.00014768347249788372,0.00015899024545007467,0.3456173683842988,0.48246462992550093,2.2422270046340564e-05,-2.6789706839225325e-05,0.7738200625280445,0.18912980985059233,0.1463524412845025,0.13285961417481046,0.12333526015363909,0.26482920649723535,0.7193008222296305,0.633008102690106,0.6318747928556554,0.9077027537149521
841,0.3809118098508432,0.4018874333262032,0.0003779957613285201,0.00017244543687811031,0.34583975841679654,0.4823382675671384,0.00022239003249774347,-0.00012636235836255283,0.7742220008490812,0.18924122145969266,0.14651471712164735,0.13287011517370242,0.12324733588662347,0.2649769751344074,0.7199487918895054,0.6334048915953854,0.6317758647011129,0.9084776646488916
842,0.38143058507114924,0.40219931913623713,0.0005187752203060225,0.00031188581003394056,0.34335767464459244,0.47923008482872853,-0.0024820837722041023,-0.003108182738409848,0.7743684490904601,0.18934778993086754,0.14662495442747214,0.1327363514944648,0.12321001853077304,0.2649858997126417,0.7204040554386499,0.6336322528995503,0.6316716494552137,0.9090523786642113
843,0.3818255734471459,0.40259899893455736,0.00039498837599666325,0.0003996797983202294,0.3267147656661864,0.4654384198021518,-0.016642908978406035,-0.01379166502657675,0.7729206039705083,0.1892383761948945,0.14626624002295613,0.13248735125521902,0.12283821499012267,0.2643360558386932,0.7193140853352743,0.6324370171175216,0.6305880603457179,0.907876017136928
844,0.38163669317683646,0.40293984462316934,-0.00018888027030944388,0.0003408456886119793,0.3023819585602219,0.4464425619195177,-0.024332807105964527,-0.018995857882634082,0.7697393233080609,0.1887404276164887,0.14528092903439008,0.13114476448093768,0.12264847236857578,0.26316033844281683,0.7167283604561067,0.6294546992275799,0.6283364727696079,0.9048136786704204
845,0.38157645006692203,0.403421626550728,-6.0243109914426274e-05,0.00048178192755865545,0.27561488499685305,0.42917094865020905,-0.026767073563368826,-0.01727161326930865,0.7639813087542061,0.18802660734801951,0.14364881356235318,0.12820335233739427,0.12193050562314782,0.26209255018808497,0.7131164813330907,0.6257574807897726,0.6252934189589258,0.9004930585636183
846,0.3824686880984499,0.4049922012507426,0.0008922380315278811,0.001570574700014593,0.2536228831703646,0.41620540848145465,-0.021992001826488472,-0.012965540168754397,0.7574314087941791,0.18786746899971707,0.14229672171105248,0.12429786404580202,0.12062122154448623,0.26180889908716004,0.7101970764550768,0.6227942663518209,0.6227692123989069,0.8973840333456414
847,0.3837237026786937,0.4068266138124348,0.0012550145802437962,0.0018344125616922002,0.2412678462859526,0.4102431521238816,-0.012355036884411974,-0.005962256357573026,0.7467038275487589,0.1867303430115938,0.13943226184624974,0.11786570624721444,0.11200341180035826,0.26450558572068167,0.7085477507100657,0.6207284534645084,0.6202533506712188,0.8944640941511015
848,0.3855886746011606,0.4089702281697851,0.0018649719224668737,0.002143614357350332,0.2401173340804949,0.41326521724938625,-0.0011505122054576988,0.003022065125504625,0.7289231462885338,0.18316298239987408,0.13351173741450756,0.10837398531063049,0.09798033793388498,0.271524339091194,0.70782534222091,0.6186615784469099,0.616905361510023,0.8899730379695003
849,0.3875600662541398,0.4111382784153803,0.0019713916529792153,0.0021680502455951878,0.2476334808905244,0.4218440096957785,0.007516146810029489,0.008578792446392258,0.7089817665122286,0.17601516796975358,0.12479154472014252,0.09920607394588049,0.08759946820026261,0.2816618428484003,0.708156593083932,0.6162938256914829,0.6134540412140694,0.8829271660604915
850,0.3896748895906267,0.4131389528422747,0.002114823336486882,0.002000674426894389,0.2610048905670758,0.4337416370528036,0.013371409676551427,0.011897627357025098,0.6895297478383776,0.16592648777127345,0.11441124927263382,0.09137343012831003,0.08180554620965864,0.29400937123606763,0.7086122918648948,0.6135581797478147,0.6103139368460311,0.8731793316554239
851,0.3922286474676377,0.41509419718987345,0.002553757877011009,0.00195524434759875,0.27802920925997143,0.4471725588658611,0.017024318692895613,0.013430921813057495,0.671264825848489,0.1549940700348868,0.1040420674295168,0.0848762701068374,0.07694772083227311,0.3065825651763774,0.7092280049317313,0.6109596122909594,0.6074907400945,0.8628573747802605
852,0.39470580689013024,0.41682813173513705,0.0024771594224925475,0.0017339345452636046,0.29605081406587774,0.4610683784340934,0.01802160480590631,0.01389581956823227,0.6543660307794241,0.14268590697524897,0.09336881059555581,0.08031075136197825,0.07323581296495837,0.3200760150989407,0.7110166388168664,0.6089450832141856,0.6052053188970594,0.852368622492825
853,0.39723862400249155,0.4184947285656317,0.0025328171123613075,0.0016665968304946377,0.31336668730304507,0.4746656018818368,0.017315873237167323,0.013597223447743445,0.6389981031743641,0.1290388219402112,0.08245556245564949,0.07732853107085386,0.06953848539997477,0.3336726867497746,0.7139079189913238,0.607386340324122,0.6032927171176058,0.8416876175453596
854,0.39952669522216344,0.41998498924733046,0.0022880712196718944,0.001490260681698774,0.32906892228956736,0.48709449503394087,0.01570223498652229,0.012428893152104048,0.6254176455679569,0.116876751275779,0.0730967826045294,0.07448886860240676,0.06592831080884705,0.3455262613650347,0.7167094825118878,0.6062105589828132,0.6017960229269488,0.8323583931525831
855,0.40156363292207914,0.4213250745656326,0.0020369376999156974,0.0013400853183021533,0.34350607199924743,0.4984143489207682,0.014437149709680075,0.011319853886827325,0.6135832548240504,0.10533790049686365,0.06463357184319755,0.0724905708951863,0.06258256299565516,0.35629558116714016,0.7195876264359412,0.6052864269906816,0.6007208383214662,0.823753101326955
856,0.40351524123786386,0.42278851249045774,0.0019516083157847253,0.0014634379248251173,0.3563589584676101,0.5088025164084231,0.01285288646836269,0.01038816748765492,0.6033963360893939,0.09398721587397987,0.056711541697602376,0.07161346380712938,0.06000605648848839,0.3660743677998701,0.7227902296612709,0.6047066430611189,0.5998927939467998,0.8157163247681927
857,0.4052561401638842,0.4242050560261082,0.0017408989260203622,0.0014165435356504608,0.36760133205947554,0.5178364163616248,0.011242373591865418,0.009033899953201696,0.5949602227266407,0.08297704288235085,0.04936803991448148,0.07162806683719537,0.05830073987147455,0.3750459530271886,0.7261109507534375,0.6044080566340615,0.5993295655500658,0.808179586911888
858,0.406888074245977,0.42552059733488656,0.0016319340820927786,0.0013155413087783674,0.377485562179375,0.5255725457686993,0.009884230119899473,0.007736129407074466,0.5879647640532253,0.07335555966603885,0.04313048433103482,0.07165020124924919,0.05678633780773445,0.3827918630636067,0.7291930079421886,0.6042920701360219,0.5989797445346797,0.8017838281759855
859,0.4083177523778445,0.4266452706646473,0.0014296781318675067,0.0011246733297607392,0.38618132601541977,0.532229056661802,0.008695763836044756,0.006656510893102707,0.5824077101397862,0.06488731561281648,0.03779087290317804,0.07167347408149907,0.05552972893566576,0.3895088614610815,0.731945878794473,0.6043077393886722,0.5987871978697314,0.7962052000484792
860,0.4095511547215575,0.4276028566067872,0.001233402343712997,0.0009575859421399047,0.3938523812495224,0.5380745855554981,0.007671055234102608,0.005845528893696161,0.5776537554122829,0.057498436312705445,0.03321418766636828,0.07183859224895402,0.05444728413784076,0.39530289290303877,0.7343245079250359,0.6044251466769348,0.5987272168209822,0.791334148369939
861,0.4106483439865505,0.4283595791955101,0.0010971892649929704,0.0007567225887228912,0.400715255035371,0.5436429657351497,0.0068628737858486,0.005568380179651555,0.5735022213846079,0.050504569817235785,0.028964482980258745,0.07247158352832876,0.05404992551433006,0.4007749610231017,0.7361342662263024,0.6046153109551357,0.5986966242162503,0.7863084882982815
862,0.41167114591032095,0.42904756782154096,0.0010228019237704666,0.0006879886260308665,0.406838038563804,0.5485330499607072,0.00612278352843304,0.004890084225557478,0.5700000975373952,0.04413175040299861,0.02515510203420519,0.07326866253320946,0.05389717257095901,0.40541677452046027,0.7378668625947417,0.6048219946922567,0.5987713106450406,0.7818062840782912
863,0.41261891001186235,0.42969956480203775,0.000947764101541404,0.0006519969804967829,0.41239152088665615,0.5528035885268742,0.005553482322852132,0.004270538566166993,0.5667605539195159,0.03866870719357562,0.021915897908382484,0.07411267163194785,0.053846781878627285,0.4093303118397648,0.7392687504485853,0.6050027955764887,0.5988701429922253,0.7778442304981945
864,0.4134659133219211,0.43025020115803303,0.0008470033100587693,0.000550636355995282,0.41737614111284843,0.5565539750901409,0.004984620226192282,0.003750386563266761,0.5640744187410277,0.03412916663075656,0.019251389829359686,0.07488901885073436,0.053869436825072156,0.41255503823312634,0.7405329331092363,0.6051873511983936,0.5989807876414638,0.7746253117694203
865,0.4141846570026686,0.4307174131919468,0.0007187436807474801,0.0004672120339137553,0.42172977249910915,0.5597365859493971,0.0043536313862607146,0.0031826108592561964,0.5618714533905125,0.03030357389187579,0.01702671310555504,0.07564651928155688,0.054008371025272256,0.415280219233719,0.7415881210186285,0.6053449709108115,0.5991070381963786,0.7718713059007514
866,0.41479128621859057,0.4310736283798468,0.0006066292159219722,0.00035621518790002193,0.4254946505047057,0.5623209956968261,0.0037648780055965503,0.0025844097474290173,0.560142485885382,0.027049930810149357,0.015151815487024645,0.07654371380415319,0.0543443166856783,0.4176989341270744,0.7424557616163427,0.6055015816429898,0.5992781944945829,0.7694630416794845
867,0.41531954533332033,0.4313817015557035,0.0005282591147297566,0.00030807317585668237,0.4288479588323296,0.5645209143206331,0.0033533083276239273,0.0021999186238069735,0.5587340368160127,0.024312107727222237,0.013584002093936657,0.07749007522095544,0.05473883669612614,0.4198347821028081,0.7431380508791702,0.6056706496586074,0.5994550765119853,0.7673482810191534
868,0.4157628976760139,0.4316870440509726,0.0004433523426935482,0.00030534249526908974,0.4316991501226075,0.5663710434488132,0.002851191290277888,0.0018501291281800558,0.5576039813890534,0.022047020187630682,0.012293506234387705,0.07838532941200113,0.05511468474281332,0.4216624496938737,0.7436403642455027,0.6058367676040091,0.5996094573307791,0.765495287130405
869,0.416127989772938,0.4319396548324394,0.0003650920969241467,0.00025261078146682214,0.43422512609691816,0.56785554561533,0.002525975974310646,0.0014845021665168545,0.5567073808570167,0.0201321822108218,0.011207734429522827,0.07930725530135843,0.05547096632850177,0.4232373608032213,0.7440661745952877,0.6059931799311696,0.5997480888056966,0.7638848906430282
870,0.4165098638971297,0.43231543891089735,0.0003818741241916612,0.0003757840784579525,0.43658378780512486,0.5691088609573629,0.0023586617082066996,0.001253315342032879,0.5561846093042523,0.018603085386257077,0.010346749777409037,0.08027043610009153,0.05588969974899317,0.4246783596523812,0.7443763866926562,0.6061747233972016,0.5998955475457934,0.7624992093589581
871,0.4170083599683196,0.43275920827757375,0.0004984960711899022,0.0004437693666763942,0.43869129206308705,0.5702344237875573,0.0021075042579621894,0.001125562830194382,0.555929153227184,0.0174090994575406,0.009678225919878373,0.08149938533689302,0.056354265855903474,0.42608217370948087,0.7445064692265251,0.6063963980703408,0.600066977519804,0.7612116361574125
872,0.41745490243441685,0.4331452608561719,0.0004465424660972661,0.00038605257859813946,0.4406467914023633,0.5711970663451821,0.0019554993392762454,0.0009626425576247932,0.5557768803981277,0.016422878774160096,0.009127456332259325,0.08279427855478887,0.05688571986036222,0.4272521740361567,0.7441350690999653,0.6066029846489128,0.6001730324623636,0.7595969541014181
873,0.41782942284277147,0.4334730387822949,0.0003745204083546172,0.0003277779261229852,0.4422511596249196,0.5720022483760748,0.0016043682225563294,0.0008051820308927482,0.5557304740040686,0.015615923948751588,0.008678244818051207,0.08395345611314345,0.05740708012343045,0.4280713546847352,0.7438883535731805,0.6067440026045973,0.600206058091814,0.7582701240821526
874,0.4181555878432102,0.433766634961432,0.0003261650004387495,0.0002935961791371011,0.4435664498634597,0.5726867253710247,0.001315290238540101,0.0006844769949498897,0.5557076050604296,0.014999339085887999,0.008335246800908113,0.08491840664763889,0.05784764188860139,0.4287443657554854,0.7437010370115767,0.6068565183828473,0.6002156362416838,0.7571907507842188
875,0.4184178381842862,0.4340168564801707,0.0002622503410759647,0.00025022151873871357,0.4447249311937356,0.5732989051167461,0.0011584813302758512,0.000612179745721364,0.55577110211954,0.014524107619741294,0.008072079299126428,0.08576969798002147,0.058215985950901585,0.42928038628241294,0.7435862959923367,0.6069208348481602,0.600190541246795,0.7563265844361906
876,0.4186480743226952,0.4342470981791683,0.00023023613840900126,0.00023024169899760194,0.44562184874874805,0.5737648449900208,0.0008969175550124775,0.0004659398732747011,0.5557371385009149,0.014182617926141873,0.007881807502725864,0.08648439365091085,0.05850737281350273,0.42972748542094635,0.74349564016714,0.6069610307317362,0.600116772663946,0.7556486619078628
877,0.41884391769452595,0.43442143146959367,0.00019584337183076173,0.00017433329042537693,0.44640888778832716,0.5741682745316823,0.0007870390395791071,0.00040342954166150413,0.555681605322988,0.01395426978875688,0.007754131037326496,0.0871400779715418,0.05875446532752032,0.43020802841363764,0.7434353973345881,0.6070199808958706,0.600046275858715,0.7551440880684329
878,0.4190220192362164,0.43461101131156643,0.00017810154169045633,0.00018957984197276456,0.4469476477135518,0.5744297991473647,0.0005387599252246189,0.0002615246156824069,0.5555360631168584,0.013779065959557751,0.007654768056600231,0.08769787608425098,0.05891288271963552,0.43062501618176163,0.7433391777907565,0.6070408521903954,0.599912508580034,0.7546780217737387
879,0.4191576058921083,0.4347176950384096,0.0001355866558919172,0.00010668372684319305,0.44732774654193047,0.5745854199714207,0.00038009882837869435,0.00015562082405595756,0.5553001708672739,0.013671449925202087,0.007591758479468098,0.08817882638891673,0.05905451793643841,0.43094823262377563,0.7429435849238326,0.6069840469014343,0.5997567893839298,0.7539869702505048
880,0.41929625167435064,0.43484062626485964,0.00013864578224231927,0.0001229312264500182,0.447824235832849,0.5746586281926868,0.0004964892909185559,7.320822126610782e-05,0.5550356616946728,0.01355638612916966,0.007524277745392166,0.08886428814535645,0.06060567537218142,0.43110713131162964,0.742848513220014,0.6069358090867273,0.5998312738313668,0.7536279197463605
881,0.4193650297651656,0.43486667392070144,6.877809081495823e-05,2.60476558417988e-05,0.44844645785033965,0.5745496189245752,0.0006222220174906257,-0.00010900926811152623,0.5557621491503417,0.013423483849654316,0.007460264233368785,0.0907082330106682,0.06572580295071509,0.43095109270210924,0.7431513809130202,0.6070197356170696,0.5998973997952087,0.7537925833228747
882,0.41940264914197656,0.43477198028235603,3.761937681096006e-05,-9.469363834541111e-05,0.4491729743404625,0.5743477247695452,0.0007265164901228416,-0.0002018941550300246,0.5573608310457466,0.013248142152283425,0.007383995519808876,0.09380540198870325,0.07268583459949066,0.4302719311140389,0.7439203893876357,0.6072340016500352,0.6000218913699477,0.7545334906041475
883,0.41940954785341145,0.43455470283917824,6.898711434888405e-06,-0.00021727744317778797,0.4500348983901165,0.5741393379577826,0.000861924049654017,-0.00020838681176260643,0.5606077968825781,0.013234394549123483,0.007419304771258917,0.09793923830144427,0.08088803862128947,0.4291075926747411,0.7451325350927613,0.6076901086691912,0.6002518332088946,0.7560511758969815
884,0.41926979693411015,0.4341089833230415,-0.0001397509193012958,-0.00044571951613675553,0.4505974590457582,0.5735804335633036,0.0005625606556416973,-0.0005589043944790317,0.5671687083099616,0.012700125549530981,0.0072031138033018275,0.10452737405014924,0.09109890277743887,0.42584942370381873,0.7479662291979143,0.6082178050563929,0.6008545487488866,0.758552517290836
885,0.4188145556183565,0.43351285978662346,-0.0004552413157536406,-0.0005961235364180251,0.45023270013176275,0.5725024114387851,-0.00036475891399545546,-0.001078022124518463,0.5774316829265111,0.012691000144002837,0.007328185571172153,0.11380749927336145,0.10238180605784325,0.41873606313078904,0.7522141209972502,0.6085312764177525,0.6017903672885603,0.7634026926635319
886,0.4178052761559565,0.43250832418411495,-0.0010092794624000367,-0.0010045356025085161,0.4484811024056042,0.570398630823433,-0.0017515977261585713,-0.002103780615352102,0.5901382511127999,0.018414917311666675,0.010867347096693795,0.11962763275513984,0.11116323238424194,0.40508293516688965,0.7554524879239913,0.6087844596494955,0.6032573023017149,0.7736156166262582
887,0.41637447078325907,0.43147503078846833,-0.001430805372697408,-0.0010332933956466173,0.44418843307006833,0.5670930175361778,-0.004292669335535848,-0.0033056132872552046,0.6029181628434358,0.03162175767127589,0.019065332041045983,0.12100561236536633,0.11409248829275977,0.3867374076229021,0.7577635632977943,0.6090394899795661,0.6050239107739147,0.789290395286812
888,0.4145876141059169,0.4304449257156089,-0.0017868566773421857,-0.001030105072859444,0.4379196262549266,0.5629600366918663,-0.0062688068151417475,-0.004132980844311462,0.6176677845787747,0.04968520553514568,0.030688950829234507,0.12176743881408489,0.11537519547227346,0.3681109227669149,0.7570661994091211,0.6098178718888462,0.6071523542646092,0.806339818624251
889,0.41262101261809564,0.4293368221858501,-0.00196660148782124,-0.0011081035297587638,0.43059168983311397,0.5581157905537946,-0.00732793642181262,-0.004844246138071773,0.6351620170484075,0.07162299074289233,0.04549220326729491,0.12015047665208019,0.114832908055418,0.35070476977155046,0.7520061100239067,0.6115166593473932,0.6098435114075169,0.8230268564759491
890,0.41029258302747035,0.42765526742641885,-0.0023284295906252916,-0.0016815547594312696,0.42083517851833385,0.5509139089370862,-0.009756511314780114,-0.007201881616708317,0.6546871349945488,0.0964041003114523,0.06311452423463179,0.1171695334431763,0.11266462457327281,0.33510522645610336,0.7433542339181565,0.6140453205022935,0.6128845261443683,0.839150231490803
891,0.4076774888206851,0.42540892398702657,-0.00261509420678524,-0.0022463434393922843,0.40983861046412473,0.5426398955814314,-0.010996568054209122,-0.008274013355654808,0.6738482561595411,0.11993405338116175,0.08081735272504116,0.11449655977381852,0.10991516409890892,0.3218690791965437,0.7335463917162013,0.6166384791629366,0.6157278099238054,0.8529856600907252
892,0.4052127733688065,0.4233049163591561,-0.0024647154518785963,-0.002104007627870441,0.3987907141808748,0.5339535033274873,-0.011047896283249925,-0.008686392253944186,0.6919354977631326,0.14225831395172542,0.0984335772751311,0.11170539505505261,0.10640930299763744,0.3105672374363137,0.7246730772796853,0.6194363420980624,0.6186897088668304,0.8665620752199042
893,0.40284969252765623,0.4212932920424083,-0.002363080841150278,-0.00201162431674784,0.38849139031649993,0.5259552870857687,-0.010299323864374876,-0.007998216241718592,0.7079181947758416,0.16120685519104316,0.11412126591233379,0.10967143191824001,0.10359283914658196,0.3014541988835055,0.7174896159247803,0.6220048013837104,0.6213209923225573,0.8784432048103743
894,0.40041613139430454,0.4191136610863599,-0.0024335611333516916,-0.002179630956048395,0.3788159634282465,0.5181118725756254,-0.009675426888253402,-0.007843414510143254,0.7222789522833223,0.17730961198126524,0.12806700077159067,0.10802749303935918,0.10174275210460591,0.2941216757597798,0.7121538780534141,0.624366164973737,0.623737123770215,0.8893039600783862
895,0.3979008811858366,0.41665256124528444,-0.002515250208467934,-0.0024610998410754537,0.36770199459656877,0.5095847094826019,-0.011113968831677756,-0.008527163093023482,0.7353059702417405,0.19124024032427137,0.140620090460902,0.10612221550978866,0.09937844520749112,0.28778592733019165,0.7078199051034313,0.6264361125808828,0.6258514695457147,0.898958635588328
896,0.39509961466466403,0.4136307520999264,-0.002801266521172574,-0.0030218091453580453,0.3558093243693966,0.49864045461054135,-0.011892670227172164,-0.010944254872060577,0.7462998646131545,0.20391610536740534,0.15218256182813633,0.1036908685859496,0.09659186153189481,0.2822208998422101,0.703837781217511,0.6283059453290526,0.6279303801081577,0.9077057734765562
897,0.3922718802563892,0.4107348012061768,-0.002827734408274829,-0.0028959508937496103,0.3453676612823443,0.487895706407669,-0.0104416630870523,-0.010744748202872356,0.7558173518961785,0.21405340562894196,0.16178527820682545,0.10182099665338772,0.09410449338568785,0.27795302903541724,0.7007556883053581,0.629750404066053,0.6297487774726638,0.914789060021501
898,0.3895470982412795,0.408004689306559,-0.002724782015109728,-0.002730111899617804,0.33642724117863915,0.477412715231863,-0.00894042010370516,-0.010482991175805978,0.7637980493640951,0.2221570076359732,0.16968308908492072,0.10056065585719078,0.09241614287849706,0.2749445677907881,0.6984508911503606,0.6308893181193993,0.6312638081072552,0.9205989470758104
899,0.38669491527277794,0.4060974570572416,-0.0028521829685015376,-0.001907232249317381,0.32635198230470275,0.4675163569499478,-0.010075258873936399,-0.009896358281915207,0.7701843604071694,0.22846238158295204,0.1759581532365646,0.10031971106547018,0.09214455832468438,0.2729753659989061,0.6973809723884056,0.631966876741357,0.6326364647351724,0.9258374245011822
900,0.38502575256073346,0.4059331800219469,-0.0016691627120444807,-0.00016427703529470206,0.3173126220548495,0.458275489896071,-0.009039360249853245,-0.009240867053876833,0.774962768518106,0.2312378454504508,0.1792007208964433,0.10075242170069748,0.09310103659594499,0.27180321848730415,0.6987959547544651,0.6327762289355332,0.6336812722283645,0.9300302500320674
901,0.383843075652388,0.4061293135322977,-0.001182676908345448,0.0001961335103508044,0.3092648820690608,0.4498102085988783,-0.008047739985788727,-0.00846528129719265,0.7787641471413659,0.2320561852227676,0.18071703717388746,0.10249157981408984,0.09479499359428631,0.27116210711679906,0.7013777516239957,0.6334612590095021,0.6347132262201496,0.9334319107297657
902,0.3828924694623977,0.4065104531995225,-0.0009506061899903218,0.00038113966722480574,0.3014730462930589,0.44199336545031986,-0.007791835776001899,-0.007816843148558461,0.7820246909058044,0.2307430716481735,0.18044677928431876,0.10477943745716264,0.09651314314916906,0.2708979503191885,0.7052527286290433,0.6339528501189987,0.6357728604762631,0.9359945279955773
903,0.38221280690405046,0.4070063547691925,-0.0006796625583472271,0.0004959015696699987,0.2944619475627583,0.43555363703061195,-0.007011098730300591,-0.006439728419707913,0.7847393816186007,0.22878020104939303,0.17953283349807983,0.10693735133658701,0.09852808259690683,0.2708342522881952,0.7092759515498681,0.6343783346666505,0.636755493022818,0.9380553507613895
904,0.38149903389488193,0.4076617200391222,-0.0007137730091685279,0.0006553652699297086,0.2874914538238093,0.43033713582972405,-0.00697049373894898,-0.005216501200887902,0.7868760293254127,0.22633312553708088,0.17809611112742835,0.10897591678845975,0.10042260923185639,0.270918270833531,0.7133595382297478,0.634694870518201,0.6376125219895529,0.9396913888958891
905,0.38107542386456933,0.4089370141028883,-0.00042361003031260447,0.001275294063766086,0.2814452936394611,0.42620195288718093,-0.006046160184348226,-0.004135182942543114,0.788948963867711,0.22364391028979094,0.17644363129845386,0.11062254392447479,0.10259085463089979,0.27114404291801786,0.7176373886227847,0.6351004279102431,0.6384848394403199,0.9412776670288946
906,0.3810712074869689,0.41075325899816156,-4.216377600452237e-06,0.0018162448952732668,0.2767854010004297,0.42286996893276013,-0.004659892639031382,-0.003331983954420803,0.7910721832611103,0.22040207411644971,0.1743539499665769,0.11230081338429594,0.10468490384063804,0.27141321287666736,0.7219907620472065,0.6353573069029502,0.6391069797925019,0.9423838781482035
907,0.3813600886270812,0.4124738417425846,0.00028888114011232924,0.0017205827444230493,0.27361223283761016,0.4193828479087685,-0.0031731681628195396,-0.003487121023991624,0.7930896181044699,0.21715997014075605,0.1722273177865103,0.1139643555727404,0.10690796050107806,0.27180499630395266,0.7261428737643914,0.6355842463702877,0.639679372561448,0.9432873916372948
908,0.3817886443699605,0.41409388046130435,0.00042855574287931075,0.0016200387187197407,0.2695769220269527,0.415668785522678,-0.004035310810657444,-0.003714062386090511,0.794704381233263,0.2142665787440845,0.1702785888797859,0.1155294474846665,0.10928750904693002,0.2724703202888598,0.7298016492498773,0.6357074064162634,0.6401292713063587,0.9440449418675493
909,0.38217401658568945,0.4156955110841144,0.00038537221572892966,0.0016016306228100463,0.2655545161694595,0.4122813894679906,-0.004022405857493194,-0.0033873960546874082,0.7959408124967657,0.21194986303749086,0.1686995461946387,0.11645200172766133,0.11134352448133114,0.27348846664309723,0.7330097905145949,0.6357954651413525,0.6404764902011642,0.9449277793568824
910,0.38270774459775436,0.41734759345520056,0.0005337280120649157,0.001652082371086161,0.26111627716863123,0.4088568795761724,-0.004438239000828292,-0.003424509891818195,0.7969257559853443,0.21050689234663006,0.16775836432346367,0.11707329959744497,0.11282701624056352,0.27428803798627943,0.735443967505077,0.6358287719897723,0.6407240129886282,0.9459082223002748
911,0.3832460532338819,0.41877789665136883,0.0005383086361275269,0.00143030319616827,0.2581490045821443,0.40575042292439045,-0.0029672725864869354,-0.0031064566517819414,0.797758130421726,0.20930517217703634,0.16697490284355,0.11762067636749526,0.11399202331637576,0.274862377157202,0.7375981802589409,0.6359066755121813,0.6408746101992514,0.946849540342443
912,0.38355894158216464,0.41976142425647106,0.00031288834828274714,0.0009835276051022301,0.2553579136541103,0.40298804975249247,-0.002791090928033979,-0.0027623731718979805,0.7983876668601586,0.20811546774539882,0.16615682273075957,0.11797338965878261,0.11486702367728507,0.27526835477816164,0.7393533295720915,0.6359706303698067,0.640741345923747,0.947404624118869
913,0.3835356776528955,0.4203617777788932,-2.3263929269157213e-05,0.000600353522422159,0.25285497611372776,0.4004552565740622,-0.002502937540382555,-0.002532793178430248,0.7986746724355309,0.20703675649321915,0.16535501367433658,0.11833157210018279,0.11573757453542319,0.27544876944386365,0.7405765189142935,0.6357423322201324,0.640394791543477,0.9475372229548706
914,0.38323697430427456,0.4205275121619426,-0.0002987033486209212,0.00016573438304939847,0.2508071086704008,0.39809854989457166,-0.0020478674433269672,-0.002356706679490561,0.7985652940878886,0.20585361647589887,0.1643875537801316,0.11890902672340067,0.11658976016862568,0.2753196344830429,0.7410743791903526,0.6352959331289626,0.6397361467684469,0.9468367357442238
915,0.38304704744718365,0.42073319827843436,-0.00018992685709090518,0.0002056861164917434,0.248753319567179,0.39554458940334186,-0.0020537891032217925,-0.002553960491229801,0.7982549895778851,0.20471292289242302,0.16341311212994952,0.11894950860554589,0.1181107204692776,0.27460840096501504,0.7414885265494894,0.6348156203614346,0.6391741140571136,0.9460971729234618
916,0.3829090121791855,0.42066105674546705,-0.00013803526799816002,-7.214153296730696e-05,0.24702826213918677,0.39350321408425626,-0.001725057427992227,-0.002041375319085603,0.7981061331635158,0.20366968888576903,0.1625500278392374,0.11910077922410577,0.1196224108734191,0.27393519781061815,0.7419794437200345,0.6345600085184315,0.6387753360196551,0.945533246841413
917,0.38291164022736485,0.4205115338890714,2.6280481793539145e-06,-0.00014952285639563412,0.24533787154440675,0.391839869871262,-0.0016903905947800169,-0.0016633442129942444,0.798029297828819,0.2026518447106646,0.16172210933816655,0.11946214151826876,0.12085067692128537,0.2734367620006099,0.7423941088769919,0.6343745806620688,0.6384333504475546,0.944919292894643
918,0.3829058940518463,0.42021957389017917,-5.746175518572816e-06,-0.000291959998892255,0.2437948432796171,0.3904241586617325,-0.0015430282647896643,-0.001415711209529491,0.7980278939116447,0.2016383916410806,0.16091306101306294,0.11985961085418431,0.1219784786361686,0.2730149144528114,0.742717579848109,0.6341818204984468,0.6381126245896479,0.9442188296075229
919,0.3828884301040477,0.4198413499570396,-1.74639477985572e-05,-0.0003782239331395765,0.24275076746602753,0.3894346630831957,-0.0010440758135895623,-0.0009894955785368365,0.7982340951891972,0.20059741836279826,0.1601236987441171,0.12080673790740341,0.12307556284603378,0.27268074147594024,0.7431172879263878,0.6340889841088102,0.6378444566894961,0.9435644048571388
920,0.3829179414929337,0.41957027192505497,2.9511388885961054e-05,-0.00027107803198461733,0.24176516070415321,0.3888518193424974,-0.0009856067618743136,-0.00058284374069828,0.7985167589925183,0.19954813533586613,0.15934253029139622,0.12173087805093648,0.12416428274338887,0.27226943940486215,0.7435474830467385,0.6339270772045755,0.6375881260999103,0.9429310775655617
921,0.3828117332353847,0.41908043385089,-0.00010620825754897867,-0.0004898380741649722,0.24081835634621576,0.3884081759769132,-0.000946804357937453,-0.0004436433655842231,0.7987016122197848,0.19817978519070725,0.1582865139411885,0.12253764533094817,0.12510760476379593,0.2720234868393618,0.7443567231533353,0.6337213499227438,0.6373495785304166,0.9423624368896679
922,0.3826331675700143,0.4185409060126767,-0.00017856566537038931,-0.0005395278382133162,0.24008735892238234,0.3883659446159083,-0.0007309974238334238,-4.223136100489633e-05,0.7986482388979678,0.19671142316623927,0.15710323168282989,0.12335852236604737,0.12586181665351787,0.27190999147745715,0.7450934263451685,0.6335293100316651,0.6371353173332277,0.9416201725856644
923,0.38228151852547543,0.4178575395728983,-0.000351649044538882,-0.000683366439778399,0.2392284793159456,0.38843318308290514,-0.000858879606436741,6.72384669968551e-05,0.7985247414921922,0.1953071327652131,0.15595757770292307,0.12404754612817831,0.12671787420820868,0.2718832817545556,0.745816323054477,0.6333533217592884,0.6369754241954639,0.9409253017309568
924,0.38185983867310763,0.41701674788630366,-0.0004216798523677956,-0.0008407916865946219,0.2384635116762345,0.3883856302268982,-0.0007649676397110949,-4.755285600693826e-05,0.797902615498674,0.193836804884959,0.15466289359761493,0.1246891404517462,0.12758330744233248,0.2719068781856963,0.7464670881377743,0.63307578914582,0.6367687697001522,0.9400922439960483
925,0.38153891908865917,0.4163977313457823,-0.0003209195844484647,-0.0006190165405213777,0.2381800072808824,0.3886376646103514,-0.00028350439535210215,0.0002520343834531702,0.797406354983529,0.1924659533696596,0.1534735743349301,0.12544313360406162,0.12839417002253628,0.27189777310532703,0.7472593440574808,0.6329890934757609,0.6367679850469443,0.9395021796374496
926,0.38134996739911936,0.4161219979661601,-0.0001889516895398069,-0.00027573337962216726,0.23808551342126913,0.38892553202940194,-9.44938596132705e-05,0.00028786741905056923,0.7967168403671242,0.1912937337238981,0.1524069391145341,0.12582266981280435,0.12920715583902148,0.271885394311699,0.7480315279332089,0.6329152845640128,0.6368012116653882,0.9390925383271784
927,0.38122002738390404,0.41592584449065007,-0.00012994001521532406,-0.00019615347551005247,0.23835513175912668,0.3892431880757471,0.00026961833785754674,0.00031765604634514943,0.796108673528425,0.19012575992517844,0.1513607665376176,0.12617722882003554,0.1302219758276211,0.27201215566379994,0.7489622451120206,0.6327803931208104,0.6368312028764211,0.9388467026444992
928,0.38108077496149523,0.41583207803734684,-0.00013925242240880875,-9.376645330322342e-05,0.23899692988771937,0.38990878356283654,0.000641798128592691,0.0006655954870894432,0.7955997119869742,0.18896422536286106,0.15033988327453396,0.12674082830926603,0.13112041584062492,0.27242253787806814,0.749966399461628,0.6328327644664419,0.6370526769184073,0.938682359387579
929,0.38104624832329703,0.41581158910424965,-3.452663819819568e-05,-2.0488933097195794e-05,0.2403685449787935,0.3906491257979391,0.001371615091074141,0.0007403422351025535,0.7953003054288191,0.18792696829441385,0.14945837528285935,0.12737796334815338,0.13197769397330278,0.2727434641363363,0.7510174959378852,0.6329574985842662,0.6373332630060484,0.9386899477011184
930,0.3810152337090515,0.4157372910595249,-3.1014614245539196e-05,-7.42980447247521e-05,0.24234790520612015,0.3915710433436359,0.001979360227326643,0.0009219175456968154,0.7949067406267069,0.18675832683412358,0.14845545286861042,0.1279738016591591,0.13244898320506643,0.27313977857038607,0.752109041318126,0.6329724490814994,0.6375691458523852,0.9386030343792677
931,0.3809901740730658,0.41568071729656464,-2.505963598570249e-05,-5.6573762960254736e-05,0.2446081818857933,0.39273030502086353,0.0022602766796731566,0.0011592616772276298,0.7943920817944109,0.18557561165016195,0.1474197964690433,0.12859887303093825,0.13291661022008658,0.2735258835331948,0.753166677730734,0.6328958164483206,0.6377725553037523,0.9384583927442152
932,0.3810295296152744,0.4155972438715906,3.935554220863002e-05,-8.347342497405652e-05,0.2485050281500294,0.39402061742758954,0.003896846264236087,0.001290312406726002,0.7937132735942452,0.18423726378156052,0.14623156175410887,0.12953488002233354,0.13334664921193096,0.27361296600307616,0.7539337324225949,0.632734866887409,0.6379305353660326,0.9378705550859154
933,0.38094802753026286,0.41547666047289966,-8.150208501156442e-05,-0.00012058339869092105,0.25267485670868284,0.3955498586516238,0.004169828558653443,0.0015292412240342501,0.7930449774564753,0.18290337981798346,0.14505060672446582,0.1306530202126539,0.1337094160692152,0.27373368002080845,0.7547205071911753,0.6325858578988827,0.6381564940478853,0.9373052862784074
934,0.3808624604426001,0.41530629044491774,-8.556708766277454e-05,-0.00017037002798192535,0.25687249349684843,0.39694233409936586,0.004197636788165593,0.0013924754477420698,0.7923642222166621,0.18163546020904472,0.1439214401555052,0.13159531124222068,0.1340276659611369,0.27372260163682555,0.7553969661607178,0.6324221947173173,0.6384199201370672,0.9366937965799772
935,0.3805892723842126,0.41513182758014383,-0.0002731880583874968,-0.0001744628647739055,0.2604884602371641,0.3984312319053543,0.003615966740315668,0.0014888978059884317,0.7917955561391682,0.18052407793974948,0.14293816268881449,0.13250024145702016,0.13423078105301203,0.27370718030079927,0.7559754055171581,0.632306865008753,0.6386977178438424,0.9361424569302812
936,0.3803844885805131,0.4149000714868012,-0.00020478380369948201,-0.0002317560933426388,0.26393720444267443,0.3998282508810058,0.0034487442055103346,0.0013970189756515317,0.7912189167699889,0.1794784958514308,0.14200678107107603,0.1333657401632641,0.13444978555464718,0.273714490974699,0.7564118173126341,0.6321281346402668,0.6388727051898836,0.9355138006970332
937,0.38025383783018396,0.41471063076459724,-0.00013065075032914208,-0.00018944072220394848,0.267067343531134,0.40141870938931884,0.0031301390884595492,0.0015904585083130196,0.7910448832913453,0.17862506680768597,0.1413004451257947,0.13414545999644467,0.13461527092649764,0.27375784753364046,0.7569122535347205,0.6321519638393093,0.6390628667515477,0.9351422532906234
938,0.38043665997059894,0.4147404917472825,0.00018282214041498435,2.9860982685259163e-05,0.27001346116463465,0.40314978383379824,0.0029461176335006667,0.0017310744444793968,0.7912582117503387,0.17812402030299704,0.14094209377473046,0.13486062450033695,0.1347887574548993,0.2740052055417608,0.7573828884733808,0.6323605855471199,0.6393208721017383,0.9350921427840115
939,0.3806475958720454,0.41478521514624556,0.0002109359014464407,4.472339896305355e-05,0.2725523752307054,0.4046499545652201,0.002538914066070763,0.0015001707314218904,0.7914739557277648,0.17775911574068462,0.14069171050194923,0.13546537866995412,0.13493692164389268,0.27427434757837343,0.7577866413095146,0.6325522768501429,0.6395694416031409,0.9351133957893845
940,0.38084207798079545,0.414694253044638,0.00019448210875006033,-9.096210160758345e-05,0.274995381930554,0.4061088233329271,0.0024430066998485933,0.0014588687677069556,0.7915048933286423,0.17742885306172052,0.14043580541604045,0.1359787397955043,0.13501622556580986,0.274476145258434,0.7580776164843979,0.6327065815593108,0.6397274036431496,0.9350571737446459
941,0.38101970901783244,0.41461237786845967,0.000177631037036996,-8.18751761783032e-05,0.27704793674140576,0.4077088465151624,0.002052554810851759,0.001600023182235344,0.7914417701360194,0.1771680510692286,0.14021819594977894,0.1364503088206969,0.1350063342785526,0.2745149397198163,0.7585271152415688,0.6328817956937839,0.6398773795365792,0.9352320540429345
942,0.38118650906909674,0.41449181709885724,0.0001668000512642931,-0.00012056076960242912,0.27841487810263676,0.4088635836216426,0.001366941361231,0.0011547371064801748,0.7913082048656417,0.17658148602701554,0.13973037872054506,0.13630158551299232,0.13507113549564242,0.27470913098888783,0.7589213803035376,0.6330113276013589,0.6400151254989858,0.9350334369178555
943,0.3811519132812419,0.4142363141948745,-3.459578785480755e-05,-0.00025550290398274056,0.27867940895387133,0.4094844590497919,0.0002645308512345679,0.0006208754281493145,0.7911008931168989,0.17608093708745168,0.13929778659074352,0.13644303412694656,0.13550386494559571,0.2750619027342243,0.7588906946248385,0.6330363274362559,0.6401289923927056,0.9344988610286518
944,0.3809981997948016,0.41381783421770046,-0.00015371348644033223,-0.0004184799771740355,0.27830287954594124,0.40951621082931183,-0.00037652940793009293,3.175177951991737e-05,0.790741617892502,0.1758287781079806,0.1390351324731663,0.13682535944895607,0.13629222790117532,0.275282974080641,0.758690929142654,0.6330258517366659,0.6403209162619958,0.9340494815448499
945,0.3807811562698446,0.4134463099568943,-0.00021704352495699464,-0.0003715242608061664,0.2775568363344119,0.409243188002665,-0.0007460432115293236,-0.0002730228266468182,0.7902793336383436,0.17544585505228766,0.1386512334203313,0.137340763622029,0.137009923793715,0.27543431342408997,0.7583494041771756,0.6328887793026668,0.6405554586646187,0.9333321779592442
946,0.3804467256175594,0.41286341560228523,-0.0003344306522852225,-0.0005828943546090648,0.27669057946254766,0.4090477283476435,-0.0008662568718642571,-0.00019545965502149043,0.7897425263359872,0.1752202488958743,0.13837888202824822,0.13786291937467524,0.1376258287540868,0.27551318635472577,0.757747832644424,0.6326560595963234,0.6407674961385453,0.932509459688552
947,0.3802645424878956,0.4123216521250824,-0.00018218312966378214,-0.0005417634772028057,0.275530132139049,0.4087615718341579,-0.0011604473234986812,-0.00028615651348562476,0.7892046760706853,0.17503814289561898,0.1381409208639513,0.1383574726422694,0.13808183353330306,0.2755255868757517,0.7571079575340527,0.632316482109049,0.6410009143943091,0.9316916518057582
948,0.3801646894436646,0.411959059961063,-9.985304423099084e-05,-0.0003625921640194041,0.27441061596797006,0.40853914551997655,-0.0011195161710789159,-0.0002224263141813454,0.7886872005536434,0.17479614435957086,0.13785948176252047,0.1388329345032756,0.13848923817329492,0.27564457313742624,0.7568039101419061,0.6320191919277532,0.6411670265525987,0.9311509770874604
949,0.3800493632902169,0.4115981867245992,-0.00011532615344772568,-0.0003608732364638323,0.27340934487688073,0.4082620508889556,-0.0010012710910893285,-0.00027709463102093546,0.7881388165358106,0.17439796383501943,0.1374498048231873,0.1393293954942181,0.13893946147929548,0.27567769161596173,0.7564909685483675,0.63166857640882,0.6412104621134553,0.9304433253002009
950,0.3799489307776229,0.411098066129312,-0.00010043251259400643,-0.0005001205952872012,0.2728362427657701,0.40795908635950534,-0.0005731021111106127,-0.0003029645294502781,0.7875387200452895,0.17414235502162917,0.13714384737940621,0.13990876434555333,0.1393194544810739,0.2755843686000738,0.755851240614612,0.6312532168836015,0.6411835005463562,0.9295487368992591
951,0.37968094501291205,0.41062088091033355,-0.0002679857647108208,-0.0004771852189784376,0.27213890975656996,0.4077625687642614,-0.0006973330092001628,-0.00019651759524391688,0.7869516810748629,0.17397234259930433,0.13690782746905453,0.140440288668059,0.1395000550389308,0.27546699650799095,0.755221394122964,0.6308210490517688,0.6411916300641832,0.928748980183309
952,0.3794628039646205,0.41029846807461123,-0.00021814104829154246,-0.0003224128357223188,0.27151611491728306,0.4073754075583471,-0.0006227948392868998,-0.00038716120591431036,0.786454881688041,0.1739206646577595,0.13678075574652368,0.14070219079781976,0.13962923712197026,0.27524935314433047,0.754906232333854,0.6304310874843359,0.6412867084022172,0.9283823886171967
953,0.37925833891764527,0.41000069398100764,-0.00020446504697524404,-0.00029777409360359774,0.2705422153264169,0.40691174901860594,-0.0009738995908661341,-0.0004636585397411741,0.7859693558429017,0.17385732096304407,0.13664652656589638,0.14082923122741067,0.1397232498441571,0.2750517064819156,0.7547702880181116,0.6300859912389999,0.6413669985205999,0.9281818741432429
954,0.3790620071624137,0.40968319874646436,-0.000196331755231538,-0.00031749523454327466,0.2696771147593119,0.40638245998236155,-0.0008651005671050371,-0.0005292890362443847,0.785382918578281,0.17372882959527308,0.13644365522872443,0.14080575440650814,0.14000882401758966,0.27491177809462614,0.7547374500593755,0.6297549231472933,0.6414374563974407,0.928020378717329
955,0.37887785320704237,0.4094935660891233,-0.00018415395537135781,-0.0001896326573410656,0.26856566525318754,0.40589888894620063,-0.0011114495061243512,-0.00048357103616092356,0.7847532497377079,0.17351296476800657,0.13616486297331756,0.140852314251816,0.14036615040548225,0.2748659518244856,0.754934463445135,0.6294921932065177,0.6415034814945371,0.9280013248526588
956,0.37865224567475786,0.40926128397675415,-0.0002256075322845108,-0.0002322821123691421,0.267377672813567,0.40539564858320837,-0.0011879924396205332,-0.0005032403629922633,0.7839228121339169,0.1732497194088707,0.13581440724041396,0.1409291430215777,0.140683391330192,0.27480775200944535,0.7552340192897773,0.6292428854555168,0.6414356980053583,0.9280320760559709
957,0.37848525191508214,0.40910579950681125,-0.0001669937596757154,-0.00015548446994290144,0.2662729875496406,0.4049443379136077,-0.001104685263926375,-0.00045131066960069077,0.782987853532881,0.17300986709030922,0.13546462447305024,0.14091988045283127,0.1409436737295961,0.2747610722672515,0.7556064561692166,0.6290040071962868,0.6413507307066195,0.9281575824845744
958,0.37836597126157145,0.4089701865080049,-0.0001192806535106894,-0.00013561299880637812,0.2652659007453226,0.40477005751527784,-0.001007086804318047,-0.00017428039832984021,0.7818889435345001,0.17284031177714038,0.1351419287756019,0.14095719717575456,0.14107960564301683,0.27475383704938183,0.7560402927870591,0.628836409160869,0.641278436981109,0.928421253929998
959,0.3782756894686955,0.40877843246321266,-9.028179287595695e-05,-0.00019175404479221392,0.26453738894342493,0.4048598206807017,-0.0007285118018976466,8.976316542386176e-05,0.7808154187033013,0.17266956043882906,0.1348230551313593,0.14123732897662988,0.14125900626584442,0.2748539514764501,0.7567318876878028,0.6287694910373078,0.6412294581367755,0.9289431795795307
960,0.3781358635401021,0.40832206389164544,-0.0001398259285934067,-0.00045636857156722277,0.26537537721107185,0.40500782104586064,0.0008379882676469164,0.0001480003651589401,0.7799417627235629,0.17250837104157513,0.13454648299473654,0.14158382467980965,0.14136145598744976,0.27496410660346243,0.7573760625791189,0.6287332036059903,0.6412002401540736,0.9294195507394214
961,0.3778859471760656,0.4076934223476293,-0.0002499163640364843,-0.0006286415440161508,0.2663291152624457,0.40502758356417135,0.0009537380513738314,1.9762518310706412e-05,0.7789565693206228,0.17239473990288998,0.13428801516367625,0.1418158366009469,0.14136042421537845,0.274906670761903,0.7578841009560834,0.6285249002801585,0.6410534086382663,0.9298052638969544
962,0.37764635749666287,0.40712304870963667,-0.00023958967940274079,-0.0005703736379926161,0.26734520994794636,0.40494647212629714,0.0010160946855006792,-8.111143787420394e-05,0.7780987469386221,0.17230832762865744,0.1340728938149479,0.14213583107600078,0.14150113366769257,0.2748422222919281,0.7581666829710997,0.6283093657532113,0.6409129110271227,0.9299861152366637
963,0.3774496943511592,0.40661992062324326,-0.0001966631455036505,-0.0005031280863934118,0.26830087303487543,0.4046710314186023,0.0009556630869290705,-0.00027544070769486284,0.7771518244331244,0.17225707153805375,0.1338698974173057,0.1423680356886448,0.14158055927571328,0.27476306248458543,0.7582588298545122,0.628115061710667,0.6407047893293217,0.9300129311105491
964,0.37744683523597106,0.4061687061550482,-2.859115188158512e-06,-0.0004512144681950714,0.27105972581779025,0.40509376014196496,0.0027588527829148224,0.0004227287233626864,0.7755943705499242,0.17261501644308416,0.13387923502563867,0.1421144449315086,0.14079738400516087,0.2749420876824908,0.7574956401266189,0.6278890482713806,0.6400901248344133,0.9295849651113302
965,0.37788270374472466,0.4060466254786244,0.0004358685087536007,-0.00012208067642377474,0.27615325653549205,0.40725361722294134,0.0050935307177018,0.0021598570809763795,0.7703915364538353,0.17531965956345616,0.13506478190165433,0.13993556764902443,0.13468105758992774,0.27525812145930534,0.7541237308093166,0.6275694179262467,0.6384525639810893,0.9288793869921315
966,0.3792835724420896,0.4071506083330343,0.0014008686973649431,0.0011039828544098795,0.2843433331086721,0.4137522348081936,0.00819007657318005,0.006498617585252275,0.7587768178784241,0.1791019003679675,0.13589837003718494,0.1331457744398745,0.12015881367971575,0.27726568461307866,0.747827552741539,0.6265538206797102,0.6350122572981087,0.9263088524906467
967,0.3833209581526564,0.41137752920137666,0.0040373857105667765,0.004226920868342365,0.2890970989447998,0.42042269627571216,0.004753765836127688,0.00667046146751854,0.7417586226145254,0.18219499027399197,0.13514470503290313,0.11916652751516728,0.10353556973436642,0.2826653369174345,0.7401453786173758,0.6241313033204656,0.6306785219396712,0.9216288061928939
968,0.38881581046906166,0.41752923277443016,0.005494852316405285,0.006151703573053502,0.2709839392229717,0.41539223621220484,-0.018113159721828087,-0.005030460063507325,0.7189689647938955,0.18154242004555637,0.1305233658063322,0.10498718166633489,0.08912046891506714,0.2910242884098533,0.7291072832669092,0.6187301479616361,0.623373678687106,0.9098652420777985
969,0.39431643187056153,0.42341694198702423,0.005500621401499872,0.005887709212594072,0.2506259523489884,0.4086770975540987,-0.020357986873983325,-0.0067151386581061345,0.694816390199186,0.17727162559551585,0.12317123098101794,0.09157099587185127,0.07690948438306709,0.30058805030747626,0.7188408145604783,0.6122670108638667,0.615941663611891,0.895267804811429
970,0.39920463027273173,0.42886047304001196,0.004888198402170196,0.005443531052987727,0.24183420151658835,0.4069820171075122,-0.008791750832400025,-0.0016950804465865055,0.6719055728611499,0.1706107828973895,0.11463433581895978,0.08029896132241789,0.06703201969550737,0.3116292350039826,0.7104268640047285,0.6065105109872606,0.6095687953213185,0.8801296723096621
971,0.40419406601184565,0.434109014807022,0.004989435739113923,0.005248541767010062,0.23958919454844516,0.40968599762631125,-0.0022450069681431983,0.002703980518799054,0.6524756030584913,0.16354793523505706,0.10671103767146493,0.07092000332392959,0.05866663854576731,0.3238307976028663,0.7053530433363928,0.6032821659527731,0.6052732188624245,0.8679043475076025
972,0.409234253158061,0.43920396444915727,0.005040187146215347,0.005094949642135249,0.2435282088303228,0.4173554015046551,0.003939014281877651,0.007669403878343861,0.6360099277236173,0.15676404545234424,0.09970348921780732,0.06163389677757706,0.05059691620763944,0.3354686542713604,0.7031337884772172,0.601822537842217,0.6027136421437116,0.8587027032173381
973,0.41395070256199995,0.4441265494696911,0.004716449403938949,0.004922585020533832,0.2526701824733162,0.4288340978164539,0.009141973642993378,0.011478696311798764,0.6222871623650856,0.14914896585884826,0.09281348673398973,0.054233040822802586,0.04415100339603006,0.3469382163021656,0.7029904674513311,0.6015325229141876,0.6012797117195647,0.8507488936006673
974,0.4179973433486205,0.44833904385546636,0.004046640786620537,0.004212494385775256,0.2654701087132464,0.4418593641944887,0.012799926239930204,0.013025266378034805,0.6103261964723952,0.14025298487660806,0.08560007080364056,0.048414757918766926,0.03945216191138865,0.3579757487829565,0.7037789741659056,0.6017994506439152,0.6003694246209217,0.8425116700452553
975,0.4213261470750689,0.45184261191460556,0.0033288037264483927,0.003503568059139206,0.2801887901966072,0.4551761893984349,0.014718681483360807,0.013316825203946225,0.6003758985892821,0.1295981549993637,0.07780760876325604,0.04437811709646215,0.03641453461634759,0.36846838322259357,0.7059760536859606,0.6023810884080962,0.5998665983470682,0.8340429255671196
976,0.4241451062309259,0.4546777877626823,0.0028189591558570037,0.002835175848076743,0.2957135794031515,0.46781356009979386,0.01552478920654432,0.012637370701358952,0.5912976147172352,0.11681079507413822,0.0690699445005617,0.04248238437488038,0.03587642613844997,0.37912022676554646,0.7093200387210286,0.6032151865353346,0.5994969916255948,0.8247402659662769
977,0.426517845435122,0.45680108841175027,0.002372739204196117,0.0021233006490679607,0.3106747373468605,0.4795802595484188,0.014961157943709003,0.011766699448624962,0.5833320145982449,0.10292445533990756,0.06003912988485536,0.04241788073118892,0.036118904416733745,0.3897098915458746,0.7135285878222917,0.6041092705024207,0.5992573152506763,0.8153188432966211
978,0.4284259987101393,0.45802379551975775,0.0019081532750173102,0.0012227071080074814,0.3245373220384647,0.491257003292643,0.013862584691604174,0.011676743744224172,0.5761863580655402,0.09007999345678154,0.051902863364430646,0.04233019504744434,0.035790263613607994,0.39899783849978265,0.717303879921865,0.6049764467264607,0.5992156232516705,0.8065071177130354
979,0.43002339240820836,0.4585175346728887,0.0015973936980690495,0.0004937391531309454,0.33744892003704513,0.5025270407986566,0.012911597998580437,0.01127003750601363,0.5697362781614245,0.07843278302164011,0.0446860018845918,0.04266863929580221,0.03540206933596918,0.40742861464733354,0.7205709280363396,0.6055913359318729,0.5994103476066134,0.7983744294367021
980,0.43119131887653483,0.45839692704987073,0.0011679264683264745,-0.00012060762301796535,0.34896613058555365,0.5128285472235622,0.011517210548508516,0.010301506424905571,0.5642046621682897,0.06851624194436969,0.0386571831392639,0.043328992028514264,0.03516109986151837,0.4143583170078909,0.7233126532206331,0.6059133634415323,0.5996888336527266,0.7914055905325854
981,0.4321413612115162,0.4580234923122814,0.0009500423349813603,-0.00037343473758932877,0.3598732099303707,0.5223028528007935,0.01090707934481705,0.009474305577231279,0.5588411559029447,0.05988888581585003,0.0334683741750691,0.044431545197797545,0.03526176284335104,0.4203194637974357,0.725863485781876,0.6060190593866627,0.5999491456229532,0.7855003656983854
982,0.4328521796396164,0.45761241845102674,0.0007108184281002239,-0.0004110738612546627,0.3700888834909318,0.5308260044234792,0.010215673560561078,0.008523151622685687,0.5540373529570018,0.05262940911642917,0.02915865851455752,0.04564134524818422,0.035564372270600206,0.4251792021240859,0.7282121932496527,0.6061219608979533,0.6001609981730714,0.7807101412174328
983,0.43339465602863875,0.4572030290913917,0.0005424763890223283,-0.0004093893596350262,0.37902326273707587,0.5380182985989217,0.008934379246144097,0.007192294175442537,0.5501457447350521,0.046398421787812054,0.025525894308986927,0.046922934070389714,0.03597486302925231,0.42919780157934223,0.730309847463921,0.6063373433919805,0.6003710836037175,0.7766544647934326
984,0.43409618713197035,0.4575909870746741,0.0007015311033315985,0.0003879579832823943,0.38547767085878487,0.5421961399898673,0.006454408121708999,0.004177841390945569,0.5473217513613402,0.0409772177511988,0.022427722585501127,0.048154420485703134,0.03689590507286954,0.43261675101487446,0.7322807329830352,0.6066924038156122,0.6006999654858567,0.7732395989056652
985,0.4356382025031021,0.4585711430521846,0.0015420153711317441,0.0009801559775104995,0.3660729454997531,0.52083520921494,-0.01940472535903176,-0.02136093077492729,0.5437844604963539,0.03628843724723175,0.01973308827074171,0.049194434420145386,0.03773538763963148,0.4335309927321743,0.7319572224888173,0.6048174454867374,0.5991641789145209,0.7682255003473037
986,0.43965174484625125,0.4620832504879412,0.004013542343149157,0.003512107435756584,0.32118372510128834,0.48728404171571826,-0.04488922039846477,-0.03355116749922171,0.5392139431091216,0.03189659395882607,0.017199088200289193,0.05062030449992283,0.03852141046266629,0.43258031917827694,0.7293252885369412,0.6005398049533528,0.5960361087237892,0.761180709207581
987,0.443044405380022,0.465046560171535,0.0033926605337707416,0.0029633096835938177,0.27674331357549814,0.45857874584193953,-0.0444404115257902,-0.028705295873778736,0.5345441637034966,0.028040548293793755,0.01498891143749349,0.05178062022661766,0.039079173181332985,0.43006157822314894,0.7253730931120339,0.595208262305333,0.5919573062949137,0.7533394396852349
988,0.4458915870209645,0.46741086052449177,0.0028471816409424977,0.0023643003529567608,0.24024751714284237,0.4375194005987491,-0.03649579643265577,-0.02105934524319042,0.5303396543274458,0.024667244388995386,0.01308201786247044,0.05270012003330533,0.03952474308541326,0.4277724195434392,0.721311121270916,0.590237046200159,0.5881482916671923,0.7458538401844604
989,0.447478601816504,0.46862193540470115,0.0015870147955395209,0.001211074880209384,0.21014480656205936,0.4223807504334503,-0.03010271058078301,-0.015138650165298806,0.5267857433353285,0.02173749363302449,0.011451001741719776,0.05390981046878702,0.03997886765963987,0.42586189294174664,0.7171861777278639,0.5856548969289874,0.5847320879288145,0.7387247828608275
990,0.4483968280242432,0.4692849259320545,0.0009182262077391812,0.0006629905273533576,0.19229094703838787,0.4132494102297378,-0.017853859523671495,-0.009131340203712479,0.5242760180582968,0.019396304739208097,0.010169017413717292,0.05461556805118916,0.04018251792061503,0.42417444607310156,0.7141073637946422,0.5822389709983954,0.5822316672786877,0.7332242182777249
991,0.44989861484388377,0.4704416737818995,0.0015017868196405826,0.0011567478498449857,0.195589712973923,0.4105662320838426,0.0032987659355351306,-0.0026831781458952486,0.5239637730099872,0.017708826518158027,0.009278783558033394,0.05486516615543639,0.040370759620410736,0.4241474481091273,0.7137327230617655,0.5813935880211785,0.5820461727621318,0.7310402898967381
992,0.45083170042848686,0.4706186362882842,0.0009330855846030883,0.00017696250638471467,0.20963095282948288,0.4151606687226126,0.014041239855559884,0.004594436638770016,0.5248156653042377,0.01643164872197493,0.0086235866560688,0.055300399221074666,0.04025518516537458,0.4251535590555844,0.714787497824024,0.5821330551731428,0.5832335875116588,0.730650217703435
993,0.45089989545322756,0.4703648355274798,6.81950247407026e-05,-0.0002538007608043902,0.2305011038444023,0.42468924511998346,0.02087015101491943,0.00952857639737087,0.5264442772944189,0.015502575566849221,0.008161242190492055,0.055606636308370275,0.040024352539799406,0.42672764453806333,0.7165803264731566,0.5838199819455282,0.5851927507994611,0.7312862267961208
994,0.45051457342974843,0.4696271327563584,-0.0003853220234791288,-0.0007377027711213957,0.2537089922281656,0.43743434665117564,0.02320788838376331,0.012745101531192182,0.5283863788251859,0.014803391101793354,0.00782191021860957,0.055959953343764725,0.03970100530550259,0.4286123727445067,0.7187051128475532,0.5859563184085953,0.5874588120678191,0.7324235541130288
995,0.4496981307941099,0.46859247383386254,-0.0008164426356385146,-0.001034658922495879,0.27680706332997845,0.45092242170838825,0.023098071101812834,0.013488075057212612,0.5302345603300385,0.014286916856632683,0.007575417077948446,0.05629656653578443,0.03957529497078604,0.43055018919265103,0.7208340112810412,0.5881165097842336,0.5897143878794641,0.7337087330440167
996,0.4486988740461301,0.467264720427929,-0.0009992567479797931,-0.0013277534059335516,0.2980601040692226,0.4639742015943748,0.021253040739244167,0.013051779885986547,0.5316511731589407,0.01392287611246683,0.007402113418939582,0.056574830217628574,0.039407775712110765,0.4322416017783017,0.72267390628263,0.5900382290689609,0.5916777230468282,0.734856111884381
997,0.44756381796665645,0.4658495603925353,-0.001135056079473673,-0.0014151600353937144,0.3178372648385447,0.47607950705929275,0.019777160769322066,0.012105305464917948,0.5329282549270419,0.013712538735581599,0.007307799338972967,0.05662147560152681,0.03951329559610676,0.4337593067035224,0.7242930028169072,0.5917977532350264,0.5934579650323796,0.7359625874236627
998,0.44610937601996686,0.4641029210718993,-0.0014544419466895886,-0.0017466393206359565,0.33656807949080475,0.4878454754736668,0.018730814652260064,0.01176596841437405,0.5339721795947668,0.013605976449962665,0.0072652129005016325,0.05664818713893738,0.04030531681114781,0.4348936164767679,0.7258947058568318,0.5932846862484029,0.594899260188728,0.7371540307143055
999,0.44440626886999807,0.4621224547624995,-0.0017031071499687966,-0.0019804663093997976,0.35474559779243314,0.49956146162762927,0.018177518301628393,0.011715986153962465,0.5347143799578835,0.01362965904160715,0.007287974683470328,0.05663900292467206,0.04193729247290605,0.4357906567247753,0.7273708987220853,0.5945236150741866,0.5960460905148703,0.7383488700919171
1000,0.4425934315522288,0.4596792510244851,-0.001812837317769267,-0.0024432037380144322,0.3718252495778638,0.5112617557484458,0.01707965178543064,0.011700294120816523,0.5355155169142773,0.01372869350694999,0.007351928399932007,0.05682679533018755,0.04412271288379965,0.43648637108576666,0.7287154411088328,0.5955910314390983,0.5968819316997229,0.7394757948715145
1001,0.44069267389503197,0.4569429329597482,-0.0019007576571968277,-0.002736318064736898,0.38777549987596893,0.5224865624869091,0.01595025029810515,0.011224806738463267,0.5364803264360711,0.013853039687271609,0.007431883253559321,0.05712720665955594,0.046282892017140746,0.43727778145689705,0.7299060164402847,0.5966240053101879,0.5975760975381931,0.740497225308447
1002,0.4390348922679579,0.4544894662055017,-0.0016577816270740842,-0.002453466754246514,0.40178133296664165,0.5324592322629352,0.014005833090672715,0.009972669776026177,0.5369836226629083,0.014123167262782644,0.007583909520243215,0.05708764960863481,0.047866455801166385,0.437792238241005,0.7308909531423201,0.597604258569849,0.5980756660164819,0.7416344636230982
1003,0.4375400429554747,0.45235686268599307,-0.0014948493124831708,-0.0021326035195086135,0.4135799135189569,0.5406278209903759,0.011798580552315252,0.00816858872744064,0.5371751284450175,0.014422591674211465,0.007747457535104583,0.05689837028229172,0.04899304840764267,0.4381339242056381,0.7316165001222472,0.5985316121811298,0.5983266980358739,0.7426177849117278
1004,0.43625598762655776,0.4506395555318686,-0.0012840553289169554,-0.0017173071541244922,0.42360677390912116,0.547356069887449,0.01002686039016426,0.00672824889707313,0.5373772900488264,0.014664475192815917,0.007880355939103658,0.05670688884294201,0.050002113160904714,0.4384533467254462,0.7322672365053302,0.5994152083167411,0.5984379404849365,0.7434740954572013
1005,0.4352940455860391,0.4491854957670588,-0.0009619420405186374,-0.0014540597648097786,0.43189308346057004,0.5527291421370584,0.008286309551448878,0.0053730722496093675,0.5376244371105646,0.014840647061629058,0.007978694522864878,0.05653038625691815,0.05082585578587035,0.43854849083372743,0.7327639689421582,0.6001093686842116,0.598402995281254,0.7441272052718576
1006,0.4345031208965967,0.44798314696882374,-0.0007909246894424182,-0.0012023487982350534,0.43866822312685005,0.5569621128494722,0.006775139666280017,0.004232970712413797,0.5379500145740721,0.01497215815417739,0.008054272697245039,0.05639786754756278,0.05152895625018386,0.43853840628626317,0.7331263143191111,0.6006510804264612,0.5983502871288959,0.7446008520669336
1007,0.4338562860652436,0.4469219906874639,-0.0006468348313530825,-0.0010611562813598319,0.4440297636112358,0.5603332994687684,0.005361540484385752,0.0033711866192962514,0.5383071495691881,0.015049124014663151,0.008101051051846537,0.05630090851324963,0.052135628956176724,0.4384712403242595,0.7334650095505407,0.6010133509934467,0.5982964438386816,0.7449942350424776
1008,0.433355712520186,0.44596251722872177,-0.0005005735450576143,-0.0009594734587421438,0.44822069272986226,0.5629415355587755,0.004190929118626452,0.0026082360900070434,0.5387059446842681,0.01511109940945432,0.008140439082587976,0.056261385281145423,0.05263902626975412,0.43834213580728937,0.733693189311233,0.6012355376044454,0.5981859382339,0.7452583269166857
1009,0.4327376836302151,0.4450022330942822,-0.000618028889970923,-0.0009602841344395485,0.4518199998216476,0.5651498603748405,0.003599307091785353,0.0022083248160650326,0.5389451031597177,0.015162587632649301,0.008171802355846436,0.05637710064169687,0.05305795582587773,0.43807825201558964,0.7338209173817214,0.6014181392438936,0.5978267620814154,0.7453870929675214
1010,0.4320129464087743,0.4439877537994527,-0.0007247372214407855,-0.0010144792948295067,0.4546634084551506,0.5667826386603786,0.002843408633502964,0.0016327782855380946,0.5390987474505005,0.015242213280840848,0.008217058088074684,0.05674516320670686,0.05337369147284128,0.43768695121001816,0.7338170577832163,0.6014088300193215,0.5973196342539425,0.7453923922374797
1011,0.4310301546795745,0.4429331836881227,-0.0009827917291997945,-0.0010545701113300332,0.45713428598745004,0.5680159117675826,0.0024708775322994647,0.0012332731072040026,0.5395131222411419,0.015346936808712784,0.00827987379450614,0.05826384294401285,0.053694241423061,0.4372591458586459,0.7338260275895374,0.6012751882021009,0.5967980398691268,0.7454168980384764
1012,0.4300588615076909,0.4419792038731969,-0.0009712931718836026,-0.0009539798149257872,0.45935245223262344,0.5690441806977614,0.002218166245173403,0.0010282689301788217,0.5401645322742803,0.015438315396475673,0.008339230415240102,0.06027827564920683,0.05397270083117667,0.4368687124282802,0.7338695784179958,0.601089914053903,0.5963795287238188,0.7454624118427274
1013,0.4288319925897102,0.4410052464916063,-0.0012268689179806835,-0.0009739573815906177,0.4606798189648829,0.569845124941619,0.0013273667322594718,0.0008009442438575709,0.5410676960635313,0.015509364775349362,0.008391616266407168,0.06340067185826877,0.054240627833523306,0.43622687979406094,0.7341220298524477,0.6008543378485892,0.5959525355102905,0.7458463321763023
1014,0.4277631872684943,0.4401335139040897,-0.0010688053212158932,-0.0008717325875165494,0.46178754164723357,0.5705832706810723,0.0011077226823506536,0.0007381457394532998,0.5421994401919045,0.015510265993477858,0.008409657538891228,0.06668788933441588,0.0545177966725879,0.43548840736777367,0.7342793804900373,0.600876180182334,0.5954902710627484,0.7461318079368735
1015,0.42678338455132203,0.4392861541890758,-0.0009798027171722956,-0.0008473597150139289,0.4626872521358236,0.5713596539398621,0.0008997104885900553,0.0007763832587898145,0.5432212509122143,0.015453416216307195,0.008394624087889492,0.06930491321737885,0.05477166358261098,0.43467029680309427,0.7341763430880687,0.600812422606437,0.5951502060263361,0.7460864862312783
1016,0.42605327534707654,0.43861653541519446,-0.0007301092042454882,-0.0006696187738813308,0.4636775768974213,0.5722605797032666,0.0009903247615976607,0.0009009257634045031,0.5444676148234127,0.01536271825044103,0.008364502563021738,0.0715078056759962,0.055104841824941554,0.43382561676250225,0.7341406653775602,0.6007678510884469,0.5949601938665963,0.7460188428311587
1017,0.4255535123402336,0.4381661499673084,-0.000499763006842957,-0.00045038544788605916,0.46474935285295843,0.5735758548333748,0.0010717759555371464,0.0013152751301082066,0.5457391639468926,0.01524607272537754,0.00832037898262106,0.07345136463519814,0.05563288984380652,0.4330976012455847,0.7340445800341393,0.6007185961357107,0.5949088500564065,0.745822523489315
1018,0.4251527380231458,0.4377822635164128,-0.0004007743170877931,-0.0003838864508955986,0.4657753528412358,0.5751003362290421,0.0010259999882773485,0.0015244813956672987,0.5467480659694136,0.015129524315262254,0.008272038158406854,0.07503541214323473,0.05611247920514906,0.4322888606697515,0.7336700673239092,0.6006362767731213,0.5947876316544503,0.7453073171606076
1019,0.42490295716063586,0.43759973560258153,-0.0002497808625099296,-0.0001825279138312763,0.46634946309370556,0.5760829109469936,0.0005741102524697839,0.0009825747179514899,0.5475197586590015,0.014973735327734227,0.008198415952864808,0.07614223869899116,0.05631063941172563,0.4315505506819247,0.7332179016481546,0.6005869218736007,0.5947795526708899,0.7446574293859475
1020,0.4247959835422638,0.4374503015312347,-0.00010697361837208597,-0.00014943407134682118,0.4670240239763804,0.5772884128512573,0.0006745608826748128,0.0012055019042637172,0.5481563367061073,0.014852922174700077,0.008141723408664503,0.07700397641233268,0.05622607442954224,0.43082686637933054,0.7329156152026306,0.600583891912041,0.5946379785840592,0.7442006523491718
1021,0.4248318962369707,0.43735084752956754,3.5912694706929926e-05,-9.945400166716523e-05,0.46776085707788817,0.5782910159051154,0.0007368331015077945,0.001002603053858131,0.5486863576651001,0.014742125228572569,0.008088802995908265,0.07763642192751674,0.05604537500025517,0.4301887497659447,0.7325575289901808,0.6006794402349998,0.5944492424580201,0.743699957407031
1022,0.42503278996823907,0.4372643433537946,0.00020089373126835897,-8.650417577293901e-05,0.4685644437734177,0.5792204916353181,0.0008035866955295456,0.0009294757302026335,0.5494023480504597,0.014625996250331038,0.008035556682509092,0.07815208053329185,0.055964032735399655,0.4295523619743636,0.7323007702013473,0.6007827062271347,0.5943012977923345,0.7432899443989364
1023,0.4252406178604806,0.4372035014920734,0.00020782789224155218,-6.0841861721228074e-05,0.46967294200200443,0.5802517191726065,0.0011084982285867184,0.0010312275372884594,0.5498324287084669,0.014528575171968174,0.007988281772476794,0.0784912231048502,0.05597850124506342,0.42894563675571756,0.7319680094605456,0.6007658024330346,0.5940618076223317,0.7428305215643174
1024,0.42534813817888206,0.4371239550649935,0.00010752031840144394,-7.954642707985737e-05,0.47062693553397505,0.5811082218203246,0.0009539935319706205,0.0008565026477180826,0.5499388944861048,0.014448537475531584,0.007945812726234895,0.07873206347576378,0.05599184386303441,0.42837977108071856,0.7315979608632626,0.6006762890263297,0.5937695887416734,0.7423523028305817
1025,0.42542978739308396,0.4370842386514915,8.164921420189541e-05,-3.9716413502033365e-05,0.4714884632757825,0.5818835719101066,0.0008615277418074219,0.0007753500897820231,0.5498812187935725,0.014372163206071634,0.007902982620454808,0.07892340056434924,0.055948051330026255,0.4278045787912397,0.7312812672552238,0.6005383173316892,0.5934870309654708,0.7419306445715561
1026,0.42548173486299373,0.4370470395608329,5.194746990977439e-05,-3.7199090658579514e-05,0.4721859343484423,0.5825352500738005,0.0006974710726598277,0.0006516781636938251,0.5498534224842471,0.014271828633608784,0.007847413819298465,0.07907095195758404,0.05593180780657848,0.4272724082992705,0.7313236870993947,0.6003789714927699,0.593276436859455,0.7418291518943219
1027,0.4255597624452029,0.4370606086843808,7.802758220915029e-05,1.3569123547885198e-05,0.47286245579668484,0.5832516628635752,0.0006765214482425397,0.0007164127897747452,0.5498285042414045,0.014200630489577747,0.007807911421369417,0.07929317441097641,0.05596713374256148,0.4268867048654218,0.7314521630530657,0.6002925742665713,0.5930913123195404,0.7418214571815528
1028,0.42565469119888094,0.437230908830113,9.492875367805853e-05,0.0001703001457322162,0.47321664230150456,0.5836024849730158,0.00035418650481972014,0.0003508221094405961,0.5497741376945696,0.014123439702030508,0.007764701883465072,0.07948281956978064,0.05603802683856644,0.4265612944532535,0.7316963577280408,0.600285120419751,0.5928881522002316,0.7419201778377494
1029,0.42570219741300547,0.43735878123981925,4.750621412452638e-05,0.00012787240970624225,0.47351590675652355,0.5839330341307878,0.00029926445501898824,0.00033054915777197547,0.5497045395676681,0.014042778724141917,0.0077193792128050776,0.07968462329797,0.0561950347491241,0.4260205047815717,0.7320108321236277,0.6002152603040936,0.5926825031660238,0.7420984134944311
1030,0.4257421584298632,0.43750574670816317,3.996101685771469e-05,0.0001469654683439181,0.4731361774239152,0.5839043007221607,-0.0003797293326083251,-2.8733408627079626e-05,0.5495988514772834,0.013968616871564707,0.007677135789338167,0.0799726235777482,0.05645754069559985,0.4253712385551471,0.7325420584273229,0.6001488002740667,0.592501232044473,0.7425170845918366
1031,0.42564522273196975,0.4375272813503475,-9.693569789342993e-05,2.153464218435097e-05,0.47256131838572224,0.5838770484266973,-0.0005748590381929874,-2.7252295463409126e-05,0.5496203916206304,0.013918112345193882,0.007649678357785392,0.08030706324888078,0.05660769255908745,0.42481549447906997,0.7328940462375498,0.6000739966093324,0.5923044778128799,0.7427776158961003
1032,0.4254504247139547,0.43750420119205347,-0.00019479801801502994,-2.3080158294053188e-05,0.47182664959684173,0.5839044137427087,-0.0007346687888805103,2.7365316011440655e-05,0.5497147657730167,0.013879964398091553,0.007630021378034708,0.08063671223891167,0.056586080486790015,0.4242717838994469,0.7331708463893862,0.6000145481225879,0.5921166984718331,0.7429800713996461
1033,0.4250891971179618,0.4374514799109078,-0.0003612275959929412,-5.272128114564012e-05,0.47127156456961133,0.5839940845501497,-0.0005550850272303953,8.967080744093359e-05,0.5500420878891372,0.013874498470422544,0.007631558107085857,0.08091908877316713,0.05659654285908425,0.42384255469670834,0.733350121118946,0.6000001964680831,0.5919610164955469,0.7431090821871219
1034,0.4248280082543809,0.4374058226407767,-0.00026118886358089677,-4.565727013111642e-05,0.4708670709462882,0.5841034600267857,-0.0004044936233231211,0.00010937547663603109,0.5503984744495366,0.013881702596411132,0.0076404679318268585,0.08111434418932692,0.056619020431559086,0.42342932104245484,0.7332421912864008,0.5999684106380354,0.5918430756827544,0.7429700576143374
1035,0.4245596240023118,0.4373627765122334,-0.0002683842520690982,-4.304612854333367e-05,0.4706890158393767,0.5843681448233031,-0.00017805510691148996,0.0002646847965174226,0.5508799258269992,0.013889340398666935,0.007651358808603584,0.08127234017676829,0.05660311150768462,0.4230901408931974,0.7331484477211991,0.5999472859992774,0.5917771179035045,0.7428500989385135
1036,0.42436706276606145,0.43732696461516607,-0.0001925612362503326,-3.581189706730603e-05,0.47055687721634576,0.5846788754019818,-0.00013213862303096402,0.00031073057867869736,0.5513100775057612,0.01389212719534504,0.007658869720785567,0.08140207125423607,0.05655301043497394,0.4228280084924378,0.7330085911245241,0.5999454964106377,0.5917569300299929,0.7426837410212548
1037,0.42424320317945136,0.43727587060782086,-0.00012385958661009777,-5.10940073452093e-05,0.4702014063076469,0.584840576627526,-0.0003554709086988628,0.000161701225544153,0.5516769030683627,0.013875623680630115,0.007654861100272058,0.0815082370782128,0.05653844304241768,0.42257240189180406,0.7329067358011399,0.5999527321229321,0.5917618459290762,0.7425318432016493
1038,0.42414754558087825,0.4371907869795137,-9.565759857310674e-05,-8.508362830716987e-05,0.469822448298611,0.5849420029876914,-0.00037895800903592347,0.00010142636016541307,0.551689952703876,0.013849340863762417,0.007640542206108945,0.08149803038930369,0.0564479222835206,0.4222699324837683,0.7328342690098235,0.599907479215002,0.5917411970091057,0.7423930003479415
1039,0.4240635650825441,0.4370619109199003,-8.398049833413523e-05,-0.0001288760596133698,0.4693676748203091,0.5848036272073442,-0.000454773478301862,-0.00013837578034714415,0.5515096064437449,0.013827549337402122,0.0076260262931521095,0.08151846163494467,0.05633754489322913,0.4220567498245185,0.7326450789593376,0.5998577458385626,0.591703485879086,0.7421496427977256
1040,0.42382279551523766,0.4370132547213277,-0.0002407695673064536,-4.865619857263859e-05,0.46897033703514224,0.5848549060774957,-0.00039733778516687357,5.127887015143884e-05,0.5513334626291224,0.013796689428225315,0.007606576555282071,0.08127265739969708,0.05600824863564961,0.4218932996862112,0.7327057501708732,0.5998118803277673,0.5917093897245603,0.742131515890442
1041,0.42369446126436017,0.43698803876448544,-0.00012833425087749317,-2.521595684223943e-05,0.4684869789255448,0.584796725492876,-0.00048335810959743153,-5.818058461970477e-05,0.5511027264235971,0.013783697730192673,0.00759623339930793,0.08103825731776836,0.05573998681803827,0.42178916486002077,0.7328761512983042,0.5997751073818978,0.5917004204129428,0.7422534026160883
1042,0.4236666510210305,0.4369693785984158,-2.7810243329651207e-05,-1.86601660696617e-05,0.46800495234864903,0.5846411455055311,-0.00048202657689577766,-0.0001555799873448338,0.5508972655162552,0.01373656829234567,0.007567437909830524,0.08065378913434394,0.05554246287257796,0.421722720982526,0.7333005422011144,0.5997663018769864,0.5916843968629013,0.7425920515816196
1043,0.4237438460107855,0.4369467839899107,7.719498975500283e-05,-2.259460850506656e-05,0.4674237442013145,0.5842649153490229,-0.0005812081473345332,-0.0003762301565082282,0.5506534643830396,0.01371039426143726,0.007549676098117773,0.08029165663003442,0.055465862737210284,0.4216446775787314,0.7336967659293397,0.5997727340981216,0.5916903047398414,0.7429770461088134
1044,0.4238138147281003,0.43694811963976943,6.996871731479448e-05,1.3356498587135945e-06,0.4669391714935609,0.5835813399774643,-0.0004845727077535944,-0.000683575371558609,0.550484130864119,0.013678689893532847,0.007529901717401238,0.07982618396087533,0.05549361311914994,0.42157632964273,0.7339081489816387,0.5997756640897052,0.5917264690433653,0.7431691037067667
1045,0.4237577655033872,0.4368280911826029,-5.6049224713139445e-05,-0.00012002845716652111,0.46641301371157834,0.5827437673106823,-0.0005261577819825614,-0.0008375726667819716,0.5502320792496611,0.013636802115823016,0.007503405982505476,0.079420569693946,0.05543385102510302,0.4211697257507515,0.7342052526965773,0.5996806210839029,0.5917213170988073,0.7434128399299204
1046,0.42371558619523847,0.4367247199171198,-4.21793081487043e-05,-0.00010337126548309872,0.4659236992721235,0.5820373970526694,-0.0004893144394548243,-0.0007063702580129005,0.550060666731196,0.013596402028075777,0.007478845964708747,0.07902092234480833,0.055385893429973465,0.42086944260596637,0.7343718674508527,0.5996168041088938,0.5917338700248413,0.7435349229315492
1047,0.423698398276947,0.43664968477251037,-1.718791829147248e-05,-7.503514460943661e-05,0.4654188958645619,0.5813378522388338,-0.0005048034075615937,-0.0006995448138356064,0.5498575016415581,0.013527390635315755,0.0074381372184641305,0.07879299046348982,0.05538447539447981,0.420631208907638,0.7345072803450166,0.5995078339420038,0.5917835960005813,0.7435663749284617
1048,0.4237481894366222,0.4366323238003393,4.9791159675183216e-05,-1.7360972171087674e-05,0.464761948240568,0.5806829141528083,-0.0006569476239939309,-0.0006549380860255694,0.5497046114373558,0.013478312871404281,0.007409090739806402,0.07852921943802027,0.055428575167018955,0.4204009993928133,0.7346697835022455,0.5994529084945185,0.5918421689386114,0.7436628020084601
1049,0.4237875837647916,0.4366386173313504,3.939432816940647e-05,6.293531011114517e-06,0.4642253290406119,0.5801097819814037,-0.0005366191999560677,-0.0005731321714045334,0.5496749050149676,0.013423906007354804,0.007378784259522605,0.07835858733181952,0.055443560037031527,0.42029826815254656,0.735157785118039,0.5993967491422014,0.5920063386580161,0.7440711049020685
1050,0.4239094909644927,0.43674132039225294,0.00012190719970112118,0.00010270306090254255,0.4634490554086213,0.5793559071415357,-0.0007762736319906205,-0.0007538748398679962,0.5500617013572555,0.013453183287028641,0.00740008088753397,0.07820792933244733,0.05545084131847262,0.4201531722481299,0.7352388102020178,0.5993698035506916,0.5921551494799386,0.7443044383354281
1051,0.424091692457588,0.43682392627492717,0.00018220149309527978,8.260588267422486e-05,0.462602429441698,0.5785871856600666,-0.0008466259669233089,-0.0007687214814691146,0.5505997771459153,0.013444358020542179,0.007402460529980424,0.07813671430479621,0.055570635563408126,0.4198041953231462,0.7352432804407207,0.5992591883612253,0.5922418078939402,0.7443528749727599
1052,0.424358709042388,0.4369784539230801,0.000267016584799995,0.00015452764815293563,0.4619198352484741,0.577876855585186,-0.0006825941932239177,-0.0007103300748806385,0.5510488699919995,0.01345603201973936,0.007414931239053537,0.0780737081439637,0.05564652902838388,0.4195202086025246,0.7352894266580489,0.5992263686190643,0.5923464724337875,0.7444814536268382
1053,0.42467003416285626,0.43713304548971954,0.00031132512046827543,0.0001545915666394393,0.46122488655080435,0.5771649349193465,-0.0006949486976697283,-0.0007119206658394717,0.5514835942507361,0.013454815318428598,0.007420109911786866,0.07818847949366989,0.05583292173114651,0.41933122012015983,0.7353534707918515,0.59921084943958,0.5925257561978962,0.7445914252233615
1054,0.4249555389868963,0.437265144727255,0.0002855048240400504,0.0001320992375354324,0.4605413927710172,0.5765483017866824,-0.0006834937797871588,-0.000616633132664135,0.5518085678724667,0.013566515924972981,0.007486119723578354,0.07822463908505375,0.055981791110424645,0.4191256075561205,0.7351252813640463,0.5992233178808039,0.5926336161105801,0.7446893577188746
1055,0.42526602914496636,0.4374325961142392,0.00031049015807005365,0.00016745138698420758,0.4600197848104317,0.5761528734642138,-0.0005216079605854795,-0.0003954283224685273,0.5521345709404447,0.013639430572482443,0.007530801147009577,0.07829256054279259,0.05617334405732339,0.41914510961834084,0.7350141975265523,0.5993403087883842,0.5928223590755284,0.7448262829507829
1056,0.4255584836413304,0.4376203917705255,0.0002924544963640585,0.0001877956562862937,0.45962063126191005,0.5758962543243514,-0.00039915354852165796,-0.0002566191398624129,0.5525081357926171,0.013699121083460037,0.007568875851819843,0.07838316421030828,0.056352083311998945,0.4192854398535815,0.7347098621183511,0.5995126832712769,0.5930124112543343,0.7447181194977034
1057,0.4258589173957534,0.4378415195675881,0.0003004337544229574,0.00022112779706262575,0.4593180363508387,0.5756828947826469,-0.00030259491107137437,-0.00021335954170453864,0.5526235943575718,0.013737809568089948,0.007591837702117708,0.07846887737779729,0.05650884632587176,0.41937303678292537,0.7343312715697098,0.5995604996911036,0.5932254087963943,0.7444788541557733
1058,0.426137699709998,0.43808973887892755,0.00027878231424460775,0.0002482193113394482,0.4590809552069908,0.5755585399456833,-0.0002370811438478504,-0.00012435483696360272,0.5526176224055471,0.013766332940657497,0.00760751817890931,0.07857493608805062,0.05665075698089247,0.41952423702076247,0.7340444909694464,0.599593578861477,0.5933495089273113,0.7442951036200183
1059,0.42637648838480335,0.43834322949306737,0.00023878867480536803,0.00025349061413981744,0.4588687051045939,0.5755121178473847,-0.0002122501023969492,-4.6422098298637415e-05,0.5525184770941837,0.013797940662990718,0.007623617162151542,0.0786765333841124,0.05677632176593568,0.41970002084718466,0.7338425262617498,0.5996261190932831,0.5934479449655503,0.7441738988975084
1060,0.42660454621498695,0.43859560292968197,0.00022805783018359227,0.00025237343661460576,0.4586304880804213,0.5753570932212638,-0.00023821702417259338,-0.00015502462612082546,0.5523323472221243,0.013841733186499578,0.007645236980521686,0.07879338681019951,0.05693098735662959,0.4198859197729173,0.733636615749602,0.5996498240785698,0.5935258148061594,0.7440303723290033
1061,0.4268154272281784,0.43879788570086264,0.00021088101319144403,0.00020228277118067295,0.4585717499000228,0.5754618951869578,-5.873818039847656e-05,0.00010480196569395694,0.5520372993362538,0.013874537527650482,0.0076592622263036755,0.078928087832853,0.05707160490716976,0.42019149964133895,0.7335576165225025,0.5997166974101703,0.5936797564562606,0.7439768557019206
1062,0.4270048417728887,0.4389776191398049,0.00018941454471033126,0.00017973343894223115,0.45844498538881706,0.5756151145874076,-0.00012676451120574583,0.00015321940044976667,0.5517744224519066,0.013926063324269898,0.007684045547777701,0.0790008140472015,0.057038257242424645,0.4207996434902601,0.7335957360626009,0.5998903667139508,0.593840983435361,0.7440303769399641
1063,0.42725430372420403,0.4393128987295542,0.0002494619513153107,0.0003352795897493266,0.45844004710768693,0.5758282224228605,-4.938281130129063e-06,0.00021310783545291923,0.5515877075631591,0.013981408836747701,0.00771197324876496,0.07900227939126211,0.05701961239934605,0.4217735082225404,0.7337935304761342,0.6002035246835027,0.594143024399157,0.7442384951029339
1064,0.4273558527448966,0.43931202432776345,0.00010154902069259286,-8.744017907513779e-07,0.4583237285670476,0.5760839184729364,-0.00011631854063931524,0.00025569605007591534,0.5514444124412973,0.014018547267744305,0.007730449561341812,0.07895019222922109,0.0569823473609512,0.42269166932735586,0.7338525562931998,0.6004322456129368,0.5943011797119231,0.7442898937273758
1065,0.4273572553511669,0.43920297884704146,1.4026062702954256e-06,-0.00010904548072199205,0.4581771182244294,0.5762327311914853,-0.00014661034261820305,0.00014881271854894074,0.5512532498086544,0.014044520035172054,0.007742087311391353,0.07882496501515952,0.056885405560329505,0.42365959020094324,0.7339283676410312,0.6006316977123645,0.5945115021932127,0.744333645634017
1066,0.4272654188290602,0.43897479584034976,-9.183652210670301e-05,-0.00022818300669169567,0.45802892989958627,0.5763256314137959,-0.00014818832484314592,9.290022231056572e-05,0.5509748102323703,0.014057568901707358,0.007745366357946681,0.0787496934575598,0.05673902907557875,0.42452043580736476,0.7339216608221737,0.600753687805242,0.5946915158922416,0.7442812680312221
1067,0.4270546835681066,0.43876016140764557,-0.0002107352609536095,-0.00021463443270419713,0.458125296149976,0.5763485280763392,9.636625038972335e-05,2.289666254329248e-05,0.5511687491774714,0.01404918258985668,0.007743470395017214,0.07874937535699089,0.05648359822948603,0.4254821244086181,0.7337935615412123,0.6009092283182792,0.5950324405950643,0.7440975928975079
1068,0.42562110102069844,0.43826970271118126,-0.0014335825474081632,-0.0004904586964643021,0.4558755001257339,0.5749070547518843,-0.002249796024242079,-0.0014414733244548783,0.5512860417902198,0.015245646442374182,0.008404712081749609,0.07759718367263745,0.054507821715509115,0.42771385910178455,0.7354611746375911,0.6018547186823041,0.5960456895397821,0.7476394397952959
1069,0.4231589311658627,0.43693061390692517,-0.0024621698548357718,-0.0013390888042560944,0.44892717145063504,0.5716000572164034,-0.006948328675098869,-0.0033069975354809156,0.5516280438686235,0.016949167880492645,0.009349636323117062,0.07544496361608778,0.05064866617529545,0.42806901314806467,0.7390415499573268,0.6026876473142714,0.5970182604922404,0.7534835343042539
1070,0.41895029504568587,0.4340552008418021,-0.004208636120176801,-0.002875413065123067,0.43419029564657896,0.5609988175571384,-0.014736875804056082,-0.01060123965926496,0.5519698440711956,0.018785531768035376,0.010369047040796978,0.072917380856868,0.045924050857875494,0.42580687561204256,0.7442853385326685,0.603109493399357,0.597438418155458,0.760997285092285
1071,0.41314013320349596,0.4297766630100162,-0.005810161842189909,-0.004278537831785889,0.4099424074207045,0.5447050202460817,-0.02424788822587448,-0.016293797311056735,0.5515507457627936,0.021733738103018013,0.01198725945893283,0.06875875412889217,0.039918104156591486,0.4209341088349923,0.7483286567103875,0.6025852722205297,0.5970571668065932,0.7685796651719518
1072,0.40536760973371233,0.42400403473811843,-0.007772523469783632,-0.005772628271897784,0.3797901547719392,0.5246868315720258,-0.030152252648765254,-0.020018188674055915,0.5505166486003562,0.02278127918833416,0.012541473469590765,0.06668013117901932,0.03640326450040184,0.41629515263230266,0.7532123587970091,0.6013253939414556,0.5959158860782499,0.7744871885927973
1073,0.3970832273231522,0.41786514789450846,-0.00828438241056012,-0.00613888684360997,0.3482785951044262,0.503971854673532,-0.03151155966751301,-0.020714976898493775,0.5496901540394118,0.024366056950581028,0.013393781598497965,0.06404065486468402,0.03231091118001187,0.40991085160077645,0.7570273553664418,0.5995867981951167,0.5943211362006535,0.7800533921594887
1074,0.38909721200627456,0.411787983218726,-0.007986015316877648,-0.006077164675782454,0.31798576497894154,0.48325180056967515,-0.03029283012548467,-0.020720054103856855,0.5490621101932861,0.025905996419910083,0.014224001060975546,0.06094154126294829,0.02756640911690102,0.402720861470749,0.7605782284478857,0.5975423257592832,0.5924531224815711,0.785377743859657
1075,0.3811914647253697,0.4065740066211746,-0.007905747280904873,-0.005213976597551406,0.2880167021644347,0.464715544078877,-0.02996906281450684,-0.018536256490798153,0.5486273892354351,0.026371908157678953,0.014468351121704076,0.05787045082126264,0.02252952645368818,0.39568512986792026,0.7656479674741303,0.5955732954362625,0.5907412583332847,0.7909603720683644
1076,0.37362693135916314,0.4021883606795686,-0.0075645333662065495,-0.004385645941606009,0.2599848389077222,0.44855683312079914,-0.028031863256712475,-0.01615871095807786,0.5485658408343269,0.026118414046902235,0.01432766976289802,0.054600777128974834,0.01760738878586301,0.3881514072666674,0.7714514280467486,0.5935833934229027,0.5889756962203211,0.7964976919421644
1077,0.36663777944670234,0.3987917272844846,-0.0069891519124608,-0.0033966333950840033,0.23593385622115606,0.436819657315388,-0.024050982686566164,-0.011737175805411115,0.5483802641761089,0.025359289544562277,0.013906533899765497,0.052525096036634404,0.013764231366612775,0.3813607543437624,0.7774072958022009,0.5918183725055016,0.5874708186317361,0.8016644763525356
1078,0.36055239268152733,0.39635386222623703,-0.006085386765175005,-0.002437865058247557,0.21438559070712884,0.42720621051503305,-0.02154826551402722,-0.009613446800354974,0.5482302501778058,0.024287741227113833,0.013315274449194425,0.05096976686962852,0.01079039440795997,0.3754849259965299,0.782513869918658,0.5901408240770268,0.5860505629590241,0.8056779089867773
1079,0.35542009077597114,0.39471336734698204,-0.005132301905556191,-0.0016404948792549945,0.19558165716641332,0.41936854117793226,-0.018803933540715523,-0.007837669337100783,0.5480518550726952,0.023138992827808437,0.012681367943794201,0.04902942340248791,0.007739043470697914,0.36989595345786924,0.78729514777696,0.588653893150604,0.5846584820653247,0.809299061737751
1080,0.35116258015252994,0.3935711171184149,-0.0042575106234412075,-0.001142250228567121,0.1787521258801674,0.41327206322059507,-0.016829531286245925,-0.0060964779573371985,0.5480419959259367,0.021722419619075502,0.011904798204378864,0.0478179531930196,0.0055952085942487404,0.36454292573033603,0.7919117935033456,0.5873347755448044,0.5833517384060429,0.8125017575416534
1081,0.3476753801059132,0.39226912175061884,-0.003487200046616734,-0.0013019953677960716,0.16402741422303935,0.4079319619705897,-0.014724711657128048,-0.005340101250005391,0.548355386273833,0.019231675600445787,0.010545792902575499,0.04694796530008936,0.004128825153962034,0.359347098215864,0.7981274548975025,0.5862312394428091,0.5822207178948375,0.816065684677624
1082,0.3449769327496871,0.3913625910461002,-0.002698447356226097,-0.0009065307045186266,0.1521980846803522,0.40384770192637365,-0.011829329542687145,-0.004084260044216026,0.5491693416950214,0.016861417855059027,0.009259773743507446,0.04665593682270378,0.002523314601267821,0.35462054793917297,0.8046645616405775,0.5855786616416794,0.5814822161791111,0.8200833330123208
1083,0.34275868580712293,0.3906042074642293,-0.0022182469425641727,-0.0007583835818709139,0.14180404911799255,0.4002763592419314,-0.010394035562359655,-0.003571342684442258,0.5499800153255828,0.014743396166146132,0.00810857324940819,0.04640367628563455,0.0006372441597131634,0.35024209690460983,0.8106911592063271,0.5850127828520973,0.5808750036302394,0.8238360835282594
1084,0.3410891114963609,0.3901435343202679,-0.0016695743107620342,-0.0004606731439614209,0.13360551144763066,0.39748218774677657,-0.008198537670361883,-0.002794171495154818,0.5508741677911446,0.013278539552198768,0.007314804425299294,0.04555227265700434,-0.0017618047101880638,0.34638538717281947,0.8160806149988887,0.5846953068716773,0.5805162938165919,0.827722379423022
1085,0.33979430992689813,0.3898740880332959,-0.0012948015694627668,-0.00026944628697200823,0.1271282414278573,0.39527784701743707,-0.006477270019773357,-0.0022043407293395045,0.5517458913399558,0.01185639833676497,0.006541719068399958,0.044124662137230826,-0.004418404159727871,0.3428114187965752,0.8216106799841925,0.5845090165329384,0.5802627403621674,0.8317491772223488
1086,0.3387692244941524,0.3895674748739521,-0.0010250854327457093,-0.00030661315934377154,0.12173700853968863,0.39340225365931925,-0.005391232888168673,-0.001875593358117822,0.5525360693447037,0.010667092661831416,0.005893953450704063,0.04294769622936901,-0.006808964316001353,0.33986269579697387,0.8262996792227569,0.5843341119637128,0.580065814857221,0.8351537503232058
1087,0.3378732961613641,0.3890443310200222,-0.0008959283327883427,-0.000523143853929875,0.11716466027296764,0.3917557392445772,-0.004572348266720996,-0.0016465144147420618,0.5532080329722634,0.009764399006473612,0.00540174396752759,0.041757137837770415,-0.009244399672718591,0.33714164087887505,0.8304076921871236,0.5841307295387757,0.5798885283297827,0.8382600279217929
1088,0.33708812537074084,0.38851895291145966,-0.0007851707906232352,-0.0005253781085625686,0.11336046562499523,0.3902996098621043,-0.0038041946479724087,-0.0014561293824728594,0.553769285029175,0.00903926780886644,0.005005668871703206,0.040634522684000175,-0.011628660059607778,0.3346111191507468,0.833798354510842,0.5839118169224413,0.5797067032757511,0.8408513929753186
1089,0.3364343263641127,0.3880901158499363,-0.0006537990066281529,-0.0004288370615233572,0.11043919200636344,0.38941105442650215,-0.0029212736186317867,-0.0008885554356021785,0.5543538766512125,0.008561806684608902,0.00474627072675121,0.03957815385747221,-0.013865008449690344,0.3322721591485058,0.8365489333128405,0.5837277037840841,0.579539028896484,0.843012124940821
1090,0.33587376876639363,0.38780167526635617,-0.000560557597719058,-0.0002884405835801296,0.10817412276930755,0.3886871776989828,-0.0022650692370558972,-0.0007238767275193347,0.5545831629096427,0.008196212129241437,0.0045454812465130934,0.03857611933075393,-0.015589596745627583,0.33011300479861533,0.8389538628005173,0.5835114503016111,0.5793772870216443,0.8449796472244219
1091,0.33532916534979906,0.3875210788038521,-0.000544603416594569,-0.0002805964625040569,0.10632032739670769,0.3881070307868752,-0.001853795372599859,-0.0005801469121076153,0.5546211304391122,0.007884592520768646,0.0043729616169204755,0.03773495146785538,-0.016994312171105114,0.3282625343808469,0.8409411367598872,0.5833154660979977,0.5792188299690888,0.8466382976396292
1092,0.33471762056331494,0.38746106385519985,-0.0006115447864841195,-6.001494865226498e-05,0.10468465258741073,0.38744142528057085,-0.0016356748092969525,-0.0006656055063043453,0.5546192736417744,0.00758443094289613,0.00420647158053525,0.03700290906215895,-0.0180768075453197,0.3265377151668802,0.842870936971143,0.5830945799768256,0.5790534566351231,0.8482000118320637
1093,0.33416210829335435,0.3877465312126166,-0.0005555122699605897,0.00028546735741674656,0.10327068050528196,0.3868046456153999,-0.0014139720821287755,-0.0006367796651709501,0.5546939660480007,0.0073320541804476926,0.004067046212631354,0.03635340404497937,-0.01855840633174346,0.32506477658389,0.8448405794640343,0.5830004185750176,0.578973731375505,0.8498214415006816
1094,0.33369214924117446,0.3883088501317815,-0.0004699590521798913,0.0005623189191649169,0.10209254161752829,0.3862796838687852,-0.0011781388877536714,-0.000524961746614705,0.5547312327244829,0.007122587195913345,0.0039511215753766276,0.035853716086068785,-0.018849493003035005,0.32367634409687684,0.8466218278958564,0.5829634548279795,0.5788788095048802,0.8513282054530827
1095,0.3332697194630827,0.3887925044968394,-0.00042242977809175963,0.00048365436505787285,0.10135561251267973,0.3858561057877721,-0.0007369291048485577,-0.00042357808101312067,0.554406992549278,0.006953898065432396,0.0038552897129506174,0.03533040605563656,-0.019075387230986198,0.32233932739918236,0.848288078187842,0.582925624391779,0.5787522945368994,0.8527812605818097
1096,0.3327934174031408,0.38938504076841535,-0.0004763020599419243,0.0005925362715759608,0.10045793380275092,0.3851643595131282,-0.0008976787099288092,-0.0006917462746438563,0.5540979503253649,0.006779304992719102,0.0037563990010961675,0.0349731068784554,-0.01886220569747812,0.32124495998892144,0.849703144612856,0.58290529834266,0.5785746114195685,0.8539860633194273
1097,0.3324495200876747,0.3898035705435541,-0.0003438973154660796,0.0004185297751387318,0.09974852796783387,0.3846299213674563,-0.0007094058349170485,-0.0005344381456719449,0.5535944729803464,0.006674394204030287,0.0036949077418432247,0.034740416999954414,-0.018526315223197448,0.3203790016966664,0.8506983424286962,0.5829040162985165,0.5783689416794492,0.8548241526451977
1098,0.3321103964683579,0.3900755395407075,-0.0003391236193168168,0.0002719689971534267,0.09921091296784863,0.38430131367124093,-0.0005376149999852392,-0.0003286076962153439,0.5529643577315875,0.0066060454832363395,0.003652907697783437,0.034549940118720146,-0.018187190321038417,0.31948523277814067,0.8514687477796956,0.5827936088158756,0.5780297935421951,0.855454767916719
1099,0.3316975703731877,0.38987869839157846,-0.0004128260951701823,-0.0001968411491290456,0.09847667364109892,0.383604663616892,-0.0007342393267497083,-0.0006966500543489351,0.5522706829512402,0.006489067733248953,0.0035837218687582552,0.03405619926087868,-0.017733134745733528,0.3185723147234095,0.852446133292772,0.5826196420944301,0.5776585404767088,0.8561985949576043
1100,0.33141776017091146,0.3893527143900983,-0.00027981020227624276,-0.0005259840014801842,0.09778451747303199,0.38310535477024177,-0.0006921561680669347,-0.000499308846650226,0.551761752390326,0.006425836632255427,0.003545530880787205,0.03339253274376383,-0.017452896916873302,0.3180581316588941,0.8538743443833229,0.582672421575624,0.5775305279895419,0.8573626581749255
1101,0.33099595201709847,0.38855825934113175,-0.00042180815381298586,-0.0007944550489665247,0.09702934266523328,0.38278688800429017,-0.0007551748077987142,-0.0003184667659515972,0.5512859821062196,0.006203902855695804,0.0034201246786938417,0.03229898123849441,-0.017325792130853685,0.31733399844474086,0.8562353512069164,0.58291499178274,0.5775649177024333,0.8591802264405535
1102,0.3306405184118976,0.3875042666250984,-0.00035543360520085,-0.0010539927160333473,0.0964417598750157,0.3826678549852648,-0.0005875827902175751,-0.00011903301902538299,0.5506146111975484,0.005954304065028015,0.0032785268177173824,0.030506676915264336,-0.017697646279069012,0.3163955888668435,0.8593664237081138,0.5834421282077422,0.5778865226683668,0.8617512706675124
1103,0.33014030452905896,0.38637906337454386,-0.0005002138828386626,-0.0011252032505545406,0.09672909189944061,0.3826746644382451,0.0002873320244249078,6.809452980316433e-06,0.5497621442443779,0.005743759606994389,0.0031577015975654803,0.028808635976941076,-0.01820738397579685,0.3155469855715835,0.8626159381259515,0.5840828299213344,0.5782762155045509,0.8645836762495684
1104,0.330006962411359,0.38544314649610206,-0.00013334211769994164,-0.0009359168784418004,0.09755399852238128,0.3827004984423127,0.0008249066229406715,2.583400406758196e-05,0.5485142598991981,0.005560505703762464,0.0030500166707645377,0.027697700307237883,-0.018571504460609907,0.3154075837979933,0.8662563988429445,0.5851101784124848,0.5790289788943666,0.8679561447515189
1105,0.329783325944309,0.38472764653595604,-0.0002236364670500368,-0.0007154999601460266,0.09781675057294247,0.38267624387317395,0.0002627520505611852,-2.425456913873747e-05,0.5470457524972242,0.005446429120664311,0.002979445916736603,0.026644616588767787,-0.018926125023477732,0.3155954417985194,0.8691930763636437,0.5860294551948128,0.5797072112851099,0.8708811175478071
1106,0.3295433032036758,0.3842314386816167,-0.0002400227406331723,-0.0004962078543393478,0.0979229704304144,0.38244325735745754,0.00010621985747193141,-0.0002329865157164046,0.5456875303324472,0.005366183106779336,0.002928259206850115,0.026178456082317635,-0.019218447431410417,0.31605554121467017,0.8718482347304554,0.5869504833850284,0.5803636387651754,0.8736074806192359
1107,0.3294150556425449,0.3838477840056469,-0.00012824756113088975,-0.0003836546759697912,0.09800181811708768,0.3822935691092617,7.884768667328068e-05,-0.00014968824819583393,0.5446186331885438,0.0053131829659891355,0.002893658444817656,0.02604167307374268,-0.0194012112334453,0.31670546668615035,0.8742301418896464,0.5879072117519609,0.581062336727783,0.8760875442392513
1108,0.3292383273685818,0.38363474224136623,-0.00017672827396314483,-0.00021304176428066368,0.09777981235726237,0.38197450110970593,-0.00022200575982531112,-0.0003190679995557777,0.5437413064846544,0.005272021973263907,0.0028666161155583222,0.02634921538947332,-0.019323618053974163,0.31740262016076404,0.8758873716778168,0.5886458165426165,0.5816249479501285,0.8778394397011703
1109,0.3293261250334037,0.38391803611600633,8.779766482192031e-05,0.00028329387464010036,0.09781032006426114,0.3819719516914026,3.0507706998778028e-05,-2.5494183033547557e-06,0.5433378972429674,0.005227999576531514,0.002840570296699757,0.027061749392316693,-0.019075785972270626,0.318649524127814,0.8772361900366049,0.5896420936274626,0.5824404692117127,0.8792383778902888
1110,0.329464679293982,0.3842530685014053,0.00013855426057829412,0.00033503238539894786,0.09929774512859688,0.38265211395034965,0.0014874250643357317,0.0006801622589470702,0.5429353469089091,0.0051944734996291556,0.002820263271530291,0.02761981498680835,-0.018747329348339475,0.3197926108618001,0.8783591960279888,0.5906360149145341,0.5832787450761431,0.8804134366864105
1111,0.3296471226529283,0.38458195089748853,0.0001824433589462937,0.0003288823960832521,0.10159652709360616,0.384421055258656,0.0022987819650092806,0.0017689413083063488,0.5422974038533246,0.005163247327888466,0.00280001562136653,0.028285188061972638,-0.0181810727296444,0.32079989346968185,0.8791502812053019,0.5917259051935654,0.584158804130446,0.8812620727885314
1112,0.33012345179303637,0.3853482963774634,0.00047632914010808936,0.0007663454799748393,0.10444194314736199,0.3865457493656423,0.0028454160537558365,0.0021246941069862912,0.5415964584918399,0.005121992631172796,0.002774053069464487,0.028885288052375675,-0.01764121970233385,0.3217045194945508,0.8798538810480983,0.5927845508768751,0.5849484976077872,0.8819501421182713
1113,0.33083580409922353,0.3865067325135195,0.0007123523061871584,0.0011584361360561513,0.10832226537704805,0.3892611348306472,0.0038803222296860534,0.002715385465004938,0.5410753285037773,0.0050775720309452575,0.0027473489546452966,0.02939167699442371,-0.017215197377866625,0.3225555961744669,0.8806181737260721,0.5938379817481167,0.5857277685480229,0.8826713506604673
1114,0.3318517711590682,0.3885020956634003,0.0010159670598446913,0.001995363149880802,0.11231964625184421,0.3922420373959506,0.003997380874796161,0.002980902565303367,0.5405915495121525,0.004993163160075924,0.0026992618096724394,0.029836923868053554,-0.016833963478468484,0.3233618103294682,0.8813479434104616,0.5947927107049062,0.5863999342005709,0.8833092242583795
1115,0.3366273038154488,0.39375070515306576,0.004775532656380588,0.0052486094896654345,0.1204911840705754,0.3966286041556569,0.008171537818731187,0.004386566759706334,0.5404432896908107,0.004927493796238279,0.0026630309571700765,0.030197427959271793,-0.016354368817122062,0.3243103407789224,0.8822254203496463,0.5959632008346762,0.5871741770656881,0.8841615547791163
1116,0.3447912133919865,0.4002855499410195,0.008163909576537676,0.006534844787953742,0.13815533520820233,0.4026512261577302,0.01766415113762694,0.0060226220020732635,0.5411705233275944,0.00489366978745335,0.002648309839868567,0.030101288170622804,-0.015640993879913325,0.3257056809422911,0.8840045777925141,0.5978606423800685,0.5886768980549705,0.8860301573745141
1117,0.35429443865884797,0.4077080776201698,0.009503225266861481,0.007422527679150304,0.1597046193590119,0.40915082001846204,0.02154928415080956,0.006499593860731845,0.5423975403202148,0.004905022581246058,0.002660472183282973,0.029733283370920825,-0.014753874611773122,0.32719973728683255,0.8859693478961299,0.5999886180456242,0.590470866924118,0.8882310869672293
1118,0.3641744926400775,0.41507424109516333,0.009880053981229542,0.007366163474993526,0.18185989463951507,0.4155205312181585,0.02215527528050318,0.006369711199696482,0.5441156540775359,0.00500505128142483,0.0027233267516840807,0.029285588445853085,-0.013702793694552642,0.32873291832958024,0.8878779456085946,0.6020897028263245,0.5925026128586405,0.8904557172115801
1119,0.37240632538180696,0.4211025146536606,0.00823183274172945,0.006028273558497277,0.2037978239444293,0.42309052793589125,0.021937929304914228,0.00756999671773273,0.5454033401351288,0.0053029915612463575,0.002892269310212165,0.02854035807574531,-0.012501699537003927,0.330058243201661,0.8895293962577631,0.6039296423309078,0.5945630137830612,0.892490076606053
1120,0.37918644201616386,0.4259348126566049,0.006780116634356903,0.004832298002944269,0.22473572034636619,0.43061200509267145,0.020937896401936884,0.007521477156780199,0.5463965524834465,0.0056797130581906835,0.0031033756340906023,0.02774374006924859,-0.011366707521632838,0.33111446340758033,0.8907899379677429,0.6053516888751939,0.596332261396002,0.8941223760350684
1121,0.3847668629909777,0.4299587663745656,0.005580420974813816,0.0040239537179607154,0.24332016526182176,0.4377826424394113,0.018584444915455578,0.007170637346739839,0.5471843324446023,0.006065448233392946,0.0033189182425664115,0.02684766312601716,-0.010355820654903758,0.3320039361472962,0.8918852333543463,0.6065370426936235,0.5979592125193149,0.895561538995784
1122,0.388814765529345,0.43298456564845456,0.004047902538367343,0.0030257992738889627,0.25895290970085916,0.4445036044519894,0.015632744439037394,0.006720962012578102,0.5479665190311969,0.0063658916741464126,0.003488295501211688,0.025927443658722838,-0.009507634620826001,0.33269980875048977,0.8926708407075711,0.6074932241503678,0.5993697665302007,0.8966266255337405
1123,0.3918248778336538,0.4353117845289614,0.003010112304308754,0.002327218880506854,0.2714343851668082,0.450266221734103,0.012481475465949021,0.005762617282113636,0.5485940768953007,0.006656038402884692,0.0036514632434101993,0.025132114991931246,-0.008855819901045076,0.33296436580894145,0.8931782863772931,0.608206373138283,0.6004982014938296,0.8974733099236327
1124,0.39418992594431307,0.43711385374055467,0.0023650481106592958,0.0018020692115932602,0.281720487229249,0.45557263855367647,0.010286102062440794,0.005306416819573445,0.549033678687058,0.006923824985779586,0.003801413102527933,0.024568030248505707,-0.00836655319061143,0.3332807925753486,0.8938328333965481,0.6087785535951368,0.6014762995316358,0.8984271990283328
1125,0.39596228281806295,0.438615786139971,0.0017723568737498807,0.001501932399416317,0.29053267786848636,0.46058381145324595,0.008812190639237383,0.005011172899569483,0.5492123851236875,0.007186554397922346,0.003946944681704058,0.02405208139283412,-0.007784558113158087,0.33339060973011647,0.8945302050728783,0.6092909092407761,0.6022778513079287,0.8994025318055926
1126,0.39735234513172074,0.43983029866348017,0.0013900623136577916,0.0012145125235091814,0.29853382967827635,0.465134943176729,0.008001151809789997,0.004551131723483037,0.5493652411228002,0.007350783647311251,0.004038265030846682,0.02364448405970503,-0.0070211432737946515,0.3333562864716766,0.8949121495011281,0.6097293137504086,0.6029770208642243,0.9000075559661603
1127,0.398403853922445,0.440836843846638,0.0010515087907242426,0.0010065451831578476,0.30536362463750355,0.46892748247610344,0.006829794959227198,0.0037925392993744533,0.5496349426514928,0.007466439121188641,0.004103815838185381,0.02327582082061796,-0.006410956268337405,0.3334821109056761,0.8950562013148399,0.6100856295858421,0.603510480984899,0.9003052847180848
1128,0.3991566187016968,0.4416981319891367,0.0007527647792517911,0.0008612881424986951,0.31096258128021087,0.472508343590641,0.00559895664270732,0.003580861114537537,0.5498559015722689,0.007575303557828551,0.004165325367473435,0.022708118962287315,-0.00583620566996817,0.3335292497118423,0.8950891698333818,0.6103225655742279,0.6038880411338085,0.9004396907369627
1129,0.39978804617666447,0.44237335660683863,0.000631427474967694,0.0006752246177019194,0.31609421195889825,0.4754405305696311,0.005131630678687382,0.0029321869789901145,0.5500089463296165,0.007681001532608137,0.004224619559705971,0.02211429116614417,-0.005257146053899461,0.3335861073112587,0.895031790670329,0.6104909379474186,0.6041692565542425,0.9004307528790104
1130,0.400367988786326,0.44299662085763136,0.0005799426096615434,0.0006232642507927322,0.32018133550976396,0.4780041878369139,0.004087123550865712,0.002563657267282804,0.5501818212244801,0.00782887684249113,0.004307305719343926,0.02132792976441238,-0.00483544927999004,0.333551123768025,0.8949000004500215,0.6106410663835891,0.6043763696309171,0.9003724434653082
1131,0.400909544817066,0.44359388898954444,0.0005415560307399647,0.0005972681319130757,0.3241895186230047,0.4802676001915303,0.004008183113240749,0.002263412354616412,0.5502819267342492,0.007998973538821934,0.00440169057083921,0.020718704480629554,-0.004695513407536827,0.3335069132199211,0.8942720490189521,0.6106904960172208,0.6044884829495051,0.8998938747626114
1132,0.40145190946928294,0.4441785768640235,0.0005423646522169645,0.0005846878744790729,0.3278485317528994,0.48218802081124,0.003659013129894695,0.0019204206197097062,0.5503600703224585,0.008122558475945146,0.004470331854019452,0.02042460160252098,-0.004407991413225634,0.333608957747644,0.8938773939556969,0.6107225411151118,0.604570477110786,0.8995805968902063
1133,0.40191199711868697,0.4448255077000024,0.00046008764940402846,0.0006469308359788872,0.33013290906907145,0.48344012659614566,0.002284377316172037,0.0012521057849056438,0.5504715008188843,0.008252779233653498,0.004542919770676163,0.02035768339803451,-0.0037953879628673443,0.33385706802961596,0.8932810339315478,0.6107395443699026,0.6046454939563057,0.8991227540561705
1134,0.40234241422123007,0.4454781227179105,0.0004304171025431014,0.000652615017908087,0.33204376686660353,0.4844848172067416,0.001910857797532084,0.001044690610595922,0.5505850184534427,0.008421988912464064,0.004637020920783716,0.020365139250814634,-0.0031846537962649476,0.33413097627030686,0.8929631605238804,0.6107443030973126,0.6047260065581418,0.8990030992388047
1135,0.4027799667904741,0.4459826280810282,0.0004375525692440485,0.000504505363117691,0.3333406002041571,0.4849748490826427,0.0012968333375535934,0.0004900318759011313,0.5506909676297927,0.008588804964668592,0.004729777316776915,0.02014886801460043,-0.00269353744441416,0.33434410799464853,0.8926284986412317,0.6107580053258491,0.6048017804330174,0.8988757140135862
1136,0.40305783896461667,0.44644899878510885,0.00027787217414254606,0.0004663707040806764,0.33392286812700694,0.4850821405350688,0.0005822679228498218,0.00010729145242610594,0.5507323913864568,0.008705399049964141,0.00479434523676014,0.01986217655355115,-0.0026048393945090117,0.33445601033868166,0.8923578689457358,0.6107117058851328,0.604826750301777,0.8987382994358583
1137,0.4032532152416894,0.4469760257602135,0.00019537627707272298,0.0005270269751046497,0.3341279455361939,0.4852187657168895,0.00020507740918696005,0.00013662518182067096,0.5506368655097872,0.008718683516493174,0.00480082856289365,0.019776351553195695,-0.002353784144877871,0.3345412255474901,0.8917788995301832,0.610543958397342,0.6047506058900796,0.8981078343782359
1138,0.40346430800798144,0.447736124641851,0.00021109276629205365,0.0007600988816374721,0.334086114322339,0.4852125620227648,-4.183121385492594e-05,-6.203694124684578e-06,0.5505354261359636,0.008751094930295984,0.00481778777660677,0.019585345908664564,-0.0022131124402447904,0.3344757427052172,0.8910786188328845,0.6102783784768852,0.6046389805252835,0.8973835735742207
1139,0.40316869722852644,0.4483014155942026,-0.00029561077945500225,0.0005652909523516381,0.33353765831589055,0.4853120912437917,-0.0005484560064484278,9.952922102690609e-05,0.5504250976943758,0.008766595218075938,0.004825354029356495,0.019389780895910945,-0.002097365608158762,0.3340379393059212,0.890173114291116,0.6099285327018084,0.6044670883934358,0.8964370175763327
1140,0.40315543153878797,0.4480426327176975,-1.3265689738473085e-05,-0.0002587828765051037,0.33211718875506385,0.48493175708888175,-0.0014204695608266982,-0.0003803341549099559,0.5502879267035423,0.008864709233233585,0.004878142464785858,0.019363207309646094,-0.002010950142087745,0.33368011917511065,0.8887666163513727,0.6096548285625877,0.6043576065580022,0.8951818086062819
1141,0.40369866968746465,0.44755309761670536,0.0005432381486766835,-0.0004895351009921445,0.33224181063460506,0.4862163234914075,0.00012462187954120907,0.001284566402525722,0.5501274547222186,0.008891202767587867,0.004891294747952259,0.01925726768555509,-0.0018238080816402153,0.3330682635069246,0.8865391450792859,0.60946486251269,0.60437167812384,0.8929880465869623
1142,0.405337451490912,0.4472664575316147,0.0016387818034473423,-0.0002866400850906614,0.3375679851575776,0.4905394425362141,0.0053261745229725155,0.004323119044806645,0.5499190226064515,0.008996756367529633,0.004947487468260265,0.018949101716674497,-0.0016547350955001022,0.33277961776365855,0.8816589113315328,0.6090117409209114,0.6045206841993068,0.8880786049255984
1143,0.40764256658154524,0.44704300689842064,0.0023051150906332474,-0.00022345063319406666,0.3457438532433339,0.49672929897594464,0.008175868085756322,0.006189856439730523,0.5497445907775813,0.009082006811861578,0.004992784118226049,0.018377988940727764,-0.0013595699730273073,0.33339022296334925,0.8749681480621726,0.6084586338435325,0.6046566165958797,0.8813315878795352
1144,0.4100836214629276,0.4470190776027847,0.002441054881382354,-2.3929295635938264e-05,0.35557716233023406,0.5040489903492275,0.009833309086900166,0.007319691373282811,0.5494720055004554,0.009155785766096285,0.005030847966829449,0.017565305743525474,-0.001040723200526424,0.3344520920397104,0.8672445615907621,0.6078478653878047,0.6044832869094543,0.873503625926097
1145,0.4125427283365388,0.4466843911612899,0.0024591068736112276,-0.00033468644149481364,0.36644687221930244,0.5112775644692751,0.01086970988906838,0.007228574120047626,0.549244905923759,0.009201781684032236,0.005054031715377254,0.017591303549397218,-0.000292424596901042,0.3361211092760256,0.8590357476043305,0.6072188090660675,0.6040464844324442,0.8651567705357882
1146,0.41491636040229624,0.44650631550184183,0.002373632065757414,-0.00017807565944805148,0.3766546771834678,0.5179677812263852,0.010207804964165346,0.006690216757110123,0.5490799580434417,0.009246834148170742,0.005077251306112255,0.017791193552826642,0.00032847288390247623,0.337542220830596,0.8514974149354453,0.606559650229905,0.6033814511656291,0.8575166929106021
1147,0.41692222276223073,0.4461930254607841,0.002005862359934496,-0.0003132900410577344,0.3855882572984667,0.5235813581159653,0.008933580114998896,0.005613576889580085,0.5488514474260103,0.009231960315348663,0.005066974781658601,0.01847997324873473,0.0009420737536425011,0.3386044779898279,0.844730769669568,0.6058540994847106,0.6026304457942089,0.8505415892779773
1148,0.4185568745094176,0.44588671285929815,0.001634651747186855,-0.0003063126014859474,0.3934877738465289,0.5284432198826867,0.007899516548062202,0.0048618617667214314,0.5486149411014845,0.009200740528709743,0.005047663723248137,0.01940264939864759,0.0016382184188832069,0.33953041281649443,0.8385385867022292,0.6052338388076333,0.6018979301523947,0.8441417387953815
1149,0.41991392272373973,0.4455603434044739,0.001357048214322143,-0.00032636945482422686,0.4005520069673697,0.5327900660173511,0.007064233120840813,0.004346846134664406,0.5486656757234657,0.009144686536896221,0.005017375618045445,0.020663732733927645,0.002352876032049202,0.3401899365454491,0.8329547985396385,0.6046239476883897,0.60117220027422,0.8382372324228404
1150,0.42082357617902644,0.4449659199396108,0.0009096534552867075,-0.000594423464863103,0.4066368665749631,0.5365123639867884,0.006084859607593418,0.0037222979694372382,0.5489532952365155,0.009069889205841107,0.004978945566976579,0.02189492512722562,0.003461211322279265,0.3408306244660481,0.8274796650915179,0.6040756953268944,0.6003806519686817,0.83245289432563
1151,0.42125350869982525,0.44412221130299495,0.0004299325207988147,-0.0008437086366158697,0.4122824823257052,0.5403030083222511,0.005645615750742072,0.003790644335462723,0.5492194535427126,0.00903692382157597,0.004963254362993076,0.02288088128696931,0.004598527724132101,0.34158987452382084,0.8224671193995614,0.603549186265809,0.5996681672636673,0.827215921829278
1152,0.42146834977308334,0.4433256121876101,0.00021484107325808743,-0.0007965991153848773,0.4167466313441504,0.5440530008399233,0.004464149018445218,0.0037499925176721627,0.5494818124028232,0.008952084434253726,0.00491900757971684,0.02400272546604586,0.005749125823720776,0.3417784323885525,0.8180286471292711,0.6030017448421882,0.5989354977432022,0.8225195259609857
1153,0.42164804790194216,0.442604968733852,0.00017969812885881842,-0.0007206434537580519,0.42093679571881876,0.5476739756853461,0.004190164374668348,0.0036209748454228974,0.5498821156334006,0.008879533492585445,0.004882696662740523,0.025098455179791666,0.006901843065688887,0.34201777024898233,0.814026763305378,0.6024857917956492,0.5982850212242691,0.8183397446044658
1154,0.4217612048135976,0.44188947167368003,0.00011315691165542097,-0.0007154970601719879,0.42427231774550006,0.5506723200150339,0.0033355220266813035,0.0029983443296877077,0.5504288308212867,0.008805736124405182,0.004846931039477113,0.025966641341135563,0.007735988865168588,0.34238652773228023,0.8104537671028625,0.6020917083939759,0.5977651863544206,0.8146940388269892
1155,0.42146146931957945,0.441027928295425,-0.0002997354940181274,-0.0008615433782550586,0.4272613940040952,0.5533252847013695,0.0029890762585951247,0.0026529646863356904,0.5508272569221293,0.008781591822222672,0.004837140134844717,0.0271223394801054,0.00869913419059433,0.34298140862000503,0.8073283127555476,0.6017756788611845,0.5972518845471262,0.8115581463371778
1156,0.4209025230972812,0.44010483942178913,-0.00055894622229824,-0.0009230888736358467,0.43001547968224063,0.555539251422007,0.002754085678145446,0.0022139667206374503,0.5509563991524659,0.008783665020679838,0.004839416451155233,0.028225125790341345,0.009927369619102096,0.3437045243090426,0.8045648451054324,0.6015062116282704,0.596809289893403,0.8088180044128608
1157,0.42057100725380725,0.4393627519542206,-0.0003315158434739618,-0.0007420874675685418,0.4326403196310586,0.5575855185886046,0.0026248399488179586,0.002046267166597615,0.5509388250832039,0.008784228750507782,0.004839572667066858,0.02947618569388978,0.01136859263225122,0.34439768043985036,0.8022280641300773,0.6012076367636648,0.5963840805969863,0.8064773976655149
1158,0.42014138537400725,0.43861046028781303,-0.00042962187980000177,-0.0007522916664075563,0.43521735048490573,0.5594924085412993,0.00257703085384714,0.0019068899526947236,0.5508123532127167,0.008787820066895094,0.0048404398506564205,0.030377076973757227,0.012499416697282236,0.34509535164968935,0.8000769883963033,0.6009028200206458,0.5959950253804205,0.8043410400039819
1159,0.41962310071918135,0.43793161656265533,-0.0005182846548258957,-0.0006788437251576962,0.4378736414813609,0.5614647691643002,0.002656290996455146,0.0019723606230008794,0.5507835073224503,0.008792472768735517,0.004842748989601284,0.03105183482192438,0.013441280896704984,0.34547641511120936,0.7982956788546811,0.6006115155097773,0.5956461542368444,0.8024979023634968
1160,0.41917198957123536,0.437300026134505,-0.00045111114794599283,-0.0006315904281503082,0.4402872319115987,0.5633672257880303,0.002413590430237811,0.00190245662373012,0.5506903680701581,0.00880428230825802,0.004848433464928191,0.03145678481214334,0.014162417421020087,0.3458380536238351,0.7967769247480383,0.6003651911163272,0.5953554095029395,0.8009305288883799
1161,0.4191528140382317,0.4370955148682361,-1.9175533003679135e-05,-0.00020451126626891414,0.4389687422453316,0.563237736623321,-0.0013184896662670753,-0.0001294891647093399,0.55061053844406,0.008769460504438846,0.004828557370212992,0.031827170689024034,0.014699529917335152,0.346100038203423,0.795617036954804,0.6002253536474375,0.5951694676178941,0.7997488280897144
1162,0.4210969207350699,0.4394705006150674,0.0019441066968381993,0.002374985746831315,0.417845173652909,0.5419271375936547,-0.021123568592422592,-0.021310599029666255,0.550546692249771,0.008585415188245772,0.0047266719334796556,0.03147624302988566,0.015381325371669499,0.34618791929570236,0.7947038351095493,0.5999574471182174,0.594943314671707,0.7989030751887517
1163,0.4242662637565885,0.4436446814675488,0.0031693430215186114,0.004174180852481391,0.37052693004698034,0.5038186499661079,-0.04731824360592868,-0.038108487627546817,0.548963240006618,0.008284666308753609,0.0045479772592270495,0.03100575174096193,0.01609164648646607,0.34511062287670186,0.7913538333731942,0.5978098953657457,0.5929597550509251,0.7957143221191176
1164,0.4258555542302776,0.446058910983948,0.001589290473689109,0.002414229516399191,0.3335392222444609,0.4778540990785633,-0.03698770780251942,-0.025964550887544624,0.5466089258069655,0.008015426183193683,0.004381303495880525,0.030432349379758552,0.016653411103667845,0.343598323554371,0.7870298771430861,0.5949152319024128,0.5903588831614399,0.7916383212951972
1165,0.4273755186561568,0.44805462586809086,0.0015199644258792055,0.001995714884142852,0.31097333160951957,0.46313971914396773,-0.022565890634941355,-0.014714379934595567,0.5454705042088838,0.007911887761058275,0.004315701406268553,0.030437723492945302,0.017139771295414365,0.34320676738645045,0.7840784967398714,0.5934599027008447,0.5890809353821096,0.7889647879243502
1166,0.4286746474192611,0.44953984586876433,0.0012991287631042847,0.0014852200006734706,0.2968360028959196,0.4542240803362721,-0.014137328713599961,-0.008915638807695636,0.5449951218831313,0.007905901434238192,0.0043086777157486655,0.0306189617439287,0.017346695047885698,0.3432967325615564,0.7823395559234266,0.5928544601865569,0.5885393700685454,0.7874781872362633
1167,0.42963467884703166,0.45070708953184013,0.000960031427770569,0.001167243663075801,0.29175611204422597,0.4538441168408451,-0.005079890851693636,-0.0003799634954270159,0.5449048761629325,0.007892158939267691,0.0043004758894598415,0.030963859471873235,0.0176532578395618,0.3438610895263697,0.7815661127391731,0.592896549557075,0.5885715487668727,0.7868056777948459
1168,0.42943789875399196,0.45042408609218204,-0.00019678009303969457,-0.0002830034396580916,0.30017563050037555,0.4624855304010035,0.008419518456149577,0.008641413560158406,0.5448829055506067,0.007860412487494845,0.004283004395012464,0.031317413816296706,0.017940398141818796,0.3446593995298038,0.7809146673124637,0.5930258733878109,0.5887125092048604,0.7860582045234821
1169,0.4286797544942947,0.4490993059732415,-0.0007581442596972798,-0.0013247801189405495,0.31409831003595184,0.4748320545127057,0.013922679535576299,0.012346524111702228,0.5449423048282467,0.007854532963017254,0.004280267296216059,0.03200724915977873,0.018221665210667502,0.34542404764340134,0.7805029654399228,0.5932739240510764,0.5889165304303516,0.7854493792049387
1170,0.4275352602699569,0.44743284911137615,-0.0011444942243377665,-0.0016664568618653397,0.3320198003529602,0.4892977947198574,0.01792149031700835,0.01446574020715169,0.5451130668627597,0.00791405646974687,0.004314055593548782,0.032323586012756186,0.018408648807904104,0.3463816254118432,0.7797416662154092,0.5933175607225105,0.5892110237747356,0.7844323272988697
1171,0.42628374012142173,0.44563175471948724,-0.0012515201485351901,-0.0018010943918889133,0.3492440163446978,0.5036628373721247,0.017224215991737624,0.01436504265226729,0.5457663057601125,0.00795519658224556,0.0043416782502876325,0.03314060958842206,0.018920293317879883,0.34757634569047635,0.7788649372233356,0.5933855198971063,0.5894901933051782,0.7832087893092199
1172,0.42500302935734424,0.4439064013626236,-0.0012807107640774862,-0.0017253533568636348,0.36559378893357936,0.5171873608737058,0.01634977258888154,0.013524523501581065,0.5464979747039475,0.008008877888373643,0.004376835545647423,0.034125437940466886,0.019633396120064765,0.3489178470472388,0.7782057620899108,0.5934500189980038,0.589745030726222,0.78224071245797
1173,0.42374753711243657,0.44230308401760515,-0.0012554922449076744,-0.0016033173450184512,0.38022950459615573,0.5291739833303261,0.014635715662576376,0.0119866224566203,0.5473016162963513,0.008078404226066767,0.004421323690021617,0.03512180864413221,0.02033270786855785,0.3502563540702909,0.7775492793003141,0.5935323158739612,0.5899776751170632,0.7813541097303828
1174,0.4225359772260396,0.4407279698188045,-0.0012115598863969845,-0.0015751141988006312,0.3927382795268984,0.5393938281019564,0.01250877493074265,0.010219844771630293,0.5481467981398466,0.008171148794509059,0.004478989048834408,0.036266104368510944,0.021294530481663083,0.3516033244003051,0.7770031556505349,0.5936421185298432,0.5902250487329707,0.7806119867187759
1175,0.4214803612823063,0.4394034646594292,-0.001055615943733268,-0.001324505159375322,0.40328876231779015,0.5476454538699367,0.010550482790891769,0.00825162576798033,0.5489786836109369,0.008254918454168583,0.004531774266285099,0.03781808210101342,0.022958313722057845,0.35314056251771986,0.7766908064164811,0.5937623172651887,0.5905853288187731,0.7800935371621062
1176,0.42072218561748065,0.43831732010786667,-0.0007581756648256666,-0.001086144551562529,0.4123031994891624,0.5544229992456878,0.009014437171372236,0.006777545375751148,0.549624251824503,0.008324403526959543,0.004575294060390393,0.03987197372195157,0.025459346387086707,0.3552213776031131,0.7764826780595824,0.593962217247837,0.5909945121981491,0.779662586286599
1177,0.4202055367897902,0.43735000799730056,-0.0005166488276904246,-0.0009673121105661098,0.4202161215148299,0.5599156242804819,0.007912922025667513,0.005492625034794085,0.5501881561909728,0.008499442274590258,0.004676292473708423,0.04211296903980233,0.030079067285822308,0.3596787270434154,0.775214052865909,0.5941521173037767,0.5914756647313957,0.7786866123662858
1178,0.42003498257947924,0.43668019614389914,-0.00017055421031098028,-0.0006698118534014252,0.42771495039023216,0.5646813638669017,0.007498828875402264,0.004765739586419793,0.5502477701270223,0.009124847123502401,0.00502092678245717,0.046247842864853624,0.03668957141602134,0.369951195828608,0.7745241242930192,0.5945117015087713,0.5924324141703536,0.7788174729916497
1179,0.4207784836743991,0.436290382633786,0.0007435010949198295,-0.00038981351011313503,0.4344078938650591,0.5687088437293072,0.006692943474826962,0.004027479862405481,0.548780334131081,0.010169678564711767,0.005580919600748215,0.05122247942560745,0.04256508884137853,0.3835429733602467,0.7712760064820231,0.594854092209248,0.5938828963377991,0.7767377484409549
1180,0.42223385616418274,0.43638461697290304,0.0014553724897836684,9.42343391170386e-05,0.44058972720425177,0.5721829697933057,0.006181833339192644,0.0034741260639985505,0.5468557981399278,0.0113177513075399,0.006189177924433944,0.055632526453752364,0.04599068415090804,0.3972406828201564,0.7669665610516938,0.59527809075564,0.5955697724030455,0.7740438270854485
1181,0.42387924945449984,0.43668373564194435,0.0016453932903170987,0.00029911866904130946,0.4462774390425875,0.5751991270281318,0.005687711838335718,0.003016157234826067,0.5449655942562186,0.012847566934390424,0.007001481949146622,0.058888392221269,0.047998136497939645,0.409008882837115,0.7638314497788866,0.5957284121689307,0.5971743601332589,0.7733174905933523
1182,0.42551863345910707,0.4371666677718349,0.001639384004607225,0.00048293212989053425,0.45121086120221615,0.5778344361411937,0.004933422159628664,0.0026353091130618678,0.5433914005441312,0.013696111253807774,0.007442349076214843,0.0624324382852189,0.050059339833420737,0.4189118418295377,0.7615190374258507,0.596163565807114,0.5986619624981546,0.7719657979463573
1183,0.4270279293618472,0.43780759755619986,0.0015092959027401265,0.0006409297843649742,0.4554169452535549,0.5800792200965453,0.004206084051338765,0.002244783955351659,0.5422651440672623,0.01432296889238672,0.007766846789901001,0.06557233610363909,0.05168853393330975,0.4268279467869628,0.7595620058908443,0.5966070715017867,0.6000037800779399,0.7706330262794926
1184,0.4283749837011124,0.4384533970078558,0.0013470543392651857,0.0006457994516559373,0.4589338524678424,0.5819120252033414,0.00351690721428749,0.001832805106796065,0.5414391662216563,0.015103936293231814,0.008177862673272447,0.0675981572996687,0.05257927541997966,0.4327614892752692,0.7580322706747953,0.5970060469637947,0.6011422250279759,0.7700635908885162
1185,0.4294605941572143,0.43903140621138054,0.0010856104561019486,0.000578009203524743,0.4619777853566971,0.583549315190807,0.0030439328888546835,0.0016372899874655955,0.5407022200606241,0.015831776274577748,0.008560276579167305,0.06958237106474119,0.05362364816339437,0.4376193497167315,0.7564168175596081,0.5974276159470243,0.6020202239380298,0.76932424763565
1186,0.4304527539006025,0.43959250220020685,0.0009921597433881768,0.0005610959888263101,0.4645602717928209,0.5849032206860633,0.0025824864361237987,0.001353905495256269,0.5401324022727659,0.016820799577819342,0.009085458884116288,0.07046423493925445,0.05387971507746836,0.44110303542118573,0.7547198790593282,0.59785267183896,0.6027452267477421,0.7689346778589571
1187,0.4312913226116593,0.44010005968862387,0.0008385687110568085,0.0005075574884170209,0.46670004296998663,0.5860375086207972,0.002139771177165739,0.001134287934733913,0.539648195862772,0.01774050737340643,0.009573632797748984,0.07069823163917792,0.05367442854624779,0.4438065762174239,0.7532673333708758,0.5982986092619088,0.6033062996971266,0.7686618646288211
1188,0.4319625831879482,0.44057030437149086,0.0006712605762889123,0.0004702446828669937,0.46838336359078264,0.5867953629502621,0.0016833206207960139,0.0007578543294649576,0.5392281733146073,0.01847915587629118,0.009964481467568382,0.07042473351709,0.052769662906155625,0.445904211180371,0.7522191123375791,0.5987417410167634,0.6037010420232582,0.7685084744314878
1189,0.4325288714594992,0.4410185217251569,0.0005662882715509743,0.0004482173536660139,0.4696768061569523,0.587351861405264,0.0012934425661696447,0.0005564984550018304,0.5387234617994817,0.01875457887799935,0.01010353165774725,0.07033567812795592,0.05196296993511178,0.4481012638738699,0.7514389570873329,0.5992481034625822,0.6040026120178791,0.76798381123463
1190,0.43302789939602665,0.44151823651363864,0.0004990279365274519,0.0004997147884817643,0.4708603833607775,0.5877925535940518,0.0011835772038252257,0.000440692188787839,0.5381745780064296,0.018944643801588744,0.010195525683402146,0.06986338622570543,0.050657845246012675,0.4505162748690837,0.7508284167980497,0.599941529741437,0.6043112304946451,0.7674690211453975
1191,0.43344674101597247,0.44206506132444634,0.00041884161994582003,0.0005468248108077001,0.47210461020300376,0.5880956226155127,0.0012442268422262481,0.0003030690214609333,0.5375168815388339,0.019238237762054806,0.010340877568162335,0.06893727933215325,0.04929702067242451,0.45304693921819533,0.7500881640178473,0.6006907437254905,0.604668362230423,0.7669619775125319
1192,0.4335910244682395,0.44226651538507256,0.00014428345226702444,0.00020145406062621607,0.4731890778770785,0.588319567463619,0.0010844676740747183,0.00022394484810628335,0.5367264941594019,0.01957320636606265,0.010505458432315293,0.067675113151633,0.04758987708135851,0.4558404285944652,0.7491372103771409,0.6014541541302227,0.6049887808717435,0.7662442353248639
1193,0.4337177625109162,0.44254226277781156,0.00012673804267671063,0.00027574739273900084,0.4741761933809871,0.5885776805360083,0.00098711550390862,0.000258113072389321,0.535852875001477,0.019897440917050604,0.010662100920573592,0.06550192370439434,0.04553684882870982,0.4589537576303374,0.7479349212430253,0.6022111640603297,0.6053469940216368,0.7652055357911681
1194,0.43393019118371207,0.44295025084728223,0.0002124286727958613,0.00040798806947067723,0.47503673387624673,0.5886315651702552,0.0008605404952596318,5.388463424682577e-05,0.5350339094747848,0.019978616253688963,0.010689237160107685,0.06333888037443128,0.04369321184401676,0.4622682801274486,0.7467556794573926,0.6028927699822962,0.6057026837475138,0.7638508858628317
1195,0.4342453582445434,0.44335966879020156,0.00031516706083134505,0.0004094179429193212,0.47595166726794996,0.588827333977212,0.0009149333917032321,0.00019576880695681975,0.533845961562251,0.019946942964812253,0.010648594947277575,0.061248909260538054,0.04219151979958628,0.46567252696822947,0.7455321790665501,0.6034405803343217,0.6059586846291668,0.7622864687462241
1196,0.4346430657891525,0.44385622658541635,0.00039770754460910496,0.0004965577952147915,0.47674499501627793,0.5890249860169727,0.0007933277483279655,0.00019765203976074286,0.5324200074282858,0.019979194907733994,0.010637323101186903,0.05906187089938257,0.040796144378063705,0.46891721379021434,0.7442103663110936,0.6038805132152648,0.6061152196889704,0.7607638803167356
1197,0.43506806748832383,0.4444808276827162,0.00042500169917131236,0.0006246010972998373,0.47740578080542373,0.5892574515369313,0.0006607857891458013,0.00023246551995859122,0.5309617097473839,0.020184360405654838,0.010717122511143892,0.0569504464320357,0.039497337738892524,0.47191281635360527,0.7426481975434092,0.6042214370686573,0.6062818950630149,0.759315676883536
1198,0.43554212485705035,0.44515496597573706,0.0004740573687265215,0.0006741382930208761,0.4781033581721755,0.5896745413933514,0.0006975773667517449,0.0004170898564200831,0.5284896482399976,0.02173177584613863,0.01148501857255628,0.053790093585144784,0.03698778069221953,0.47443822805989255,0.7410897233605164,0.6046296801365705,0.6064477454487921,0.7597986732652311
1199,0.4362322109084138,0.44584394262241983,0.0006900860513634477,0.0006889766466827707,0.4785895307745558,0.5900598213072574,0.00048617260238031923,0.00038527991390602256,0.5254801752063644,0.02494283406867608,0.01310696481655118,0.04969818941020144,0.033373513538157804,0.47611196915680565,0.738531947917077,0.604905979343946,0.6066204204008129,0.7613524336115789
1200,0.4369775460079436,0.44678674955455466,0.0007453350995297869,0.000942806932134832,0.4789581528634292,0.5907132321136054,0.00036862208887339376,0.0006534108063479538,0.5219215048522216,0.03176767051120452,0.016580230398857407,0.044588002244853805,0.028376777416258037,0.4764729203878033,0.7332077253979221,0.6051137266181034,0.6067035183152448,0.7640836674659667
1201,0.438007301279847,0.44824515066099907,0.0010297552719034098,0.001458401106444407,0.4791805057864258,0.5908634963998398,0.0002223529229966048,0.0001502642862344361,0.5155997007658474,0.03776540286778473,0.01947183041793148,0.03997826675416327,0.024263346313839987,0.4774057587627595,0.7299278535294768,0.605130838356799,0.6067716990574266,0.7673347255028173
1202,0.43934792658926425,0.4499387846948023,0.0013406253094172538,0.0016936340338032374,0.47826116136045355,0.5898728356060213,-0.0009193444259722461,-0.0009906607938184875,0.5055422256766369,0.039805501543206424,0.020123361844327378,0.03874989614358815,0.02287288544097263,0.4816320089071872,0.729019266451454,0.6047757493473404,0.606692848026641,0.7685776356308379
1203,0.44163615462060835,0.4517619142314331,0.0022882280313440972,0.0018231295366307743,0.4781384923633653,0.5894185714464315,-0.00012266899708823775,-0.00045426415958982336,0.49057357798152473,0.03791970153202903,0.018602403656558988,0.03921108687868664,0.02457063464566631,0.48947249530473147,0.730038115770924,0.6039655740081822,0.6063078268873778,0.7676465454507201
1204,0.4444299121014888,0.4533281783362018,0.0027937574808804544,0.0015662641047687331,0.47779821858873245,0.5888182371797391,-0.0003402737746328599,-0.0006003342666923706,0.47621914918701264,0.0344626253163943,0.016411762106924098,0.04121535255978998,0.02828923206171513,0.49956459789892177,0.7328402783475763,0.6035445703805711,0.6057993811798217,0.7667937687099152
1205,0.44715820428774455,0.4543436230708311,0.002728292186255754,0.0010154447346292783,0.4770804860596478,0.5865356543995913,-0.0007177325290846359,-0.0022825827801478127,0.4631085529309138,0.03108141595593092,0.014394069566394982,0.043476819645469615,0.03138825795283878,0.5096337650177144,0.7364245810214429,0.6033871076313881,0.60562789135811,0.7667250584421822
1206,0.4497575922387644,0.45527033446087684,0.002599387951019827,0.0009267113900457424,0.478141066252326,0.586270571917312,0.0010605801926781844,-0.00026508248227929965,0.4505447841441498,0.02868636892830919,0.01292449389668451,0.044830062770332926,0.033602361080630444,0.5192717489890006,0.7399141520982745,0.6037372789690753,0.6058113122101954,0.7676373998217747
1207,0.4518449989310968,0.4561275308684706,0.0020874066923324275,0.000857196407593741,0.47966012088462484,0.5864833504273711,0.001519054632298844,0.0002127785100590751,0.44000814576446295,0.02569042170852664,0.011303994819875913,0.04621232185224458,0.03534518264867854,0.5275777839624368,0.7434745144575295,0.6040593554518747,0.6056661963843363,0.7678714321626702
1208,0.45381261223299924,0.45729238219155727,0.0019676133019024267,0.0011648513230866908,0.4794061997492041,0.585904773922109,-0.0002539211354207205,-0.0005785765052620517,0.43211357988249943,0.02335641321316006,0.010092623326753505,0.045189116160674586,0.03481628504550706,0.5333869222107916,0.7473161375052374,0.6043152042004494,0.605799324447616,0.7689937472536803
1209,0.4552175935052433,0.45800557346012827,0.001404981272244088,0.0007131912685710007,0.4785037967378559,0.5849866724260159,-0.0009024030113481962,-0.000918101496093171,0.4257907339897358,0.020936813961963157,0.008914701384270841,0.04361283998126062,0.03379309002480865,0.5375325589434116,0.7506301313215261,0.604319873068011,0.6057196955028598,0.7695236355043015
1210,0.456213134091804,0.4590290573027438,0.0009955405865606504,0.0010234838426155246,0.47751786405176344,0.584619275431164,-0.0009859326860924833,-0.00036739699485188737,0.42092585570871416,0.018982592825481877,0.007990264128636057,0.042224561389814674,0.032866724235245615,0.5419850830133465,0.7504385859954796,0.6045329632155028,0.6060409080620773,0.7670528882211421
1211,0.4566740761780723,0.46013374449249367,0.00046094208626834554,0.0011046871897498756,0.4773883337339379,0.5852853194233756,-0.00012953031782553248,0.0006660439922115957,0.4164250383120596,0.017488896576053802,0.007282814426718853,0.041095606189975604,0.031925022632375885,0.5464517781212329,0.7488976160547397,0.6047228115509404,0.6063353801586696,0.7637406934823139
1212,0.4568218850314138,0.4609569396162169,0.00014780885334148008,0.0008231951237232527,0.47654285191827017,0.5858922117500747,-0.0008454818156677368,0.0006068923266990822,0.4121494758410088,0.016446341950279064,0.00677835121430951,0.040468895431122816,0.031057491223447864,0.5507808324936034,0.7451262650949984,0.6048872332575199,0.6064672130900155,0.7587409507906381
1213,0.4567671982801553,0.4614393832269147,-5.4686751258525845e-05,0.0004824436106977692,0.4762042800588194,0.5868814736940972,-0.00033857185945079804,0.0009892619440224903,0.4086532561164876,0.016115102456828158,0.006585489091633636,0.04009169471934706,0.02985280276508331,0.5552005955646551,0.7386381066958128,0.6049270340326989,0.606553560612585,0.7520477193842781
1214,0.45659363389515684,0.4617107322336217,-0.00017356438499843696,0.00027134900670700013,0.47630132146286935,0.5883216506120994,9.704140404998007e-05,0.001440176918002245,0.4057923328865354,0.016183834097090965,0.006567275793307199,0.040129648684959,0.02871929589542937,0.5594211027766701,0.7315861011113968,0.60501352531916,0.6068072578471482,0.7452963780514731
1215,0.45625391899291745,0.4618044186371638,-0.0003397149022393853,9.368640354212587e-05,0.4763592036151805,0.5895095126809,5.7882152311172774e-05,0.0011878620688006158,0.4031181262816594,0.016530608265933,0.006663787830459022,0.040089631875652884,0.027535320236434332,0.5635278118563368,0.7249395766215893,0.6051684350771342,0.6071968981863255,0.7392359854058161
1216,0.4558050825744586,0.4618377257378138,-0.00044883641845883115,3.330710064997078e-05,0.47609619217515187,0.5903618782608598,-0.00026301144002865984,0.000852365579959824,0.40089568595467767,0.016962651839010117,0.006800253944610335,0.03993272452817605,0.026213567408539314,0.5671123813500284,0.7191433296752522,0.6051223305524406,0.6075124171231341,0.7341322932026841
1217,0.455579426235785,0.4619927109502733,-0.00022565633867360768,0.00015498521245949082,0.4756041168844116,0.5910332972077863,-0.0004920752907402459,0.0006714189469264609,0.39897293320969335,0.01735863349484617,0.0069256249219508065,0.03957823409114147,0.024626472578498034,0.5703082605755321,0.7146138351182632,0.6051178546402652,0.6077953221715396,0.730311603710156
1218,0.4556144283092891,0.46234995636880966,3.50020735040979e-05,0.00035724541853637826,0.4751198825605766,0.5917417181662843,-0.00048423432383504217,0.0007084209584979906,0.39696826538053104,0.017782165800112004,0.007058955512379465,0.03917293748793372,0.023244900765731637,0.5730592978132951,0.7109200410922076,0.6050901551948709,0.6080509148797301,0.7273516914980241
1219,0.4556580734991901,0.46286303134649676,4.364518990096489e-05,0.0005130749776871002,0.47408640660920426,0.592332355229778,-0.0010334759513723202,0.0005906370634937153,0.3948145014052227,0.01828214220560624,0.007218054859525806,0.03880599975285826,0.021821969821410686,0.57539316561921,0.7077839065208191,0.6049679751933775,0.6082296526062119,0.724962386034157
1220,0.45586127015682,0.4635367832202798,0.00020319665762991157,0.0006737518737830461,0.472948142343669,0.5927029712441505,-0.0011382642655352604,0.0003706160143724935,0.3928950834513797,0.018986903188991884,0.007459860912922233,0.038349804489192944,0.020389972336345086,0.5774585276434445,0.7050559125050078,0.6049255238849602,0.6084221983583391,0.7231590054077657
1221,0.45606235387226607,0.464201849488597,0.00020108371544608206,0.0006650662683171937,0.47182302639223556,0.592993482901134,-0.001125115951433442,0.00029051165698346093,0.39096226017024577,0.01998649359484425,0.007813964708718448,0.03780205879786063,0.018977205908240913,0.5790422224494811,0.7024482232843737,0.6048938937562922,0.6085687425211884,0.7217646518982075
1222,0.45620971498415575,0.4647460751601592,0.0001473611118896767,0.000544225671562204,0.47093467210481527,0.5932329834406309,-0.0008883542874202899,0.00023950053949695072,0.3892801342161684,0.02109071135290004,0.008210194946171395,0.03728944124923762,0.017804611783277382,0.5802917082797485,0.7003281648562005,0.6048110064187266,0.6087392196935789,0.7209132414631411
1223,0.4563266381984252,0.465144155600801,0.00011692321426948205,0.0003980804406418237,0.4701663362673433,0.5933673061506315,-0.0007683358374719895,0.00013432271000057838,0.3878145370053166,0.022173985951728887,0.008599394095432132,0.036824971346021536,0.016806323439683208,0.581228588395761,0.698834489032892,0.604647177692933,0.6088600102259676,0.7206170683007819
1224,0.45642983547889027,0.4654575405893627,0.0001031972804650394,0.0003133849885616491,0.4694090299045891,0.5933493027358985,-0.0007573063627541732,-1.8003414733014367e-05,0.3866133230191908,0.023114083883937955,0.008936212778913577,0.03641480514989127,0.015931788712819202,0.5821151013349013,0.697853762686942,0.604483218739414,0.6090018460486704,0.7206516646597438
1225,0.4565434686535888,0.4657601688138787,0.00011363317469853529,0.0003026282245160439,0.46879024933502855,0.5932086393727543,-0.0006187805695605508,-0.00014066336314422223,0.3854035227950557,0.024068290771426363,0.009276004050963448,0.0358950104574115,0.014939227264291687,0.5828599996945298,0.6970543191921589,0.6043737385651553,0.6091681234860282,0.7208571857384071
1226,0.4566217431242375,0.4662093751474095,7.827447064867599e-05,0.00044920633353079387,0.46841165357999603,0.5932455087447195,-0.0003785957550325181,3.6869371965231323e-05,0.38449422562683905,0.025404421665733753,0.009767853435863992,0.03526784845651541,0.014034379599969494,0.5836221293971653,0.6968900033970289,0.6043465374486595,0.6095429542631522,0.722084210167811
1227,0.4567491141298217,0.46662883838506647,0.00012737100558424252,0.0004194632376569585,0.46794229903544954,0.5932685027926334,-0.0004693545445464964,2.299404791394899e-05,0.3835668642239885,0.026595234346165283,0.010201050641460735,0.03487200214355732,0.01362956266789686,0.5848008497146414,0.6968228894219083,0.6044045409328936,0.6098693454165924,0.723244989030106
1228,0.4568051078026114,0.4669667426834171,5.599367278968925e-05,0.00033790429835062197,0.4673622032068128,0.5931590480691313,-0.0005800958286367175,-0.00010945472350210039,0.38278020744945984,0.027607448503555808,0.010567584865341371,0.03430948970369933,0.013108387965066186,0.5859564320608551,0.6968038364137479,0.604493538061381,0.6101232826225372,0.7242630107140131
1229,0.456864426878742,0.4672173248953174,5.931907613060394e-05,0.0002505822119003298,0.46662531454828965,0.5928716860116809,-0.0007368886585231715,-0.000287362057450391,0.38233987807753583,0.028080102490330234,0.010736142962557572,0.03377665902444128,0.012870112304315652,0.5874154243652415,0.6971782758563991,0.60469558470376,0.6104264056557966,0.7251147822724252
1230,0.4569877497583126,0.46723665947587184,0.00012332287957056431,1.9334580554419833e-05,0.4656690445253225,0.5921622296501894,-0.000956270022967165,-0.0007094563614915561,0.3818418574332323,0.028063361180049772,0.01071576595880987,0.03388134637179496,0.013456855479390491,0.5893137145632031,0.6969644264022445,0.6049617605889168,0.6107380208113956,0.7248796269794555
1231,0.4571286555090689,0.4672465737159966,0.00014090575075631495,9.91424012475317e-06,0.4649352181829982,0.5915300267317767,-0.000733826342324273,-0.0006322029184127054,0.3813512092354041,0.028098682455910903,0.010715466532483257,0.033687939097474834,0.013797484885924973,0.5908236444338686,0.6964901070260143,0.6051060416176054,0.6109580928868721,0.7244412312943528
1232,0.4572485621430518,0.4671984577126399,0.00011990663398292467,-4.811600335669075e-05,0.4645600057151858,0.591065806018011,-0.0003752124678124136,-0.0004642207137657284,0.38101788374900075,0.028308224205153887,0.010785939679339973,0.033256785112926485,0.014111356760705941,0.5920685116221093,0.6956804695743763,0.6052053719860179,0.6110279034242329,0.723842911400854
1233,0.45735883338819494,0.46714904299339,0.00011027124514312314,-4.941471924990726e-05,0.4642725681845691,0.5905856845745142,-0.00028743753061671873,-0.00048012144349673935,0.3807538204502604,0.028235226288123593,0.010750670280480682,0.033165581971135914,0.014591259992371361,0.5935336468734164,0.6949698329857863,0.6053776648492626,0.6110893677077714,0.7230517110407786
1234,0.45746220538883886,0.46710391045002136,0.00010337200064391983,-4.513254336863115e-05,0.46422564619661266,0.5901636670609997,-4.6921987956416444e-05,-0.00042201751351456096,0.380775627152825,0.027928350973298318,0.010634435357201877,0.03317587428849616,0.015161634654968193,0.595027726654556,0.6941153886130795,0.6055620266271079,0.6111726680421788,0.7218740738081033
1235,0.4575530935966152,0.46705327946061226,9.088820777636286e-05,-5.063098940910615e-05,0.4642965944322704,0.5898256880798695,7.094823565773067e-05,-0.00033797898113019365,0.3809251451252592,0.027517581858030916,0.010482138862766627,0.033268465153947484,0.015535782493763847,0.5962365302497191,0.693274235692116,0.6056982425648086,0.6112766747934814,0.7206185754292836
1236,0.4576456065364588,0.46711279483289836,9.251293984358089e-05,5.951537228610082e-05,0.46454142879307175,0.5895699081528981,0.00024483436080136034,-0.00025577992697134455,0.38124440091743117,0.027042487507210316,0.010309796949003514,0.033389883190167016,0.015707395649507665,0.5973838895507054,0.6925286623022011,0.6058221640699736,0.6114372025615863,0.7193903434964606
1237,0.45778133472022375,0.4670903424013696,0.00013572818376494933,-2.2452431528763306e-05,0.4651599882913011,0.589728809492613,0.0006185594982293652,0.00015890133971485643,0.38132101533651747,0.026690797449604804,0.010177761983624635,0.03345101826495816,0.015686465151232145,0.5983667825540377,0.6913591537542605,0.60591561642063,0.6115583239208682,0.7178617962804786
1238,0.45786956950259605,0.4671108468730024,8.823478237229843e-05,2.0504471632820653e-05,0.46629534928268984,0.5904494970760816,0.001135360991388723,0.0007206875834686599,0.3814076183398952,0.025801358941473417,0.009840834863800135,0.034137804318352484,0.0161952085883134,0.5996499564386959,0.690249317367902,0.6059918289559115,0.6116085118536461,0.7158336520970316
1239,0.4576770220665151,0.466954374495116,-0.0001925474360809365,-0.00015647237788640744,0.46753155725193124,0.5911759765471544,0.0012362079692413985,0.0007264794710727385,0.38158146803050397,0.02488547927659758,0.009495837715006788,0.034887289372224024,0.016481438089225718,0.6005835437251785,0.6891438252326904,0.606030873238297,0.6115697355669247,0.7137816188120767
1240,0.4574682870281101,0.46668417636485826,-0.00020873503840501684,-0.0002701981302577483,0.4685871427469424,0.5915377722218992,0.0010555854950111687,0.00036179567474481367,0.38204029482965485,0.02410423266502776,0.009208788153989803,0.03547711502442686,0.01670353238851049,0.6012701369273314,0.687799715567033,0.6060806561261518,0.6115980650256968,0.7116251606646754
1241,0.4569479303075947,0.4662822612808957,-0.0005203567205154247,-0.00040191508396253406,0.469393367092704,0.591772457768439,0.0008062243457616081,0.00023468554653982565,0.38216107120927967,0.0238348133025288,0.009108737783767595,0.03548982264419853,0.016478002469457232,0.6013436109994649,0.6865326823023488,0.606223589880481,0.6116277486420013,0.7100811982291042
1242,0.4564388488457319,0.4660251516459021,-0.0005090814618627926,-0.00025710963499364636,0.4700406402361487,0.5922948111725489,0.0006472731434447043,0.0005223534041098876,0.3820885895102066,0.0240599427684592,0.00919302959609687,0.03503801859582473,0.01587893788990831,0.600883222712209,0.6854939303043949,0.6064359177196049,0.6117086910119703,0.7092907484190366
1243,0.45595094732932145,0.4659060652080602,-0.00048790151641042723,-0.00011908643784186435,0.47027725066303105,0.592589573016148,0.00023661042688233325,0.00029476184359911173,0.3817231492983311,0.02507792441195454,0.009572824284396786,0.033823626946931425,0.01470775065982958,0.5994060201045388,0.6846472043167038,0.6065893401274282,0.6118172601693718,0.7095115835761383
1244,0.45545499201503836,0.46574970644330344,-0.0004959553142830919,-0.000156358764756781,0.4705695565419358,0.592848775149847,0.0002923058789047195,0.00025920213369901024,0.38104135044909765,0.02640649367270928,0.010061966009674697,0.03222934587532467,0.013168038691740368,0.5972275511885747,0.6839712869663924,0.6065941226005204,0.6119048421217149,0.7102123829203167
1245,0.45489683546877413,0.46553461745125757,-0.0005581565462642324,-0.0002150889920458643,0.47093636457328053,0.5931520205651312,0.00036680803134475637,0.00030324541528414795,0.38025637348358915,0.02805176195557278,0.01066686127105102,0.03058042076326592,0.011592108021987792,0.5946340725683723,0.6835135588903187,0.6065502819266785,0.6118964569446955,0.711443724992679
1246,0.4542767205857674,0.46529236149398934,-0.0006201148830067282,-0.00024225595726823368,0.47104324343392695,0.5933185789617818,0.00010687886064641994,0.00016655839665058458,0.3791774078161651,0.02997032554691386,0.011364070352285389,0.02876005820638408,0.010079290085639542,0.5918245487297434,0.6831558234423056,0.6064593447089625,0.6119489322724502,0.7130285209330445
1247,0.4535702570179156,0.46503748831371794,-0.0007064635678518116,-0.0002548731802713977,0.47106408246288634,0.5934412917301137,2.0839028959385164e-05,0.00012271276833197842,0.3784097244889577,0.03207011268629289,0.01213564250594992,0.026860495440335093,0.00845743876400715,0.5889315981347139,0.6828139384789911,0.6063473581674895,0.611977847418925,0.7147979040210052
1248,0.45287957339130325,0.46484805341185037,-0.0006906836266123428,-0.00018943490186756895,0.4709099679357556,0.593445850630846,-0.00015411452713071094,4.558900732254401e-06,0.37791312016750606,0.032940491525543424,0.012448643932269406,0.025177482396724533,0.008007201925074304,0.5861138758748388,0.6841002651265186,0.606171981076542,0.61209171065903,0.716951089037925
1249,0.45231748162777796,0.4647317025722814,-0.0005620917635252853,-0.0001163508395689572,0.47052209691595803,0.5931743665822581,-0.0003878710197975921,-0.0002714840485879,0.3774892016833566,0.0329099498004832,0.012423150677623744,0.02386255945273788,0.008241295868222785,0.5837350972042834,0.6859058706898588,0.6059360986016905,0.6122043918525192,0.7187145724789621
1250,0.45158906479804284,0.46450382055253364,-0.0007284168297351235,-0.00022788201974777156,0.47082783339624834,0.5931189479968932,0.0003057364802903084,-5.5418585364841455e-05,0.3780662429126738,0.032856922292664556,0.012422093164861366,0.02241397426495187,0.008541332050393192,0.581319146726289,0.6874911135331604,0.6056491349220872,0.6123014248363877,0.7202288893451223
1251,0.45077008125014756,0.46425274494053564,-0.00081898354789528,-0.00025107561199799733,0.47124077798335906,0.5931345960023873,0.0004129445871107196,1.5648005494028894e-05,0.37884142401944265,0.03233399867149776,0.01224945810095298,0.020614019323049914,0.008608966262302996,0.5787194307848907,0.6896266954786117,0.6054026892434521,0.6123834362154358,0.7218069182760392
1252,0.45003197389913496,0.4640568837870589,-0.0007381073510125957,-0.0001958611534767507,0.47222051525459635,0.5936689924179287,0.000979737271237291,0.0005343964155414271,0.3798089037960378,0.032048508531283854,0.012172308893564887,0.019050360414978682,0.00865750976354104,0.5763759115831301,0.6914974197964698,0.6051886546956553,0.6124601755885473,0.7233492724153513
1253,0.44940055003275536,0.46384866947445735,-0.000631423866379599,-0.0002082143126015401,0.473225385551315,0.593862186225441,0.0010048702967186407,0.00019319380751225967,0.3812167540566507,0.03217146971250018,0.012264303257031166,0.017362760488011,0.00845466224991336,0.5738227682428314,0.6931469063857004,0.6049745929297153,0.6125806232221878,0.7250884401316903
1254,0.4489230758972726,0.4636396057657845,-0.0004774741354827694,-0.00020906370867285196,0.4735036348696212,0.5935919100820298,0.0002782493183062229,-0.00027027614341113004,0.38273260585715885,0.03225491908517139,0.012345009233179452,0.015771567372361246,0.008193769381748974,0.57143293329846,0.694676195055768,0.6048757039254387,0.6127065266208089,0.7266639600991371
1255,0.4486057966851432,0.4636584240847843,-0.00031727921212937327,1.8818318999802575e-05,0.47370200312915833,0.5931216624810739,0.00019836825953711834,-0.0004702476009559309,0.3840780465126697,0.032288989583974755,0.012401492043280962,0.014257879354902015,0.007850178854781216,0.5694017898972227,0.6961008143814519,0.6048152273865165,0.6129386174385908,0.7280903542146105
1256,0.44832917993410315,0.4636603328642556,-0.0002766167510400708,1.9087794713157358e-06,0.47373683308381775,0.5925392107392037,3.482995465942107e-05,-0.0005824517418702158,0.3852056217025667,0.032019326252557,0.012334024475613534,0.0127074388790706,0.007401074845583033,0.567303039457117,0.6986155954725323,0.6050520621840716,0.6132359036736984,0.7302944977007413
1257,0.448048832533257,0.4637006416473885,-0.0002803474008461482,4.030878313288078e-05,0.47368028678981633,0.5918168824252328,-5.654629400142497e-05,-0.0007223283139708991,0.38640604463256784,0.03222664925982364,0.012452572072249523,0.010762304924299913,0.006229911320715968,0.5641081519389514,0.7025863307633977,0.6056585158096879,0.6137781181377796,0.7344772258869708
1258,0.4478653787367479,0.4638020011912025,-0.000183453796509081,0.0001013595438140169,0.4730735484452543,0.5910342354771412,-0.0006067383445620411,-0.0007826469480916032,0.38776725487435554,0.03266764581349289,0.012667443340305872,0.00869670460918882,0.004549973864513605,0.5608223145971953,0.7060860833675652,0.6064518708240554,0.6143514697872546,0.7384437051310836
1259,0.4475580169601099,0.4639096512630936,-0.00030736177663803765,0.00010765007189106335,0.4718884987644078,0.5901367117363394,-0.0011850496808464839,-0.0008975237408017644,0.3892552684812529,0.0333465221288868,0.012980309424195874,0.00661618614673131,0.0017598203280843616,0.5562033077704928,0.7084113701557924,0.6071325092912623,0.6149094798305731,0.7415020446846934
1260,0.447290343146139,0.46365308350115436,-0.000267673813970859,-0.00025656776193921926,0.47076263343388686,0.5891237371683463,-0.0011258653305209476,-0.0010129745679930968,0.3906577343277494,0.0327495993622679,0.012793884287005085,0.005245841900692844,0.0005528288474891959,0.5527676061620361,0.7117193565010007,0.6078288511066938,0.6154155711667173,0.7442104565591847
1261,0.4471003193061465,0.4634450160908962,-0.0001900238399925036,-0.00020806741025813924,0.4693745504615601,0.5881777742049981,-0.0013880829723267318,-0.0009459629633482569,0.3919182171693442,0.032570716562180635,0.012765057166977867,0.0036175713562565464,-0.0009960914265903283,0.5489456019192411,0.7146541025742944,0.6085207940009321,0.6158131142681297,0.7469853060343286
1262,0.44675220689848083,0.46285975472889634,-0.0003481124076656905,-0.0005852613619998781,0.4682995671185526,0.5872655747927088,-0.0010749833430075406,-0.0009121994122892607,0.3933260872730595,0.032113373731438286,0.012631027638924071,0.002549380754175562,-0.002013975338486355,0.5463524071699712,0.7183287022491363,0.6091686674019727,0.6161947963918597,0.75020473563049
1263,0.44642216469648827,0.46245270918741893,-0.0003300422019925642,-0.00040704554147741323,0.46702250728639466,0.5862385904000702,-0.001277059832157923,-0.0010269843926385969,0.3945567741849837,0.031639971207258186,0.012483764974841554,0.002365022838393098,-0.002696097678180137,0.5443779896681846,0.7218783254235485,0.6097968178986911,0.6164229410516806,0.7532833747263813
1264,0.4461522629144187,0.46218783569100597,-0.0002699017820695926,-0.0002648734964129651,0.46582656620182844,0.5854663066114058,-0.001195941084566221,-0.0007722837886644518,0.39558362588755563,0.031372222824191005,0.012410337656945809,0.002418484476582035,-0.0031606161433409626,0.5427630259655152,0.7250617147116527,0.6104684834005168,0.6164789360553334,0.7562118808952577
1265,0.44591223134281677,0.462038950956229,-0.00024003157160190636,-0.00014888473477697728,0.46453185597506824,0.584774211028986,-0.0012947102267601984,-0.0006920955824197828,0.3967553009062832,0.03142128931434827,0.012466563096777628,0.002304829576462036,-0.0038668973459952414,0.5411413745617648,0.7278644612722994,0.6110515077800613,0.6165105639779247,0.7590842948546502
1266,0.4456442465330539,0.46190814368154826,-0.00026798480976286676,-0.00013080727468073317,0.46324617384491956,0.584047700800546,-0.0012856821301486798,-0.0007265102284399472,0.39789230757377664,0.03181641795243555,0.012659507957826313,0.0019608803228707435,-0.004748065834201101,0.5396283770888437,0.7309173247069026,0.6115464290763422,0.616508536817473,0.7625570891712796
1267,0.44539800360336546,0.46185572422297105,-0.00024624292968844497,-5.241945857720198e-05,0.46208796095338955,0.5833306462536358,-0.0011582128915300083,-0.0007170545469101786,0.3988350875894901,0.03240719285079375,0.012925125599175823,0.001424328027789383,-0.005681722451151745,0.5382244863929114,0.734190377772016,0.612015158617073,0.6164577412058351,0.766438839432819
1268,0.44523187047314955,0.4618752909431163,-0.00016613313021590637,1.956672014524763e-05,0.4612003924599828,0.582900597716344,-0.0008875684934067651,-0.00043004853729189385,0.39946385835884396,0.032961166340550206,0.013166794682403843,0.0010019924445239187,-0.0065193284933661635,0.5369851738858396,0.7372511721415381,0.6123084125481311,0.6163215147845376,0.7700674543809658
1269,0.4451525903656865,0.46193307207222656,-7.928010746305336e-05,5.778112911025701e-05,0.4606007411307816,0.5827860037726111,-0.0005996513292012007,-0.00011459394373281029,0.39982973576878605,0.032671947068145926,0.01306321596330855,0.0017722966532119151,-0.00618496808845789,0.536832873267675,0.7393365566963498,0.6122075818666564,0.616050645495151,0.7718584906672351
1270,0.44511686484277624,0.4619964607551862,-3.57255229102571e-05,6.338868295963085e-05,0.459954784074154,0.5827674235081436,-0.0006459570566275663,-1.8580264467549235e-05,0.399880797311927,0.03231616792799208,0.012922614997111597,0.0028710267053437804,-0.0055868436233583,0.5369087750131445,0.7407823146266534,0.6118960726050641,0.6157935037010572,0.7729412545354102
1271,0.44506006025708106,0.4620027209749484,-5.680458569518043e-05,6.260219762188601e-06,0.45944520118265786,0.582829836584214,-0.0005095828914961631,6.241307607035562e-05,0.39994056375762066,0.032305734731588036,0.012920373761155466,0.0037854319554122655,-0.004945655155376739,0.5370158852214667,0.7409737452564619,0.6113964207292573,0.6154128546700887,0.7731223582511453
1272,0.4449789180236427,0.4620304878767519,-8.114223343835825e-05,2.7766901803505384e-05,0.4592522006677622,0.5831316930584577,-0.00019300051489568038,0.0003018564742437446,0.40016830010942406,0.03214907643972779,0.012865041268973804,0.004535082470909149,-0.004454276062393454,0.5370299955644463,0.7403691547972289,0.6108221228633695,0.6150775452384452,0.7723611308691616
1273,0.44485528165266913,0.4621180282992029,-0.00012363637097356772,8.754042245101568e-05,0.45968782471841435,0.583906843486996,0.00043562405065217247,0.0007751504285382627,0.4003462169025635,0.032044900938970534,0.012829054861934258,0.005269135833758483,-0.004020081974067559,0.5367606014645383,0.7388737579925769,0.610139417628616,0.614606866373288,0.7707633767488062
1274,0.44465986590854095,0.46216880584458025,-0.00019541574412818008,5.077754537735624e-05,0.46032496240862675,0.5846737068913542,0.0006371376902123971,0.0007668634043582756,0.39977132972526147,0.0313904818654715,0.012549014676076248,0.006662712779645183,-0.0029081131966487363,0.5373443562575505,0.7373974246564694,0.6094549235907981,0.6142683782991667,0.76862381144203
1275,0.44453394283178704,0.46231549907114605,-0.0001259230767539088,0.0001466932265657972,0.461269245511218,0.5855780555614211,0.000944283102591259,0.0009043486700668346,0.39909210195788136,0.03008818785335911,0.012007958134500682,0.00839978056412489,-0.0012436241334916125,0.5385188856212462,0.7361389775276205,0.6089999494052193,0.61401961988251,0.7660460567772679
1276,0.44443736304942,0.46249232289835535,-9.657978236704556e-05,0.00017682382720929368,0.4620895627688321,0.5864610755694499,0.0008203172576141116,0.0008830200080288675,0.39825950906773977,0.028758751635413242,0.011453446307720735,0.010078044435531642,0.00045738380670686207,0.5398507519585041,0.7349767689071927,0.6086757274955729,0.6138552156082635,0.763533697573786
1277,0.44441458389265737,0.4627257725391067,-2.2779156762631203e-05,0.00023344964075133756,0.463088767498014,0.5874832318442034,0.0009992047291818573,0.0010221562747534385,0.3975738074501303,0.028102583400057182,0.011172851081545563,0.010697070310794298,0.001319846704792757,0.5408392039323492,0.7334255307083115,0.6083838573701986,0.6138125356403087,0.7613189596253734
1278,0.44450188347498115,0.4629656376337951,8.729958232378543e-05,0.00023986509468842954,0.4641161152730104,0.588538791781345,0.0010273477749964122,0.0010555599371416813,0.3964262013759867,0.027952457170543267,0.011081086415243429,0.010765026194472739,0.0024782896174136214,0.5426068565339396,0.7310866432974485,0.607945357149026,0.6138141146573949,0.7588259405434885
1279,0.4449026272169089,0.46310776088244426,0.00040074374192772266,0.00014212324864915082,0.4653948303646245,0.5895242555195351,0.001278715091614091,0.0009854637381900844,0.39622718833286086,0.026744156183309525,0.01059676180884763,0.01184500456673721,0.004217389051126878,0.5448742600506524,0.7318653124636826,0.6072767215704546,0.6136197100865071,0.7583656528561016
1280,0.4458266182616278,0.46346037936129064,0.0009239910447189081,0.0003526184788463782,0.4669941590352508,0.5898099487405499,0.0015993286706263432,0.00028569322101479333,0.40041178099296143,0.027591579773547106,0.011047993597535367,0.01248520218153673,0.004469791748454507,0.5457530835217279,0.7335737254868022,0.6068461881696513,0.6134185664125431,0.760913604701279
1281,0.447619341091246,0.46403520925399994,0.0017927228296182318,0.0005748298927092943,0.46883963569495085,0.588900392451008,0.0018454766597000294,-0.000909556289541924,0.4061597621451287,0.02914578236879109,0.011837844034441875,0.012118602181854878,0.004134823935731147,0.5452911888208682,0.737125091979848,0.6066935090008457,0.6132308856392967,0.7660486609152801
1282,0.44927086038864283,0.4646469533879407,0.0016515192973968196,0.0006117441339407725,0.4700152582669239,0.5875783612108418,0.0011756225719730673,-0.001322031240166166,0.4110471028027145,0.039302098278995286,0.016155013631648563,0.006455134893839681,-0.0007954497324387511,0.5405404125588389,0.7384962663546994,0.6068617704189152,0.6133431907363162,0.7777227672337117
1283,0.451123761356087,0.46537671605256625,0.001852900967444171,0.000729762664625544,0.47092858786995706,0.5872777234178753,0.0009133296030331417,-0.00030063779296651827,0.4159596304555389,0.058274430230407424,0.024239810463647357,-0.003793926436886629,-0.010282995751389247,0.532565980692582,0.7358259308037105,0.6075420640960356,0.6139808057150192,0.794000013090136
1284,0.45276393388944375,0.4659308280375309,0.001640172533356743,0.0005541119849646337,0.4712011271113508,0.586311244050713,0.0002725392413937544,-0.0009664793671623206,0.42081857082774665,0.07769980926655026,0.03269752268913819,-0.01378817501411267,-0.01944928626533673,0.5239270193353256,0.7332268352467971,0.6082493781287307,0.6144913145266923,0.8106730015022603
1285,0.45402600903715223,0.46604995175494013,0.0012620751477084857,0.00011912371740924188,0.4707095174559882,0.5846259885878509,-0.0004916096553626015,-0.0016852554628621341,0.4267727567427745,0.09571968478344427,0.04085055374957991,-0.022568332465280977,-0.027610745588720016,0.5150429325510247,0.731262263385317,0.6087314182063787,0.6147101392060942,0.8265389012089646
1286,0.45499736483700404,0.46599628921748026,0.000971355799851803,-5.366253745986427e-05,0.47023275092146066,0.5837605952566896,-0.0004767665345275507,-0.0008653933311613127,0.4340449870358557,0.1118771816353334,0.04855972985251636,-0.028201441058493693,-0.03283619452967246,0.5064827562377038,0.7273583126983867,0.6089556462774979,0.614675115386092,0.8385486885251555
1287,0.4556916257082322,0.46586127047166404,0.0006942608712281473,-0.00013501874581622886,0.46952942973693923,0.5828851161619918,-0.0007033211845214327,-0.000875479094697762,0.44113416175476916,0.12170639681462851,0.05368884933901446,-0.030955975072754004,-0.035459786580606785,0.49937487811437703,0.7245169973584473,0.6090516245905596,0.6145460058304928,0.8454271802682092
1288,0.456272324294856,0.4658027944310345,0.0005806985866237957,-5.847604062952927e-05,0.4687078470911416,0.5819618271621328,-0.000821582645797625,-0.00092328899985894,0.44814578532651406,0.12491509394804616,0.05598017287648243,-0.030979716077546807,-0.03509721477633904,0.4941646053705167,0.7248417844738934,0.609080245938918,0.6143894061517188,0.8489693346109938
1289,0.4567551979767891,0.46587323096419775,0.00048287368193311586,7.043653316324283e-05,0.46815242323994993,0.5813688910853364,-0.000555423851191672,-0.0005929360767964464,0.4548401298358,0.12379545336568323,0.05630714008192909,-0.02947018821548608,-0.033177434329096644,0.48956224935271375,0.7263080073318069,0.6086572887272051,0.6138578531805673,0.8493532171794643
1290,0.4563794294250093,0.4659150747812219,-0.0003757685517797871,4.1843817024156404e-05,0.4689454300970273,0.5829547939148554,0.000793006857077394,0.0015859028295189814,0.4613265645819838,0.12011331024851801,0.0554114607775188,-0.026621706605025074,-0.030607102765763488,0.48516556341334893,0.7255373031166324,0.6076485707315639,0.6126331070288186,0.8449207565289962
1291,0.45564215470711783,0.46613213269047876,-0.0007372747178914785,0.00021705790925685697,0.47066535208508214,0.5856567810293863,0.0017199219880548178,0.002701987114530957,0.46795179910061996,0.1116068920131742,0.05222664590959348,-0.021296347467507973,-0.02733978062858753,0.48174339258840293,0.7270258435909124,0.6067055725194308,0.6112001513435497,0.838010876693247
1292,0.454618679001168,0.46606211285363425,-0.00102347570594985,-7.001983684451485e-05,0.47171758684924925,0.5871551855167196,0.0010522347641671037,0.0014984044873332936,0.4761427019193752,0.09959555863588092,0.047421698388057903,-0.011819409040836873,-0.0202216371635533,0.4800223916855003,0.7269283031284106,0.605854236082803,0.6095287567081819,0.8260475814245283
1293,0.45312689728889394,0.46556581974184663,-0.0014917817122740429,-0.0004962931117876157,0.4725346340339808,0.58815466693838,0.0008170471847315786,0.0009994814216603976,0.48398180822080644,0.08736835466784056,0.04228469427341821,-0.0019502422968560086,-0.012363612550050479,0.47888152258928884,0.7283627731271731,0.6049850716969168,0.6077741598500823,0.8153963953571277
1294,0.4516473826605832,0.4653619470986156,-0.0014795146283107519,-0.00020387264323101784,0.469732887967528,0.5873740524980867,-0.002801746066452837,-0.0007806144402933146,0.49108626154067275,0.0762743974928717,0.037457308716041623,0.00845317172146368,-0.004175449214458441,0.4775108284939342,0.7281844822404265,0.6043767865832438,0.6061140436228513,0.8042475978139241
1295,0.45367999841383266,0.4688775397634438,0.002032615753249478,0.0035155926648282043,0.42011471636465847,0.54772681792052,-0.04961817160286952,-0.03964723457756669,0.4959656978924564,0.06636501106673641,0.032914769029354515,0.01737438502458936,0.0036264204487842277,0.47260029639321854,0.7264236679551047,0.601127438445944,0.6021034550207712,0.7926199415682972
1296,0.4540892095838652,0.47101554011144875,0.000409211170032564,0.0021380003480049314,0.3721086790610916,0.5096606996754206,-0.048006037303566895,-0.03806611824509942,0.49934710688250045,0.05761020058980032,0.02876748699143731,0.024975333389554016,0.010754111292264572,0.4663242272061431,0.7246060906109788,0.5971384827192373,0.5976564987179099,0.782081034979212
1297,0.45322373361249096,0.47154313834464223,-0.0008654759713742632,0.0005275982331934825,0.34043389351261716,0.48605637454065115,-0.031674785548474416,-0.023604325134769455,0.5023766590048057,0.04972367020195228,0.024980011309513595,0.0321708335828629,0.01780576341034789,0.4608249456160423,0.7227167811143761,0.5942122303385753,0.5943541342714623,0.772361600192714
1298,0.45138299429538653,0.47093461672356596,-0.001840739317104434,-0.0006085216210762745,0.32838154755651,0.4778076501842989,-0.012052345956107158,-0.008248724356352266,0.5054428977998672,0.04266978295261586,0.02156713874406153,0.039086372433997985,0.024624597417994235,0.45687369989840365,0.7223120997986939,0.5929097678368859,0.5926728978034043,0.76496090298512
1299,0.4493681181605605,0.46992921376182945,-0.002014876134826038,-0.0010054029617365123,0.3283774954156253,0.4786141512307402,-4.052140884724942e-06,0.0008065010464413103,0.5089132801584438,0.03629305018807395,0.018470015218167744,0.04568077291408091,0.030662985825181895,0.45421075303307623,0.7226658344126493,0.5928585970151398,0.592262191123914,0.7589467872403589
1300,0.44754660397731316,0.4685199371003869,-0.0018215141832473303,-0.0014092766614425267,0.33367665505663086,0.4826482339192801,0.00529915964100558,0.004034082688539886,0.5122217222917487,0.030547772566635333,0.01564723267625858,0.051725207276128955,0.03626546419437503,0.45214634582526964,0.7234410710158397,0.5932640741504638,0.592336971250634,0.7538902469805971
1301,0.4456385555066076,0.4668498664833844,-0.0019080484707055811,-0.0016700706170025281,0.34231324199828217,0.4870863150639559,0.008636586941651314,0.0044380811446758095,0.5150274713445434,0.02570623947626326,0.013239419515237147,0.057145410395235775,0.04069098559920454,0.4508372287459565,0.7240792007794286,0.5938697622560646,0.5925480483557428,0.7494703026883375
1302,0.4437771119125789,0.46478957073869037,-0.0018614435940286778,-0.0020602957446940184,0.3523704304609949,0.4921191357589623,0.010057188462712752,0.005032820695006435,0.5173170155035349,0.021726510485661658,0.011239493561748746,0.06206113704790084,0.04427055090066695,0.44984985245947806,0.7248405893679376,0.5945458276247784,0.5928422626643081,0.7458757568219784
1303,0.4418284724185474,0.46289742984848004,-0.0019486394940315122,-0.0018921408902103365,0.3614194197645314,0.49831033632120053,0.009048989303536481,0.006191200562238208,0.5193205713156885,0.0187008779274448,0.009711750609385582,0.06625552623873403,0.047259794962938716,0.4489864670140034,0.7252912882760005,0.5951941862086533,0.5930370275350844,0.7427579050685298
1304,0.4401074394383962,0.4611339670962579,-0.0017210329801511937,-0.0017634627522221114,0.3700388288716099,0.5058814627637933,0.00861940910707848,0.007571126442592779,0.521010778147914,0.016481788747222195,0.008587189580459767,0.0697555816341446,0.04989046670602893,0.44839269622325845,0.7259043420486304,0.595895623340466,0.5932679787014694,0.7404693421727586
1305,0.43872091953385134,0.4595951059560139,-0.0013865199045448584,-0.001538861140244041,0.37861223919872283,0.5139255144420105,0.008573410327112951,0.008044051678217201,0.5223939886299419,0.014986352470644828,0.007828780442154336,0.07243573820369129,0.05193519135236221,0.44798727447375375,0.7263054965887487,0.5965724092178211,0.5934927196056973,0.7385691780554925
1306,0.43771177060231453,0.4582986482630389,-0.0010091489315368074,-0.0012964576929749838,0.38780558845461127,0.5219089992563017,0.009193349255888439,0.00798348481429123,0.5234670985406883,0.014032621762283336,0.007345615798821378,0.0745376425246741,0.05351779026137621,0.44759645211615645,0.7267133748817406,0.5971163834039304,0.5936616733725786,0.7372008034663535
1307,0.43683072446094295,0.4569538568834366,-0.0008810461413715776,-0.0013447913796023059,0.3972785840805362,0.5306158673460499,0.009472995625924907,0.008706868089748188,0.5244332943061801,0.013441720008169712,0.007049285505025736,0.07631483721480531,0.05470226042627079,0.44723411139695,0.7270957823795337,0.5976658634334029,0.5936204700899739,0.7361592361419864
1308,0.43618458399842014,0.45579338107248096,-0.0006461404625228151,-0.0011604758109556301,0.40589280385430027,0.5385834087071681,0.008614219773764087,0.007967541361118213,0.525520390982622,0.013094611949208097,0.006881485591313553,0.07765553142727252,0.055630936244613544,0.4468138402133964,0.7274222482116676,0.5981060448965229,0.5936219030958467,0.7353729839870707
1309,0.43571683398698413,0.45474772169112193,-0.0004677500114360078,-0.001045659381359032,0.41359261728069024,0.5458601090949747,0.007699813426389979,0.0072767003878065895,0.5264646872021206,0.012854109750370291,0.0067672348689904235,0.07872304092122435,0.056363581253419975,0.44621819657194545,0.72781793477647,0.5984463602804542,0.5935720218441962,0.7348466097103412
1310,0.43533609293523007,0.45385267975145316,-0.00038074105175406325,-0.0008950419396687725,0.42047101500223955,0.5523980482473063,0.006878397721549301,0.006537939152331584,0.5272783554926236,0.012673916324630675,0.006682681757302378,0.07965189096183216,0.05700475218602751,0.4455755187058071,0.7284979599215418,0.5987223534392769,0.5935338026472543,0.7347442991824744
1311,0.43503775838979136,0.4530670978533143,-0.0002983345454387054,-0.0007855818981388762,0.4266142945596977,0.5580313830847103,0.006143279557458137,0.005633334837404025,0.5279351201510623,0.01257433204581136,0.006638431499424773,0.08052420491441536,0.05760590350596509,0.44515057972945693,0.7287552452291491,0.5989839654935277,0.5935041763679786,0.7344637146096441
1312,0.43474742547275874,0.45235022541424397,-0.00029033291703262076,-0.0007168724390703152,0.43214415310159715,0.5629481968318455,0.005529858541899468,0.004916813747135151,0.5284498558435743,0.012514670048332297,0.006613375582971099,0.08120473018598878,0.058058207515211416,0.4444696734575661,0.7292658327669972,0.5991047461943384,0.5934454204878475,0.7345875355074836
1313,0.4344037915938889,0.45164744689300346,-0.0003436338788698201,-0.0007027785212405102,0.4372318510778379,0.5673208296535105,0.005087697976240757,0.004372632821665001,0.5288275811974315,0.012475105362899705,0.006597179794245357,0.08172036607773234,0.058417878417931335,0.4439378028364747,0.7296124021253416,0.5992472953714449,0.5933487056129437,0.7346610709417373
1314,0.43405515330768013,0.4509932849461536,-0.0003486382862087911,-0.0006541619468498627,0.44154306793489945,0.5709677381483231,0.0043112168570615395,0.0036469084948126396,0.5288158283666328,0.012378111082052242,0.006545741065469654,0.08207018171006446,0.058646549284462585,0.44345227657316283,0.7299378477541624,0.5993190226924379,0.5932400362520883,0.7347633500307014
1315,0.4337101949068535,0.45013290206164236,-0.00034495840082665596,-0.0008603828845112349,0.4457117133407534,0.5743133048976401,0.004168645405853932,0.003345566749316964,0.5288720837662513,0.01230284571302,0.006506631648499579,0.08227926296228286,0.058750288266135306,0.4430529417804248,0.7301325532003384,0.5993857934080921,0.5931522787246692,0.7347965279828695
1316,0.4337657613826753,0.44934409629330746,5.556647582183327e-05,-0.0007888057683348992,0.45026965463430085,0.5773942545045795,0.004557941293547474,0.003080949606939387,0.528915996988238,0.012271085894923687,0.006490373630241866,0.08220235468440214,0.058658694716936854,0.44261659113987606,0.730106086821147,0.5993966697408968,0.5930434227099198,0.7346915942431429
1317,0.4343170273203002,0.4488905175528983,0.0005512659376248896,-0.00045357874040913293,0.4544075586685851,0.579979060887169,0.004137904034284268,0.0025848063825895107,0.5287811575929301,0.012251113517921465,0.006478157987808907,0.08199008865569016,0.05839474380953298,0.4421294989378614,0.7298144474244459,0.5993890193908495,0.5929517518766729,0.7343737469138639
1318,0.4353659425511671,0.44856352791458415,0.0010489152308669203,-0.00032698963831417904,0.4581313334082721,0.5821710366448517,0.0037237747396869914,0.002191975757682707,0.5284632445590967,0.012195981660658281,0.0064451280389747154,0.08165836203198198,0.058019060966218776,0.4415889555217804,0.729275138842608,0.5992713433785819,0.5928091722943547,0.733846480686108
1319,0.4367670523071298,0.4483010224425759,0.0014011097559626928,-0.00026250547200823426,0.461123547103836,0.5839416913031413,0.0029922136955639056,0.0017706546582896276,0.5280211249266304,0.012127039223805343,0.006403332892983069,0.08125430134811808,0.05749982374057897,0.44096585656211806,0.728563083177989,0.5990881961874893,0.5926449060359381,0.7331968176770993
1320,0.4383013181584514,0.4486476015158412,0.0015342658513216034,0.00034657907326529624,0.46341909254032937,0.5854958937051619,0.0022955454364933514,0.0015542024020205325,0.527938813543955,0.012050194278378234,0.00636176527030116,0.08066559922610855,0.057082327203981875,0.4404294202810808,0.7276039022825945,0.598848523397575,0.5925908533540838,0.7323201114475238
1321,0.43963450816370475,0.4491587738019046,0.0013331900052533374,0.0005111722860633994,0.46592243496434377,0.5873444515938412,0.0025033424240143987,0.0018485578886793252,0.5276630639237937,0.011979055407443373,0.006320905079204459,0.08011327943555893,0.056685398208805395,0.439769903968456,0.7267272337012106,0.5984849600027294,0.5924356017230368,0.7315234505318604
1322,0.44067382989060727,0.4496115532506868,0.0010393217269025201,0.00045277944878219234,0.4678902962658165,0.5889376370551944,0.001967861301472751,0.0015931854613532304,0.5277595753125051,0.011910451743496054,0.006285854953927562,0.0795217784739681,0.05623121517518722,0.43898515674439703,0.725846599638247,0.5980260374775195,0.5923008750393511,0.7307747896704342
1323,0.44132076337084336,0.4495499662950867,0.0006469334802360893,-6.158695560010141e-05,0.4699846897319559,0.5905086468551565,0.002094393466139377,0.0015710097999620531,0.5280011673164785,0.01189311684219119,0.006279579575708219,0.07894504007456142,0.055910969391580675,0.4381367078532589,0.7247627874870493,0.5974888875642345,0.5920699338297526,0.7299047252684857
1324,0.4417147173252806,0.4494843459951496,0.0003939539544372539,-6.562029993711915e-05,0.47189736513990826,0.5917206366971205,0.001912675407952369,0.001211989841964023,0.5282118595032267,0.011884410081798781,0.006277486348405828,0.07840585484055575,0.055661916156751666,0.4373789434922882,0.723782361569245,0.5969955685031313,0.591873635854934,0.729151689984431
1325,0.4418526933544156,0.4493146670223814,0.00013797602913501184,-0.00016967897276820576,0.47351890989241396,0.5928279655118902,0.0016215447525056992,0.0011073288147697147,0.5285277013328297,0.011896430066574575,0.006287592837153422,0.0779760577872802,0.05549825108243142,0.43679591546761043,0.7229712570465308,0.596571669630311,0.5917315076708763,0.7285325614293287
1326,0.441828841183417,0.4490475009827285,-2.3852170998650557e-05,-0.00026716603965287744,0.47485518791525905,0.59362910006991,0.0013362780228450832,0.0008011345580197782,0.5290300306745432,0.011899729197230337,0.006295314102229523,0.07758634923604989,0.055349942871221,0.43624374541104566,0.722215494615522,0.5962449154253712,0.5915406668410694,0.7279330230654332
1327,0.44181720255636286,0.44884767288079913,-1.1638627054111339e-05,-0.00019982810192936684,0.4760401940055004,0.5942729179135212,0.0011850060902413584,0.0006438178436112274,0.529569462066712,0.011899658785002412,0.006301695901551151,0.07724544106668477,0.05526097804851726,0.4357962623156314,0.7216112260049313,0.5959955715216423,0.5914375067926059,0.727463954283815
1328,0.44168100300253654,0.4485566652003491,-0.00013619955382632165,-0.00029100768045003944,0.47732609437122725,0.5952007673676611,0.0012859003657268442,0.0009278494541399285,0.5300076132580702,0.011896163323681142,0.006305057130112434,0.07697750695083873,0.055272348159836365,0.435431436744086,0.7209294192243089,0.5957713638311258,0.5913822446739142,0.726898395760866
1329,0.4414598422715471,0.4484077100494505,-0.00022116073098943367,-0.00014895515089857758,0.47834675638435636,0.5960145123205811,0.0010206620131291144,0.0008137449529199703,0.5303893874835736,0.011896840336131236,0.006309957858870518,0.07663447600596433,0.05539708658214632,0.4350752972291954,0.7203685413713126,0.5957249278618244,0.5912912734814405,0.7264556012826973
1330,0.4411825258687205,0.4483259598282529,-0.00027731640282663284,-8.175022119760733e-05,0.4794130897962185,0.5968210342723742,0.0010663334118621304,0.0008065219517930933,0.5305608258288637,0.011902489298722948,0.00631499455174966,0.0762165667157605,0.055521115699029094,0.43469741779066334,0.719905587347145,0.5957170128264028,0.5912005941675251,0.7260966032991818
1331,0.44088871085673215,0.448299825830224,-0.0002938150119883298,-2.6133998028921024e-05,0.4803734943741564,0.5974755033074396,0.00096040457793789,0.0006544690350653859,0.5306981614577022,0.011915867557154947,0.006323729004755612,0.07566771173838305,0.05551429253250848,0.4343618216247753,0.7197143405011338,0.595777942757663,0.5911773344120078,0.726009515449184
1332,0.44062034034888986,0.44825940208431364,-0.000268370507842286,-4.0423745910345144e-05,0.48124191850527814,0.5978321379165533,0.0008684241311217589,0.00035663460911372624,0.5307882452989646,0.011939855825507792,0.006337535122743901,0.07514734723958008,0.05549499220267098,0.43408502067541177,0.71960883661582,0.5958357696736117,0.5911458997859663,0.726006705690431
1333,0.4403618770040831,0.4482020717415026,-0.0002584633448067808,-5.733034281102389e-05,0.48197115700517595,0.5980891232451416,0.0007292384998978108,0.0002569853285883106,0.5308819115549699,0.011985801175155788,0.006363045039384509,0.07459151303814303,0.0554510412536655,0.43392412348284715,0.71948131969559,0.5958776644267911,0.5911344628059733,0.725972083137633
1334,0.4401054194574032,0.4480793422784923,-0.00025645754667985576,-0.00012272946301034038,0.48256608941783496,0.5983809815942075,0.0005949324126590105,0.0002918583490658655,0.53066349556697,0.012041887681374201,0.006390190210222869,0.07405201309530411,0.05530186448795813,0.433734638086713,0.7193830657868889,0.5958434402287461,0.5911229724965141,0.7259807857835741
1335,0.43988472794433553,0.4479995206389427,-0.00022069151306769452,-7.98216395495599e-05,0.48299035768972837,0.5985484644927414,0.0004242682718934021,0.000167482898533855,0.5305079108173042,0.012111827902952486,0.006425420516974054,0.073531004881987,0.055074178488994895,0.433532615691253,0.719365044020448,0.5958380430382307,0.5911563363343859,0.7260648635050254
1336,0.43962613601564476,0.4478669709241037,-0.00025859192869076564,-0.00013254971483900313,0.48313939806150286,0.5986809728581798,0.00014904037177448926,0.00013250836543843292,0.5304307625099037,0.012184927658278675,0.006463260468908773,0.07312093455474881,0.054857443340229364,0.4333041553651699,0.7194043807956776,0.5958090817961885,0.5911885041882888,0.7262027110687876
1337,0.43941722986329873,0.4477547092301861,-0.00020890615234603338,-0.00011226169391759244,0.48316759005701615,0.5986584507257234,2.8191995513293655e-05,-2.2522132456348487e-05,0.5303259679253084,0.012247892512363382,0.006495375451664248,0.0727519898293703,0.054599800777000836,0.43305375351524494,0.7192939035484656,0.5957770338046045,0.5912205789678523,0.7261784715712609
1338,0.4392349259043809,0.44770483240762876,-0.0001823039589178288,-4.987682255735981e-05,0.4831447052476661,0.5986749037381185,-2.288480935003223e-05,1.645301239505681e-05,0.5302885176344623,0.012288717043662342,0.006516565544713055,0.07239332574561663,0.05431316854480928,0.4326852245579207,0.719365638606461,0.5957382241978163,0.5912874773358539,0.7263418444600567
1339,0.4391240845613839,0.4476830327044085,-0.00011084134299699233,-2.1799703220248823e-05,0.48292962575290094,0.5986054547758144,-0.00021507949476518018,-6.944896230409725e-05,0.5301421739749207,0.01236539289209557,0.006555416269869578,0.07202319930782691,0.05405411327641966,0.43251729940320766,0.7193643422425461,0.5957489475499221,0.5913186128890552,0.7264488924491507
1340,0.43906164834268163,0.4476829077054118,-6.243621870227756e-05,-1.249989967089249e-07,0.48265133265982124,0.5983511993449856,-0.00027829309307969563,-0.0002542554308287981,0.5305984125022516,0.012427450199824327,0.006593985347477577,0.07169359128088637,0.053797827987946314,0.43236301094880003,0.7192586797096172,0.5957411487630541,0.5914450190854857,0.726424285697359
1341,0.43903142692388536,0.4477515007811063,-3.022141879627238e-05,6.85930756945119e-05,0.482306873626673,0.5982316345572045,-0.00034445903314822557,-0.00011956478778107904,0.5310357209885731,0.012449090492511897,0.006610911745343046,0.07142641532447896,0.05351541358518511,0.43220568520351305,0.7192228870401334,0.5956891037936964,0.5916027599790341,0.726446063199421
1342,0.43899188708854686,0.44784389992611967,-3.953983533849792e-05,9.239914501335544e-05,0.48196026721121155,0.5980751151562514,-0.0003466064154614701,-0.00015651940095307015,0.5313757358868488,0.012457244564843503,0.006619477497766165,0.07128432721448763,0.05321557177317522,0.4320669938744227,0.7191537144358054,0.5956222237699846,0.5917030745655919,0.7264331087763137
1343,0.4389456963189594,0.4478786378025371,-4.619076958745083e-05,3.4737876417445523e-05,0.48176573820437024,0.5982643603456567,-0.00019452900684130414,0.00018924518940521828,0.5316531730497843,0.012453317957368128,0.006620846007032624,0.07117438214828473,0.05292653597031478,0.431942825847663,0.7193299959754177,0.5955505345436837,0.5917747738844128,0.7266666092561033
1344,0.43892537148205574,0.44793293909931237,-2.0324836903673482e-05,5.430129677524986e-05,0.4817050832291933,0.5985393167624662,-6.0654975176932524e-05,0.0002749564168095242,0.531924216710061,0.01241413445659657,0.006603378746958509,0.07101922841141463,0.05267341574217339,0.4318316774198784,0.7194416637003576,0.59550567012634,0.5918645333579998,0.7268149566669346
1345,0.4389403898908826,0.44797488695806154,1.5018408826839025e-05,4.194785874916951e-05,0.4817806103415564,0.5988429413973491,7.552711236308296e-05,0.00030362463488287084,0.5321482198649559,0.012315715217366557,0.006553785929285361,0.07089929807400841,0.05245952235038379,0.43173355242207817,0.7197181109702453,0.5954690147578819,0.5919545080498947,0.7270998442602351
1346,0.43890080433985923,0.4479917957788372,-3.958555102334671e-05,1.690882077565181e-05,0.481905805932886,0.5990923036120921,0.00012519559132961877,0.0002493622147430319,0.5322280878155219,0.012235072571150385,0.006511849278827511,0.07070850517897075,0.05229499571508271,0.4317374680739211,0.7199050706897676,0.595484743731224,0.5920181333598278,0.7273002381720675
1347,0.4388208710216826,0.4479858886189578,-7.993331817662819e-05,-5.907159879414703e-06,0.48204982945902297,0.5993522181704325,0.00014402352613696046,0.00025991455834040167,0.5322844600279127,0.012183284897401005,0.006484973222979318,0.07042332908657233,0.05205827198901441,0.43172841160768066,0.7200477453066771,0.5954907611637364,0.5920788802630507,0.7274598239457105
1348,0.4387384557057289,0.4479948911746098,-8.241531595370999e-05,9.002555652004585e-06,0.4821128568647929,0.5994760084495477,6.302740576991095e-05,0.00012379027911524343,0.53221292095464,0.012134998315545275,0.006458402899295987,0.07014745269640031,0.05186048796872264,0.4317723088980021,0.7202115034879616,0.5954908559921398,0.5921395643371027,0.727628556619969
1349,0.43867825366715807,0.44803002995851565,-6.02020385708224e-05,3.513878390587477e-05,0.48208681659263103,0.59953835235491,-2.604027216185356e-05,6.234390536230539e-05,0.532286858952407,0.012112753240281793,0.006447459375535186,0.06981224709809929,0.051699348072247735,0.43180091649904423,0.7202511302656691,0.5954830148738306,0.5922036988792784,0.7276827455574809
1350,0.4385658436790076,0.448093680214053,-0.00011240998815048586,6.365025553733972e-05,0.4822255710394071,0.5995803780179574,0.0001387544467760793,4.2025663047340345e-05,0.5323895888235625,0.012084025855568227,0.006433409556579266,0.06947553645754263,0.05156489163340648,0.4318363779370579,0.7203553112180752,0.5954426015544235,0.5922886654157145,0.7278043465347656
1351,0.4384190575724782,0.4481123973472402,-0.00014678610652940627,1.871713318718493e-05,0.48234300147703896,0.5996019537971529,0.00011743043763184913,2.1575779195481815e-05,0.5325083147944534,0.012082431714740318,0.006433995351035424,0.06907577494599315,0.05136711894366448,0.4318396421596448,0.7202036303815441,0.5954452372573916,0.5922955287831702,0.7276905599455417
1352,0.4382617304234335,0.448118498958312,-0.0001573271490446504,6.101611071840374e-06,0.4824173471477751,0.599672921020304,7.434567073616449e-05,7.096722315114157e-05,0.5326484098210954,0.012115333521199364,0.006453213134519053,0.06872125573990616,0.051182374040352474,0.43181404381043215,0.7200663379009543,0.5954218218608809,0.5922974814140276,0.7275916370819767
1353,0.4380259435170232,0.4480724823039087,-0.00023578690641035127,-4.601665440329139e-05,0.48262461343848084,0.5999475582321018,0.000207266290705721,0.000274637211797768,0.5327585098578393,0.012223704257232028,0.006512282465025862,0.06841289449907563,0.05103676041096322,0.43181238748427825,0.7198704812685308,0.595398042646463,0.592308724637621,0.7274631068215911
1354,0.4378100587591829,0.4480335460470739,-0.00021588475784029004,-3.8936256834820604e-05,0.4828471841285497,0.6001121458544058,0.00022257069006886843,0.00016458762230397994,0.5328583001486732,0.012312883513200123,0.006561022178772441,0.06825077354287655,0.05106092146529376,0.43181205083424185,0.71984398922315,0.5954084117924365,0.5923437026854079,0.7274957462799394
1355,0.4376657805623157,0.4480649705939478,-0.0001442781968671869,3.142454687388163e-05,0.4830243648241814,0.6002819959519663,0.0001771806956316624,0.00016985009756054215,0.5329294660816485,0.012392859277425545,0.0066045198779434,0.06808790815607302,0.05109543566267733,0.43182809135754274,0.7197703078746672,0.5954657377344315,0.5923968866633471,0.727485840879994
1356,0.43763322458245724,0.44819813126563773,-3.2555979858461814e-05,0.00013316067168994694,0.4832807281096148,0.6004889320206891,0.00025636328543343634,0.00020693606872279613,0.5330070001943026,0.012463876683136336,0.006643333521670213,0.06797731356365422,0.05111721818551508,0.43185706512626654,0.7201319262780526,0.5955816313536226,0.5925258870960729,0.7279187643141465
1357,0.4375812505589719,0.4481642160826068,-5.1974023485334975e-05,-3.391518303091923e-05,0.48352997773313583,0.600672824520378,0.00024924962352101954,0.00018389249968886467,0.5330418550946315,0.01254609785817827,0.006687595276522129,0.06787364853392683,0.05111073434641597,0.43188039532518135,0.7204382410293391,0.5957066931910984,0.5925879945376048,0.7282968912069788
1358,0.43748012184465784,0.44804868307873424,-0.00010112871431405823,-0.00011553300387256993,0.4838308696778655,0.6007663272643655,0.0003008919447296532,9.350274398756131e-05,0.532825466644031,0.01261265128572717,0.006720341806936017,0.06776413679229862,0.05108840642532479,0.431936344176401,0.7208059760096325,0.5957931631898239,0.5926464299460587,0.7287239647063751
1359,0.43735816770044483,0.44795400403252433,-0.0001219541442130101,-9.467904620991119e-05,0.48417221934525806,0.6008105919168018,0.00034134966739257644,4.426465243623223e-05,0.5324844913481677,0.012689547840493157,0.006756987427283238,0.06758069999919623,0.05095061740476511,0.43214579757080257,0.7211995878065129,0.5958423740219646,0.5927448195795816,0.7291815846562364
1360,0.43719093013823856,0.4477071527069775,-0.0001672375622062683,-0.0002468513255468596,0.4844750872880035,0.6008302014367314,0.0003028679427454217,1.9609519929630892e-05,0.531992351709911,0.012778763150314275,0.006798204260279642,0.06731697061122238,0.05063347898797192,0.4324670913855215,0.7215573566316609,0.5958698560403896,0.5927900573242558,0.7296003185830009
1361,0.43703124538819943,0.44737898878918625,-0.00015968475003913518,-0.00032816391779122434,0.4846571538221375,0.6007728858601211,0.00018206653413399554,-5.7315576610261765e-05,0.5316398680831975,0.012961187122810634,0.006890683812172684,0.06687278286271114,0.05005850350965439,0.4328866299437979,0.7219048709269322,0.5959514876733593,0.5928930419044219,0.7300902335076075
1362,0.43679218255975566,0.4470822919942837,-0.00023906282844377014,-0.0002966967949025734,0.4841753031754007,0.6000012472558832,-0.00048185064673678113,-0.0007716386042379009,0.532117453707677,0.014362192215976205,0.007642373151625478,0.06257275055394536,0.046387987606322345,0.4311986679618132,0.7231835189965352,0.5961926798781585,0.5932721361766249,0.7341678055820243
1363,0.4364742691714583,0.44674206787366616,-0.0003179133882973417,-0.00034022412061751606,0.48311421044405317,0.5989277918774737,-0.0010610927313475238,-0.0010734553784095269,0.5324071390081485,0.02283983735235901,0.012160092460180905,0.05168672772299837,0.03567952944023798,0.4230208846121841,0.723525717009369,0.596266566580743,0.593557104579652,0.7456237283994788
1364,0.4360037835781427,0.44633336356563363,-0.00047048559331563933,-0.0004087043080325259,0.4815280078108105,0.5978227012906054,-0.0015862026332426615,-0.0011050905868682515,0.5324212228572383,0.03797990599408079,0.02022130799337145,0.03770785656963538,0.021319436492736574,0.4111607693828916,0.7229801513083318,0.5961629439966674,0.593625353794396,0.7609181398369542
1365,0.43551627681062993,0.4458131720606094,-0.00048750676751274646,-0.0005201915050242478,0.4798555083953538,0.5968420640589124,-0.0016724994154567185,-0.00098063723169306,0.5322619376866424,0.05541669704873796,0.029496198551354904,0.023976607486714197,0.007141026744614286,0.39841148198327625,0.7217874135869126,0.5958375450074747,0.5935449106937766,0.777046832672484
1366,0.43500013675597216,0.44529064514830924,-0.0005161400546577766,-0.0005225269123001475,0.4778292810196406,0.59542143168455,-0.0020262273757131744,-0.0014206323743624072,0.5322959418015603,0.07431762562090467,0.039558970522335216,0.011159465631790058,-0.005785913967127904,0.38465692117849015,0.7199598341124546,0.5955021592468853,0.5933746346620273,0.7938757330991028
1367,0.43441283127474983,0.4447789176002332,-0.0005873054812223222,-0.0005117275480760464,0.474119661849651,0.593575058157737,-0.003709619169989631,-0.0018463735268129389,0.5330477471302646,0.09312809323457123,0.04964172029322543,0.00037085413754729186,-0.016771165189547306,0.3710256599080906,0.7180349863558803,0.5952450033531764,0.5933665707454766,0.8105185948313368
1368,0.43317317973694375,0.44418455880268437,-0.0012396515378060857,-0.0005943587975488218,0.4665567885848649,0.5906289188847224,-0.0075628732647861074,-0.0029461392730146807,0.534224066293622,0.11098697898397673,0.059291915218464816,-0.008847602085195323,-0.025538271901190956,0.3585148141436812,0.7162243195863752,0.5950291512300888,0.5934448504696661,0.8264314752355066
1369,0.4319502900670299,0.4435289650877025,-0.0012228896699138514,-0.0006555937149818614,0.4585751207945943,0.5870071010581334,-0.007981667790270597,-0.003621817826588991,0.5356876516796454,0.12654902957299752,0.06779075247429704,-0.01609653916914258,-0.03242969782042603,0.3476230803836722,0.7146289673061592,0.59491123541522,0.5936534479200463,0.8403235597171577
1370,0.4305643868856835,0.44284770179013516,-0.001385903181346404,-0.0006812632975673472,0.45062815521385463,0.5830282893486836,-0.007946965580739651,-0.003978811709449803,0.5379524374325086,0.1397684748111475,0.07518879170088098,-0.021181593317543046,-0.037099315955614616,0.3384304014426268,0.713376272453226,0.5951776267444969,0.5941096110574502,0.852274326508014
1371,0.42947405528256993,0.44215696565146534,-0.001090331603113559,-0.000690736138669823,0.44288247263220093,0.5784229518739887,-0.007745682581653701,-0.004605337474694826,0.5406194520353742,0.15119374947409134,0.08173828199185691,-0.025354425490379327,-0.04107844251219363,0.3304899392625148,0.7122552597829817,0.5956130580987685,0.5946261859253609,0.8625673502777039
1372,0.42842675075899683,0.44150072967025183,-0.0010473045235731004,-0.0006562359812135043,0.4352388611406527,0.573771140232389,-0.007643611491548241,-0.004651811641599779,0.5435267067856066,0.16113312676845054,0.08758015774652358,-0.028952524540555663,-0.044546342584267824,0.32369150183832074,0.7112841811105742,0.5960294801674092,0.595181838027486,0.8715589070421842
1373,0.427627055452672,0.44096701403612093,-0.0007996953063248435,-0.0005337156341309046,0.42848903108814973,0.5694402938888018,-0.006749830052502959,-0.004330846343587158,0.5462485687768468,0.16955523845427925,0.09261930633426702,-0.0316973407957943,-0.047384170292575106,0.3179194656554372,0.710438402604549,0.5964003698373064,0.5958570834265768,0.8791644840466419
1374,0.4270257818961825,0.4404988403142819,-0.0006012735564894789,-0.00046817372183904915,0.4224405418118997,0.5654936406414095,-0.006048489276250013,-0.0039466532473922955,0.5488778919995168,0.1767225733893732,0.09699911355068905,-0.03402994112399052,-0.049795075967605865,0.31315334716128085,0.7097054665800631,0.596689697768176,0.5967315515957181,0.885614467158844
1375,0.4267270752584121,0.44027376353203207,-0.0002987066377704295,-0.0002250767822498112,0.41734535462638,0.5619484717875967,-0.005095187185519712,-0.003545168853812841,0.5511390410301641,0.18219038945908744,0.10041223653139357,-0.035782270436786834,-0.0513880325915014,0.3093510225935455,0.7093099509726825,0.5968935664635001,0.5975473724247612,0.8907087104877551
1376,0.4265911880943653,0.4402760164278609,-0.00013588716404677736,2.2528958288359213e-06,0.41276420595968616,0.5586523221683188,-0.004581148666693846,-0.0032961496192778217,0.5532996936656251,0.18623344495938593,0.1030429080463223,-0.03714798269214949,-0.05224290073563362,0.3061477786511879,0.709188713363229,0.5969468854058066,0.598290358390899,0.894660972362761
1377,0.42695024674709936,0.44066397060447143,0.0003590586527340567,0.00038795417661052767,0.4086877888529697,0.5556466024669579,-0.004076417106716468,-0.003005719701360987,0.5551378650761495,0.18934547186956988,0.10511284101550913,-0.03839331847575329,-0.052954882366730856,0.3033190870496137,0.7090632187931395,0.5967815637087271,0.5990189051859834,0.8976535556490495
1378,0.427632229260528,0.44121620574577797,0.0006819825134286583,0.0005522351413065341,0.404921845946555,0.5528857737229743,-0.0037659429064146877,-0.0027608287439835344,0.5565487897940714,0.19145307303606202,0.10655297610057628,-0.03971398887253451,-0.05362905706021725,0.30070906965312927,0.7094029420933248,0.5966131355733341,0.5996218190347518,0.9000932157550592
1379,0.42882082107369257,0.4418761845449593,0.0011885918131645523,0.0006599787991813377,0.40162317855844626,0.5502782748212222,-0.0032986673881087447,-0.002607498901752159,0.5575226927416106,0.19259626807647365,0.10737678998998068,-0.04111344637206082,-0.05435305749585578,0.29840340573175816,0.7102603886973765,0.5963772554815159,0.6000223802645649,0.9020667087572549
1380,0.43023199313290145,0.44274907216498416,0.0014111720592088761,0.0008728876200248536,0.3986761730021914,0.5478491038507962,-0.002947005556254878,-0.0024291709704259423,0.5581722053234786,0.19303411239049678,0.10774627621566381,-0.042405882793187445,-0.05508308294720647,0.29632577616482814,0.7107644414581226,0.5959299139020309,0.6002790382063038,0.9029752246173364
1381,0.43169613630170767,0.44388296176147163,0.00146414316880622,0.0011338895964874696,0.3962518232848598,0.5457140449067387,-0.0024243497173315753,-0.002135058944057522,0.5586323236794507,0.19260708820205855,0.10759654523944888,-0.043489462010981327,-0.055667786517102476,0.2946021773976905,0.7118797314679283,0.5953722705205947,0.6005515716785299,0.9036266807790286
1382,0.4330677087704914,0.4452862042218033,0.0013715724687837216,0.0014032424603316884,0.3943759236181591,0.5439242496619143,-0.0018758996667007088,-0.001789795244824366,0.5586171547671616,0.19150796459674288,0.10697963429828282,-0.04443823373196139,-0.056167252671194004,0.2932181296022474,0.7135949400095,0.5947520921278082,0.6007534085352697,0.9042200343793101
1383,0.43435026925788606,0.4466447515350535,0.0012825604873946683,0.0013585473132501913,0.3928222959981476,0.5424167580181992,-0.0015536276200114885,-0.0015074916437151087,0.5585164372091123,0.19062791536666412,0.10646882412318943,-0.04549928742725939,-0.056830552013491575,0.2919867022829648,0.7149231835403422,0.5941579058480737,0.6007634643004347,0.904657085505329
1384,0.4357024682813329,0.44800160123991767,0.001352199023446854,0.0013568497048641603,0.3915671569007424,0.54119729821581,-0.0012551390974052112,-0.0012194598023892445,0.5584457375862578,0.18996915490587032,0.10608746483004682,-0.046558524678772174,-0.057526968927206525,0.29102472973742355,0.7162468591535607,0.5936997230387876,0.6006799905501442,0.9053038143764306
1385,0.4371210740355046,0.44918417683027695,0.0014186057541716868,0.0011825755903592805,0.3905554837891869,0.5401609751842176,-0.0010116731115554778,-0.001036323031592401,0.5582555001992355,0.18949264888174794,0.10578531348555831,-0.04752024116912252,-0.05818060819044783,0.2903200808442549,0.7173889513178126,0.5933487102818035,0.6005717327173703,0.9059470412736362
1386,0.4384803693711307,0.45017414213765167,0.0013592953356261206,0.0009899653073747183,0.38965251295549025,0.5391970547241066,-0.0009029708336966702,-0.0009639204601109563,0.5580729720785905,0.1891420799331159,0.10555508269340033,-0.04833983058013102,-0.058754906712095274,0.28989915287069873,0.7183723175046558,0.5930880336036757,0.6004644639362849,0.9065595956445364
1387,0.4396885035538993,0.45100629923345975,0.0012081341827686054,0.0008321570958080837,0.38887828249658135,0.5383747422539105,-0.0007742304589088977,-0.0008223124701961515,0.5579130403467467,0.18886822849955476,0.10537204758709066,-0.049070212595416995,-0.05923045817263284,0.2895709531717291,0.7192462301271298,0.5928741288013571,0.6003690071390791,0.9071414931386704
1388,0.4406617317626784,0.4516524497370189,0.0009732282087790978,0.0006461505035591508,0.3881903420303246,0.5376145315330129,-0.0006879404662567534,-0.0007602107208976028,0.5578060820470164,0.1890522273907648,0.10545448226310415,-0.04972692749416061,-0.05966693198052054,0.2893156732500684,0.7197972105833028,0.5926697408343985,0.6002667252302343,0.9078752853773774
1389,0.4415193039876367,0.45217395151481227,0.0008575722249583029,0.000521501777793365,0.38758261524083537,0.5369536774047364,-0.0006077267894892269,-0.0006608541282764335,0.5577315222387202,0.18932319809176654,0.10559151546682373,-0.050328482248748,-0.06000815305842473,0.28910843466445507,0.7201761571606843,0.5925029913082962,0.6001768992392725,0.9085209539059836
1390,0.4421703715889477,0.45257834527457347,0.0006510676013109506,0.0004043937597612013,0.386912596262075,0.5363470198943642,-0.000670018978760345,-0.0006066575103722549,0.5577167703827761,0.18977402218134792,0.10584015475353069,-0.050916940110754635,-0.060320933749698984,0.2889961947077458,0.7203553531137838,0.5923728257920785,0.6000924587922132,0.9091470629680324
1391,0.4426641496462885,0.4528744332813067,0.000493778057340799,0.00029608800673325275,0.3862882370352687,0.5358224786898115,-0.0006243592268063147,-0.0005245412045526976,0.5577798748947648,0.19023391827561667,0.10610865113651437,-0.05150168446214386,-0.06063515202388068,0.2889657015439714,0.7203227467635004,0.5922947213903897,0.5999809318846278,0.9095728400019895
1392,0.4430268325568796,0.45304708513837066,0.0003626829105911056,0.00017265185706394348,0.3855881229163703,0.5351459450299438,-0.0007001141188984206,-0.0006765336598676397,0.5577961519245681,0.1906405508175601,0.1063385656468151,-0.05204443446070111,-0.06095470780886269,0.28896154020836295,0.7202581739120681,0.5922108713029651,0.5998458278685769,0.9099094577875617
1393,0.4432519730578121,0.45308612846740903,0.00022514050093253024,3.904332903836849e-05,0.3848648013476988,0.5343955153961222,-0.0007233215686714978,-0.0007504296338216587,0.5577396063768236,0.19110827821565565,0.10658865586735228,-0.052562328917217335,-0.061362949421976135,0.2888434284104904,0.7200235324090638,0.5920698152506467,0.5996008195644752,0.9101399479046074
1394,0.4434358473715032,0.4531103659968412,0.0001838743136911014,2.4237529432147298e-05,0.3842510623309374,0.5336462757397612,-0.0006137390167613721,-0.0007492396563609782,0.5576728010597568,0.19163526292523636,0.10686977385733952,-0.0529851023359312,-0.06179035126990206,0.28874531706943385,0.7195811515894036,0.5919945012820205,0.5993646712722159,0.9102181264710438
1395,0.4436068352662101,0.4531673762172094,0.00017098789470687548,5.7010220368247655e-05,0.38371796311365425,0.5329326253581746,-0.0005330992172831728,-0.0007136503815865503,0.5576255249365224,0.19215694899163588,0.10715161955166151,-0.05334028784654394,-0.062146347256696044,0.28867425748249176,0.7193361995755448,0.5919979922104678,0.5991564929428792,0.910476466272464
1396,0.44374036282970114,0.4532092319307004,0.00013352756349105377,4.185571349096806e-05,0.3833702928000073,0.5323671689313125,-0.0003476703136469639,-0.0005654564268621209,0.5577261499660044,0.19278008960820814,0.10751849716728727,-0.05356846387146069,-0.062488874560406596,0.28867644143782933,0.7189320472132588,0.5920338788338881,0.5989812689414407,0.910670931316645
1397,0.4438214868484544,0.4532755174522667,8.112401875326469e-05,6.628552156628942e-05,0.38312004338950745,0.532040937456052,-0.0002502494104998365,-0.0003262314752605633,0.5579838770251826,0.19324716766260375,0.10782880383651514,-0.05352731884718145,-0.06263180292616148,0.2888869608207445,0.718599128776338,0.5921655243244142,0.5988327341603443,0.9107549599423579
1398,0.4438449911524722,0.4533783893303794,2.3504304017818445e-05,0.00010287187811269805,0.38292833551916583,0.5317885362368168,-0.00019170787034161751,-0.00025240121923519876,0.5582482167821246,0.19392342883723043,0.10825740834065911,-0.053403020207354865,-0.06302981370658338,0.28925378597590623,0.7179549563688582,0.5923845585274907,0.5987587639311369,0.9107307726823252
1399,0.44380713513602205,0.4534875372180328,-3.785601645017733e-05,0.00010914788765342687,0.3828543661638909,0.5317308662578187,-7.396935527492765e-05,-5.7669978998031723e-05,0.5585058749644792,0.19471424301915358,0.1087490486654586,-0.05302112501894436,-0.06323637939752762,0.2897779851643803,0.7171093542761204,0.592629338739322,0.5987246751995224,0.9106202603532774
1400,0.4437498654189099,0.45360644633121766,-5.726971711217388e-05,0.00011890911318485076,0.3830879399398833,0.5318525204728407,0.0002335737759924239,0.00012165421502197127,0.5586379912392931,0.1952164573163448,0.10905532957205406,-0.05276531792678148,-0.06379543606698651,0.29027845419537235,0.7165588517814869,0.5928947748697748,0.5987025095853669,0.9105081135502101
1401,0.443706412511635,0.45376110414756154,-4.3452907274865726e-05,0.00015465781634388387,0.3834630174932869,0.5320405390709056,0.00037507755340354665,0.00018801859806494292,0.558537088271364,0.19522108301212995,0.10903821527477729,-0.05232032632780156,-0.0645272708230502,0.29110932467815664,0.7162523390231438,0.5931703433446015,0.5986608520863984,0.9101357975321447
1402,0.44362629453000046,0.4539135536530239,-8.011798163454209e-05,0.0001524495054623376,0.3839010390627974,0.5323827717325119,0.00043802156951050497,0.00034223266160626764,0.5582397154398442,0.194992313729411,0.10885245372926322,-0.05184640010967698,-0.06547176840307596,0.29212900591262203,0.7158933867804862,0.5934198114397772,0.5985687548708903,0.9094885136836105
1403,0.44359422467299436,0.4542039056381436,-3.2069857006100655e-05,0.00029035198511973004,0.3846437837714479,0.5331097731603539,0.0007427447086505445,0.000727001427841989,0.5579781290875159,0.1946064934855872,0.10858616714336979,-0.0514693223956237,-0.06630873893009032,0.2932473751019066,0.715732217488075,0.5936815985891359,0.5985161584437239,0.908889663986087
1404,0.4435587209187488,0.454442232021577,-3.550375424554719e-05,0.00023832638343340706,0.38569376809244754,0.5339242350639656,0.0010499843209996196,0.000814461903611674,0.5575137087632724,0.19402487711313215,0.10817152883168049,-0.05145696916597162,-0.06709578960607405,0.2942970662224932,0.7156845785143551,0.5938707270777162,0.5984481008503376,0.9082148952169944
1405,0.4434934044916116,0.45467172014457186,-6.531642713719643e-05,0.00022948812299483645,0.38658872729379423,0.5347458846278271,0.00089495920134669,0.0008216495638615484,0.5569383592311836,0.19309085701852272,0.10753970509043911,-0.051445681347282474,-0.06740047538541272,0.29554796800217076,0.7157255592722845,0.5940021337334233,0.5983818858169939,0.9072770787496682
1406,0.4433960456367028,0.4549010785493763,-9.735885490880225e-05,0.00022935840480442504,0.38752531065026746,0.5355853561017463,0.0009365833564732307,0.0008394714739191622,0.5563200973993755,0.1923333860540423,0.10699892806273649,-0.051593643267936196,-0.06766665371157896,0.2966526490525366,0.7157208303579665,0.5940807494340818,0.5982751457454005,0.9064787246862638
1407,0.4431959232645804,0.454966728727359,-0.00020012237212241324,6.565017798271233e-05,0.3883022309901417,0.5362098663127383,0.0007769203398742541,0.0006245102109919687,0.5553366751652346,0.19157122846035243,0.10638652907049168,-0.05175327991722595,-0.0682110869674445,0.29761452828526735,0.7155942791456626,0.5940633755092901,0.5980935223012891,0.9055546153132172
1408,0.44294733837263395,0.45486715367621383,-0.0002485848919464573,-9.957505114516207e-05,0.38906609399846165,0.5364907836144965,0.0007638630083199316,0.00028091730175827667,0.5543652110546076,0.19080863334419138,0.10577766829489388,-0.05224306543938757,-0.06866880808179113,0.29844171489985694,0.7154550452773552,0.5940667606819219,0.5978280074013784,0.9046211875687277
1409,0.4428011442091697,0.4545901685127919,-0.00014619416346423053,-0.00027698516342195,0.3895836487226785,0.5367203028814955,0.0005175547242168288,0.00022951926699898983,0.5532592633471278,0.19013155631071635,0.10519204478350988,-0.052804328420414354,-0.0691357895396967,0.2990353464601184,0.7153733725020515,0.5940873060413765,0.5974272370084747,0.9038372719825305
1410,0.44279371924979716,0.45430615413868425,-7.424959372559492e-06,-0.00028401437410763286,0.39017646135567435,0.5369395669188834,0.0005928126329958761,0.00021926403738792288,0.5517521487251552,0.18918962986293153,0.10438578479338927,-0.05312866979185351,-0.06946129730875082,0.2998697187857146,0.7153240838966441,0.594046571113418,0.5969487842108229,0.9028234196123148
1411,0.4428145361463499,0.45398179442881187,2.0816896552755537e-05,-0.0003243597098723794,0.39073210904615574,0.5371982137141301,0.0005556476904813867,0.00025864679524667533,0.5505277480955943,0.18824191103303675,0.10363239537822894,-0.05317432868218803,-0.06947990897897031,0.3008678995817345,0.715265588292581,0.5940350565678736,0.5965723678466166,0.9018033259278916
1412,0.44289641794986284,0.45376661797317575,8.188180351292873e-05,-0.00021517645563612353,0.3910776957956785,0.5372276177437758,0.000345586749522786,2.9404029645685448e-05,0.5497123928007616,0.18750630398445992,0.10307453902852443,-0.053111514971048976,-0.06938222800594426,0.3018114430620922,0.7151485652287641,0.5940737842250775,0.5962931194510244,0.9009393106976317
1413,0.44300436086700845,0.45361199278553227,0.00010794291714560922,-0.00015462518764347566,0.3914023191099379,0.5371278689173168,0.00032462331425936464,-9.974882645902294e-05,0.5491520343648311,0.18691931659514113,0.10264712297030568,-0.0530155676311285,-0.06923588998241523,0.30266067929289975,0.7150423983192896,0.5941337565363093,0.596084855844497,0.9002397351230628
1414,0.44313440552083855,0.45351493441009866,0.000130044653830097,-9.705837543361184e-05,0.39175048351642205,0.537008410740117,0.0003481644064841638,-0.0001194581771998271,0.5487359712574986,0.1864385704168825,0.10230555001756757,-0.05303595162725841,-0.06905335978479703,0.30337737301725926,0.7150069593528009,0.5942064749699851,0.5959677000825007,0.8997153504512744
1415,0.4432945049353668,0.45349349415376133,0.0001600994145282697,-2.1440256337323937e-05,0.39202551350182363,0.5366857035644246,0.00027502998540157586,-0.0003227071756923827,0.5484877708489527,0.18610651550733484,0.10207714783108414,-0.0530878430764169,-0.06887071534237861,0.3039546428765038,0.7149322010968386,0.594279579775389,0.5958747463338716,0.8993035321255017
1416,0.44348593608521114,0.45349055684257894,0.0001914311498443233,-2.9373111823938203e-06,0.3921636520922812,0.5363023766640654,0.0001381385904575816,-0.00038332690035913775,0.5482576951557576,0.18591117633149662,0.10192723303920198,-0.05347942523558747,-0.0689809739763067,0.30419233620881286,0.7150297765464385,0.5943269249845099,0.5957638452648175,0.899205140318712
1417,0.4436648320814335,0.4534969529097812,0.0001788959962223391,6.396067202263378e-06,0.39220595848566875,0.5359325811775549,4.230639338753672e-05,-0.00036979548651050465,0.547826629375773,0.18595385264207348,0.10187047231234629,-0.05444488365910715,-0.06951185862184413,0.30388638222099174,0.7152261850504,0.5942604722608189,0.5956689392006738,0.8994497320889369
1418,0.4438485493586067,0.45347092240197834,0.00018371727717320097,-2.6030507802865532e-05,0.3922682484428813,0.5355953851465144,6.228995721252462e-05,-0.0003371960310405431,0.5474236186112741,0.18582728978013419,0.10172624740816688,-0.055303932418192814,-0.0699351926328059,0.30354335201463606,0.7155579425913018,0.5941348899608259,0.5956042466962823,0.8996655857799838
1419,0.44399164899023974,0.453410171464462,0.00014309963163305905,-6.075093751634064e-05,0.39246883894339263,0.5353052467755878,0.00020059050051135507,-0.0002901383709266181,0.5470773865658276,0.18569833481882594,0.10159135970230933,-0.05615032331640836,-0.07038437343694554,0.3030776320183993,0.7159532092301584,0.5940036766075258,0.5955341194722733,0.8999505702340627
1420,0.4442124439918951,0.45342110725788487,0.00022079500165533839,1.0935793422872653e-05,0.3926105606018276,0.5349532330989734,0.00014172165843495677,-0.0003520136766144155,0.5468144114942218,0.1854446611746234,0.10140381326494707,-0.0570002275829487,-0.07063882132975562,0.30255533764015397,0.7164418264440324,0.5938545057845952,0.5954972774585661,0.9002078486864172
1421,0.4444065041315011,0.4534185990645938,0.00019406013960604485,-2.5081932910619997e-06,0.3927667743488558,0.5345851942388401,0.0001562137470282332,-0.00036803886013325737,0.5466660607081458,0.1853040952182816,0.10129945976606516,-0.05788980576625115,-0.07084623685042536,0.3019577019655495,0.7167742921192515,0.5936616877283681,0.5954632806992071,0.9004318597489502
1422,0.4445562451529598,0.45339906714718603,0.0001497410214586492,-1.9531917407777932e-05,0.39291854989921626,0.5342906855575263,0.00015177555036044454,-0.0002945086813137543,0.5466897088712036,0.18518477147891685,0.10123860880718942,-0.05861176648113691,-0.07084638483682862,0.3012957480260462,0.7170594703573876,0.593439399114744,0.595425349324289,0.900625219061207
1423,0.44466992364608904,0.4534314264028372,0.00011367849312926559,3.235925565114872e-05,0.3931314122465719,0.5340476783103725,0.0002128623473556246,-0.00024300724715387023,0.5467118680592341,0.18508229322220857,0.10118668627220057,-0.059277505552769255,-0.07083073976183284,0.3004476518753286,0.7174247198462449,0.5932176358199904,0.5953676118183877,0.9009065901272499
1424,0.44476233189490105,0.4535340261818682,9.240824881201481e-05,0.00010259977903104289,0.3933767726087056,0.5338805250378855,0.0002453603621337397,-0.00016715327248695289,0.5467577739923308,0.18473598141790112,0.1010058339763402,-0.05984880399129459,-0.07080989057211014,0.2995432980512637,0.7180414429853575,0.5929713496686227,0.5952902043141128,0.9011917008897384
1425,0.44480723239917136,0.4536637135716646,4.490050427030656e-05,0.0001296873897963513,0.39392588699827963,0.5340348066363546,0.0005491143895740014,0.00015428159846908596,0.5467453969767955,0.183709798516552,0.10044248671845933,-0.05985258001946653,-0.07044998831239,0.2983130319529637,0.7185681646555901,0.5925908147110523,0.5950457457537945,0.900703161945434
1426,0.44479026408073613,0.4540844142962179,-1.6968318435228724e-05,0.0004207007245533023,0.3955642599220651,0.53590526951806,0.0016383729237854916,0.001870462881705337,0.5467052125224916,0.1782381606666908,0.0974437315069012,-0.05630438851099009,-0.06830515457329907,0.30086217741199434,0.7188960170927935,0.5924002169304303,0.5948626754561154,0.8956391214736933
1427,0.44476144349055274,0.45456528340624763,-2.8820590183387118e-05,0.00048086911002975796,0.3989967388230983,0.5388965818288102,0.0034324789010331536,0.002991312310750227,0.5463566060260862,0.1694824631775764,0.09259786336264177,-0.05113681205936469,-0.06399001394754165,0.30626629411101414,0.7188013405818123,0.5922847158944032,0.5944494498908979,0.886904707196708
1428,0.4442931386958388,0.4546246512182869,-0.00046830479471393627,5.9367812039246015e-05,0.4037481721895852,0.5425693927348808,0.0047514333664869235,0.0036728109060706338,0.5450201400222882,0.1564056309678392,0.08524421889036604,-0.04348294647585579,-0.05739729179137863,0.3156381542446125,0.7190730945678826,0.5922700066862056,0.5938079007662733,0.8742831300254608
1429,0.4434176883836601,0.4540108878406684,-0.0008754503121787272,-0.0006137633776184814,0.4089327046051589,0.5465918456883831,0.005184532415573706,0.004022452953502342,0.543579633249074,0.14288383665853405,0.07766874352806653,-0.03649536716851886,-0.05192212384497456,0.325723871163145,0.7194839300229532,0.5922551334663743,0.593160903291761,0.861324557280152
1430,0.442278788147485,0.4531000282943081,-0.0011389002361750777,-0.0009108595463602764,0.41402284541053724,0.5509479174581375,0.00509014080537834,0.004356071769754388,0.5419766456010239,0.1298220853209628,0.07036053832718533,-0.03005406403240829,-0.046832804131030664,0.33548461907520777,0.7196935583668012,0.5922345892107356,0.5925553186599566,0.8485886679260172
1431,0.4412470247514465,0.45230316129073594,-0.0010317633960384986,-0.000796867003572177,0.41941189964483,0.5553932756497639,0.005389054234292756,0.004445358191626392,0.540521425288373,0.11857484998429652,0.06409224691686696,-0.024949638731263855,-0.04301528122317282,0.3434861599369459,0.7199568121817368,0.5923345397600904,0.5920347454083572,0.8376647643606823
1432,0.43983257886380234,0.4513050987482993,-0.0014144458876441668,-0.0009980625424366174,0.4245553638004928,0.5594026324577055,0.0051434641556628025,0.0040093568079415665,0.5390014777605381,0.10814242238211669,0.05828892547256519,-0.020529957986301747,-0.03944516056169388,0.35102549084831985,0.7202703175895487,0.5923609278720945,0.5914980936580244,0.827619500584224
1433,0.43842680550331,0.45050354243622276,-0.0014057733604923572,-0.0008015563120765679,0.4292581410394686,0.5630996182721442,0.004702777238975775,0.003696985814438669,0.5373558434118223,0.0991051407722668,0.05325472650612881,-0.016539311608035286,-0.035957294174327616,0.357530083891234,0.7207765844222853,0.5923391448752482,0.5910473282258684,0.8191545313948572
1434,0.4370812191216477,0.44968570974611,-0.001345586381662267,-0.000817832690112763,0.43352243405937285,0.5664021904796952,0.004264293019904275,0.0033025722075510355,0.5358703006885496,0.09194241108546475,0.04926920747439823,-0.013546071676650527,-0.03330446238526692,0.3625206960158521,0.721160325942637,0.5923306512020884,0.5906189555719839,0.8124186250006765
1435,0.4360428335388288,0.4489475829277383,-0.0010383855828189348,-0.0007381268183717093,0.436953839320312,0.5689693191785344,0.0034314052609391577,0.0025671286988392383,0.5346105889065903,0.08579243462187988,0.04586554399693335,-0.011208241119513749,-0.030990021326859785,0.3668028563625028,0.721728022612165,0.5923559037972298,0.5902405648469934,0.806874716781531
1436,0.43527716363526364,0.44845801530562096,-0.000765669903565136,-0.0004895676221173262,0.4400272337045283,0.5709571887768505,0.003073394384216277,0.0019878695983160943,0.5335475907920874,0.08011447507561283,0.042744885164165955,-0.00916379660829403,-0.028486304217558735,0.3708745059662571,0.7222172621709396,0.5923911766694717,0.589912889994718,0.8017262213157406
1437,0.43454009711774,0.44801326200866143,-0.0007370665175236435,-0.0004447532969595325,0.4427676635447178,0.5724337210929009,0.0027404298401895177,0.001476532316050383,0.5326266110074535,0.07543903187576993,0.040180835885674594,-0.007523287651670807,-0.02648680076502552,0.37423627818554145,0.7227230883545878,0.5923770624503939,0.589644081817315,0.797592846091235
1438,0.43375390190751817,0.4474078802802602,-0.0007861952102218295,-0.0006053817284012442,0.44500577266974056,0.5732949573761476,0.002238109125022758,0.0008612362832466358,0.5318629656050293,0.07186514836163525,0.03822241093126474,-0.006479566898442222,-0.02510973401718723,0.3768451834075458,0.723110559594727,0.5923767888071493,0.5894691145331518,0.794433928225888
1439,0.4330283435835829,0.44669881844427145,-0.0007255583239352825,-0.0007090618359887335,0.4467555521464457,0.5737607286330781,0.0017497794767051267,0.0004657712569305916,0.531220553781182,0.06928348944268053,0.036804813629633434,-0.005915184027458524,-0.024233606213281782,0.3788282988005152,0.7234553499239642,0.592379554114565,0.589348885641855,0.7922112760039088
1440,0.432832323840058,0.4466780911631173,-0.00019601974352490004,-2.0727281154153676e-05,0.4467808600346062,0.5732079632957472,2.5307888160519543e-05,-0.0005527653373309516,0.530903235204046,0.06792147218535252,0.03605972932302528,-0.006261862210612465,-0.024006631528499148,0.3802841781944392,0.7235418532308834,0.5925586169037879,0.589408846932177,0.79092241357611
1441,0.43325220365277767,0.4478750020647927,0.0004198798127196812,0.0011969109016753965,0.42272048288008385,0.5504696079969983,-0.02406037715452236,-0.022738355298748902,0.5298366879843839,0.0671370941784321,0.035571695620396124,-0.007433885351157273,-0.023590760958620012,0.38062853277304126,0.7224848324168945,0.5917054981679393,0.5885568658372435,0.7890408757836399
1442,0.4340972525478547,0.44933875404788326,0.0008450488950770274,0.0014637519830905665,0.39469193178425604,0.5257866228665817,-0.028028551095827803,-0.024682985130416557,0.5285080240252802,0.0668008401352411,0.0353047800231049,-0.008744580585847697,-0.023397375741509248,0.3799899992379812,0.7209708310789108,0.5903525310914265,0.5872314435751301,0.7871387201915025
1443,0.4345516656764664,0.45034049638994755,0.00045441312861171923,0.0010017423420642935,0.37367119951231126,0.5094033847119058,-0.021020732271944786,-0.016383238154675905,0.5276017850607088,0.06713576712541108,0.03542095057678694,-0.010079385573457349,-0.02335752528851939,0.3794304768213483,0.7196940564258071,0.5893742220879095,0.586278244772984,0.7861657393158504
1444,0.4347655720304098,0.4509871751305005,0.00021390635394336055,0.0006466787405529639,0.35981235913588766,0.4995008888839524,-0.013858840376423598,-0.00990249582795344,0.5273755679600023,0.06835467090458068,0.03604858339102228,-0.01185858036035965,-0.023760805026925225,0.37894940929178766,0.7188211397982704,0.5891622195915495,0.5860065912346852,0.7864888572220735
1445,0.434815388098234,0.4512080286156294,4.981606782422654e-05,0.00022085348512890235,0.3511836739594251,0.49276757067220994,-0.008628685176462536,-0.006733318211742445,0.5274913698056202,0.07000192157981683,0.036925409503163184,-0.013374018060185316,-0.024229936183467828,0.3786811712653874,0.7184537376219854,0.5894673395514178,0.5860979138255479,0.7877354186389267
1446,0.4347094528574528,0.45111924302173767,-0.00010593524078117422,-8.878559389174923e-05,0.3464138554786119,0.4880169259122932,-0.004769818480813204,-0.004750644759916767,0.5278022177204128,0.07169639562055233,0.03784151661108761,-0.014667693491334155,-0.024799175678243315,0.3785635814131681,0.718616142127255,0.5900569850443401,0.5863386794641547,0.7895705464389988
1447,0.43467558576301935,0.4507739248888951,-3.386709443348179e-05,-0.00034531813284255364,0.34348626298440305,0.48533276953167126,-0.002927592494208875,-0.002684156380621916,0.5284795772309882,0.07334547042308907,0.03876158320100206,-0.015928564063328376,-0.0254620326170862,0.37852156861440756,0.718981008622761,0.5908055947119831,0.5867506251252025,0.7915623365456215
1448,0.434639298442051,0.4504059451729797,-3.6287320968331205e-05,-0.0003679797159154008,0.342895614934657,0.4855143564469828,-0.0005906480497460675,0.00018158691531156013,0.5290828141930575,0.0747228655175828,0.03953458397261208,-0.0172580291396298,-0.026140071254210157,0.3784843254308185,0.7195267625151897,0.5914394217880847,0.5871580207269069,0.793473440968919
1449,0.4345329846835794,0.44997150278213854,-0.00010631375847158786,-0.0004344423908411721,0.3450323814806216,0.4880539316644154,0.002136766545964619,0.002539575217432588,0.5297352456056306,0.07590182348348459,0.04020787110493893,-0.018624837492289867,-0.027100291890269683,0.378391446788085,0.7199915335140828,0.5919436257388864,0.5875252159822387,0.7951178781068475
1450,0.43440881517737684,0.4495901043190829,-0.00012416950620258715,-0.00038139846305562664,0.34925131927588055,0.49214462219078564,0.004218937795258948,0.004090690526370233,0.5301988045026419,0.07691066245415441,0.0407779412866989,-0.019837411631105188,-0.02800662972433312,0.37823944031508167,0.7202545597574151,0.5923091573954106,0.5878473285256347,0.7963993062358212
1451,0.43430495714363326,0.4492696615382937,-0.00010385803374357572,-0.00032044278078924293,0.3544296499144276,0.496610579520979,0.005178330638547057,0.0044659573301933375,0.5304212918854491,0.07758727417376278,0.04115394220111779,-0.020832315461071692,-0.02882441857765725,0.3780725887105675,0.7204399450567531,0.5926126592557153,0.588163545215117,0.7972664997020968
1452,0.43415474721935027,0.44892555651666366,-0.00015020992428299573,-0.00034410502163001455,0.35997406365253803,0.5009556723834057,0.005544413738110432,0.0043450928624266805,0.530669933183019,0.07840165366215074,0.04160540031033173,-0.021802339547745485,-0.02974807478699722,0.37787221908593,0.7203590325253855,0.5928704033231192,0.5885011720142371,0.7980090084263772
1453,0.4340147093464999,0.44859861776880877,-0.00014003787285038483,-0.00032693874785488797,0.3654029159597418,0.505184470914539,0.0054288523072037465,0.004228798531133338,0.5308244773811998,0.07949459600994592,0.04219767738160915,-0.022718779290517972,-0.030721358580993757,0.37760574331358226,0.7199810072995494,0.5931395201223192,0.5888211078088786,0.7987163308104049
1454,0.43382426504723626,0.448319566281892,-0.00019044429926362572,-0.0002790514869167593,0.37047483365274103,0.5089001627393046,0.0050719176929992504,0.00371569182476561,0.5310478036157846,0.08041116030449355,0.04270217006589807,-0.023512397803479638,-0.03153648130432391,0.3773538923793627,0.7196984570615443,0.5933770233007004,0.5891694962655308,0.7993426812831367
1455,0.43355288417018595,0.44802839279602896,-0.000271380877050309,-0.0002911734858630499,0.3758822019683757,0.5128400224109684,0.005407368315634653,0.00393985967166377,0.5311154668255466,0.08152450207662952,0.04329892397814933,-0.02449832190684223,-0.03248385711737116,0.3768124374257185,0.7192895759920247,0.5934666232676732,0.5894063725689148,0.8000304882218947
1456,0.4332501628118586,0.44776452004087114,-0.00030272135832737357,-0.0002638727551578235,0.38168650235056206,0.5169952884435411,0.005804300382186378,0.004155266032572769,0.5311241283195555,0.0824658560641237,0.043799605918183625,-0.025422794978540844,-0.03329064207857065,0.37633694374849436,0.7189343310840003,0.5934800616546482,0.5896213799865682,0.800603240248731
1457,0.43299816693883675,0.44754437793850543,-0.00025199587302182636,-0.00022014210236570575,0.3877765558731429,0.5213615127421147,0.006090053522580852,0.004366224298573584,0.5310858251915178,0.0833174990284782,0.04424874272443283,-0.02624993674552888,-0.033995018106504314,0.37583028250580025,0.7186203838531687,0.5934706181780387,0.5898152271382776,0.8011297412768842
1458,0.43277044588707175,0.44732032418535506,-0.00022772105176499524,-0.00022405375315037723,0.39341080048817856,0.525215218040585,0.005634244615035644,0.003853705298470289,0.5311069277761563,0.08391426726706734,0.044567448684799414,-0.026907173231080887,-0.034499338715836735,0.37539988624170023,0.7184320403739024,0.5934251672386195,0.5899875385721197,0.8015317772062878
1459,0.432524358353566,0.4470073798762981,-0.0002460875335057455,-0.0003129443090569284,0.3985015260349622,0.5289276553400677,0.0050907255467836365,0.0037124372994826738,0.5310839826065596,0.08453136769886091,0.04489325541269055,-0.027510295521049784,-0.034961340326967474,0.37499811131184724,0.7181906417833229,0.5933368847760498,0.5900939217503222,0.8019026612426521
1460,0.43225387059065,0.44666647041901614,-0.0002704877629159941,-0.0003409094572819904,0.40318845944353854,0.5322730804759273,0.004686933408576344,0.003345425135859559,0.531074106050138,0.08506729172479426,0.04517703590685142,-0.028058466368618747,-0.035398820483961264,0.3745602076704618,0.7180136795935876,0.5932186674452604,0.5901817074646297,0.8022569937112505
1461,0.4318977038112484,0.446209768656124,-0.0003561667794015899,-0.00045670176289214215,0.40802027891921167,0.5357694728786587,0.004831819475673127,0.003496392402731474,0.5310452748026611,0.08553299398870852,0.045421892297428074,-0.02849500041145619,-0.03567089887670858,0.37417196569775335,0.7180708701843495,0.593097271067806,0.5902660457229133,0.8027757909590559
1462,0.43151380310515475,0.44559046633393173,-0.0003839007060936761,-0.0006193023221922611,0.4128035701482004,0.5392467578098673,0.00478329122898874,0.0034772849312085796,0.531146976675346,0.08622368215250652,0.04579744809311983,-0.029087134745137046,-0.03601831966391386,0.37363993530450257,0.7180634774603053,0.5929316296525421,0.5903864661556135,0.8034544318500212
1463,0.4312199468922828,0.44507670013844713,-0.00029385621287192354,-0.0005137661954845996,0.416867767510289,0.542141354227612,0.004064197362088573,0.0028945964177446992,0.5313690103303441,0.08716318660684974,0.046315816204520854,-0.02986589472318043,-0.036474925911417974,0.37293245946358733,0.7179779351504813,0.5927931354704359,0.5905320433039272,0.8042912790786243
1464,0.4308963475248799,0.44458332432918846,-0.00032359936740294915,-0.0004933758092586782,0.4202558842207936,0.5448456891992146,0.003388116710504596,0.0027043349716026066,0.5315723345622333,0.08882676460531184,0.04721785063285557,-0.031006828972158503,-0.03732727983906561,0.37175634597922025,0.7175135980692128,0.5926317827793333,0.5905838636419015,0.8054467749453008
1465,0.4307608694619745,0.44424607844267794,-0.0001354780629053698,-0.0003372458865105177,0.4234496085436819,0.5473955268955873,0.003193724322888336,0.0025498376963727365,0.5318444057467376,0.09049177081279763,0.04812754207290233,-0.03220196929807862,-0.03823766493870509,0.3706090387075399,0.717061474718864,0.5924560840053998,0.5906828854406411,0.8066119808554302
1466,0.4307648249563893,0.4439227385306564,3.95549441478682e-06,-0.00032333991202154744,0.426365910659064,0.549696430969031,0.0029163021153820745,0.0023009040734436326,0.5320197189310878,0.09188534533168441,0.04888481559724868,-0.0332226672189099,-0.039036563011811506,0.369630324231869,0.7162600922229045,0.5922588182737176,0.5907670142810333,0.8071617829575676
1467,0.4308045903257036,0.44368641541950343,3.976536931432628e-05,-0.00023632311115295845,0.4289924228462606,0.5515976362248958,0.002626512187196617,0.0019012052558647907,0.5320046317873114,0.09322845806080787,0.0495979715027389,-0.034235398000471394,-0.039878026244709326,0.36863751814721923,0.7155120661024885,0.592077802200136,0.5908704313445692,0.8077083811695136
1468,0.43082350162831284,0.44345434309853965,1.89113026092258e-05,-0.00023207232096378316,0.4313971749465426,0.5533806351867752,0.002404752100282015,0.0017829989618793896,0.5319101207756656,0.09438450258118451,0.050204072167308975,-0.03514557888311813,-0.040614639593856035,0.36779203027313245,0.7147812256938378,0.5919016070744285,0.5909027319475373,0.8080910452083708
1469,0.4309771971328764,0.4433240857422136,0.00015369550456356684,-0.00013025735632604674,0.4335579041299363,0.5550552291732118,0.0021607291833936615,0.0016745939864366566,0.5316352875831211,0.09538275218752731,0.05070883688968565,-0.03591435268970604,-0.041241643610244474,0.3670930754742286,0.7141112752956473,0.5917245978433008,0.5909879150492922,0.8083815090051506
1470,0.43104508365338373,0.4432505331159982,6.788652050732091e-05,-7.35526262153896e-05,0.43556231704841164,0.5565531328816057,0.0020044129184753623,0.0014979037083938662,0.5313194682306435,0.09617401865673403,0.05109912845029991,-0.03653693568075523,-0.041709397271888785,0.366569656719439,0.7135612912700897,0.5915800811527961,0.5910649838831598,0.8085928701652362
1471,0.43113490205176863,0.44320844015167005,8.981839838489991e-05,-4.209296432816645e-05,0.4373263973599946,0.5579129251266508,0.0017640803115829828,0.0013597922450451216,0.5309889496609375,0.09715090697907125,0.05158605805542448,-0.03720807546534312,-0.042260218844746344,0.3659828792221,0.7129682215663004,0.591482864824049,0.5911204981118544,0.8089442089002649
1472,0.43123082268298885,0.4431974085587601,9.592063122021433e-05,-1.1031592909938048e-05,0.4388522578961001,0.5590183751266219,0.0015258605361054833,0.0011054499999710865,0.5306312687626088,0.09819211171859012,0.0521038048237153,-0.037942262838683044,-0.04276149789673714,0.36536204376165926,0.7123173160618591,0.5914193734327822,0.5911759912035734,0.8092990657066205
1473,0.4312779972175344,0.4431063340894399,4.7174534545557645e-05,-9.107446932021812e-05,0.4402520378263093,0.560177833115684,0.0013997799302091773,0.0011594579890621404,0.5302262023676168,0.09908426438104158,0.052537073217148594,-0.038473624784022206,-0.04314501720024801,0.3648679684131751,0.7118716026462738,0.5912878853691778,0.591194453585068,0.809714891498701
1474,0.4313103093988395,0.443019229310303,3.231218130511637e-05,-8.710477913687065e-05,0.4414401953185019,0.5612292193474575,0.001188157492192643,0.0010513862317734768,0.530033319533237,0.10021457576686435,0.0531170642593262,-0.03901296789182846,-0.043599770265034726,0.3643165214711814,0.7117922075605336,0.591213109951241,0.5911731387851551,0.8107282519616483
1475,0.4312995810588336,0.4429476162859776,-1.0728340005927706e-05,-7.161302432540095e-05,0.44241279165501557,0.5621032414602584,0.0009725963365136425,0.0008740221128008541,0.5299461078002581,0.10149446685727843,0.053786597674277,-0.03954736387183684,-0.04407483369074267,0.3637667474514558,0.7115198832467562,0.5911535426567607,0.5910786243912163,0.8116992135713451
1476,0.4312651983762002,0.44285375307494934,-3.4382682633393724e-05,-9.386321102827777e-05,0.4433425508476986,0.562958294776386,0.0009297591926830107,0.0008550533161276741,0.5298388665092717,0.10273550137467373,0.05443326159861885,-0.039979557617740344,-0.04452489429540166,0.3632936191871322,0.7113572085778586,0.5911044823613347,0.5909841157069818,0.812740309185746
1477,0.43120661118426634,0.44277720471756216,-5.858719193385653e-05,-7.654835738718502e-05,0.44412390533200313,0.5639069324790624,0.0007813544843045528,0.0009486377026763915,0.5296950982434446,0.10382372808362904,0.054994919847258565,-0.040302687996017335,-0.04483206655278094,0.36290421671331613,0.7113453499332958,0.5910942448657137,0.5908517542277881,0.8137799487071965
1478,0.43111374060554636,0.44262280596376186,-9.28705787199835e-05,-0.0001543987538003,0.44476777575886073,0.5649328605421928,0.0006438704268575957,0.001025928063130399,0.5295447021921728,0.10474943515621161,0.05546950844459439,-0.04053983829187444,-0.045031439938780275,0.36262001589136467,0.7117202962988809,0.591121978873636,0.5907118952755739,0.8150516624978926
1479,0.4310030058093296,0.4424210871047875,-0.00011073479621676041,-0.0002017188589743535,0.44529901288268353,0.5657945158661638,0.0005312371238228031,0.0008616553239709779,0.5293954089263508,0.10568986442124587,0.05595172899465604,-0.04074325455251803,-0.04519648328226282,0.36240302240838096,0.7120643689992319,0.5911601823465991,0.5905689486470166,0.8163146953997472
1480,0.4308867962148213,0.4422504265073156,-0.0001162095945083097,-0.00017066059747189444,0.44582887224426027,0.5665219877645168,0.0005298593615767344,0.0007274718983529826,0.5293342935054686,0.10633654398720932,0.05628757938528263,-0.04079308184947083,-0.045201020444359696,0.36233372081224424,0.7129000291228796,0.591199974465287,0.5904505213134371,0.8177875368043657
1481,0.43102146692207094,0.44244572966461687,0.00013467070724965113,0.00019530315730126313,0.4449304400478224,0.566218837730611,-0.0008984321964378705,-0.00030315003390579687,0.5294856460700063,0.10724650051743206,0.056785482615219776,-0.04091422513653671,-0.04510795976461844,0.36234569966545505,0.7139813523472307,0.5913808819420076,0.5904891034622808,0.8197655662294564
1482,0.4320561218505335,0.44489266670676475,0.0010346549284625528,0.0024469370421478787,0.4313393327561912,0.54840349931759,-0.01359110729163121,-0.017815338413020965,0.5296067767562198,0.10891480615098625,0.05768201942665233,-0.04188487953667922,-0.044510777665860334,0.3619827014798528,0.7140826588871605,0.5913393550494714,0.5903975829149668,0.8214998689507235
1483,0.433632667351829,0.44734306069743485,0.0015765455012954899,0.0024503939906700967,0.386158571768626,0.512561552352205,-0.04518076098756518,-0.03584194696538501,0.5275783828195149,0.11032715353233555,0.058206221241669916,-0.04220202931924529,-0.044169010369599006,0.3599368897335669,0.7108637401578005,0.5885595802583597,0.5877172690661215,0.8196150782505824
1484,0.43398945924299104,0.44883750409076684,0.000356791891162056,0.00149444339333199,0.3412876682126008,0.4779442184582652,-0.04487090355602519,-0.03461733389393984,0.524351417879911,0.11127078852288332,0.0583449957305896,-0.042364489436271545,-0.04336541830688485,0.3572298959171125,0.7062875995526875,0.5845661956276982,0.5838944237545046,0.8159098361204573
1485,0.4345039101504321,0.4499769877990069,0.0005144509074410664,0.0011394837082400744,0.31114872689987494,0.4569624868550631,-0.030138941312725875,-0.020981731603202103,0.5218774183617917,0.11271297635202314,0.05882235711446751,-0.04274700599276119,-0.04310078776634456,0.3550723543043977,0.7025721693102972,0.581549824216158,0.580885664179948,0.8135789848181283
1486,0.43502135234003503,0.4511272099265227,0.0005174421896029235,0.0011502221275158098,0.29054684416955456,0.4442361006847199,-0.020601882730320376,-0.012726386170343162,0.5204939866182928,0.11399953579985371,0.05933607286110065,-0.0433869247401436,-0.04324247758690157,0.3538644968916676,0.7004053036975492,0.5799488256806168,0.5791325234334973,0.812651527644488
1487,0.4362336576211705,0.45279798976797264,0.0012123052811354729,0.0016707798414499209,0.28020121610633547,0.43916504190785577,-0.010345628063219092,-0.005071058776864146,0.520583051624304,0.11552894195518554,0.06014240915395757,-0.04420418668099686,-0.04360635427076896,0.3535978407952996,0.6999166653637854,0.5800799433850308,0.5789219983121536,0.8136542230638167
1488,0.43777471126013634,0.45456240693534977,0.0015410536389658391,0.0017644171673771303,0.2796505594428388,0.4411678187151673,-0.0005506566634966847,0.002002776807311535,0.5212431030238182,0.11707946793559244,0.06102686516712583,-0.04490995398854366,-0.04410620264455751,0.35385693921133565,0.7004626288978154,0.581077065497653,0.5795478761623712,0.8157110136633128
1489,0.43925576352079726,0.45613848050495465,0.00148105226066092,0.0015760735696048744,0.28668565237425225,0.4486125354852201,0.007035092931413467,0.007444716770052817,0.5220090594044725,0.11842959400859925,0.061821320974082446,-0.045425550200245045,-0.04477559868606224,0.3543954863761977,0.7014762424899347,0.5823931045603792,0.5804775892402548,0.8180485357681383
1490,0.44045778222226395,0.45729692203715605,0.0012020187014666894,0.0011584415322014041,0.2982448880260195,0.4590804190751495,0.011559235651767252,0.010467883589929394,0.5227982432396199,0.11946997089771909,0.06245869090521605,-0.0457118212983487,-0.0453886092208138,0.3550974090428051,0.7025710166493163,0.5837852421285348,0.5814895229057011,0.8201765239307317
1491,0.44124864959495075,0.4580312952019303,0.0007908673726867987,0.0007343731647742602,0.3120251190437192,0.47061435536821655,0.013780231017699707,0.011533936293067037,0.5235556994533305,0.12052517435737933,0.06310164196241234,-0.046039134381102145,-0.04597897902236415,0.3557649437079,0.703600691491694,0.5851623298654215,0.5824779664396473,0.8222541658700055
1492,0.4417104131970535,0.4583328457413093,0.00046176360210276046,0.0003015505393789697,0.326369576698589,0.4823187461312035,0.014344457654869802,0.01170439076298696,0.5242869805281891,0.12151888944580787,0.06371077162468143,-0.04630144314313193,-0.046488566403496065,0.3564043053092036,0.7045403356028529,0.5864383814121874,0.5834045291649583,0.8241785684328051
1493,0.441911715029942,0.45826776358746996,0.00020130183288846748,-6.508215383932425e-05,0.3399606631354914,0.4933129488198165,0.013591086436902378,0.010994202688613008,0.5249134561553886,0.12235591035438077,0.06422626378515692,-0.046463956614851594,-0.04683538179995279,0.3570343732196697,0.7054097934459949,0.5875683155642595,0.5842200614925691,0.8258818084705483
1494,0.441923404925782,0.45787115725700883,1.1689895840050202e-05,-0.0003966063304611245,0.352486462006717,0.5033654941136017,0.012525798871225624,0.010052545293785131,0.5255296172073053,0.12355280332463893,0.06493065743608697,-0.04620481337042719,-0.0468039352446812,0.357935017808441,0.7061510079752452,0.5885271910479639,0.5849677862047845,0.8277869199824734
1495,0.44180135145998906,0.4572762711284717,-0.0001220534657929706,-0.0005948861285371421,0.3641188334788744,0.5127465682211124,0.011632371472157399,0.009381074107510767,0.525757211497368,0.12611733908476186,0.06630710051867242,-0.04555862544191371,-0.04657333964114396,0.35911803597523506,0.7057214863146535,0.5893234782913728,0.5855619915226735,0.8298604079852785
1496,0.4415952039372053,0.4566615798808992,-0.0002061475227837506,-0.0006146912475724631,0.3744933375622642,0.5211917879841347,0.010374504083389802,0.00844521976302226,0.5258116241322273,0.1289679360266779,0.06781283990316868,-0.044924860423056434,-0.046350486898705835,0.3601980054649433,0.7047062094655855,0.5899536882616945,0.5860310539015692,0.8316237598838461
1497,0.44131106585643515,0.4560694835199439,-0.0002841380807701577,-0.0005920963609553076,0.38372839309994117,0.5287544557615419,0.00923505553767695,0.007562667777407217,0.5257471721522972,0.1317260932007518,0.06925462099896519,-0.044417846397903436,-0.04621155851743156,0.3610660716278812,0.7036122864620895,0.5904549446335509,0.5864081797512948,0.8332238927529536
1498,0.4409819784565274,0.45548590023685537,-0.00032908739990772373,-0.0005835832830885512,0.39165357959800967,0.5352218141294136,0.007925186498068504,0.006467358367871712,0.5256266084630179,0.13413149521285975,0.07050308291680898,-0.04401070646932358,-0.04613650663086064,0.36173987411361974,0.7025250593819552,0.5908296254413808,0.586681944817802,0.8344852416615328
1499,0.4407093582217389,0.4549807245612616,-0.00027262023478852315,-0.000505175675593772,0.3984437512573927,0.5407865291528184,0.006790171659383004,0.0055647150234048315,0.5255501874587297,0.13625067981740738,0.0716065703194178,-0.04366312185369939,-0.04608354445285193,0.36228528009070293,0.7015387822921231,0.5911422145124967,0.5868783646643675,0.8355718654050827
1500,0.4404417946455435,0.4545536012290759,-0.0002675635761953954,-0.0004271233321856971,0.40457969170615565,0.5457354563654861,0.006135940448762978,0.004948927212667709,0.5253154795858754,0.13832844596555488,0.07266607393276432,-0.04340644934372553,-0.04610952403114431,0.3628301076668458,0.7006263996356278,0.5914974682378237,0.5870029383468832,0.8366932602599602
1501,0.4402333768864698,0.45405025368861407,-0.00020841775907370907,-0.0005033475404618293,0.4099026878648106,0.55008127099863,0.005322996158654947,0.004345814633143874,0.5247201027799167,0.1415968043256166,0.0742986897190453,-0.0431566452676647,-0.0461645068808585,0.36341975429675705,0.6987886273055909,0.5919486661572784,0.5870673899659054,0.8380144342615337
1502,0.4399502797133936,0.45346122607816935,-0.00028309717307617444,-0.0005890276104447145,0.4144272508513939,0.5539431565742862,0.004524562986583325,0.003861885575656143,0.5239435561629775,0.14734491534734986,0.07720041892962337,-0.04306214957043078,-0.046092496296851214,0.3640316251890128,0.6948025341467519,0.592327788724158,0.5870822057251545,0.8395465310530813
1503,0.4396365763020033,0.45293018884066627,-0.0003137034113903092,-0.0005310372375030847,0.4183293667198128,0.5572093556280878,0.003902115868418876,0.003266199053801655,0.5229990030679416,0.1554668856900838,0.08130902622599145,-0.043207969126413254,-0.04605076687160623,0.3646207610574567,0.6889318326801979,0.5926627766384651,0.5870887184449899,0.84158348019512
1504,0.43927485139021477,0.4524621210347545,-0.00036172491178854127,-0.0004680678059117427,0.42177630421889634,0.5599927734961807,0.0034469374990835355,0.0027834178680928856,0.5219334196567486,0.16390831582908932,0.08554922779085496,-0.04356723158496234,-0.046081900870593516,0.36519466208401846,0.6830386407738498,0.5929270352435984,0.587071289603648,0.8439434016263749
1505,0.4389251497374177,0.4520573759915742,-0.0003497016527970742,-0.00040474504318033233,0.424738821652726,0.56238320320134,0.0029625174338296367,0.002390429705159347,0.5208104411513431,0.17235596481911755,0.08976478607250998,-0.0438558351602354,-0.0461206003895168,0.36576897257305657,0.6768804917246073,0.593133010648966,0.5870880273231732,0.8460898325757907
1506,0.43861843423785046,0.45173215373206604,-0.0003067154995672339,-0.0003252222595081511,0.42740712360541366,0.564394124740354,0.0026683019526876905,0.0020109215390139434,0.5199023387653214,0.17841329601502695,0.09275748986504212,-0.044293823935266145,-0.046114186255252765,0.3665278989340008,0.6725384069733273,0.5933443177974929,0.5870665720151167,0.8477449473928698
1507,0.4383476925194156,0.451422941148888,-0.0002707417184348859,-0.00030921258317806455,0.4297693249880172,0.5662557089694549,0.0023622013826035126,0.0018615842291008766,0.5191026842284097,0.1827921447246121,0.09488789298241408,-0.04469315032594105,-0.04605110961181571,0.3672816711057345,0.6696299699037831,0.5935251866188265,0.5870489573791099,0.8491893572709661
1508,0.4380285428277102,0.45108443759979966,-0.0003191496917053782,-0.00033850354908832037,0.43171998027146663,0.5678191709022078,0.001950655283449454,0.0015634619327529187,0.5184026701652629,0.18612345388874382,0.09648689547630597,-0.04524520760209876,-0.04599235658349694,0.3679377891769945,0.6673054749844978,0.5936029972377297,0.5870077168435592,0.8500952504719358
1509,0.43765577150472784,0.4507627482781906,-0.00037277132298235705,-0.0003216893216090866,0.43347942296641734,0.5692067307562584,0.001759442694950708,0.0013875598540505907,0.5180595630424313,0.1887086873690325,0.09776234012071175,-0.04576769595627695,-0.045964777302832556,0.368563811192458,0.6656018923569461,0.5937890758306714,0.5870376400409971,0.8508877889134984
1510,0.4373152869429455,0.4504780903069601,-0.0003404845617823171,-0.0002846579712304509,0.43491273764141203,0.5702275385105873,0.0014333146749946901,0.0010208077543288896,0.5177748086109287,0.1904456888216531,0.09860798008040793,-0.046079772814434795,-0.04580655570677097,0.369270510579467,0.6644860941714301,0.5939601066054468,0.5870190124984699,0.8514646748832365
1511,0.4370117746142562,0.45016615128996007,-0.0003035123286893038,-0.00031193901700005133,0.43620722481848556,0.571049942323307,0.0012944871770735333,0.0008224038127196964,0.5176209598714038,0.1915079076462342,0.0991285069788079,-0.0462562729990891,-0.045586706901191355,0.3699778973537624,0.66403100438151,0.5941069849385264,0.5869839732403384,0.8520493285456073
1512,0.4367851592067735,0.44992584606573965,-0.00022661540748269982,-0.00024030522422041622,0.4373989146448732,0.5717839650212359,0.0011916898263876208,0.0007340226979288822,0.5175602605113288,0.1920502093797014,0.09939755639781349,-0.04629555209486429,-0.04537045229433049,0.37073192208688965,0.6638285370466683,0.594271110087641,0.586997826308113,0.8523673790679971
1513,0.43659612183575397,0.4496911370860294,-0.00018903737101955143,-0.00023470897971022975,0.4385997849089944,0.5724398508006147,0.00120087026412119,0.0006558857793788064,0.5171705122088688,0.19375008694350113,0.10020183170508334,-0.046176334893839995,-0.04507096699060722,0.3714858743620035,0.6625079706282784,0.5944138193050023,0.5870090765002963,0.8527108921769196
1514,0.43647508670069757,0.4494861049582353,-0.00012103513505640207,-0.00020503212779410251,0.4397704685268878,0.5731194687161414,0.0011706836178934088,0.0006796179155267312,0.5165414987137558,0.19856376080487384,0.10256642259638925,-0.04608401267465698,-0.044877047047110645,0.37225889233093085,0.6592262353814314,0.5945767898952918,0.5870576598705021,0.8542195713821661
1515,0.43642538291965055,0.44933887310242404,-4.970378104701689e-05,-0.00014723185581128062,0.4409184448468597,0.5737474548893761,0.0011479763199719328,0.0006279861732346737,0.5159307849619503,0.20397540609526055,0.10523719137966037,-0.04622993862011729,-0.044673907582369596,0.37316980087159624,0.6555489483897513,0.594612327698076,0.5873041083591841,0.8559055441107661
1516,0.4363961804315713,0.44921664493527125,-2.9202488079249633e-05,-0.0001222281671527936,0.44177791602955235,0.5742691116335208,0.0008594711826926393,0.0005216567441447273,0.5152108281374903,0.21050357493540944,0.10845372116837455,-0.046555977904740385,-0.0445501518670772,0.3740235755791148,0.6510913295856546,0.5946605327227097,0.5875590127610533,0.8578358047686846
1517,0.4364129126188337,0.4491101012491778,1.6732187262391562e-05,-0.00010654368609347431,0.4425092975303672,0.5746707639496164,0.000731381500814865,0.00040165231609556873,0.5139323101534984,0.21718186371671735,0.1116167769433748,-0.04713062930101966,-0.04489796067237724,0.3749725223638826,0.6461906704233402,0.5946709491324483,0.5877818418626921,0.8594354601223143
1518,0.4365298165958861,0.44904693096635284,0.00011690397705238498,-6.317028282493142e-05,0.4429559190716742,0.5749574015374487,0.0004466215413069796,0.00028663758783231685,0.5121144096610634,0.22432454255888723,0.11487983068503262,-0.04776531984996561,-0.04536803103583712,0.3761489998769825,0.6408207505438277,0.5946577123378203,0.5879760359329098,0.8610435181071024
1519,0.4367010508191092,0.44888886315493054,0.00017123422322312676,-0.0001580678114223022,0.4432342792120251,0.5753024373583911,0.0002783601403508751,0.0003450358209424742,0.5100221717548089,0.23186621183443526,0.11825690891635925,-0.048382440506433526,-0.04613891286252597,0.3773414387248437,0.6351203536081106,0.5945913065587781,0.5881357331600162,0.8627210164164274
1520,0.4369806400813497,0.4488154372837723,0.0002795892622404761,-7.342587115821697e-05,0.4435862270379587,0.5756342350135303,0.0003519478259336184,0.0003317976551391322,0.508112749985009,0.23880444277805607,0.12133958212859579,-0.04890175020556119,-0.047068059435064515,0.3787222002788295,0.6300904633067529,0.5946352177934768,0.5883383687483861,0.8645230380455402
1521,0.4372866288565861,0.4487054987532945,0.0003059887752364099,-0.00010993853047780444,0.4438781792188333,0.5760699702423748,0.0002919521808746328,0.0004357352288445471,0.5065420997208315,0.24680976678884342,0.1250195375008295,-0.04937829897778578,-0.04808241922947789,0.37985901894159596,0.624974928321382,0.5947958890268135,0.5885359184939156,0.8672441164356981
1522,0.43756193459528364,0.4485558777464113,0.00027530573869755104,-0.0001496210068832049,0.44427053734527305,0.5762939049797299,0.0003923581264397291,0.0002239347373550471,0.5053292438742697,0.25214224289920717,0.1274148489530188,-0.04986665931829519,-0.048757702570479206,0.38097011744690984,0.6220949492940098,0.5951131881259611,0.5885975843013554,0.8695983968972725
1523,0.4377098684204814,0.4483208783349552,0.00014793382519773246,-0.00023499941145610492,0.4444726938678313,0.5762795917462732,0.0002021565225582278,-1.4313233456686447e-05,0.5048369131754433,0.2482686618539042,0.12533518488852294,-0.04998693472018194,-0.04871087299519685,0.38205341127843534,0.6264445822952746,0.5955962091612854,0.5885483637515007,0.8702583807852969
1524,0.4376920435870455,0.44800589562005955,-1.7824833435875487e-05,-0.0003149827148956619,0.4446517729476121,0.5762044601853005,0.0001790790797808195,-7.513156097271878e-05,0.5049151423243586,0.23770756985290398,0.12002215146385643,-0.048732772415644526,-0.04766569914302472,0.38306934522527164,0.6358493453149471,0.5959039969093283,0.5884745968937433,0.8695129767568739
1525,0.4375982882281025,0.44766742171370316,-9.375535894301512e-05,-0.00033847390635638464,0.4444417192193077,0.5758108795733623,-0.0002100537283044046,-0.0003935806119381713,0.505427290642627,0.22816767122676693,0.11532216788038249,-0.0467558707245374,-0.04539390371117244,0.38449200630790603,0.6435609550628988,0.5961621017407387,0.5883919491376279,0.8680206508537998
1526,0.4374432425106745,0.4473168618783433,-0.00015504571742797069,-0.0003505598353598649,0.4441438667568348,0.5754005201362286,-0.00029785246247288066,-0.0004103594371337449,0.5061071490456424,0.22044576571040833,0.11156917800287838,-0.044755743810037406,-0.04266551479488793,0.38595842457539575,0.6493884998379985,0.5963701305430589,0.5883171727706091,0.8663666641610588
1527,0.4372369401679003,0.44694486059870464,-0.00020630234277418946,-0.00037200127963865626,0.44376927728182236,0.574995457344225,-0.00037458947501245454,-0.0004050627920035854,0.5067792637791247,0.2138592032276709,0.10837940956410928,-0.04286106125781526,-0.039896854342923276,0.3873615236092504,0.6541640993811264,0.596545681825032,0.5882630430778452,0.8647567135344862
1528,0.4370298592612193,0.44664393358033483,-0.00020708090668103418,-0.00030092701836981206,0.44323305602219915,0.5744058840309489,-0.0005362212596232152,-0.0005895733132760261,0.5074308505886599,0.20856094676911352,0.10583025861862749,-0.04084517984528456,-0.03709693313688143,0.38896238436354147,0.6574024572570589,0.5966454197665702,0.5882979348096741,0.8628313516518545
1529,0.436718698319038,0.4463153344310766,-0.00031116094218130996,-0.0003285991492582019,0.44270180106206586,0.5738153369360811,-0.0005312549601332872,-0.0005905470948678326,0.5079318815824531,0.2054556990677808,0.10435749980933615,-0.038683561085503256,-0.0342897140031816,0.39076486400136046,0.6588472636985934,0.5967001476123068,0.5883266535153919,0.8612512650618523
1530,0.4363070516338106,0.4460945524541621,-0.0004116466852273626,-0.00022078197691455248,0.4422792815602774,0.5732534671098821,-0.0004225195017884542,-0.0005618698261989907,0.509131464808477,0.20267607663175,0.10318876777715802,-0.036361836466153985,-0.03145237807392058,0.3928050112971464,0.6595347460051013,0.5966831490354951,0.5884782188103386,0.8592251753559446
1531,0.43593759085039385,0.44596893444600444,-0.000369460783416764,-0.00012561800815763524,0.4419116255974332,0.5726020281311329,-0.00036765596284421553,-0.000651438978749197,0.5104620864832478,0.20027298485574876,0.1022317657156934,-0.03419980667597506,-0.028928907112499593,0.3948035107676265,0.6601665092275383,0.5967814834007708,0.5887359408622979,0.8575208421966003
1532,0.43555703512276606,0.44577360063709437,-0.000380555727627796,-0.0001953338089100698,0.44157999730811115,0.5720558397757165,-0.000331628289322039,-0.0005461883554164215,0.5114240955302972,0.20019758954959846,0.10238587116274907,-0.03212011678748431,-0.026496830046627784,0.39655602896848924,0.6589398229964855,0.5967577701866312,0.5889939856602989,0.8562290086607434
1533,0.43515659925973493,0.445608887325634,-0.00040043586303112333,-0.00016471331146039603,0.4414360436949536,0.5716617356005258,-0.00014395361315755473,-0.0003941041751907015,0.5118723708775196,0.20368796651720486,0.10426224234038248,-0.03081590869080438,-0.024581360790784244,0.397995217577115,0.6550441017419116,0.5967845732530725,0.5893635658134351,0.855737978469709
1534,0.43472450039395644,0.4454156635929831,-0.0004320988657784963,-0.00019322373265084902,0.4414020910377906,0.5713957068604777,-3.395265716299445e-05,-0.0002660287400481076,0.5120539516229847,0.20795943521144425,0.1064864505773041,-0.030140603778462963,-0.023268834373108664,0.39933371170803544,0.6504459811420765,0.5968656406649056,0.5897948429516835,0.8552816554335081
1535,0.4342172930308353,0.4451458977869494,-0.0005072073631211538,-0.00026976580603371714,0.44123365012194105,0.571141719748311,-0.00016844091584955478,-0.0002539871121667314,0.5119091976762896,0.21308131331614974,0.1090782841394803,-0.02999730800256874,-0.0232275652391534,0.4004542993450584,0.6452521275138152,0.5969924525858126,0.5900951945708185,0.8550270275996045
1536,0.43356739353820467,0.44476703818724533,-0.0006498994926306123,-0.00037885959970407335,0.44085204353566204,0.5708615822427708,-0.0003816065862790041,-0.0002801375055401234,0.5116799127749692,0.21762058481529822,0.11135208185632957,-0.029988630106235304,-0.0234106308323321,0.4014756234341455,0.6406602894249993,0.59710745607052,0.5903847807620703,0.8548229487852957
1537,0.4328261977855589,0.44423565187004543,-0.0007411957526457513,-0.0005313863171999,0.44041582784611855,0.5705256349593106,-0.00043621568954349543,-0.00033594728346020286,0.5114574421972196,0.22120455845300607,0.11313671766873983,-0.030053215149417806,-0.023770884494147437,0.4023165971293489,0.6370738687912065,0.5972110416043751,0.5906439552490828,0.8547006094912493
1538,0.43196440996700564,0.4435355409714683,-0.0008617878185532835,-0.0007001108985771332,0.43972129396727966,0.5699737940069,-0.0006945338788388877,-0.000551840952410676,0.5113338869859321,0.22152970959011067,0.113275647487576,-0.029600219459468825,-0.02359931740539204,0.4034206505703058,0.6361633280707991,0.5973470427344654,0.5908295332639995,0.8541391600423089
1539,0.43092308299522253,0.4427157256117593,-0.0010413269717831075,-0.0008198153597089863,0.43900799479808056,0.5693295441945384,-0.0007132991691990997,-0.0006442498123615525,0.5112342794769029,0.22010858413770612,0.11252705341832145,-0.02877250786051786,-0.023023425242636803,0.40452128517739583,0.6366376574965806,0.5974802594805342,0.5909563694709308,0.853285562495211
1540,0.4296806071647844,0.44158321977264564,-0.0012424758304381278,-0.0011325058391136733,0.4382278189940342,0.5687214806056087,-0.0007801758040463791,-0.0006080635889297303,0.5111248159873732,0.21904070496501718,0.11195714001898892,-0.028054426541521855,-0.022520980948602914,0.40545218401403516,0.6367751398577689,0.5976030479327241,0.5910536564914937,0.8524227990855876
1541,0.42844264749564087,0.44036515006853433,-0.001237959669143529,-0.001218069704111313,0.4371987792511318,0.5679955381653842,-0.0010290397429023601,-0.0007259424402245029,0.5109050119241947,0.21917696030630662,0.11197860751880233,-0.02761233336964591,-0.022317247278406227,0.40619946685735464,0.6358187802882209,0.5976944818812879,0.5910903338177513,0.8515958690590348
1542,0.4273035840712853,0.4391250313580423,-0.0011390634243555464,-0.0012401187104920108,0.4362067830697256,0.5673630176241938,-0.0009919961814062184,-0.0006325205411903401,0.510873196817732,0.2190238822723755,0.11189343091591905,-0.027140102455208558,-0.02208905557589421,0.4069187669225624,0.6351061963055042,0.5977765506902991,0.591096140723052,0.8507344545851114
1543,0.42634862918360833,0.4380267057720212,-0.0009549548876769953,-0.0010983255860211316,0.4352464559232121,0.5668109625794799,-0.0009603271465135066,-0.000552055044713895,0.5110954768839869,0.21762414491878418,0.11122671612873589,-0.026526681394504793,-0.021779095476832253,0.40772317063722946,0.6355310255471563,0.5978989774130531,0.5911547743447696,0.8498358195662037
1544,0.42556189844591913,0.43711026269452924,-0.0007867307376892008,-0.0009164430774919463,0.4343876092829451,0.5661642251153494,-0.0008588466402669748,-0.0006467374641305756,0.5117096554357289,0.21059416130100278,0.10776306571611244,-0.025114140710026576,-0.02091869429294801,0.40843393468934924,0.6401472637880588,0.5980913393037037,0.5912525282914138,0.8476787349573817
1545,0.4248394739358856,0.43625050760239875,-0.0007224245100335147,-0.0008597550921304875,0.43375061896103356,0.5655500272896112,-0.0006369903219115569,-0.0006141978257381275,0.5125592943004261,0.2001503996108316,0.10258894757847613,-0.021833839400202875,-0.018978403342860724,0.40893324115573937,0.6476353825630426,0.598237966234957,0.5914296123079383,0.8450047157143314
1546,0.4242079976098655,0.43549755891636227,-0.0006314763260201195,-0.0007529486860364809,0.43329833414374513,0.5651060552864523,-0.0004522848172884286,-0.00044397200315893226,0.5137787810739431,0.1911416677206976,0.09820453305398068,-0.018495770626748495,-0.01684329135144739,0.4092115932657887,0.6542744666001069,0.5984361483943488,0.5915565572171857,0.8428026338640314
1547,0.4236897472989805,0.43486157931304176,-0.0005182503108849823,-0.0006359796033205134,0.43290940258205485,0.5647559995328149,-0.00038893156169028664,-0.000350055753637446,0.514775871964266,0.18399608707278037,0.09471674616090353,-0.015786113586831896,-0.01511050449105083,0.4094448748652366,0.6594459167116757,0.5986036706574233,0.591613605137138,0.8409108779987866
1548,0.4232510364351462,0.4343321217905435,-0.0004387108638342907,-0.0005294575224982778,0.43256050923818307,0.564556599532178,-0.00034889334387178117,-0.00019940000063689567,0.5152240363776629,0.17815966655574852,0.09179214252255127,-0.013738688875051442,-0.014187217499169255,0.4096159891757833,0.6633052307773903,0.5987404229271753,0.5916383010216232,0.8389242626285996
1549,0.42293406398556044,0.43389171181581493,-0.00031697244958578397,-0.0004404099747285506,0.4323155520315852,0.5644811900824082,-0.00024495720659784004,-7.540944976980324e-05,0.5156448845953631,0.1736263831564982,0.0895295563054428,-0.01253118920109416,-0.013920448377800113,0.40977294612419374,0.6661502181612077,0.5988579435583733,0.5916296371024576,0.837178138290296
1550,0.42265962838383114,0.4334896178814342,-0.0002744356017292948,-0.0004020939343807317,0.4320465878586311,0.5644366189823865,-0.00026896417295413366,-4.457110002165088e-05,0.5157474918370131,0.1729487079422984,0.08919786233769252,-0.011769398217217094,-0.013626069899556847,0.4100269039999421,0.6660533130756775,0.5989484812383795,0.591582748650462,0.8362938674507361
1551,0.42239576688134356,0.4330889688278777,-0.00026386150248758344,-0.00040064905355652325,0.43188563963822435,0.5644734969379366,-0.0001609482204067425,3.6877955550074226e-05,0.5155465907470421,0.17215174516781692,0.0887522453124216,-0.01066104946172891,-0.012082189290117024,0.4113258793342752,0.6651673074125829,0.5989791380452489,0.5916051771658575,0.8345174082712713
1552,0.4221324367881739,0.4326914291961791,-0.00026333009316964473,-0.00039753963169858464,0.431659911498456,0.5643787177876428,-0.00022572813976834416,-9.477915029376671e-05,0.515258138032616,0.17158821918241157,0.0884122263242618,-0.01073193834118533,-0.011121424017148983,0.41244506055775837,0.6641276293155113,0.598924868506029,0.5915929371004499,0.8328310596516303
1553,0.42184001018258943,0.43235065217153895,-0.00029242660558448375,-0.0003407770246401376,0.43128017366882215,0.5640554340817688,-0.0003797378296338527,-0.0003232837058739779,0.5147725726460189,0.17086216656656827,0.08795515705134496,-0.011236031369433887,-0.010969459705472664,0.41336766894397675,0.6630096008529495,0.5989070323520883,0.591475113792026,0.8309270719546384
1554,0.4214978517221531,0.4321210670957988,-0.000342158460436337,-0.0002295850757401685,0.43078999949722235,0.563599458955673,-0.0004901741715997998,-0.00045597512609585333,0.5140681808460729,0.16989712899715392,0.0873387080345375,-0.011851857453124686,-0.011421582565488633,0.4140764885635307,0.661871297524772,0.598799266726553,0.5912923535222836,0.8287890372172442
1555,0.42102375875622833,0.43198376410325756,-0.00047409296592476613,-0.0001373029925412217,0.43044223490358186,0.5632700702061166,-0.0003477645936404983,-0.00032938874955634745,0.5134820063246176,0.16683270392746596,0.08566559153323614,-0.012553395114739069,-0.012210984303284213,0.4144384015087282,0.6626184683181795,0.5987113461269924,0.5911402248260239,0.8264928882671639
1556,0.4206144979205054,0.4318820747921255,-0.00040926083572290217,-0.00010168931113208046,0.4301773424642413,0.5629607639792689,-0.0002648924393405805,-0.000309306226847772,0.5129816090279954,0.16215622522669307,0.08318316133069503,-0.012851901132248883,-0.013115716859763225,0.414493899668743,0.6653469737064517,0.5987737315184372,0.5909727281374715,0.8246358956177131
1557,0.42019789810048613,0.43178108274047355,-0.0004165998200192922,-0.00010099205165192693,0.43011240425017017,0.562800455713026,-6.493821407110856e-05,-0.0001603082662429145,0.5125307384232722,0.15859350786168108,0.08128404769348443,-0.013081133517813048,-0.013956307468389965,0.41450929769653405,0.6675549853737709,0.5988671954739707,0.5908006831385415,0.8233345739553397
1558,0.41975552783782655,0.43166298402942277,-0.000442370262659586,-0.00011809871105078473,0.4300262751116136,0.5627074451112366,-8.612913855654547e-05,-9.301060178934506e-05,0.5122232054604761,0.15584418641126604,0.07982700871595866,-0.013185221411940054,-0.014653900629951163,0.41447728995625666,0.6693629544732067,0.5989838171418523,0.5906373750810932,0.8224226576042349
1559,0.41918715961140635,0.4314522322850878,-0.0005683682264202017,-0.00021075174433499155,0.4298468571842435,0.5625510315961193,-0.00017941792737014017,-0.00015641351511730406,0.5120205296567203,0.15346509859187682,0.07857728106483357,-0.013219046607953054,-0.015468108094672639,0.4145514274560792,0.6708974911150068,0.5991201416242645,0.5904771700713627,0.8216114779766388
1560,0.4186346047111647,0.4312454250321298,-0.0005525549002416419,-0.00020680725295796343,0.42948710619502667,0.5624640500680677,-0.0003597509892168116,-8.698152805164394e-05,0.5118430640873838,0.15132753658047077,0.0774559500041438,-0.012996325774288506,-0.015973085879543523,0.41485180207856,0.6723821586199115,0.5992961665560665,0.5903544104588438,0.8209976218067219
1561,0.4181622960876326,0.430968511040483,-0.0004723086235320917,-0.00027691399164680996,0.42919886649656425,0.5624044207757456,-0.0002882396984624225,-5.9629292322060934e-05,0.5114765707666749,0.1490807091633591,0.07625128989033891,-0.01273325321877276,-0.016439995434360696,0.4151445246499604,0.6740595262636502,0.5994600341685913,0.5901979878335859,0.8204983807957021
1562,0.4176806409261389,0.43064608170524177,-0.00048165516149373255,-0.0003224293352412366,0.42922046807439973,0.5625239879658149,2.1601577835483887e-05,0.00011956719006933625,0.5110705918821093,0.1461142729729231,0.07467470797069589,-0.012299390712042047,-0.016757848303796688,0.41541234640814734,0.6760099252606868,0.5995576596468579,0.5900299905628112,0.819592702664634
1563,0.4172686697131808,0.4303501678506892,-0.00041197121295810657,-0.00029591385455257635,0.42934264263917543,0.5625623544360733,0.0001221745647757011,3.8366470258344165e-05,0.5106164228527025,0.14038699146413858,0.07168390339647132,-0.011684993660373209,-0.016806702447161537,0.41584541365296,0.6801130966555994,0.5995489590893027,0.5899201034211043,0.8182190602676243
1564,0.4168586075172484,0.42999236675289804,-0.00041006219593237025,-0.000357801097791155,0.4294736531034495,0.5625179157648653,0.0001310104642740506,-4.443867120795808e-05,0.5101465314720045,0.1359640743154719,0.06936160091683984,-0.011207941932835263,-0.016885239895366666,0.41616529779755346,0.6832997461666351,0.5995586123092758,0.5898267709403054,0.8171480720123017
1565,0.4164022290719849,0.42957412609706624,-0.0004563784452635278,-0.00041824065583179193,0.42961014274680537,0.5625777256087788,0.00013648964335588598,5.98098439135164e-05,0.5097719437307366,0.13254075087871478,0.06756555619897378,-0.010791511288935504,-0.0170082746377098,0.4162881087071431,0.685990075079667,0.599541489203372,0.5896050462731185,0.8165223641459031
1566,0.41608212551568297,0.42927564536387613,-0.00032010355630190945,-0.0002984807331901096,0.4296496285347028,0.56264943614331,3.9485787897419744e-05,7.171053453114418e-05,0.5094114362525087,0.1298074539673324,0.0661254015617802,-0.010136476034585631,-0.01704058622037337,0.4165922826560591,0.688103274011109,0.5997328785825604,0.589308593773842,0.8159845577816179
1567,0.41582718179322936,0.4290088335289762,-0.0002549437224536044,-0.0002668118348999604,0.4296781832736929,0.5627493083446188,2.85547389901053e-05,9.987220130880381e-05,0.5091116013955564,0.12770006559742644,0.06501358489462339,-0.009482744412603035,-0.017080248521575712,0.4168508863014093,0.6898738620444836,0.5999452900077199,0.5890194804078629,0.8156954616704091
1568,0.4155729603669698,0.4287509578182063,-0.0002542214262595821,-0.0002578757107698504,0.42972697491865824,0.5629192599669675,4.879164496535138e-05,0.00016995162234867411,0.5087950604371132,0.12591951736453108,0.06406722844769872,-0.008511863846979693,-0.0170666807495372,0.4170128709208269,0.691228111869587,0.6001031481791586,0.5886974582888705,0.8153089923025243
1569,0.4153968226320775,0.42851693098972315,-0.0001761377348922788,-0.00023402682848316925,0.42976510681904645,0.5630804691096483,3.813190038820524e-05,0.0001612091426808071,0.5088028336644316,0.12449595368344876,0.06334389401389456,-0.007398185862096557,-0.01695596604863022,0.41705436906408394,0.6920779776114592,0.6002328722214182,0.5883812606035348,0.8147579174729979
1570,0.4151771362228,0.42828615369611783,-0.0002196864092774975,-0.00023077729360532206,0.429824452135893,0.5632590101929168,5.934531684653743e-05,0.00017854108326853524,0.508826366866472,0.12327563810305721,0.06272589505912463,-0.006409839728266757,-0.016863249859415404,0.41702981240167347,0.6927665226100147,0.6003272665679071,0.5880955690983117,0.8142427863872775
1571,0.415007342237235,0.4280913782508935,-0.00016979398556499214,-0.00019477544522433776,0.42989740723757885,0.5634119523721137,7.295510168586761e-05,0.00015294217919692432,0.508834157899904,0.122340892635226,0.062251225080767796,-0.005675288368346528,-0.01708388584943357,0.41688440456451603,0.6931407184168853,0.600394299725182,0.5878579947067618,0.8136980529185964
1572,0.41487480448208336,0.427914572251261,-0.00013253775515165156,-0.00017680599963249,0.42978686283155193,0.5635065527424863,-0.0001105444060269245,9.460037037256619e-05,0.5087996658864481,0.12141886370537193,0.061777877285605416,-0.005121486637833882,-0.017426952574058765,0.4166209942660368,0.6933720206440109,0.6003726426338375,0.5876706109044099,0.8130178077539851
1573,0.4148116147259431,0.4277750149623322,-6.318975614028055e-05,-0.00013955728892878216,0.4295049445535999,0.5634627151755516,-0.0002819182779520424,-4.383756693471241e-05,0.508749448054194,0.1201129472343395,0.06110739560963275,-0.004793220102877975,-0.01784115179527361,0.41635908863067705,0.6938773708335587,0.6003364925609128,0.5875539312206964,0.8122448106799044
1574,0.41485036404337694,0.42769744564204487,3.874931743386156e-05,-7.756932028735175e-05,0.4291879044469601,0.5633065288456159,-0.00031704010663979876,-0.00015618632993563697,0.5086794386854513,0.11865086575567343,0.060355255792138796,-0.004554529290624376,-0.01826323987759563,0.41609111179266284,0.6945101469616557,0.6003030843856706,0.5874892652500724,0.8114397880861108
1575,0.414976345113428,0.42771929988505486,0.00012598107005107329,2.185424300998884e-05,0.4289430955887492,0.5631072458337105,-0.0002448088582108765,-0.00019928301190541564,0.508683251620173,0.11742617507815993,0.059732728564078116,-0.004370342959889763,-0.018660784399765228,0.4159186842171487,0.6951787243892383,0.6003521129305076,0.5875143280203405,0.8109003895283541
1576,0.41510900602931805,0.4277658903826862,0.00013266091589003715,4.6590497631338046e-05,0.4286382527805241,0.5627769243837786,-0.00030484280822512533,-0.00033032144993194734,0.508681710835062,0.11634907288219055,0.059184645447786004,-0.0041948571912198765,-0.019029000585123863,0.41571967511859736,0.6959343934044812,0.6003886202261554,0.5876015129952337,0.8105946843402975
1577,0.4153270091076782,0.42781759484404513,0.00021800307836017385,5.1704461358936804e-05,0.42835525831343213,0.5625739276308526,-0.0002829944670919571,-0.00020299675292601016,0.5086308351827457,0.11546791750021969,0.05873054331494911,-0.004066169588638399,-0.019464639280823794,0.41550707815708443,0.6967367052758834,0.6003863756780546,0.5877097883305185,0.8105214905112303
1578,0.4155580386093619,0.42791968891803855,0.0002310295016836883,0.00010209407399341952,0.4283707414870331,0.5625425053361695,1.548317360094975e-05,-3.1422294683114416e-05,0.5084586382050548,0.11495531681885555,0.058450023844145924,-0.004108142400920375,-0.020029610127226764,0.4152314691798962,0.6973951480427037,0.6003633601279467,0.5877741285295447,0.8106627634864739
1579,0.41591458383286206,0.4281623137768929,0.0003565452235001487,0.0002426248588543456,0.4284294755794089,0.5626590822165246,5.8734092375833935e-05,0.00011657688035515701,0.5083537853704776,0.11506274611300923,0.05849258254167045,-0.004148193747846812,-0.02053481174192946,0.41507205623664684,0.6975870414247748,0.6004070313682196,0.5878777927496118,0.8109336831145016
1580,0.4162855794785288,0.4284564249447729,0.0003709956456667274,0.0002941111678799735,0.42844976038331506,0.5626476383341542,2.02848039061454e-05,-1.1443882370398839e-05,0.5082519638607554,0.11521650097234055,0.05855901288835673,-0.004141895769185312,-0.02088056648658226,0.41515962012963986,0.6978326762438153,0.6005504741830956,0.5880325586950519,0.8113031539260146
1581,0.4166255867035454,0.42872326047308773,0.000340007225016592,0.00026683552831485713,0.4284146855166754,0.5625447616210327,-3.507486663967274e-05,-0.00010287671312148028,0.5081418974485302,0.1153468342945661,0.05861255924312202,-0.0041592688680418865,-0.021190078914637166,0.41518739048189895,0.6977473095712472,0.6006422651690819,0.5881246610285926,0.8113228864614863
1582,0.41683434905429334,0.42898908267981006,0.00020876235074795968,0.0002658222067223326,0.4283491061325168,0.562420279849433,-6.557938415857612e-05,-0.00012448177159973817,0.5080239776344572,0.1151872381122738,0.05851787887852468,-0.004198322303513295,-0.02170314303840057,0.41517114839922314,0.6973616524455566,0.6006598904201638,0.5881697764177868,0.8107612237044205
1583,0.4169839012929631,0.42920569266866526,0.00014955223866974787,0.00021660998885519867,0.42834276766851054,0.5622885462162209,-6.338464006272471e-06,-0.0001317336332120611,0.5078696337259372,0.11513296213114499,0.0584725353073268,-0.004326836243989354,-0.022518874288197207,0.41508357734165036,0.6970117874693751,0.6006341776871936,0.5881893701845824,0.8103352893717546
1584,0.41712314512467635,0.4294025664137462,0.00013924383171326493,0.0001968737450809277,0.42833399044221193,0.5622225647962417,-8.777226298606333e-06,-6.598141997926632e-05,0.5076466313165757,0.11571059980673859,0.05874009619951126,-0.004664276303600241,-0.023578321090348967,0.4148865697691817,0.6962614791820804,0.6005829483747437,0.5882213877507319,0.8101226588594922
1585,0.4171767197259182,0.429515457134477,5.3574601241834774e-05,0.00011289072073078499,0.42828725382643323,0.5621974471714029,-4.673661577869748e-05,-2.5117624838810748e-05,0.5072873735251515,0.1167343386414204,0.05921785604960176,-0.005245394806689621,-0.02478125190089034,0.41445861024432185,0.6949397577030303,0.600514644396089,0.5881556847787577,0.8097709288901329
1586,0.41718070303863936,0.42960010139561394,3.983312721167476e-06,8.464426113696799e-05,0.42835554522659386,0.5623711753117391,6.829140016062496e-05,0.00017372814033622674,0.5069682741702269,0.11758933279696024,0.059614061108903396,-0.005790995395705349,-0.0257735439623474,0.41411039496849594,0.6934106631353412,0.6005255896928813,0.5879823165787526,0.809048688380478
1587,0.417067553388379,0.42953538432068067,-0.00011314965026038015,-6.471707493327372e-05,0.4286864734553101,0.5626599291132582,0.00033092822871622074,0.0002887538015191593,0.5067782434111833,0.11839376753978967,0.05999938554464658,-0.006362029228314147,-0.026600425053382823,0.41383549939304914,0.6920718620904366,0.6005391261870237,0.5878411851309091,0.8084696448722087
1588,0.4169575898237413,0.42938245451262197,-0.00010996356463766066,-0.00015292980805869938,0.4288473995444809,0.562827756373136,0.00016092608917084306,0.00016782725987773972,0.5064753224270567,0.11913432380683468,0.06033859506219598,-0.006959956747846534,-0.027443342051714507,0.41361628981181386,0.6907499305864462,0.6004473873743168,0.5876675319984797,0.8078539227216537
1589,0.41696482735323287,0.42945760605874944,7.237529491554984e-06,7.51515461274721e-05,0.42897935038530055,0.5633055523129412,0.00013195084081962793,0.0004777959398052367,0.5061969700618394,0.11853319307110316,0.06000114318434743,-0.007512699252478225,-0.028147932910814227,0.4134360305544995,0.6902046046577665,0.600303165548124,0.5875041056843227,0.8067398626750977
1590,0.4171152169690858,0.4296603099255719,0.00015038961585295274,0.00020270386682247343,0.4297354810336973,0.5639760250144967,0.0007561306483967467,0.0006704727015555134,0.5062103298579983,0.11615494584861963,0.05879883345266767,-0.008122001315162667,-0.028610912474258524,0.41348069069763016,0.691244025159162,0.60026535454022,0.5875807942388952,0.8055180514575314
1591,0.4175441660611339,0.4300909969835609,0.00042894909204810316,0.00043068705798898765,0.4303230668122784,0.5639983273252931,0.0005875857785810901,2.230231079636269e-05,0.5063609103002528,0.11040893180729233,0.055906767215219075,-0.00793979144309821,-0.027904821670025635,0.4137544244210635,0.6944483270716395,0.600227984801375,0.5876724454321514,0.8032456081650361
1592,0.4187806415138375,0.4316873531184348,0.001236475452703556,0.0015963561348739108,0.42272098256483026,0.5534508902741452,-0.0076020842474481265,-0.010547437051147912,0.5067646700424212,0.10102028059592827,0.0511935091637884,-0.006248504388265325,-0.02530504849583436,0.4150127421915772,0.6997620688029152,0.6001382804595127,0.5878863728003516,0.7995631129017187
1593,0.420157127457521,0.4343389963644562,0.001376485943683503,0.0026516432460214068,0.40394820311412327,0.5267054721557606,-0.01877277945070699,-0.0267454181183846,0.5070357726658196,0.09036189166435377,0.04581671155958069,-0.0021401210624148698,-0.01947581504166206,0.41652701447858576,0.7047072136929105,0.5989922577905467,0.5874342458271434,0.7941624381200267
1594,0.42193540208398844,0.43721105281304795,0.0017782746264674576,0.002872056448591731,0.3744670932214698,0.500875420333351,-0.029481109892653456,-0.025830051822409605,0.5078642316706633,0.08028979462025278,0.040776314855810035,0.004242249376772683,-0.012193091634178463,0.41757779309811904,0.7070888878553871,0.5972719228052975,0.5862794148028466,0.7866799455256208
1595,0.4236541926059168,0.43967865294820185,0.0017187905219283595,0.0024676001351539023,0.3537320417505086,0.4817448542227135,-0.02073505147096122,-0.01913056611063746,0.5086776023958985,0.070769499602305,0.035998859380458,0.010364853733809857,-0.005624915499666689,0.41864713655444474,0.7099895069360954,0.595880037297079,0.5855159824663547,0.7802671451748621
1596,0.4252848629857057,0.4419415662112763,0.0016306703797889233,0.0022629132630744286,0.3386506432225148,0.4685217845458414,-0.015081398527993783,-0.01322306967687209,0.5098575694940005,0.06311959596195447,0.03218200378460544,0.016017473456291394,-4.0967211732731855e-05,0.41984710762477145,0.712566326936224,0.5951324041918096,0.5852768512844894,0.7753494050076712
1597,0.42680220234467786,0.443790699048066,0.0015173393589721362,0.0018491328367897242,0.32939408751702826,0.46315070667623687,-0.009256555705486558,-0.005371077869604557,0.5113322324119661,0.05689920685327508,0.02909439846275539,0.02098039480329959,0.004724239957053186,0.42135150461391907,0.7149198322824555,0.5949413706761445,0.5855260197261389,0.7715979656167163
1598,0.4277409318333572,0.4448691608347737,0.0009387294886793462,0.001078461786707674,0.327975315349223,0.4650176133997279,-0.0014187721678052823,0.0018669067234910464,0.5128363420201442,0.05152680248544417,0.02642481690262966,0.02566377882127002,0.009072989000379741,0.42331080505560953,0.7171586106919348,0.5951042009237325,0.586102800177849,0.7685528768694461
1599,0.4284993596634561,0.44562378370983596,0.0007584278300988845,0.000754622875062283,0.3320067380013543,0.47072080120023313,0.0040314226521313,0.005703187800505216,0.5131100771399127,0.04531257236378079,0.023250337500987442,0.030715449566771347,0.014997188312383287,0.42788606969729925,0.7191165359619407,0.5954176508290068,0.5870029101101927,0.7643770309288972
1600,0.42896226758597694,0.4460634390817278,0.0004629079225208499,0.0004396553718918339,0.3381635700514338,0.4779066388011053,0.006156832050079553,0.007185837600872158,0.5130835115583267,0.039761804153011386,0.020401126100721537,0.034845419324062994,0.02056361870893744,0.4325854297108023,0.7207766809635067,0.5957203926351762,0.5879661391935993,0.76050381890879
1601,0.4292880691521366,0.44649358614847723,0.0003258015661596336,0.00043014706674943115,0.34666562223498054,0.48575398665235414,0.008502052183546716,0.007847347851248854,0.5112576000225102,0.035100988572776964,0.017945647176135508,0.03741625958506195,0.026645768428165767,0.4388602368821917,0.721213496572589,0.5959471011639945,0.5890708754716499,0.7562263005478059
1602,0.4295199979773542,0.44660133586770606,0.00023192882521760882,0.00010774971922883347,0.3567261406740345,0.49429361006244477,0.010060518439053978,0.008539623410090624,0.5092476987906571,0.030950036732624076,0.01576123498357512,0.039420701852332304,0.03244464386540767,0.4448823249231596,0.7215284585772929,0.5961447142974458,0.5901176859401118,0.752230718062827
1603,0.42967636517648794,0.4466993111404101,0.00015636719913375563,9.797527270405393e-05,0.3669408848985964,0.502039238957852,0.010214744224561867,0.007745628895407197,0.5075963450602936,0.027671626796387305,0.014046016623718677,0.041119857542897584,0.03718625997822013,0.44982167517047994,0.7217706520381791,0.5963490564027851,0.5910199947416337,0.7489398959499614
1604,0.429781521863441,0.4466331026822091,0.00010515668695304514,-6.62084582009892e-05,0.3764875745500162,0.5093760413575985,0.009546689651419804,0.007336802399746545,0.5064481662912234,0.025181195154621513,0.012752970111079504,0.04243522211054675,0.040823498030052606,0.45361402170814896,0.7220567897370878,0.5965489041931387,0.5917646686210533,0.7464197060377862
1605,0.4298011019579345,0.44644008634812704,1.9580094493487632e-05,-0.00019301633408208563,0.3850352630013791,0.515838477715268,0.00854768845136289,0.006462436357669521,0.5061367525049061,0.02327062278855805,0.011778117446967433,0.043552883547975686,0.04375129569521195,0.45666000858783173,0.7224601271515365,0.5967905890741878,0.5924112141670792,0.7445488891099424
1606,0.4298756303476981,0.4462392365906817,7.452838976362841e-05,-0.00020084975744533162,0.3924139341894654,0.5214488139744083,0.007378671188086328,0.005610336259140314,0.5065263004893739,0.021879735709387973,0.011082661584561535,0.04446118813743346,0.04600416197219237,0.4591323409639104,0.7229170535650495,0.5971209274998635,0.5929291270818355,0.7432076917987185
1607,0.4299831897572857,0.4461088100401036,0.00010755940958762089,-0.00013042655057809993,0.39880802164096807,0.526255150479625,0.006394087451502661,0.0048063365052166684,0.5075006316973084,0.02079448099161801,0.010553212239063813,0.04536816425883211,0.047726159251122675,0.46106896809873527,0.7235551021636545,0.5976028884959587,0.5934255481406961,0.7423306087947849
1608,0.43005365048278293,0.44600607947875137,7.046072549721227e-05,-0.00010273056135223779,0.40408041399226113,0.5302484223195431,0.005272392351293065,0.0039932718399180445,0.5091437362690657,0.019991682657764173,0.010178640002679536,0.04633810949703761,0.04902064029788224,0.4624662643263828,0.7242183299733941,0.5980949872013109,0.5938588321622464,0.7417419759701739
1609,0.4301042747826408,0.44589724941765846,5.062429985785988e-05,-0.00010883006109291271,0.408541332444375,0.5336452638441643,0.004460918452113882,0.0033968415246212746,0.5110081867974567,0.019305665654687144,0.009865353201119613,0.04748340958268659,0.05000101686281762,0.46349511136411253,0.7249945145699834,0.5985650951766047,0.5942139379729157,0.7413229605420025
1610,0.43014254000755786,0.44572328571032366,3.826522491706674e-05,-0.00017396370733480104,0.41261205557009834,0.5369363201081873,0.004070723125723319,0.003291056264022929,0.5125998445050047,0.01871490678532288,0.009593258308082166,0.04877385879149604,0.05059847700487305,0.4641958803595475,0.7259496674384595,0.5989713159928486,0.5945072306461199,0.7411248696784428
1611,0.43013587795486796,0.44548505769318675,-6.662052689898612e-06,-0.00023822801713691,0.4161275776561973,0.5400025848839761,0.0035155220860989544,0.003066264775788863,0.5139499533949597,0.018194359755065448,0.009350990348167018,0.05018992383864769,0.05080651116833433,0.4644286413549794,0.7270533652040376,0.5993188928482573,0.5947243453993314,0.7411174293948813
1612,0.4301077628268507,0.4452974594012443,-2.8115128017258684e-05,-0.00018759829194242572,0.4192601743358832,0.5426864872886134,0.003132596679685906,0.0026839024046372284,0.5151077581202382,0.01783423226693179,0.00918655140081485,0.05101093016689433,0.05053636348684818,0.464186394561348,0.7282079688712674,0.5996298082314637,0.5948663768209767,0.7414068614005139
1613,0.43003141095268843,0.445036088678398,-7.635187416227263e-05,-0.00026137072284632135,0.4219949272103166,0.5452446262510863,0.0027347528744334215,0.0025581389624729223,0.5160348061806628,0.01757059036606135,0.009067036194030289,0.05153445771490534,0.050009174678345536,0.46372411974870414,0.7293128079173652,0.5998884370686386,0.5949566953182767,0.7418120156394602
1614,0.4299658581848548,0.44480942053250255,-6.555276783365427e-05,-0.00022666814589544781,0.4244251079451037,0.5473924942373115,0.0024301807347870685,0.002147867986225238,0.5169196903487736,0.017379791964843783,0.008983956680793152,0.05188323917802661,0.049405267811980284,0.4631902879171623,0.7303755010903488,0.6001575924656408,0.5949630729672173,0.7423172001149261
1615,0.4299121721992899,0.4446222788615623,-5.368598556487747e-05,-0.00018714167094024958,0.4265082403511425,0.5492601529759769,0.0020831324060388012,0.0018676587386653454,0.5177885521760746,0.017258350150068623,0.008936176137151771,0.052162262544436025,0.04844383676729409,0.4627172680961331,0.7311272304139521,0.6003736661477265,0.594947377205877,0.7426161532240902
1616,0.4298629811663689,0.4444289119031364,-4.919103292100324e-05,-0.00019336695842592233,0.4281611944668384,0.5505759693289092,0.001652954115695937,0.0013158163529323197,0.5185159701349361,0.017178904334661006,0.00890753624694201,0.052303503105047104,0.04713121059818593,0.4622636288574139,0.7316871166589309,0.60056528771639,0.5948730230675126,0.7428238916587467
1617,0.4297741683935569,0.4442129810842121,-8.881277281197475e-05,-0.00021593081892429256,0.42943821221619344,0.5515895122353278,0.0012770177493550139,0.0010135429064186408,0.5191338489593742,0.01708920027737743,0.008871582315632549,0.052401606055178136,0.04570847686600179,0.4617532418198019,0.7321093889864196,0.6007020658132721,0.5947045877808479,0.7429591847771478
1618,0.4296403438331852,0.4440486559124869,-0.0001338245603716981,-0.00016432517172521033,0.43063538907195115,0.5524435804458445,0.001197176855757709,0.0008540682105167008,0.5195839041888897,0.017072668074578252,0.008870683533110383,0.052181802870386845,0.044200096298132124,0.4613935085415399,0.7324692885963675,0.6008093076819647,0.594493511014197,0.7431323539384699
1619,0.4295080887135295,0.4438935099534621,-0.0001322551196556998,-0.00015514595902477168,0.4317650424787924,0.5532210979363759,0.0011296534068412356,0.0007775174905313431,0.5197290626628069,0.01709118660754519,0.00888278639533458,0.05187376738339682,0.04268775789384678,0.4610720540049957,0.7328263152359835,0.6008461528219089,0.5942273724196875,0.743383143140081
1620,0.42944431016691537,0.44375878606660385,-6.377854661415716e-05,-0.00013472388685825676,0.4329170920452343,0.5539086992342612,0.0011520495664419372,0.0006876012978853652,0.5201543840985534,0.017191214530572093,0.00894208560605583,0.05153039326580579,0.041212704794402165,0.46073268096035225,0.7328845555033722,0.6008840638143195,0.5939925483346449,0.7435060318317159
1621,0.4294002546891338,0.4436400388715293,-4.4055477781579366e-05,-0.00011874719507454223,0.43415662233376384,0.5547900491457335,0.0012395302885295223,0.0008813499114722623,0.5208226218913555,0.017275825409388754,0.008997640685055151,0.051144068282123915,0.039678826682845635,0.4604740195737086,0.7329668062113356,0.6009847315763833,0.5937710943286684,0.7436694046380671
1622,0.4293568104280396,0.44355262865048395,-4.3444261094205405e-05,-8.741022104535867e-05,0.4353672685903448,0.5556356908130258,0.0012106462565809606,0.0008456416672922851,0.5214525658518828,0.017375001330621538,0.00906023902553248,0.050910179777945944,0.03833645393876938,0.46020603138500166,0.7333818022334083,0.6010904747231597,0.59358622288968,0.7442693423256234
1623,0.42923079882082377,0.44342961065374187,-0.00012601160721581461,-0.0001230179967420808,0.436357556666301,0.5563758969397906,0.0009902880759561916,0.0007402061267648419,0.521962167200907,0.017511968020151574,0.009140584779751293,0.05092138532543863,0.037113399373780095,0.45988182697375357,0.7338214176787088,0.6011727901467996,0.5934282966767147,0.7449832133516155
1624,0.42911306948474826,0.4433412236823404,-0.00011772933607551161,-8.838697140145513e-05,0.43730746950450256,0.5571996580244144,0.0009499128382015609,0.0008237610846237864,0.5224633129811613,0.017616945303323327,0.009204207607782216,0.05107189458737511,0.0361545294323816,0.4594309017668008,0.7345949021647974,0.6011059589410923,0.5933157228140986,0.7460185859456809
1625,0.4290081880446854,0.4432603608525467,-0.00010488144006287614,-8.086282979369308e-05,0.4382012591265523,0.5578837436172523,0.0008937896220497232,0.0006840855928379463,0.522868641162851,0.01773774870381361,0.009274512562051144,0.05106885149741181,0.03513915090182977,0.4589455451007793,0.735234326988632,0.6010340915005169,0.5932136326121759,0.746954420678104
1626,0.4288941028472819,0.44317842787103906,-0.00011408519740346845,-8.193298150765971e-05,0.43909185770324294,0.5586137865131832,0.0008905985766906599,0.0007300428959308158,0.5229948558245868,0.01783054565145305,0.009325283652255403,0.05076974448341389,0.03416590213053293,0.4584086154998546,0.7363526851786801,0.6009152103612754,0.5930524960250811,0.7483777339867443
1627,0.42875200068212865,0.44303840293428026,-0.00014210216515325724,-0.000140024936758798,0.44010324889341984,0.5592379856267122,0.0010113911901769024,0.000624199113529067,0.5228673579043831,0.01815916260054641,0.009494833370703788,0.049785099655502145,0.03291323153392254,0.4578674272513624,0.7370711274380896,0.6007142050867824,0.5928739017250511,0.7498128565730697
1628,0.4285350777367396,0.4428660042203246,-0.0002169229453890531,-0.00017239871395563489,0.4408791619523622,0.5597280344117193,0.000775913058942368,0.0004900487850070245,0.5228388985920904,0.018666320115946104,0.009759478250188643,0.04802219382444178,0.03133254156372066,0.45734308598751805,0.7374283158728383,0.600511729865787,0.5927383938928249,0.7511878523241825
1629,0.4282208409765575,0.4426387179156037,-0.0003142367601821072,-0.00022728630472090838,0.4414466108759839,0.5600100231449769,0.0005674489236217051,0.0002819887332576876,0.5228549734406763,0.019181692300106946,0.010029243218119642,0.04628980364912505,0.029801678489496664,0.45689366359062844,0.737643085788017,0.6002935136598379,0.5926877847761177,0.7523172870210334
1630,0.42789150510942303,0.44249123118213246,-0.0003293358671344615,-0.00014748673347125818,0.4419624302447414,0.5604030470676323,0.0005158193687574975,0.0003930239226553889,0.5228289594905287,0.019779283058703117,0.010341181981050392,0.04462521252075406,0.02823861363368431,0.45640164855902354,0.7375953836432433,0.6000310433340922,0.5926388559905544,0.7532950432259381
1631,0.42763432304983634,0.44237637799144414,-0.0002571820595866914,-0.00011485319068832434,0.44243426273783737,0.560796263426503,0.0004718324930959583,0.00039321635887068496,0.5227950866583353,0.02039263437892355,0.010661169057321083,0.04324020609411117,0.026934241340370167,0.4559915521955654,0.7373850070403974,0.5998326361214908,0.5926305405142329,0.7540864056387562
1632,0.42742951865751416,0.44223528060423056,-0.00020480439232217762,-0.00014109738721357346,0.44289323848545104,0.5612051245393207,0.0004589757476136658,0.0004088611128176822,0.5227147886868032,0.020951777047699606,0.010951803712101313,0.04212976801140758,0.025886240156657716,0.45558730296558325,0.7372216007698618,0.5997412533362506,0.592526164587104,0.7548010184783622
1633,0.42724321174419605,0.44211122875451536,-0.00018630691331811278,-0.000124051849715201,0.44332383145234133,0.5615438104901993,0.00043059296689029747,0.0003386859508786033,0.5222732480506694,0.02172447982520185,0.01134611464051941,0.04107422372414743,0.024921068450153912,0.455160001934001,0.7368198911858815,0.5997055923543094,0.592375051478685,0.7555597981166087
1634,0.427101270042586,0.44199412141289146,-0.00014194170161002662,-0.00011710734162390102,0.4435890627131611,0.5618089895747602,0.0002652312608197871,0.0002651790845609181,0.5215643375553956,0.022846361431338644,0.011915847365487278,0.04005139116770753,0.024034564548292156,0.45474241592106474,0.7362618931530263,0.5997580357212037,0.5921672707820009,0.756589058867688
1635,0.42693508087093285,0.4418005614344075,-0.00016618917165317493,-0.00019355997848397033,0.44359156569839187,0.5619017979485422,2.502985230745658e-06,9.280837378200513e-05,0.5204964036852141,0.02460479967686387,0.012806709745202764,0.039157746253345574,0.023242692886224197,0.4543655161324046,0.7350538143797163,0.5997990068961333,0.5919959255479983,0.7577124096763164
1636,0.4268378835186042,0.44156180014159674,-9.719735232865956e-05,-0.00023876129281075187,0.4434668703547864,0.5618117288254488,-0.0001246953436054854,-9.006912309339477e-05,0.5192650277424287,0.026511275696374664,0.013766378309965164,0.03834489314195054,0.022440681073082006,0.45405187386053325,0.7337399395691582,0.5998531046056952,0.5918896728157094,0.7587545301676157
1637,0.4268052891012447,0.44142410079885147,-3.259441735947721e-05,-0.00013769934274526774,0.44337844904679824,0.5616550898211039,-8.842130798814019e-05,-0.00015663900434492728,0.5181764077283073,0.028606307712668946,0.014823113768921366,0.03747241129124425,0.021461400158491576,0.4537361035203654,0.7325021759093231,0.5999377047003595,0.59179236424088,0.759991256174624
1638,0.426625205840536,0.44127202169098784,-0.00018008326070872993,-0.0001520791078636341,0.44345927004073,0.5615089516370408,8.082099393175168e-05,-0.00014613818406306045,0.5168071930751874,0.03173520396648062,0.016400981683585402,0.03652839936751581,0.020327687485494978,0.4535249933949181,0.730272960645699,0.5999936425880491,0.5916295426369188,0.7612862299919807
1639,0.4261432978997567,0.4408125802424492,-0.00048190794077929144,-0.00045944144853865554,0.4434196981679152,0.5613510960869192,-3.957187281478092e-05,-0.00015785555012159946,0.5152959262151067,0.035352285883313274,0.018216888898063156,0.03536931748882817,0.019007922448548837,0.45319384607755514,0.7278582669392941,0.5999107927288668,0.5914379105578966,0.762793133922926
1640,0.4258144027460072,0.44041621357109006,-0.00032889515374950884,-0.0003963666713591163,0.44376970928379705,0.5613331759978946,0.0003500111158818431,-1.792008902468112e-05,0.5137209384632359,0.03944162638376615,0.02026198932038467,0.034029996523413424,0.017346107523488228,0.45260859604236225,0.725178573610997,0.5997821640822903,0.5912525556834346,0.7644136500345006
1641,0.4254861376274994,0.44002398475122323,-0.00032826511850780893,-0.00039222881986683555,0.4443299550694776,0.5615183910249899,0.0005602457856805354,0.00018521502709534232,0.5123467414866386,0.04312758574075963,0.022096278022463816,0.0328007171967493,0.015851253058669204,0.45202799667355403,0.7231351869431375,0.5996598437149177,0.5910781008213845,0.7661657156705789
1642,0.42511564941776064,0.4396125803101037,-0.00037048820973872854,-0.0004114044411195339,0.4447331189033601,0.5616932353096001,0.00040316383388250276,0.0001748442846102316,0.5111015668314939,0.049418256307651696,0.02525774822892114,0.030819783722546134,0.01375967725836017,0.4506390055024554,0.7197424939730611,0.5995215351557632,0.5908513413552292,0.769130650064194
1643,0.42462543364527777,0.4392006100897448,-0.0004902157724828715,-0.00041197022035888153,0.4449966046434848,0.5618792524724612,0.0002634857401246915,0.00018601716286104075,0.509788565371676,0.05554824929915922,0.02831786231912659,0.028935242300389637,0.011879840770006925,0.4492766926612301,0.716960543340041,0.5993342476005227,0.5905171656651019,0.7724572244360287
1644,0.4240914322484838,0.43876609952278334,-0.0005340013967939927,-0.00043451056696147683,0.44509255878307186,0.5621291566357028,9.595413958707333e-05,0.0002499041632416654,0.5086271206926055,0.061106884494305035,0.03108061871483399,0.02723953749006154,0.010186957594909478,0.447999450651314,0.7142862353383126,0.5991556952045538,0.5901565851017672,0.7752794967944686
1645,0.42359981832267496,0.43837700624386994,-0.0004916139258088204,-0.0003890932789133994,0.44515305495138596,0.5624331482924327,6.049616831410587e-05,0.00030399165672989614,0.5076417196938778,0.06637223749027375,0.03369331677949304,0.02552677500181967,0.008312526596919664,0.44664610145059774,0.7116908077185637,0.5989949208066953,0.5898102369407344,0.7778581997994712
1646,0.42312216325562163,0.4380067145652547,-0.0004776550670533286,-0.00037029167861524215,0.4451671454865096,0.56274197721929,1.4090535123634229e-05,0.00030882892685724084,0.5068361671399249,0.07113233639093101,0.03605244073608727,0.023880929208897308,0.0062565425842888225,0.4454467163635724,0.7093044634057454,0.5988830084971779,0.5895483858194868,0.7801258374440501
1647,0.4226292164338123,0.4375771019917111,-0.0004929468218093369,-0.00042961257354356963,0.44524822859864294,0.5633301072392074,8.108311213333996e-05,0.0005881300199174211,0.5061776261656831,0.0751703808845644,0.03804956495411905,0.022275659769414265,0.004207361901830299,0.4444261931039623,0.7073374360171213,0.5988058918378761,0.5893619878719527,0.7820944856510054
1648,0.4223086148276385,0.43731973393722007,-0.0003206016061738093,-0.0002573680544910584,0.445226667076927,0.563865364017171,-2.1561521715951493e-05,0.0005352567779636219,0.50569708034891,0.07847298872044292,0.03968356128218094,0.020892635187164096,0.0025059126966362677,0.44354828625737613,0.7057878973536877,0.5987677669478942,0.5892221900026963,0.7837554123690699
1649,0.4220238065162276,0.4371558945293674,-0.0002848083114108668,-0.00016383940785269502,0.4449214737772469,0.5641456927357578,-0.00030519329968009545,0.000280328718586742,0.5056263431072405,0.08132511604671504,0.04112012102947249,0.019714118071837806,0.0010651053145668413,0.4426975339545401,0.7044387588844363,0.5987384245855342,0.5890940127529449,0.7851779453830803
1650,0.4219337612032471,0.43716617174454897,-9.004531298051344e-05,1.0277215181597743e-05,0.44510189707998843,0.5646834255385198,0.00018042330274153917,0.0005377328027620365,0.5055538782247152,0.08456249668991676,0.04275089815395206,0.01857998844566741,-0.00046553821947730947,0.44180027129102756,0.7030876151147255,0.5987633556687854,0.5889919551540201,0.7869629425789328
1651,0.4218762488487861,0.43709796011394353,-5.7512354460997894e-05,-6.821163060544144e-05,0.445116789122236,0.5651077686661551,1.4892042247582893e-05,0.0004243431276352849,0.5052742165666528,0.08848377443931424,0.04470856980868492,0.01721636923690068,-0.0019065635622195214,0.440692546165914,0.7009510986714695,0.5986851532221297,0.5888329067526896,0.7886282551781204
1652,0.42185926526670875,0.43705576780692806,-1.698358207735673e-05,-4.219230701546506e-05,0.4450460879547263,0.5654251278593546,-7.070116750973465e-05,0.000317359193199529,0.5050347101999524,0.09172469748406792,0.046324156012044544,0.016019464383020515,-0.0031493152504757497,0.43937205222657444,0.6992343436069787,0.5985283442971485,0.5886052618954044,0.7900498827336292
1653,0.4218179270650552,0.4369636171518538,-4.133820165352908e-05,-9.215065507428566e-05,0.44493670726260537,0.5656305222592128,-0.0001093806921209084,0.0002053943998582275,0.5047795390703418,0.09471585195628368,0.047810624093147604,0.014818335737116968,-0.0043186419567399605,0.4382563783116978,0.6975244793829332,0.5984537037464309,0.5883573604061142,0.7912293805211582
1654,0.42177464282376304,0.4368500227637028,-4.328424129218522e-05,-0.00011359438815095046,0.44478511173899066,0.5657458171751192,-0.00015159552361471151,0.00011529491590633878,0.5044597708813411,0.09771595766991263,0.04929376961761495,0.01350143089617009,-0.005550731538975022,0.43714355234846164,0.6958088406653002,0.598402946068827,0.5881109795513445,0.7924099632101911
1655,0.42164220833685195,0.4366521877453708,-0.00013243448691108162,-0.00019783501833203765,0.4444281267755079,0.5657276365073907,-0.00035698496348274267,-1.8180667728517896e-05,0.5042573280514727,0.10080444792405867,0.05083138156588965,0.012176217961161315,-0.006704299838918881,0.4360402487870947,0.6941074581169322,0.5983331515364367,0.5879083410913503,0.7936933164402759
1656,0.42153104293295524,0.43644814492542766,-0.00011116540389671803,-0.00020404281994312878,0.44407379082176546,0.5655701445812954,-0.0003543359537424573,-0.00015749192609526563,0.5042345524013206,0.10354914669519726,0.052213057635391476,0.010877143121925338,-0.007726591552841559,0.4349998355328205,0.6926960286283135,0.598317529799032,0.5877228821732859,0.794935485953695
1657,0.4214323309202092,0.43618089617525196,-9.871201274602726e-05,-0.00026724875017569705,0.44372458073119475,0.5653402173522954,-0.0003492100905707063,-0.00022992722899994877,0.5041919756780093,0.10591795653299589,0.05340298376414871,0.00958004403948631,-0.008651000558853717,0.434116644176129,0.6916432423202938,0.5983054679126406,0.5875566623667573,0.796173454166764
1658,0.4213686689119097,0.43595256887283773,-6.366200829949209e-05,-0.00022832730241423294,0.44325411651382507,0.5650651828007023,-0.0004704642173696816,-0.00027503455159316736,0.504040805404621,0.10967599076075708,0.05528117471660177,0.007861583160688988,-0.009595935159385586,0.4333030547988687,0.6902988579102538,0.5983752331844472,0.5874590774715337,0.7984948204434534
1659,0.4214560024443882,0.4357685689269038,8.733353247847297e-05,-0.00018399994593393254,0.4425462054611886,0.5647603492413908,-0.0007079110526364563,-0.00030483355931143485,0.5036348121085249,0.11591808381249008,0.058380382360883686,0.005227123373455166,-0.011085230089659372,0.43214956252176295,0.6869112515844619,0.5983163305673511,0.5873297291681329,0.8012417701242218
1660,0.4215866536035815,0.43561513700403975,0.00013065115919330683,-0.0001534319228640446,0.4418855940770672,0.564531392149773,-0.0006606113841214345,-0.00022895709161785405,0.5032743525562051,0.12249125827957551,0.061646708704448265,0.0025499814431340527,-0.012372716484767498,0.4312181452294902,0.6830288894400633,0.5982285086443586,0.5873905693901363,0.8038975060857889
1661,0.42170686418616254,0.43546791862215617,0.00012021058258104844,-0.00014721838188358483,0.4413493826192688,0.5643849971825827,-0.0005362114577983634,-0.00014639496719026646,0.5028508444329145,0.1310195303120026,0.06588328145459435,-0.00020653414339277712,-0.013816990766495754,0.43052320163223823,0.677230859369529,0.5981881544787914,0.5874983154237947,0.8065591174030512
1662,0.4217781156029276,0.4352949118426965,7.12514167650613e-05,-0.00017300677945969456,0.4410473444284043,0.5643918015514245,-0.00030203819086449535,6.804368841817343e-06,0.5023375566380247,0.13987886968148658,0.07026640962108664,-0.003063654156212505,-0.015384965499350627,0.4299372484027034,0.6709906119556988,0.5981554267794258,0.5877228887478217,0.8091196594590357
1663,0.421827088947858,0.43512220272962515,4.8973344930369755e-05,-0.0001727091130713232,0.44080030423451927,0.5643970787549414,-0.00024704019388505083,5.277203516840245e-06,0.5017149845584055,0.15157911173586167,0.07604951170393465,-0.005913561046682749,-0.016867920128428908,0.4294745918855463,0.6626840878719116,0.5982705279409555,0.5881093840325674,0.8124657623687471
1664,0.4218636637066371,0.4349312939665,3.657475877910654e-05,-0.0001909087631251638,0.44080612907902766,0.5647056151669817,5.824844508395266e-06,0.0003085364120403167,0.5009678103759432,0.16419873905440585,0.08225828277057656,-0.00875214988320403,-0.018658823429821367,0.4290547309706809,0.6532500184292978,0.5983922289606127,0.5886306456654241,0.8155367400979149
1665,0.42191348622966673,0.4347241672264681,4.982252302965229e-05,-0.00020712674003187104,0.44095967639202793,0.5651151893584998,0.00015354731300026847,0.0004095741915181028,0.5000492122800777,0.176471622428515,0.08824449578516622,-0.011276841273758572,-0.020283398974280633,0.42871631445036756,0.6444437438767996,0.5985158247773609,0.5891005054302344,0.8188692005829754
1666,0.42208488562062146,0.43466469012937625,0.00017139939095472956,-5.947709709186455e-05,0.44117665353034846,0.5657322584370034,0.00021697713832052878,0.0006170690785035626,0.4989940184890798,0.18875307107072395,0.09418665343573543,-0.01382810542923026,-0.021986874053061652,0.42864507586997985,0.6358905086400287,0.5987828127854601,0.5896402856930995,0.8223944746655473
1667,0.42236031827511344,0.43478196359923754,0.0002754326544919805,0.00011727346986128984,0.4412899331190175,0.5660740406662098,0.0001132795886690241,0.0003417822292064443,0.49792946137178334,0.2017320397274749,0.10044832588293277,-0.01640015671826933,-0.023562050810198697,0.42872854121773074,0.6268202009902416,0.599142880832212,0.5903420716587208,0.8260373005532615
1668,0.4228937724614584,0.4350681120370447,0.0005334541863449282,0.0002861484378071655,0.44144526635762665,0.5663884677172976,0.0001553332386091677,0.00031442705108775115,0.4971632689933362,0.21399806681651204,0.10639197845675151,-0.019027871924108625,-0.025483526610138175,0.4289556431259358,0.6187434356728504,0.5996412397882245,0.5911112026531166,0.8299432088576524
1669,0.4233912226797237,0.43534289413514843,0.0004974502182653051,0.0002747820981037208,0.4415386818488696,0.5666157976290326,9.341549124292081e-05,0.00022732991173501915,0.49664194969693354,0.2246590249977253,0.11157509619188243,-0.021250521988663524,-0.027238543059709318,0.42927191134769077,0.6123841904532137,0.6000870058272577,0.5918445034133023,0.8340384142441358
1670,0.42391218956965576,0.435586894458268,0.0005209668899320841,0.0002440003231195531,0.4413068173409373,0.566513890642839,-0.00023186450793227786,-0.00010190698619361171,0.4965623281618261,0.234112505406851,0.11625145073662403,-0.023578747135380246,-0.029299997542119944,0.4295250464651553,0.6075301583930756,0.6004208809961121,0.5925239474953407,0.8384749077580579
1671,0.4244373739661301,0.43582349467549186,0.0005251843964743652,0.00023660021722388125,0.4408855236353273,0.5662364649704705,-0.0004212937056100041,-0.0002774256723684365,0.49681633591396573,0.2430376060476107,0.12074505292587583,-0.02588731893924671,-0.03194405581604994,0.4296632890384985,0.603695227910465,0.6006956888144961,0.59319388780422,0.8434331357709012
1672,0.425133245287858,0.43605888066288123,0.0006958713217278811,0.00023538598738936933,0.440274352186737,0.5656475113749747,-0.0006111714485902975,-0.0005889535954958225,0.4971393815470083,0.2525351263628458,0.12554515653892076,-0.02823799209131198,-0.03497364020991605,0.4295452589478392,0.600077091135046,0.6009659637604494,0.5936935919166967,0.8492509134860129
1673,0.4260204352156813,0.43639707822108775,0.0008871899278232731,0.0003381975582065211,0.4396517721651551,0.5648527113928411,-0.0006225800215818866,-0.0007947999821336094,0.49727732258950014,0.2645663023816293,0.13156282249574072,-0.03170871733241188,-0.03899299751479339,0.42871566846057585,0.5957978275595108,0.6012383068347427,0.5942826020891488,0.8569435444580926
1674,0.42697616645640896,0.4367739711117015,0.0009557312407276752,0.00037689289061376696,0.4385442076866441,0.5634665959454759,-0.001107564478511014,-0.0013861154473652215,0.49713859619852796,0.27857397663421224,0.1384898756813738,-0.03633659912288851,-0.04424015677041501,0.4274499023794605,0.5910095716925835,0.6014345176157395,0.5950162166511734,0.8660340047257505
1675,0.42822130909785017,0.4373671690779134,0.0012451426414412103,0.000593197966211878,0.43717264152557184,0.5617846578659047,-0.0013715661610722574,-0.001681938079571177,0.49692615289848135,0.2921307560414386,0.14516741274299688,-0.04181660189443866,-0.05063306196917533,0.4257886776863217,0.5866600831789467,0.601484237620201,0.5958102180075199,0.8752459872927396
1676,0.429698751667276,0.4380156171907145,0.0014774425694258353,0.0006484481128011255,0.4364090474799116,0.5604098332640337,-0.0007635940456602319,-0.0013748246018709942,0.49675284104215306,0.30476214845557964,0.1513914630874196,-0.04783182238189306,-0.057552136585997914,0.4239277580701412,0.583165211726485,0.6016556576498501,0.5965727663723647,0.8844315348934672
1677,0.43146663145095837,0.43913572993562894,0.001767879783682369,0.0011201127449144144,0.43572508009052596,0.5589094312576427,-0.0006839673893856424,-0.0015004020063910106,0.4967027911141085,0.3179419367110278,0.15792264737659273,-0.05421214827987301,-0.06430370803192358,0.42173927724424704,0.579394152158182,0.6018533999535463,0.5972704802745153,0.8937726931432018
1678,0.43315803052719665,0.439975260788162,0.0016913990762382758,0.0008395308525330769,0.43504494938664384,0.557696537965807,-0.0006801307038821203,-0.001212893291835715,0.49669577993629066,0.3298044715839602,0.16381248923987132,-0.06003875033800933,-0.0704869667764192,0.4199541495418963,0.5764961406860856,0.6021191498618836,0.5979865095387579,0.9026384199357645
1679,0.4345092406030741,0.44062832226258797,0.0013512100758774626,0.0006530614744259533,0.43387151834622606,0.5563778461195444,-0.0011734310404177828,-0.001318691846262543,0.49689496502306096,0.33963450130923456,0.16876267364867686,-0.0649423537820833,-0.07639754399717204,0.4186039726862672,0.5750809967639605,0.6025024947777678,0.5987262634876076,0.9109894883887142
1680,0.4352231997215681,0.44077633137415245,0.0007139591184939786,0.00014800911156448437,0.4328977905189383,0.5551930873387255,-0.0009737278272877736,-0.0011847587808189175,0.49685130392694515,0.3491961078259693,0.173498541499547,-0.06940232133516264,-0.08148104555819892,0.4173282064838855,0.5723132784279601,0.6027898570572175,0.5992653629936158,0.9176696610701013
1681,0.4355355639806649,0.44062982803472966,0.000312364259096809,-0.0001465033394227877,0.4322035357846672,0.5540042852049413,-0.0006942547342710936,-0.0011888021337842503,0.4968308786844166,0.3596576337836439,0.17868901821828592,-0.07339768627326214,-0.0861165017193471,0.41633015217896324,0.5675760843103268,0.6030341501617196,0.5997718772046874,0.9231519015563021
1682,0.4358612246470452,0.4405046672090385,0.0003256606663802897,-0.00012516082569113962,0.4319228791682276,0.5531487588467348,-0.0002806566164396118,-0.0008555263582065153,0.4969437517480409,0.36778696388374965,0.18276943367641177,-0.07657019576169041,-0.08965873815307805,0.4158243652300294,0.5642276625893548,0.6034835350225178,0.6003711789330947,0.9277418845362375
1683,0.43596859313718844,0.44037447520464457,0.00010736849014325589,-0.00013019200439395862,0.43160678514189854,0.5524323421979215,-0.00031609402632903905,-0.0007164166488132784,0.49700142115363727,0.373924122178584,0.18584082012638256,-0.07897595604360287,-0.0923449356524878,0.4155906646237397,0.5624012831843609,0.6039013138147359,0.6007695169239831,0.9318577889908678
1684,0.43601085491420066,0.4403417845600644,4.2261777012220225e-05,-3.2690644580168904e-05,0.4313719442583003,0.5519053584797058,-0.00023484088359826405,-0.00052698371821569,0.4971292409527337,0.37770826609267366,0.187769823624224,-0.0800798789968234,-0.09360775795028331,0.4163052872982142,0.5617019768417867,0.6043869068341112,0.6011782804761211,0.934790681228759
1685,0.43603624137169833,0.44032714734519235,2.5386457497666992e-05,-1.463721487204861e-05,0.4313959065692695,0.5515159196941686,2.3962310969238843e-05,-0.00038943878553721056,0.4972152123286879,0.38002553050759896,0.1889544748416581,-0.08054666042621579,-0.09416824257878229,0.41730085071058587,0.5614713595138697,0.6048882781286063,0.6015349294618232,0.9367775106925653
1686,0.4360705910928525,0.4403426496371772,3.4349721154181e-05,1.5502291984825778e-05,0.4314334748103186,0.551060009143918,3.756824104905743e-05,-0.00045591055025062666,0.4973296054361176,0.38168609302396156,0.18982379404406008,-0.08070288701412631,-0.09430877662582764,0.4184445318828062,0.5614653163896405,0.6054208723530609,0.6018781834990753,0.9383610056646311
1687,0.4361798112956905,0.440354405402474,0.00010922020283798961,1.1755765296828091e-05,0.4314767698629982,0.5507104371519085,4.329505267963718e-05,-0.00034957199200946754,0.49745843768802006,0.3827109811165523,0.19038280675228944,-0.08068658358727915,-0.09426692555011965,0.4195018686195988,0.561570615018678,0.6058889190128871,0.602154572386227,0.9394281262222937
1688,0.4363089493451234,0.44038473939625183,0.00012913804943287532,3.0333993777831303e-05,0.4312600278931924,0.5503457274608652,-0.0002167419698058115,-0.00036470969104329676,0.4974845607229203,0.3834665526686208,0.1907686895062814,-0.08075688059418261,-0.0943363915864234,0.42042575277418665,0.5617534123227159,0.6063624033445983,0.6024164579909357,0.9403259984970528
1689,0.43637550881632897,0.44039516181113103,6.655947120559613e-05,1.0422414879196484e-05,0.43082662120371995,0.5498732792162359,-0.00043340668947244865,-0.000472448244629331,0.49752204415473844,0.384222714212582,0.19115927018572565,-0.08082056046436756,-0.09442239482204628,0.4212446992728337,0.5619901983789587,0.606808271614067,0.6026326091608917,0.9412922084393894
1690,0.43624774556136675,0.44032748851045755,-0.00012776325496222096,-6.767330067347643e-05,0.4304812434760611,0.5493834038508731,-0.00034537772765885766,-0.000489875365362713,0.4975118721626557,0.38538634159976926,0.19173428031521797,-0.08119391377989231,-0.09470268289085856,0.4218971821858061,0.561431914121449,0.6072023714544942,0.6027545236174146,0.9418689605360036
1691,0.43597606302446956,0.44022993935811394,-0.0002716825368971887,-9.754915234361228e-05,0.4301689029871641,0.5488674412047125,-0.0003123404888970005,-0.0005159626461606059,0.4974911335013103,0.3861857849578045,0.1921240039007514,-0.08147847905153921,-0.09493868764258721,0.4224627350445237,0.5609007807609784,0.6075496095419943,0.6028079716010541,0.942128571125508
1692,0.4357237651901049,0.4400914882461241,-0.00025229783436464537,-0.00013845111198984572,0.42986146250007934,0.5483197206970747,-0.0003074404870847536,-0.00054772050763785,0.49743268454174433,0.38675305707797836,0.19238361143702526,-0.08171012935505037,-0.09517548245468235,0.42290021446792603,0.5605189640102493,0.6077827346162851,0.6028199884196013,0.9423291860993341
1693,0.435553758831635,0.43997294096313067,-0.00017000635846992074,-0.00011854728299343087,0.42955440719660276,0.5477057216549621,-0.0003070553034765777,-0.0006139990421125674,0.4973731393963057,0.38711139614088275,0.19253881039467777,-0.0817717255891522,-0.09525521620883318,0.4232757022914088,0.5605097843286753,0.6079859534806766,0.6028176792022097,0.9426976394644444
1694,0.435434703385154,0.4398925331917117,-0.00011905544648099786,-8.04077714189888e-05,0.42897431450117685,0.5469912927439972,-0.0005800926954259156,-0.0007144289109649593,0.4973259036011038,0.3870375707820815,0.19248380961677486,-0.08179694437938731,-0.09520845519908419,0.4235721343436001,0.560693387513053,0.6081711476034843,0.6028028162049374,0.9428233457875729
1695,0.4353891765638384,0.43985834547985997,-4.552682131558905e-05,-3.418771185170755e-05,0.42840247454585983,0.5462842305015886,-0.0005718399553170106,-0.0007070622424085737,0.49733493024099934,0.3863910240920317,0.19216575301255887,-0.08160304957980984,-0.09483692671193683,0.42379870830523286,0.5617081179427379,0.6083423373457472,0.602787057453992,0.9432473917981962
1696,0.43537634387798585,0.43986705313897195,-1.2832685852559589e-05,8.707659111983901e-06,0.42786129808937073,0.5457081856514696,-0.0005411764564891008,-0.000576044850118973,0.49733598124605094,0.38572603843503067,0.19183543781723794,-0.0816752231810346,-0.09472540512739017,0.423829927760084,0.5628178621059365,0.6084988507501565,0.6027771640091079,0.9437543357032635
1697,0.4353542652532378,0.4398011596742236,-2.2078624748067543e-05,-6.589346474833446e-05,0.42724123960195926,0.5449874149971213,-0.000620058487411479,-0.0007207706543482795,0.49742175310392284,0.3851448744297731,0.19157943863784796,-0.08177879031620898,-0.09488047812368107,0.42369239130121117,0.5639209056982004,0.6086120961434718,0.6027428615865523,0.944343063916694
1698,0.4352682121886739,0.4396366784995479,-8.605306456388462e-05,-0.00016448117467571244,0.42668085677067863,0.5444634619336342,-0.0005603828312806258,-0.0005239530634871814,0.4975035710760657,0.3846605728125066,0.191370008626387,-0.08181866075872303,-0.095157341247545,0.4235204359564434,0.5647302990411495,0.6086333852610828,0.6026983296449722,0.9447464325357074
1699,0.43498540377394623,0.4394305279059291,-0.0002828084147276644,-0.0002061505936187813,0.4264062005047688,0.5439693364859902,-0.00027465626590983394,-0.0004941254476439338,0.497573426492757,0.38428617333283566,0.19121058801900856,-0.08190959598435374,-0.09543089976760598,0.4232516033700396,0.5651120160413625,0.6084401806482049,0.6027096649922766,0.9448535249275681
1700,0.4348013500178093,0.4392750448335871,-0.0001840537561369482,-0.00015548307234203307,0.4263582519822571,0.5436514690021748,-4.794852251172044e-05,-0.0003178674838154594,0.49770776934435973,0.3837778188070116,0.19100920212228162,-0.08175137000541256,-0.09510352896689868,0.4231868813514998,0.5656462755059584,0.6083565785585902,0.6027738284237587,0.9449732068155049
1701,0.43465658438262533,0.4391114705980831,-0.00014476563518395213,-0.00016357423550400485,0.4263773773750572,0.5432824812823793,1.9125392800134478e-05,-0.00036898771979543277,0.4978102388120112,0.3836049437913268,0.19096246867822853,-0.08158387367109096,-0.09481568996577823,0.42314716098655203,0.5663430556545495,0.6082907590239911,0.6028176831148078,0.9455874199531158
1702,0.43463086651956995,0.43912026720071695,-2.5717863055385592e-05,8.796602633864836e-06,0.4262286718642333,0.5428616179555555,-0.00014870551082390993,-0.0004208633268237838,0.4979676448820745,0.38162285133825874,0.19003583251409475,-0.08128106256420008,-0.09439663371107368,0.4229766864967403,0.5682159047574488,0.60820687110985,0.6028261797025194,0.9456485745416967
1703,0.4345906253265544,0.43910764382642775,-4.024119301554441e-05,-1.2623374289200129e-05,0.42593022557030424,0.5423772741709181,-0.00029844629392905553,-0.0004843437846374643,0.49812088768116486,0.3803948307667167,0.1894826107708434,-0.08105275355585394,-0.09402122285900483,0.42282780171516915,0.5712777151923525,0.6081371421172946,0.6028397787123233,0.9476697254451709
1704,0.4343844346936634,0.4390361901902695,-0.00020619063289101236,-7.14536361582363e-05,0.4255648519900082,0.5417744893247679,-0.0003653735802960356,-0.0006027848461501728,0.4984457708240118,0.37925942579413324,0.18904025683222886,-0.08091065484257576,-0.09321905330671915,0.4224114917676862,0.5737333953206483,0.6080760274009799,0.6027908548530331,0.949191443423718
1705,0.43422463688023477,0.43901405094683055,-0.00015979781342861932,-2.213924343896778e-05,0.4252846713221302,0.5412858964454649,-0.0002801806678779939,-0.0004885928793030292,0.4986979842598399,0.3780445919891327,0.1885300759853141,-0.0807516485135903,-0.0925555705768809,0.4221422626832112,0.5751586383262535,0.6080598531287228,0.6027636443714155,0.9495523575959658
1706,0.4340558653367651,0.43889368419772057,-0.00016877154346967016,-0.00012036674910997913,0.42499670019757874,0.5409126346228802,-0.0002879711245514782,-0.00037326182258468066,0.4988246554967122,0.3770840852631588,0.188098838924688,-0.08058526680364791,-0.09203357336822088,0.42203833586166406,0.5756574537324459,0.6079867396389889,0.6026356721764797,0.9491986605024032
1707,0.43379342372409285,0.4386396349188358,-0.0002624416126722484,-0.00025404927888478257,0.42510630912211583,0.540924018275415,0.00010960892453709681,1.138365253483542e-05,0.4987894420487667,0.376569972686554,0.1878291265686456,-0.08048809011138337,-0.09158476331145289,0.42199924573956427,0.575540482265693,0.6078325698666884,0.6023862195958246,0.9486386289469465
1708,0.43360313718529386,0.4383047557133561,-0.00019028653879898938,-0.00033487920547969896,0.42558182615209117,0.5413594110141258,0.0004755170299753364,0.00043539273871073814,0.4985957639681639,0.37629992317591554,0.187621547677057,-0.08041867518731563,-0.09133350633123258,0.4218918721799124,0.5747023019754824,0.6076864758929201,0.6020618105098794,0.9475543128759469
1709,0.4334435062034668,0.43804527237700186,-0.0001596309818270858,-0.00025948333635422705,0.4263701298014224,0.5419299636884186,0.0007883036493312456,0.0005705526742928457,0.4984214289757911,0.3755188949468512,0.18716666422681957,-0.08038418088784807,-0.09108735100794417,0.42196591873943473,0.5735164705271772,0.6075712660124408,0.6019108410477272,0.9455435641020536
1710,0.4332892929600461,0.4378962352822938,-0.00015421324342068665,-0.00014903709470803772,0.4270764364608805,0.5425890652848637,0.0007063066594580891,0.0006591015964451108,0.4986526559676726,0.37543281915587995,0.18721057240951045,-0.08062113089059997,-0.0907092049652893,0.42180858793310044,0.5724290652956915,0.6076234060327115,0.6018588875875781,0.9442832048741358
1711,0.4330572784501954,0.43771764757561815,-0.0002320145098506643,-0.00017858770667567025,0.4279830374096419,0.5432033955757438,0.0009066009487613824,0.0006143302908800941,0.4989902846428229,0.37565228624553876,0.18744684124038857,-0.08076533432127428,-0.08977149405685718,0.4218214381394517,0.5719664573347021,0.6078100338405368,0.6019133186197794,0.9439305292707728
1712,0.43278157461416955,0.4374250811081004,-0.00027570383602587567,-0.00029256646751774085,0.4289737768119288,0.5440695030792585,0.0009907394022868887,0.0008661075035146792,0.49928172359425216,0.3756786467243618,0.1875694822540955,-0.0805347355339299,-0.08896765443032115,0.42199768592396086,0.5704441431197149,0.6079718390712346,0.6018705395190735,0.9423087002022175
1713,0.43246589282938636,0.4371540027368957,-0.000315681784783195,-0.0002710783712047138,0.4296523112798971,0.5446399772842824,0.0006785344679683392,0.0005704742050238742,0.49960255391722325,0.3757370917766336,0.18771921065303626,-0.0803404305108651,-0.0883047426094244,0.4220826082708738,0.5682567193223024,0.6080144148224145,0.6017608773970746,0.9400573511811797
1714,0.4320997903379771,0.43691209909947615,-0.0003661024914092814,-0.00024190363741954934,0.4302222476355585,0.545115060315523,0.0005699363556613823,0.000475083031240664,0.4998918508498076,0.37637840585547594,0.18814849792299393,-0.08021115030302155,-0.08774195598878101,0.4221378459667837,0.5657126254083336,0.607946291495915,0.6016287999611473,0.9380258210787379
1715,0.4317559159625802,0.43669948520453783,-0.000343874375396902,-0.00021261389493831828,0.4306608570742432,0.5454986171619529,0.0004386094386846784,0.00038355684642987775,0.500132067621034,0.3769306797403285,0.1885151202083323,-0.08009158681503906,-0.08728498450792835,0.42215347402099435,0.5634202345428523,0.6078533118666117,0.601485119773932,0.9361828722192732
1716,0.4314722873066471,0.43652099328980465,-0.00028362865593306585,-0.00017849191473318093,0.4310115348204969,0.5458826072750821,0.0003506777462537469,0.0003839901131291734,0.500341786676958,0.3781982687275038,0.18922839749325152,-0.08002108892191485,-0.08693792422817638,0.4221543711612141,0.5609882794410023,0.6077719005182981,0.6013634048271851,0.9348766373497299
1717,0.431229455276296,0.4363599987070367,-0.00024283203035108114,-0.0001609945827679704,0.43128224569202134,0.5461502021322462,0.00027071087152441553,0.0002675948571640996,0.500445074011914,0.3794420159943116,0.1898898877775031,-0.07999409539624379,-0.08668441629033413,0.42217723089983855,0.5590347314227977,0.6077714614899751,0.6011998413010528,0.9340236430309128
1718,0.43104871433245534,0.4361779984051733,-0.00018074094384068484,-0.00018200030186338312,0.43153382400981627,0.5463500489326321,0.00025157831779493156,0.00019984680038587221,0.5004764177980915,0.3803691723963963,0.19036580084177313,-0.07988881567558621,-0.08656928290239199,0.4223187256083645,0.5578487689671657,0.6077803037293258,0.6010762565233789,0.933628457820834
1719,0.4308490929181076,0.43592962590782286,-0.00019962141434776148,-0.0002483724973504353,0.43186197959462563,0.5465734013507527,0.00032815558480936424,0.0002233524181206592,0.5004000742269665,0.381051843252905,0.19067837064807608,-0.07978123576939752,-0.08647286286127129,0.42241353466933207,0.5571999333320448,0.6077264893795297,0.6009363149782948,0.9335124145283319
1720,0.43060084953546196,0.4355282133066028,-0.00024824338264561874,-0.0004014126012200636,0.4324094874597962,0.5469411788436044,0.000547507865170549,0.00036777749285166195,0.5001692608421329,0.3818046195792805,0.19096693436108048,-0.07981089539545563,-0.08651502214141532,0.4224387291580968,0.5569931609545256,0.6076126294722669,0.6007696134550299,0.9338983560824409
1721,0.4303782461436454,0.435191499750986,-0.00022260339181656708,-0.0003367135556168188,0.43291224487265656,0.547289098353373,0.0005027574128603773,0.00034791950976864605,0.5000153941709014,0.38248486771905255,0.19124832189694713,-0.07981294174232832,-0.08656072255573419,0.42243670794775934,0.5568761204623428,0.6075367210658379,0.6005847850803882,0.9343444335472393
1722,0.43008201141334146,0.43481758785768565,-0.00029623473030393477,-0.00037391189330032715,0.4334064868023003,0.547608842584061,0.0004942419296437572,0.0003197442306879239,0.49981596165082803,0.3830296015342059,0.1914443086315526,-0.07973943930672099,-0.0865448035380317,0.4224026466827757,0.5578673735826626,0.6074928399754368,0.6002532162287845,0.9358392118560789
1723,0.42971961816614196,0.4343696442642094,-0.0003623932471994995,-0.0004479435934762743,0.4337198539194558,0.5477596503033341,0.00031336711715546084,0.0001508077192731161,0.4995577395478767,0.38341535920947134,0.19153811015462066,-0.07964844826296275,-0.08653774940174822,0.4221594288433578,0.5583330742701695,0.6072827495236248,0.5998154374516682,0.9367165717051121
1724,0.4292590904556587,0.434009494029196,-0.0004605277104832717,-0.00036015023501340115,0.4337550921977366,0.5479148620444727,3.523827828083581e-05,0.0001552117411386389,0.49929901762074563,0.3836267728000811,0.1915444707920975,-0.0795074750688794,-0.08653905226805274,0.421976103258427,0.5586169509628497,0.6071468204432826,0.5994345809659264,0.9371962571595652
1725,0.4287977324569763,0.43379251638016264,-0.0004613579986824101,-0.00021697764903333416,0.4335629299259834,0.5482356814768599,-0.00019216227175322675,0.0003208194323871538,0.49917696150271357,0.38385724284341644,0.19161269213338586,-0.07941216470603264,-0.08653038028265674,0.421808559589581,0.5588457666678056,0.6070734736273695,0.5992409890614805,0.9376432907533341
1726,0.4283322774350118,0.4335772360115996,-0.0004654550219644893,-0.00021528036856305333,0.4331994958364242,0.5486060565090769,-0.0003634340895591892,0.0003703750322170407,0.4990784602956255,0.38408869719624467,0.19169039561365453,-0.07927909491180378,-0.08651478807524533,0.42144214679109027,0.5589701148906933,0.6069428688300545,0.5989823699538377,0.9379839944744128
1727,0.4278240503761573,0.4333296030773316,-0.0005082270588545046,-0.00024763293426799393,0.4327083899061616,0.549130595555815,-0.0004911059302625809,0.0005245390467381039,0.49906766050600254,0.38196895895635297,0.1906283547322604,-0.0782996720613655,-0.08645383031761576,0.42102732902556195,0.5602315159272284,0.6067996046840842,0.5987304774686133,0.937264385368725
1728,0.4270068640693689,0.43306327455100113,-0.0008171863067883978,-0.00026632852633046156,0.4320755010475295,0.5496888412749111,-0.000632888858632108,0.0005582457190961287,0.4990632337870953,0.37959003347153436,0.18943942961765567,-0.07724212815596629,-0.08626941745463915,0.42060229687732575,0.5609353133757998,0.606652188762995,0.5984877550041137,0.9357298473642204
1729,0.42639266563346817,0.432742731294055,-0.0006141984359007147,-0.0003205432569461375,0.4316701178605547,0.5503734207749214,-0.0004053831869748059,0.0006845795000102184,0.4990705594931013,0.37771954211173286,0.18850870321318056,-0.07617626751449626,-0.08604861831833191,0.42017591266290305,0.5606684680500993,0.6064761252347265,0.598196062185414,0.9336923653606753
1730,0.4257363744953975,0.4324217057085674,-0.0006562911380706971,-0.00032102558548757765,0.43150521729781777,0.5510495894946712,-0.00016490056273693598,0.0006761687197498478,0.4992012252315556,0.37621096969443285,0.18780497701701251,-0.07521051709091862,-0.0856146494406841,0.4197460356678148,0.5602093306127114,0.6063057037778405,0.5978958097218414,0.9317918610846396
1731,0.42524827044573316,0.43218684168329685,-0.0004881040496643174,-0.00023486402527056471,0.431298794087955,0.5515547217138349,-0.00020642320986274942,0.0005051322191637064,0.49922878307276025,0.37482876216397853,0.1871253067957921,-0.0744665487478295,-0.08523737398008288,0.4193518090442694,0.5594183998539601,0.606099365630822,0.5975676401450624,0.9296682953024723
1732,0.4247775980871284,0.4319298785784357,-0.0004706723586047623,-0.00025696310486117424,0.4310179401356666,0.5519217424120306,-0.0002808539522884401,0.00036702069819571914,0.49920500862567985,0.3738343337165737,0.18661997178755746,-0.07399094683120504,-0.08485480559519713,0.4190565209424205,0.5584995780197471,0.6058495635228445,0.5972119127951563,0.9277694483713772
1733,0.424502834971609,0.4319359544903452,-0.00027476311551938304,6.075911909542153e-06,0.43100518934713594,0.5522466519507793,-1.2750788530635493e-05,0.00032490953874864115,0.4991874192011693,0.3756737434801807,0.1875316064695135,-0.07405040124971173,-0.0847839295125284,0.4188573639427548,0.5571202293186538,0.605699813571468,0.5969493212007999,0.9280891040983376
1734,0.42440614143894556,0.4320804636506712,-9.669353266344993e-05,0.0001445091603259896,0.43109673623191475,0.5524958788844008,9.154688477880368e-05,0.0002492269336215047,0.49914531165085524,0.3770067098031652,0.18818113165916445,-0.07426573036591957,-0.08517619520228593,0.4188388546233909,0.557786247850701,0.605630521392865,0.5967976478732417,0.930025305882971
1735,0.424456559519645,0.43226037704619547,5.0418080699443646e-05,0.000179913395524256,0.43136804432957515,0.5526850950355534,0.0002713080976604054,0.000189216151152638,0.499005301016452,0.37791712462210636,0.1885826485313262,-0.0746523462999182,-0.08592116821429505,0.4188078105666997,0.5586124408543234,0.6056576033073434,0.5966620289124738,0.9317406681498274
1736,0.42464216295552776,0.43246056882752193,0.00018560343588275297,0.0002001917813264642,0.4315764435847161,0.5527791517614528,0.00020839925514093416,9.405672589934966e-05,0.4990461592729887,0.3773951510749921,0.18833760067222413,-0.07489645540372782,-0.08655603738592921,0.41882776664596605,0.5603830029346762,0.6057788682637318,0.5967173774833905,0.932995705700895
1737,0.42498735244519015,0.4328949009342114,0.0003451894896623897,0.0004343321066894723,0.4313305658777184,0.5521908015818296,-0.00024587770699768807,-0.0005883501796231094,0.4991553035562196,0.37627090020917586,0.1878176154132832,-0.0750011138714227,-0.0868138379048719,0.4189167763972563,0.5621083204778263,0.6058748545462301,0.5967984780018487,0.9336381224725736
1738,0.42545525707511533,0.4333158024174235,0.00046790462992518655,0.0004209014832121105,0.4312436268482241,0.551688709211549,-8.693902949430399e-05,-0.000502092370280649,0.4993556240986354,0.375614565280517,0.18756524566619018,-0.07531318397410457,-0.08709608095433446,0.41915023480927166,0.5635168410345256,0.6059316356738328,0.59687324621595,0.934400533476725
1739,0.42588755767840497,0.43358926618751126,0.00043230060328963704,0.00027346377008774514,0.4321809270137676,0.5514955209845037,0.0009373001655434976,-0.00019318822704528227,0.49955039701158593,0.3746241860888966,0.18714366089085055,-0.07545081898472264,-0.08707647416667803,0.41947514273929076,0.5645923115047872,0.605775088972406,0.5968716495272522,0.9345218909021263
1740,0.4263493406809229,0.43378070383975986,0.0004617830025179237,0.00019143765224860498,0.43272936488645525,0.5511305000632852,0.0005484378726876571,-0.00036502092121848406,0.4995971411373019,0.3744957665606487,0.1870970143417225,-0.07599986025511751,-0.08746203743322871,0.4193044122710762,0.566093472046021,0.6055349655731687,0.5967987150633668,0.9359275485981915
1741,0.4267006188880889,0.4339481908449626,0.000351278207166017,0.00016748700520274884,0.433182017267095,0.5510058385830474,0.0004526523806397398,-0.00012466148023781987,0.4994296396560326,0.3745093867909412,0.1870410880928015,-0.07666061253926286,-0.08790508141411427,0.4189396801130134,0.5668470746947448,0.6052791672281815,0.596784042967296,0.9367125776367242
1742,0.4272380200219544,0.43418659008592064,0.0005374011338654672,0.00023839924095803156,0.43378233648272174,0.5510290679298931,0.0006003192156267545,2.32293468457323e-05,0.49938051696995517,0.3759077382896603,0.18772100068009717,-0.07731661737392653,-0.0883419891961647,0.41858268652893416,0.5661754958906939,0.6051385771942205,0.5968798747058237,0.9373507140160535
1743,0.42782458892324227,0.43440307078450097,0.0005865689012878872,0.0002164806985803236,0.43435613932600287,0.5510425806214092,0.0005738028432811237,1.3512691516059938e-05,0.499442539885961,0.3773691709458438,0.18847421721185165,-0.07775198027305061,-0.08858191587057052,0.41836671127970293,0.5653259262325872,0.6050789498376612,0.5970059001815753,0.9378795293657355
1744,0.4284352347091921,0.43462084213851193,0.000610645785949826,0.00021777135401096492,0.43493486268664083,0.5511213284149106,0.0005787233606379671,7.874779350136585e-05,0.4995011086332482,0.37748724896042324,0.18855529935064638,-0.07802982812340771,-0.08872086809176881,0.4182119385276731,0.5654745168831056,0.6050671514402205,0.5971534067496346,0.9381407699081953
1745,0.4288631798393416,0.4346914988464568,0.00042794513014948743,7.065670794487167e-05,0.4353346898645357,0.5510845213428903,0.00039982717789488476,-3.6807072020250686e-05,0.4995338547603892,0.37738169665486,0.1885149336460181,-0.0781321662795936,-0.08868996381879822,0.41803875111720423,0.566195011926293,0.6050013000891249,0.5972190465123252,0.9386786007204952
1746,0.42922126770235236,0.4347890711283194,0.0003580878630107809,9.757228186257905e-05,0.43570272841098373,0.5511362749496934,0.0003680385464480129,5.1753606803095487e-05,0.4995492969827703,0.3763424388460991,0.18800160075035002,-0.07809180907544107,-0.08847573006461702,0.41800369258102826,0.5676381538303793,0.6049896381913603,0.597354858496755,0.9390344198755093
1747,0.42957919076937295,0.4349248302792301,0.0003579230670205935,0.00013575915091074142,0.43590936575474254,0.5511247156563885,0.0002066373437588087,-1.1559293304874707e-05,0.49955540335442444,0.37550221694682845,0.1875841614473535,-0.07805857601855097,-0.08825956810140168,0.41796935763771237,0.56873643555531,0.605027536042397,0.5974569614615556,0.9392622463633555
1748,0.4299972868962143,0.43511871047916695,0.00041809612684134967,0.00019388019993682448,0.4360549063670422,0.5510245206996908,0.00014554061229965498,-0.00010019495669777445,0.4996191600535329,0.3748608643421412,0.18728767017956194,-0.07806175476107653,-0.08811526619429735,0.4178704142891018,0.5694205459626346,0.6051053045987812,0.5975539565546966,0.9392774224078656
1749,0.430411168677385,0.43533009175848214,0.0004138817811706885,0.00021138127931519257,0.43615326699840457,0.5508815583790542,9.836063136237083e-05,-0.00014296232063659708,0.4996811643869906,0.37420502858502275,0.18698320440283128,-0.07805487953127471,-0.08797119234294067,0.41780127674187234,0.5700986290742779,0.6052010123662449,0.5976758804864207,0.9392693360387792
1750,0.43086563575965686,0.4355704118014317,0.00045446708227186994,0.0002403200429495489,0.4362633371575141,0.5507093118262907,0.000110070159109521,-0.00017224655276348866,0.499727262130677,0.37347193921529875,0.18663410966669586,-0.07786850640622214,-0.08767180275152978,0.4178983906451025,0.5707214579438427,0.6053229491457524,0.5978043847057831,0.9391415666240245
1751,0.4312635468233231,0.43578570738483363,0.000397911063666212,0.0002152955834019421,0.43648542091253956,0.5505920030405931,0.00022208375502547062,-0.00011730878569760073,0.49962356297546295,0.3720303128166027,0.18587511042430707,-0.07768068519540182,-0.08735622306399733,0.418021388781649,0.5713505520809729,0.6053975729898794,0.5979099761987454,0.9383709413663986
1752,0.43154658049572464,0.4359487951905485,0.00028303367240156696,0.0001630878057148899,0.43652847121759647,0.5504866283053269,4.3050305056913096e-05,-0.00010537473526617269,0.4995192691923779,0.37077892104099225,0.18521121567033483,-0.07754288522770655,-0.08710080796139237,0.41808498608747857,0.5718133418082243,0.6054583485685657,0.5979881634081983,0.9376186330729015
1753,0.43177234087137056,0.4360648632517922,0.00022576037564592255,0.0001160680612437015,0.43648617212588636,0.5503074579503301,-4.229909171010737e-05,-0.000179170354996816,0.49941526609336967,0.3698970524932972,0.18473223489809315,-0.07742299922668568,-0.0868830996815093,0.4181179017328828,0.5719889896216477,0.6054997199319305,0.5980400368498415,0.9369409137444163
1754,0.4319664675980412,0.4361361044933419,0.00019412672667062925,7.124124154966882e-05,0.43643641498725794,0.5501261251651636,-4.975713862842568e-05,-0.0001813327851665214,0.4992662393699037,0.36936420297888534,0.18441107657912986,-0.0772983764731924,-0.08672269123672102,0.41803619033150463,0.5717088665399235,0.6054972005574205,0.5980656463382681,0.9361370732689794
1755,0.43212607965640415,0.43618867128024763,0.00015961205836295678,5.2566786905738905e-05,0.43631294446392754,0.5498756223401501,-0.00012347052333039343,-0.00025050282501348775,0.4990590844472179,0.36855616560884197,0.1839313025761259,-0.07706118324561646,-0.08649428070831099,0.41804123458444226,0.5713727358614386,0.6054861364841905,0.5980970279576653,0.9350275293934854
1756,0.4322121887389523,0.4362151058589823,8.610908254813587e-05,2.6434578734690906e-05,0.436119262481918,0.5495730050673979,-0.00019368198200953035,-0.0003026172727521592,0.498904443053725,0.36742284197622815,0.1833088883413669,-0.0768207628934564,-0.08623571027603905,0.41808467846615927,0.5710482079848241,0.6054312366668037,0.5981699135882783,0.9336541080483469
1757,0.43216122620109,0.4361908272355409,-5.0962537862297985e-05,-2.4278623441398306e-05,0.43581661053252346,0.5491655875716851,-0.0003026519493945501,-0.00040741749571282515,0.4988323529701231,0.3662782011503897,0.18271141692151296,-0.07663361910172421,-0.08598519901444343,0.41810125023222133,0.5708184825458426,0.60539652109785,0.5982431614434901,0.9323973344924408
1758,0.4321269201878105,0.43618318398966455,-3.430601327947258e-05,-7.643245876376437e-06,0.4356226360086494,0.5489430755209131,-0.0001939745238740409,-0.00022251205077195024,0.49880428852254666,0.3662632672721465,0.18269368844362638,-0.07656710262102967,-0.08578555713969109,0.41802901996981445,0.5700410111341377,0.6053864817974596,0.5982746733065503,0.9316592633806148
1759,0.4321211341632101,0.43622137945404693,-5.78602460044042e-06,3.8195464382384525e-05,0.43564960195812513,0.5488464785087012,2.6965949475710183e-05,-9.659701221198524e-05,0.49879086148518786,0.36621847874377167,0.18266643050440082,-0.07653647416986459,-0.08557383754104082,0.4179652962331234,0.5694019116924193,0.6053954357559429,0.5983214315912408,0.9310238535708885
1760,0.4321574312636833,0.43628960012571477,3.629710047320378e-05,6.822067166784018e-05,0.43567168085378816,0.5487984742977917,2.2078895663024678e-05,-4.8004210909446954e-05,0.4988011258258475,0.3661688056742708,0.18264541251263225,-0.07653498496145784,-0.08538449760787538,0.4178746152764554,0.5687501988533484,0.6054082548226196,0.5983467269316134,0.9303656429941081
1761,0.4321214147940525,0.436342380994727,-3.601646963075078e-05,5.278086901222556e-05,0.43567820921154676,0.5487676225376648,6.5283577586061625e-06,-3.085176012695978e-05,0.49880813257483997,0.3652670167655419,0.18219815852400273,-0.07638999968420983,-0.08503536080401779,0.4178787450042485,0.5683798297732388,0.6054104046632903,0.598355113287531,0.9291743016310173
1762,0.43201521353328737,0.436360669231994,-0.00010620126076515968,1.8288237267016783e-05,0.43557512545335053,0.5486881541782818,-0.00010308375819623183,-7.946835938299479e-05,0.49876043292387967,0.364197960444026,0.1816475324210564,-0.07613569055700861,-0.08460088266750812,0.41796479065930403,0.5679389206121189,0.6053887285264773,0.5983303700634897,0.9277530501139534
1763,0.43183618902054716,0.43635096524386946,-0.00017902451274021125,-9.703988124554197e-06,0.4354744430665468,0.5486483952937575,-0.00010068238680371877,-3.9758884524232485e-05,0.49872055089184697,0.36297722029188495,0.18102419926516017,-0.07583601902382221,-0.08412077717630087,0.4180524669220836,0.5676729097756876,0.6053425211551943,0.5982613337224896,0.9263482722602865
1764,0.4316663100397114,0.4363006937163379,-0.00016987898083575814,-5.027152753156461e-05,0.43542462510150837,0.548653745297436,-4.98179650384456e-05,5.350003678517012e-06,0.4986379627046709,0.36210157550011873,0.1805575918995308,-0.07565203573891201,-0.08373452740702174,0.41808214290363405,0.5674900117672396,0.6052690974342724,0.5982129982798905,0.9253616817957412
1765,0.43157108385336895,0.4362510778303971,-9.522618634244528e-05,-4.9615885940768045e-05,0.43559032834394756,0.548661730153446,0.00016570324243919687,7.984856009946029e-06,0.4985158959488406,0.3611631830346958,0.18004558777427648,-0.07550399869652706,-0.08344683069287546,0.41807479424013877,0.5674117280202327,0.6051548753075557,0.5981692110180186,0.9244047749540694
1766,0.4315250659153482,0.4362198623556446,-4.601793802072596e-05,-3.121547475254394e-05,0.4357152335847426,0.548598592255095,0.00012490524079505905,-6.313789835099559e-05,0.4984266052437275,0.36027824037072015,0.1795722602911617,-0.07545830045156308,-0.08321273218875945,0.41806323115580746,0.5675289934582927,0.6050319786283431,0.598137898773948,0.9236980990386476
1767,0.43148547624074657,0.43618433741413776,-3.958967460165885e-05,-3.552494150682595e-05,0.43573080553705223,0.5484730071901568,1.5571952309612058e-05,-0.0001255850649382051,0.49837475432698064,0.3595320812104757,0.17918171264593888,-0.07568949165892548,-0.08304917106640719,0.4181334786885154,0.567671195387442,0.6049172962894218,0.598096658949276,0.9231453443219916
1768,0.43141093783402107,0.43612424325071286,-7.45384067254995e-05,-6.0094163424895264e-05,0.43563161407573026,0.5483662671071401,-9.919146132197909e-05,-0.00010674008301669868,0.49833221202057115,0.35875950871928936,0.17878141956349686,-0.0758559503229035,-0.08281190586766568,0.4182076436315078,0.5678573701201605,0.6047760033767295,0.5979819651603601,0.9225770911073943
1769,0.43116654768658225,0.4359000967474241,-0.00024439014743882215,-0.00022414650328878016,0.43553381665588486,0.5484170246398833,-9.779741984539125e-05,5.075753274319528e-05,0.49818805083558243,0.3579824354659886,0.17834257175817556,-0.07611224654614218,-0.082541126884359,0.41820042999179413,0.5677402331265035,0.6045472602542986,0.5977532804142032,0.9216940750489159
1770,0.43095196004993463,0.43573360206611056,-0.00021458763664761182,-0.00016649468131352263,0.4354495174902497,0.5484315972013518,-8.429916563518214e-05,1.457256146852881e-05,0.49802643784604383,0.35901502819530634,0.17879897562530542,-0.0763703320751419,-0.08214455321019905,0.41808662146608927,0.5659052059033431,0.6042863463013499,0.5975757666002434,0.9208107149634394
1771,0.430717671802932,0.43559327852822965,-0.00023428824700261197,-0.00014032353788090424,0.4355920896710913,0.5486073490802273,0.00014257218084162693,0.00017575187887552968,0.497852486209936,0.3596381987446633,0.1790467713810937,-0.07637635417901292,-0.08158927607677906,0.4182237504966211,0.5643606643777679,0.6041176103617517,0.5973795338151553,0.919810438567151
1772,0.4305081732475409,0.43548687148517723,-0.00020949855539109663,-0.00010640704305242554,0.43573397318491985,0.5487730451409053,0.00014188351382854458,0.00016569606067795561,0.4977505668239136,0.36012389595505545,0.17925187333846493,-0.07637911363926678,-0.08106223987406214,0.4183424045272763,0.5628970492982133,0.6039956680712537,0.5971834339221467,0.9188142448669316
1773,0.4303447351347985,0.43539886746127265,-0.00016343811274244224,-8.80040239045754e-05,0.4356894694985194,0.5487998021080815,-4.4503686400465536e-05,2.675696717624465e-05,0.49779440346014275,0.3605586877247289,0.1794840968683033,-0.0764102261968185,-0.0806309911358431,0.4184694496120121,0.5615651535148677,0.6038944345725319,0.597011194898982,0.9179011618600021
1774,0.4301290936308631,0.43533857922440794,-0.00021564150393538206,-6.028823686471396e-05,0.4354418689104727,0.5487978742626439,-0.0002476005880466814,-1.927845437621478e-06,0.49787685855370345,0.361077032337735,0.1797718985562055,-0.07647864194023288,-0.08037389351983895,0.4185877606786745,0.5605241574913605,0.6038740929138179,0.596857909844373,0.9173522653319722
1775,0.4299468153954862,0.43528801966574876,-0.00018227823537692034,-5.055955865918005e-05,0.43523687646849796,0.5488432747836831,-0.00020499244197474953,4.5400521039185016e-05,0.4979720905306171,0.36148013983970456,0.1800070209212775,-0.07653449698970292,-0.08026471353861157,0.418695821082876,0.5596986564319345,0.6039202230983837,0.5966496299347313,0.9169084738931913
1776,0.42981525135416626,0.43526802466234676,-0.0001315640413199204,-1.999500340199578e-05,0.43507521180044234,0.5489403431670199,-0.00016166466805561663,9.706838333678469e-05,0.4980592470720815,0.361901997289556,0.18024863628391874,-0.07681826209050195,-0.08045464228640022,0.4187609772900699,0.5590570275195401,0.6039881844146638,0.5964725416117348,0.91667767612035
1777,0.4297721955430715,0.43533715965561415,-4.3055811094760976e-05,6.913499326738348e-05,0.4348218574836376,0.5490196509622971,-0.0002533543168047325,7.930779527720588e-05,0.49815008664826194,0.36213587501561567,0.1803980175174731,-0.07715269695432465,-0.08085332981180654,0.4188480493481846,0.5585853384148751,0.6040594347430687,0.596314950979007,0.9164109771810863
1778,0.43027787183493493,0.43625956252070197,0.0005056762918634328,0.0009224028650878235,0.43034583157509404,0.54487042480206,-0.004476025908543568,-0.004149226160237052,0.49820901555689584,0.36163258190747183,0.18016861262542005,-0.07757873394562151,-0.08109272571080667,0.41880268232274004,0.5588011925757578,0.604046323280151,0.5961587103129581,0.9161213271876342
1779,0.43237004546738206,0.43956575158380684,0.002092173632447125,0.0033061890631048696,0.4126512278128169,0.5273819462786742,-0.01769460376227716,-0.017488478523385864,0.4980546795215884,0.36102966952681814,0.17981251635396436,-0.0784167694264758,-0.08105014966308186,0.41840296784010067,0.5590839571115466,0.6037519128010216,0.5958588364025527,0.9157936114467744
1780,0.4341637034052031,0.4430143033154513,0.001793657937821047,0.0034485517316444336,0.3887563604695364,0.5090998497124867,-0.0238948673432805,-0.01828209656618751,0.49724693200909653,0.3601147555522783,0.17906595736957615,-0.07924978246501811,-0.08086366489288103,0.4172114246269939,0.559116189527907,0.6026661389795009,0.5949326294988873,0.9148817094105222
1781,0.4359084440172279,0.4461643754212685,0.0017447406120247866,0.0031500721058172476,0.36733414748245874,0.4936553489649844,-0.021422212987077638,-0.015444500747502254,0.4963412208699123,0.3594103881542902,0.17839019084982946,-0.08011314978475247,-0.0807332095708202,0.4160044347990225,0.5597552978134381,0.6016780878388613,0.5941291311409974,0.9147940267097411
1782,0.4371021015604592,0.44859409122721944,0.001193657543231308,0.002429715805950916,0.35175542106380553,0.4831317397246812,-0.01557872641865321,-0.010523609240303211,0.49563871024042433,0.35882376528139365,0.1778469482276827,-0.08090229965019559,-0.08066209851808474,0.41495911462738166,0.5613464860936808,0.6009237664685402,0.5936163742142951,0.9157853730930089
1783,0.43785524008304616,0.45046770312608253,0.0007531385225869602,0.0018736118988630923,0.3404603016605962,0.47701136089924784,-0.01129511940320932,-0.00612037882543337,0.49514775717094317,0.35841949787681726,0.1774706105000417,-0.08129623594697227,-0.08031393479898795,0.4143940464077855,0.56413993934253,0.6004724700327092,0.5933635936851493,0.9182186002973283
1784,0.43854207131600514,0.4518429716222769,0.0006868312329589843,0.0013752684961943484,0.3327373935791169,0.47530714847799704,-0.007722908081479296,-0.0017042124212507948,0.49507072367005905,0.35833783336802805,0.17740257048387068,-0.08148139039452343,-0.08011225301950518,0.4141103068481166,0.5666799133620117,0.6004163573936447,0.5933668785829742,0.9207809386933286
1785,0.43909069176048426,0.4523487272455169,0.0005486204444791198,0.0005057556232400118,0.329925067998487,0.47749215092398783,-0.0028123255806299374,0.0021850024459907913,0.4950554983405093,0.35810333301695935,0.17728102398410817,-0.08132988318777323,-0.08011565541212023,0.4138800843837885,0.5690258654026071,0.6004727749229763,0.5934403879186888,0.9229881931952221
1786,0.43937870006929314,0.45217899972878256,0.0002880083088088736,-0.0001697275167343304,0.3310996649982496,0.4822561255624201,0.0011745969997626338,0.004763974638432256,0.4951235597099939,0.35768212095776464,0.17709684497322903,-0.0810192008671654,-0.08031134039886578,0.4137395543277389,0.5707189533034209,0.6006361181700438,0.5935387830568178,0.9243337712192738
1787,0.4393394987195907,0.45129888223303966,-3.9201349702422394e-05,-0.0008801174957429048,0.335607060433843,0.4882007102967403,0.004507395435593364,0.005944584734320191,0.4951364845468896,0.3576257416590198,0.17707355250852116,-0.08065441137041401,-0.0806175456437735,0.4136649157093084,0.5718514541508077,0.6008057972083707,0.5936161088424805,0.9254365810447238
1788,0.4392382772130391,0.4501718449450457,-0.00010122150655161866,-0.0011270372879939594,0.34069047159624605,0.4940321237380038,0.005083411162403073,0.005831413441263533,0.4951485406758394,0.3578050424904042,0.17716664463558035,-0.08025800575248976,-0.08103694796438593,0.4137243453427301,0.5729438862435451,0.6010547283832411,0.593738194758276,0.9267094633107763
1789,0.43911902469198966,0.44915386452118267,-0.00011925252104943995,-0.0010179804238630297,0.34639773714822925,0.4996526914280102,0.005707265551983198,0.005620567690006406,0.4952718108129108,0.3578284444666877,0.1772223416513835,-0.07986054114243119,-0.08150556193514658,0.41404425296275216,0.5740172055937036,0.60137217036652,0.5939918434062317,0.9278146042806118
1790,0.4390519810686598,0.4481517801063109,-6.704362332987657e-05,-0.0010020844148717623,0.35189089125848977,0.5047223150480215,0.005493154110260523,0.005069623620011232,0.49556406903521444,0.3578534634850563,0.17733931848299903,-0.07944116744003904,-0.08192590213471121,0.4145291590678398,0.5743280759124642,0.6017758017262194,0.5943328201431312,0.9281455765318848
1791,0.43888839573586713,0.44723438058187226,-0.00016358533279264842,-0.0009173995244386446,0.35731189825608983,0.5092085785198142,0.005421006997600064,0.004486263471792706,0.49583422413149597,0.3576788308828678,0.1773494055990673,-0.07901368367250199,-0.08217935300123737,0.4149639120438121,0.5742339353052809,0.6020613905898347,0.594596824163781,0.9278495516876661
1792,0.43866950115148096,0.44642122230346004,-0.0002188945843861756,-0.0008131582784122182,0.36258689457975923,0.5131631744894251,0.005274996323669401,0.003954595969610897,0.4961129113795542,0.3573983361217754,0.1773099290555825,-0.07866885917715492,-0.08236666662120823,0.41535165599108637,0.5740118080681293,0.6023504403280687,0.5947960703078766,0.9273425854607948
1793,0.43844467399960213,0.4457505401497997,-0.00022482715187882585,-0.0006706821536603402,0.36780516889483433,0.516633484054095,0.0052182743150751,0.003470309564669982,0.49642986147819607,0.3571788199437089,0.17731423210760094,-0.07827652608186703,-0.08233129962310895,0.4157322263314038,0.5736680910865181,0.6026339542498594,0.5950372925098883,0.9267794025938525
1794,0.43826058858867445,0.44510767376126864,-0.00018408541092768127,-0.0006428663885310604,0.3724450723045008,0.5195748935514752,0.004639903409666468,0.0029414094973801985,0.49682661320567234,0.35697854234073223,0.1773564401782437,-0.07783122496804182,-0.0820964583727285,0.4160461899319911,0.5732121591697258,0.6028956196110922,0.595225087406715,0.9261445892038106
1795,0.4381653015697462,0.44449201746514805,-9.528701892824731e-05,-0.0006156562961205925,0.37684549849116794,0.5222395351329288,0.004400426186667139,0.0026646415814535196,0.4971469697582871,0.3567616690717793,0.17736298270494388,-0.07738373765586419,-0.08181751617417449,0.41632097892950537,0.5724638235360149,0.6031193661728306,0.5953112302004576,0.9251860362158281
1796,0.4379035853214552,0.4438028342885663,-0.0002617162482910218,-0.0006891831765817313,0.3808791597317699,0.5244758193340188,0.004033661240601949,0.002236284201090011,0.49741289775174585,0.35702830468802366,0.17759048361426308,-0.07716930886656947,-0.08170008675136112,0.4162732769516647,0.5711914262882197,0.6031177892470784,0.5952984998676004,0.9242037382973134
1797,0.4376738315978247,0.4432488102429136,-0.00022975372363048807,-0.0005540240456526901,0.3843533079426054,0.5263085518004919,0.003474148210835526,0.001832732466473086,0.49772540394405806,0.35747426129132936,0.17792402110083066,-0.07690946228083405,-0.08156436148140915,0.4162966707634977,0.5702557709598364,0.6032532854602505,0.595359128001435,0.9237243278848437
1798,0.4373708645462816,0.4427728803591932,-0.00030296705154309045,-0.0004759298837204162,0.38744999595582713,0.5279306715799237,0.0030966880132217156,0.0016221197794318298,0.4979044616254268,0.3578203169338798,0.178160332261603,-0.0766628179765097,-0.08148471300568484,0.416429211334408,0.5695743352803758,0.6034428063941987,0.5953750780011313,0.9233825675188289
1799,0.43715559940538046,0.44249833439387165,-0.00021526514090114413,-0.00027454596532155984,0.39018746244008584,0.5294133421999053,0.0027374664842587104,0.0014826706199816408,0.49804443630896905,0.3582751767948505,0.17843695847028754,-0.07650086438659551,-0.08151012761901208,0.4165976908985156,0.5693059162542523,0.6037399989062193,0.5954879954330679,0.9235641389550933
1800,0.43692184124848227,0.44219689604010043,-0.00023375815689818946,-0.00030143835377122175,0.39265044612117783,0.5307129557379927,0.0024629836810919903,0.0012996135380873852,0.4983145026197697,0.3587283005012129,0.17875951463989717,-0.0764940485605921,-0.08172091291438129,0.41663428239263517,0.5712045723430872,0.6040862024612593,0.5955973458637928,0.9259687938582224
1801,0.4367265907316875,0.44180006094567803,-0.0001952505167947538,-0.0003968350944223986,0.3950502749127401,0.5320045577986818,0.002399828791562253,0.0012916020606891232,0.49849317099130447,0.35760814006026626,0.17826521571094467,-0.07640078904112874,-0.08183922086103478,0.41658773064130633,0.573910584261236,0.6043527581248549,0.5957285042945413,0.927768796790408
1802,0.43645680354867755,0.4414702283230273,-0.00026978718300996185,-0.00032983262265073865,0.3972640790456066,0.5331748657851816,0.002213804132866537,0.0011703079864997523,0.49866656031091755,0.3556046801227868,0.1773281626672942,-0.07620405657011663,-0.08188233638278901,0.4165504288615297,0.5783329655061247,0.6045665971866041,0.595907540966268,0.9304582255204128
1803,0.4361660344728415,0.44121731581284074,-0.0002907690758360282,-0.0002529125101865537,0.39938389925229123,0.5340310993884494,0.0021198202066846084,0.0008562336032678086,0.49884004683381794,0.35362134547385937,0.17640048853761772,-0.07615772475784457,-0.08164003723958457,0.41628748975466523,0.5820958414376807,0.6047300985604195,0.5960626798362276,0.9325312514534622
1804,0.4358311158382852,0.44101158806011165,-0.00033491863455631377,-0.00020572775272909016,0.40153403593329273,0.5348450086229438,0.002150136681001502,0.0008139092344944254,0.49901061127558427,0.35128359066111714,0.1752942393068862,-0.07603747547642552,-0.08135209329664551,0.41600977121969696,0.5857138233831879,0.6048440267303339,0.5962678772490632,0.9340698227709673
1805,0.43558151100100145,0.4408677767026436,-0.0002496048372837567,-0.00014381135746804885,0.40363054159161194,0.5355879981029656,0.002096505658319203,0.0007429894800218273,0.4993124694125887,0.34861603701549987,0.17406833431903967,-0.07570630970309615,-0.08092763356565172,0.41581655508489246,0.588994637445706,0.6049508189674068,0.5965168045108643,0.9349056703847696
1806,0.43542871510359477,0.44075257042974086,-0.00015279589740668786,-0.00011520627290273477,0.40559582178073167,0.5364312657283199,0.0019652801891197336,0.0008432676253542493,0.499599049466168,0.34641310151083377,0.17306765623743972,-0.07534814333067182,-0.08058394139681388,0.4157851480518822,0.5918246367726219,0.6050856654377259,0.5968392266179798,0.9357039392428497
1807,0.435292134478302,0.44060190454407416,-0.00013658062529275927,-0.00015066588566670092,0.40758754468763164,0.537268990183233,0.001991722906899973,0.0008377244549131468,0.4997504238802482,0.3446334554653293,0.17223071545211296,-0.07503127429990902,-0.08030494803620626,0.41576424926519273,0.5943266883896053,0.6052062952350519,0.5971606689943837,0.9365518413031041
1808,0.43516615016744015,0.44035729743594454,-0.00012598431086185968,-0.00024460710812962416,0.40954537771190647,0.5380927522600635,0.0019578330242748243,0.0008237620768304366,0.49972714454775913,0.3430776773597394,0.17144522806505993,-0.07480450433869414,-0.080122000810535,0.415577760208706,0.5963190681779392,0.605221606925892,0.5974122858531024,0.9370990375644731
1809,0.4350718058791738,0.4401300080138774,-9.434428826632368e-05,-0.00022728942206712288,0.4116169229687164,0.5390177336759973,0.0020715452568099146,0.0009249814159337788,0.4997672921773595,0.3416999738560784,0.17077047067112686,-0.07449476940634545,-0.07982515855286525,0.41563754975973105,0.5969693787612863,0.6053016858771579,0.5976560394936914,0.9364201558818058
1810,0.43495361411047767,0.43993950663744424,-0.000118191768696152,-0.000190501376433172,0.4132798017507435,0.5397340995287517,0.001662878782027144,0.0007163658527544747,0.49987594075301567,0.3406815425292376,0.17029850656899118,-0.07421667415303514,-0.07957793429459892,0.4157164125874174,0.5974160192465279,0.6053773635222601,0.5978492640873113,0.9358765375943344
1811,0.4349510294383107,0.43982490332808394,-2.5846721669608996e-06,-0.00011460330936030605,0.4149234975667387,0.540396026227101,0.001643695815995161,0.0006619266983493022,0.4999375615657856,0.33998733014478205,0.16997243679584406,-0.07404478117883485,-0.0796222421344251,0.415848320461835,0.5977484525439883,0.6054862628104395,0.5979933272267198,0.9355194668697523
1812,0.43578519785439745,0.44077175231127613,0.0008341684160867446,0.0009468489831921945,0.41199272404442516,0.5369840793772033,-0.0029307735223135234,-0.0034119468498977623,0.5000745805170479,0.3400081444931557,0.17002943022979464,-0.07411757825487464,-0.07971708589878843,0.4161861699816448,0.5979990155513558,0.6058207037652058,0.5983276178594078,0.9357721261730376
1813,0.4370512028101193,0.4434479051802189,0.0012660049557218223,0.002676152868942794,0.391980132185086,0.5155805653868056,-0.02001259185933918,-0.021403513990397638,0.49924440883569954,0.3396937047949947,0.16959018283558577,-0.07491000004148378,-0.07933190566954434,0.41555261428381035,0.5972935193160843,0.6048105900372129,0.5977511404867139,0.9347347837085395
1814,0.4387484660587504,0.44628140301589125,0.00169726324863112,0.0028334978356723273,0.3667803968867987,0.49333840229445614,-0.025199735298287285,-0.0222421630923495,0.4977061544910258,0.33875298301329726,0.16859944449791195,-0.07530144328421022,-0.07887457592832936,0.4141177063920895,0.5958618384055551,0.602775373440476,0.5963293407789572,0.9323491287801258
1815,0.4399576058074814,0.4488141754849611,0.0012091397487309918,0.002532772469069855,0.34549492884741906,0.474346403336807,-0.02128546803937964,-0.018991998957649137,0.4960158138752573,0.3378466146385435,0.16757726352493757,-0.07574481894982434,-0.07828331709608764,0.41254082109068496,0.5944175451834676,0.6005971434653121,0.5949445235515926,0.9299893114340181
1816,0.4412163013158961,0.4510368395928389,0.001258695508414731,0.002222664107877803,0.3295091902614707,0.46055759952749864,-0.015985738585948372,-0.013788803809308359,0.49479644331637485,0.3374465567854926,0.16696735610681887,-0.07618085310913393,-0.07773614519588283,0.4115014243169104,0.5936282203733778,0.5991832094424473,0.5942157206566001,0.9287322124556423
1817,0.44241929473640185,0.4523633618758887,0.0012029934205057269,0.0013265222830498025,0.32204625961152916,0.4570942433243169,-0.007462930649941524,-0.003463356203181722,0.4940609633589817,0.3373597534574622,0.16667628479174235,-0.07622600143234977,-0.07761205796716023,0.41113114264833794,0.5933989432134816,0.5986512333639638,0.5941006947865443,0.92831973700478
1818,0.4434859341834744,0.4530582532680073,0.001066639447072526,0.0006948913921185906,0.32219587341244543,0.4602114340630554,0.00014961380091627063,0.0031171907387385067,0.4938934914025059,0.33741344656956396,0.16664630517239482,-0.07596433183043769,-0.07767050084661895,0.4112168744718555,0.5935779313440804,0.5986946901796796,0.5944743504106388,0.92844149611921
1819,0.4441041656447347,0.4530609995018039,0.0006182314612603323,2.7462337965911132e-06,0.32777811628246345,0.46692923302889466,0.005582242870018017,0.006717798965839239,0.4940086569652431,0.3373094867763952,0.16663380654404242,-0.07552664660780646,-0.07769418475112232,0.4114574989745088,0.593942429034338,0.5989223469564122,0.5950288922039757,0.9286014357176295
1820,0.4446143899026309,0.4528073005982187,0.000510224257896208,-0.00025369890358517555,0.3355548391040849,0.4748122095784978,0.007776722821621451,0.007882976549603127,0.49442126458399893,0.3373110662514646,0.1667737639342262,-0.07497577716939115,-0.07776465621645964,0.4118716820338685,0.5947040675963166,0.599315011057725,0.5956693175599718,0.9293107405845955
1821,0.4446573711154958,0.4522991313110113,4.298121286488987e-05,-0.0005081692872074273,0.34515041346486847,0.4830603369269767,0.009595574360783565,0.008248127348478906,0.4949074686765074,0.33700757243818724,0.16678756460019795,-0.07441576437339528,-0.0777680762226635,0.41235867938907994,0.5952872266828234,0.599689884802584,0.5962764105486977,0.9295901635240142
1822,0.4446141008678648,0.4517086500793886,-4.327024763101095e-05,-0.0005904812316226971,0.3547844611134724,0.49132160645748646,0.009634047648603927,0.008261269530509763,0.4954486086497748,0.3369141533632285,0.1669236485182284,-0.0738215450431356,-0.07779965694265985,0.41288174534083893,0.596067040349529,0.6001091602263072,0.5968631358262041,0.9302734101087937
1823,0.44436739582570567,0.4509437827957014,-0.00024670504215912326,-0.0007648672836871873,0.36439963178132273,0.49929996597711407,0.009615170667850337,0.00797835951962761,0.4961063206826227,0.3367290061971805,0.16705338833159927,-0.07315998438347769,-0.07776988169925325,0.41349395150474794,0.5969719811839989,0.6006599000018107,0.597318841728081,0.9310020487338065
1824,0.44377586664322644,0.44980863918519337,-0.0005915291824792335,-0.0011351436105080381,0.37383582185217173,0.5067452108829225,0.009436190070849004,0.00744524490580839,0.49676736353894324,0.3365303467390481,0.16717729310040333,-0.07243687746237233,-0.07773262091430853,0.41404275645902994,0.5977309946304419,0.6012344832685981,0.5976352768849279,0.9315745330106487
1825,0.4430051407233688,0.44840777333837556,-0.0007707259198576621,-0.0014008658468178115,0.3825338733357982,0.5138180194395494,0.008698051483626457,0.007072808556626953,0.4973256260964497,0.3362670436785742,0.1672342180330491,-0.07176198831734418,-0.07777071759790213,0.4144536793960043,0.598237956018249,0.6017254942788571,0.5978050117234087,0.9318068601221695
1826,0.44173272517628104,0.4466740828344492,-0.0012724155470877352,-0.001733690503926355,0.39039847018002183,0.5202716374943781,0.007864596844223637,0.0064536180548286914,0.497908216680406,0.33631880417342486,0.16745589602207667,-0.07159522792539637,-0.07807001153897063,0.41486485249539556,0.5982299911372712,0.6022263189486347,0.5979919968860662,0.9318156741279258
1827,0.44016177110850835,0.44519835918630674,-0.0015709540677726896,-0.0014757236481424685,0.3964617822567917,0.5262106067307576,0.006063312076769856,0.005938969236379488,0.49846609679371207,0.3365732147505638,0.16777033664202537,-0.0716856188838762,-0.07828887435606523,0.4152181291040026,0.598095171334699,0.6027411078029757,0.5982368902523629,0.9319113717320118
1828,0.43773551248484177,0.44368916534051883,-0.0024262586236665773,-0.001509193845787904,0.4011854093186217,0.5315864777938835,0.004723627061829994,0.00537587106312587,0.4988004435185503,0.3368090842734925,0.16800052061669485,-0.07210543115509366,-0.07821010069149198,0.41540208291959907,0.5979629558698563,0.6029987529737979,0.59827836095471,0.9319952434669877
1829,0.4352141353748816,0.44233706561234476,-0.0025213771099601434,-0.001352099728174072,0.40632524895342503,0.5365281290403692,0.005139839634803356,0.004941651246485712,0.49908372129948325,0.33699828542269045,0.16819035836030174,-0.07250302955778405,-0.0779538326503951,0.41558806094968903,0.5979515667726718,0.6032372273940593,0.5983004609894672,0.9321322122465922
1830,0.4327708438599738,0.4412129389031144,-0.0024432915149078527,-0.0011241267092303442,0.4104583736402571,0.540739574855346,0.004133124686832079,0.004211445814976789,0.49950822701384007,0.33733099821269075,0.16849960883403,-0.07294954390941334,-0.07764504886246207,0.4159381456109245,0.5979384561269079,0.6036076005526011,0.598461685865388,0.932381857895272
1831,0.4307960456435789,0.4403847933202891,-0.001974798216394902,-0.0008281455828252904,0.41447162953696265,0.5447996774074721,0.0040132558967055365,0.004060102552126188,0.5000249847913018,0.33787243794208416,0.16894466064339067,-0.07337796742209132,-0.0774812408291607,0.41637350466185713,0.5978501782045054,0.6040911224580487,0.5987445046770361,0.9327838481264533
1832,0.4292328739440837,0.4396657654507915,-0.0015631716994951583,-0.0007190278694976238,0.41786039442206535,0.5483187424962073,0.003388764885102702,0.0035190650887351183,0.5005111651901281,0.33947939335736416,0.16991322672733217,-0.07388513496078274,-0.07764218995443609,0.416690758880413,0.5971603199724734,0.6044844262610376,0.5989496485786314,0.9336061257862771
1833,0.4277115728521344,0.4388860037159773,-0.001521301091949312,-0.0007797617348141994,0.4209632146354618,0.5514761036765736,0.0031028202133964733,0.003157361180366358,0.5009726956182173,0.34070957298004356,0.17068619319874417,-0.07427301601347314,-0.07773510835047844,0.4168047380265924,0.5964211884998695,0.6046729021308039,0.5989784968657853,0.9340264494405085
1834,0.42614457617591095,0.43821325512073817,-0.0015669966762234533,-0.0006727485952391365,0.42476066770022086,0.5543517876770844,0.0037974530647590377,0.0028756840005107476,0.5014059476935477,0.3416863423125921,0.1713235642811872,-0.07468751799117572,-0.07767394825386256,0.4169293001148595,0.5957639532661877,0.6048004350171223,0.5990013424972,0.9343051323043962
1835,0.42464889334224387,0.43751178019294595,-0.001495682833667078,-0.0007014749277922117,0.4283046851781842,0.5570692045852819,0.003544017477963346,0.0027174169081974897,0.5018627852008518,0.34243109702702584,0.17185342409336632,-0.07491076179581817,-0.07748912674159436,0.41717028722296257,0.595081872516959,0.6048820970439766,0.5990205524777356,0.9343509709712629
1836,0.4233153361895535,0.43692896257374625,-0.0013335571526903456,-0.0005828176191997048,0.4313767151095176,0.5593717244113661,0.0030720299313333754,0.002302519826084204,0.5023510045420309,0.34314443345171086,0.172378950847473,-0.07513975098341592,-0.07726326253941106,0.4173576791426682,0.594278247241041,0.604934855173875,0.5990347630317308,0.9342717820144547
1837,0.42221776957545365,0.4364361780117121,-0.0010975666140998763,-0.0004927845620341653,0.43385528797211714,0.5613634965388846,0.0024785728625995596,0.001991772127518554,0.502861435738382,0.34380023609850724,0.17288388033169008,-0.07528614342291046,-0.07703585646677394,0.41742553094711393,0.5937772845480231,0.6049405167444107,0.5990290945703188,0.9344434450156426
1838,0.42158055292375124,0.43609522870716927,-0.0006372166517024103,-0.0003409493045428147,0.435134724194381,0.5621463355492663,0.0012794362222638411,0.0007828390103816751,0.5033060472088472,0.3440824775440592,0.17317879168652736,-0.07506437981689729,-0.07660515288943906,0.4177821591523966,0.5931940520584629,0.6049998471337564,0.5990156070883286,0.934182675992827
1839,0.4212746299073652,0.4357494067823145,-0.0003059230163860449,-0.00034582192485477226,0.43556301169328376,0.5620808237566863,0.0004282874989027796,-6.55117925799642e-05,0.5036861094133306,0.3442154913284323,0.17337656162701612,-0.07429975343795792,-0.07583263230901507,0.4182477053085471,0.5925044049569823,0.6050147772995278,0.5989316870791672,0.9336622278193268
1840,0.4210942210371573,0.4353716804248385,-0.000180408870207871,-0.0003777263574760159,0.435864496145125,0.5616696444006269,0.0003014844518412496,-0.00041117935605938793,0.5038987044659641,0.34504473220954646,0.17386759354319598,-0.07396168346661451,-0.07548952433280794,0.4184456945869853,0.5920635783890582,0.6050039315475295,0.5988192771417197,0.9340848888071365
1841,0.42085543488608024,0.43491005015588186,-0.00023878615107708612,-0.0004616302689566254,0.43630405184651283,0.56091842498175,0.0004395557013878171,-0.0007512194188769028,0.5037800418708794,0.3455819748079429,0.17409730173856666,-0.07364398402249206,-0.07528818802295478,0.41843296626711235,0.591514244577369,0.6048772261224465,0.5985942880358539,0.9341057021302726
1842,0.4209960777785665,0.4345961039958275,0.0001406428924862757,-0.00031394616005436804,0.436388569641276,0.5601804249053866,8.451779476315036e-05,-0.0007380000763634875,0.5037319829570055,0.34648384906565954,0.17453499635242048,-0.07341598110963536,-0.07526924780654644,0.4184697565617777,0.5908840476499228,0.604974467834429,0.5984339888622215,0.9343672894164531
1843,0.4211763300162181,0.43429332358996564,0.00018025223765161247,-0.0003027804058618466,0.43633136928793276,0.5590347628330087,-5.720035334322304e-05,-0.0011456620723778732,0.5036541213805692,0.3472411423002106,0.17488943243239777,-0.07331747860715099,-0.07538999107103327,0.41825070704746975,0.5902787569255697,0.6049857303352216,0.5981785662474964,0.9345092114995048
1844,0.42139939301277063,0.43403926406179133,0.00022306299655250328,-0.00025405952817431077,0.43669325659964653,0.558027159536653,0.0003618873117137711,-0.0010076032963556303,0.5035756170709779,0.3477043657548971,0.1750954405432953,-0.07316321104629879,-0.07548791797147618,0.41805658006983004,0.589688331295912,0.6049640993421368,0.5979079628105359,0.9343669935570502
1845,0.42162070376265076,0.4337716665323695,0.00022131074988013255,-0.000267597529421848,0.43697287573622334,0.5570293773127354,0.00027961913657681414,-0.0009977822239176648,0.5034939464050209,0.34741705611552026,0.1749223846320179,-0.07300188592835487,-0.07544074999899429,0.417905289305515,0.5895415896780851,0.604867469364952,0.5976563410421858,0.9339422318685634
1846,0.42180471382414453,0.43355929829479595,0.00018401006149376675,-0.00021236823757353473,0.4372068887183098,0.5561728301318722,0.00023401298208647336,-0.0008565471808631431,0.5035182766182181,0.3470717349113227,0.17475696182544426,-0.07286599800032655,-0.07507950957417421,0.41777782659743984,0.5894415832612498,0.6047942129235147,0.597492451793497,0.9335064912718912
1847,0.422115525248035,0.4334495362864393,0.0003108114238904447,-0.00010976200835666194,0.43745210854342537,0.5554547114166865,0.0002452198251155502,-0.0007181187151857893,0.5035941289587514,0.344744247205831,0.17361117888516095,-0.07275696869889252,-0.07455050317141551,0.41767601472554167,0.5900036780966376,0.6047058246038702,0.597390372611875,0.9317724869093994
1848,0.4222361799355703,0.4331970982736642,0.00012065468753530428,-0.00025243801277508027,0.43766983970319934,0.5548255485367777,0.00021773115977397062,-0.0006291628799087734,0.5034356017750453,0.3366623549977127,0.16948781528327742,-0.07258873404705339,-0.07359319003284216,0.4171946644504674,0.592210317905268,0.6042136288591315,0.5970062444176304,0.9261513896277489
1849,0.4223362820426548,0.4329499921475293,0.00010010210708449874,-0.00024710612613493277,0.4379694036911727,0.5548246325057162,0.00029956398797337247,-9.160310614486633e-07,0.5037032581974239,0.31963586545399797,0.1610016268659322,-0.07014463183860223,-0.07004572167709155,0.4168131539819387,0.6009223127679748,0.6035532813321536,0.5965554744969235,0.9182193701272968
1850,0.42236814910171205,0.43289838493450705,3.1867059057277825e-05,-5.1607213022220044e-05,0.43847431587507707,0.5553760092641188,0.0005049121839043602,0.0005513767584025553,0.5051302274007553,0.29469592808497425,0.14885982116763968,-0.06376257774498074,-0.06381672334264014,0.4165458314585491,0.6147914527654457,0.6027831093167723,0.595966838506263,0.90748883436432
1851,0.4223471124830793,0.4328373926864808,-2.103661863273043e-05,-6.099224802624814e-05,0.4392580241140303,0.5562830459934819,0.0007837082389532402,0.0009070367293630976,0.5078444698519974,0.261317056687031,0.1327084221165096,-0.051595257862504705,-0.05264775088043472,0.4176443719380931,0.6307176349495237,0.6024459205634884,0.5953391102845125,0.890498551350041
1852,0.4224514503906918,0.4328238087165162,0.00010433790761249506,-1.3583969964592324e-05,0.4402073578671035,0.5573278480867406,0.0009493337530732116,0.0010448020932587454,0.510572710732405,0.22431537719163142,0.11452931019169313,-0.035561546423788004,-0.037047127426957864,0.42077505491644906,0.6469104501603337,0.6022750249372409,0.5946877942946761,0.8702224723797627
1853,0.4226212507703988,0.43280079038456143,0.0001698003797069858,-2.3018331954782756e-05,0.44165687818188426,0.558417155288039,0.001449520314780739,0.0010893072012984062,0.5130705137437369,0.19023386713910564,0.09760338794451873,-0.019809750789353667,-0.022184639835630442,0.4243417666896641,0.6615047545752277,0.6023246010957286,0.5940631907958065,0.8511531743951886
1854,0.4227899415474578,0.43278322134541547,0.0001686907770589996,-1.756903914595931e-05,0.44281011768650935,0.5590352304141623,0.001153239504625092,0.0006180751261232187,0.5151663260522616,0.16065362422433546,0.08276333735863152,-0.005426861999497775,-0.008359013295315762,0.4272628607934173,0.6750160912904333,0.6023957650053172,0.5936268070029409,0.8353770289993467
1855,0.4227436924870141,0.43226856232388516,-4.6249060443703804e-05,-0.000514659021530306,0.4437971680477804,0.5597800511535174,0.000987050361271058,0.0007448207393551121,0.5168303648478272,0.13622998330349814,0.07040779197396035,0.006865759464104056,0.0032971813742669045,0.42965002590488255,0.6859925261798092,0.6024312338606068,0.5931889258019574,0.8220955179016083
1856,0.4226553382527998,0.4318504956644889,-8.835423421432731e-05,-0.00041806665939625454,0.4446442357027301,0.5604290751430601,0.0008470676549496847,0.0006490239895426964,0.5182404184883054,0.11610878112240693,0.06017226331904322,0.016891951653310176,0.012967770268117641,0.43151420216585834,0.6952231208812579,0.6024207181178379,0.5928882578548397,0.8112866809127198
1857,0.4227488426676063,0.43157361252702464,9.350441480654448e-05,-0.00027688313746426774,0.44537053539193505,0.5609370014617565,0.0007262996892049567,0.00050792631869645,0.519430223836517,0.09933527798781465,0.051597745680073206,0.024988237676681364,0.020608692121193498,0.4332277868501154,0.702767117244773,0.6024293994917902,0.5926962565819638,0.8020783763727993
1858,0.4229003910295245,0.43141992076767505,0.00015154836191816345,-0.00015369175934959456,0.4460218366325716,0.5614050985738293,0.0006513012406365593,0.00046809711207274063,0.5203885276752369,0.0854124574395537,0.04444766297209318,0.031550552607041434,0.026776180426605414,0.4348125350627028,0.7089486004415783,0.6024379931097608,0.5925462154576702,0.7943158423980525
1859,0.42301364772302236,0.4313007299698524,0.00011325669349787626,-0.00011919079782263253,0.4465583748333598,0.5617852861063641,0.0005365382007881947,0.00038018753253488136,0.5211574605068571,0.07380519015845906,0.0384641254752082,0.0369349358566583,0.03188588609474077,0.4363240015748465,0.7138190213131975,0.6024596297404435,0.5924165042794228,0.7875253966660452
1860,0.4228644346513882,0.4310340533890085,-0.00014921307163417996,-0.00026667658084389423,0.4465472750161491,0.5618106790142704,-1.1099817210702412e-05,2.539290790626314e-05,0.5220610006285439,0.06459452201040439,0.033722280795874214,0.04107053380224486,0.03608224202176894,0.43740241561933907,0.7171116646924529,0.6022871792296713,0.5921838978336118,0.7815412581258073
1861,0.42275575275554533,0.43080273867218344,-0.00010868189584284371,-0.00023131471682508176,0.4465480018237984,0.5619154150505477,7.268076492872311e-07,0.00010473603627725314,0.5229442395796341,0.057166305763587,0.029894790297115857,0.04440580852885028,0.03942141673150005,0.4382898779756835,0.7195356723634893,0.6021480578017816,0.5920115810856238,0.7764592107183658
1862,0.4226317121437541,0.43059530012856906,-0.00012404061179122072,-0.00020743854361437997,0.4464885770178474,0.5620251366808684,-5.9424805951002746e-05,0.00010972163032074711,0.5238078620836081,0.05127063021650892,0.026855959201388772,0.04702050983574243,0.041986805296833705,0.43883072310642535,0.7213997561244299,0.602040621236103,0.591844009303095,0.7723481153340516
1863,0.4223977194703764,0.4303865954029629,-0.00023399267337770313,-0.00020870472560613473,0.44664119071414765,0.5621915768317317,0.00015261369630026334,0.00016644015086331176,0.5246362827319553,0.0462165487215911,0.024246878321995857,0.04925389225212748,0.04425108639532048,0.43923002443275333,0.7230466434414167,0.60191908829655,0.5916419991151716,0.7688391698485499
1864,0.42210024751783976,0.43020061295903117,-0.00029747195253665426,-0.00018598244393175367,0.4466457197258981,0.5623523461431242,4.529011750464829e-06,0.00016076931139252792,0.5253762255361384,0.042170771220722846,0.02215552061189138,0.05099362583585533,0.046072680939988314,0.4394435944889574,0.7242863676303366,0.6017781330270965,0.5914450267316519,0.7659297908235801
1865,0.4218404210400113,0.43008319674726764,-0.000259826477828462,-0.00011741621176353245,0.44624185891166607,0.5624210179308753,-0.0004038608142320488,6.86717877510512e-05,0.526047585424051,0.03875806408484705,0.02038858602754442,0.0523476260075546,0.047504760329348125,0.439625287373787,0.7254665505081058,0.6016769849928203,0.5912793024651266,0.7635801910144495
1866,0.42345426847886897,0.43190808169889155,0.001613847438857674,0.0018248849516239174,0.4344443518197013,0.5490551823359997,-0.011797507091964754,-0.013365835594875586,0.5270050521071709,0.03602997701312056,0.01898797991321977,0.05310969399772558,0.0488051996714031,0.439828763681615,0.7269203746840477,0.6018585159739269,0.5913877760456431,0.7622365441623243
1867,0.4251475692320318,0.4345878695320239,0.0016933007531628186,0.00267978783313233,0.3983797036659443,0.515943562374056,-0.03606464815375704,-0.03311161996194367,0.5259510664945988,0.03362739588763217,0.01768636473053622,0.053372930255570925,0.04973559380465132,0.4382142494027849,0.7257626784790364,0.599597897483557,0.5895978272458723,0.7586156203699521
1868,0.4269980767416718,0.437260685355234,0.001850507509639998,0.0026728158232101062,0.35548723904660146,0.48478610095084973,-0.04289246461934282,-0.0311574614232063,0.5242390331697764,0.03159169144208084,0.01656159777779436,0.05364642420273973,0.05008588378191082,0.43560217211508895,0.7237346178855781,0.5963448684006578,0.5870141454644109,0.7545608861798497
1869,0.42843055005895103,0.4394015427319011,0.001432473317279248,0.0021408573766670824,0.32622792249359545,0.4630987949086,-0.02925931655300601,-0.02168730604224972,0.5229469503002234,0.02991672573648229,0.01564486048686162,0.05375814678214129,0.050330594961488895,0.4333598663479972,0.7222671714957462,0.593670804345746,0.5850537686098032,0.7514117203629191
1870,0.429762471816604,0.441147910013504,0.001331921757652954,0.001746367281602934,0.30542311598403216,0.44981116539260463,-0.02080480650956329,-0.01328762951599538,0.5223908766178826,0.028625907338756817,0.014953912828675453,0.0538868054428898,0.05049319760507696,0.43186579045250423,0.7216636257328913,0.5920408166488427,0.5839742330229818,0.7494957650565215
1871,0.43120831178259644,0.44292239633270936,0.001445839965992457,0.0017744863192053484,0.29648014821611535,0.4478031417260787,-0.00894296776791681,-0.0020080236665259155,0.5226669743660168,0.027686339423516657,0.014470735257760022,0.0541771140158734,0.05045067188214516,0.4312892181182034,0.722105801034118,0.5916099790379794,0.58388151241958,0.7489700728665979
1872,0.4318772135023129,0.44380319405862484,0.0006689017197164526,0.0008807977259154831,0.3019560045492409,0.45334424219541214,0.005475856333125528,0.0055411004693334265,0.5231345494798366,0.026938845748824377,0.014092640934318052,0.05441887474236972,0.05040536413794441,0.43116737177645464,0.7227848499236491,0.5916212275478141,0.5841146815932766,0.7488710787100493
1873,0.43172945068845187,0.44327207459413015,-0.00014776281386102985,-0.0005311194644946893,0.31395730279092215,0.46380511853789935,0.01200129824168128,0.010460876342487213,0.5235371365136331,0.026315440149198406,0.013777110181807228,0.054828694708907104,0.050134820953882664,0.4312217310195543,0.7236003368034752,0.5918138974508108,0.5844297789329462,0.7490297094212826
1874,0.4311851164671759,0.44213702857632553,-0.0005443342212759772,-0.0011350460178046196,0.3291636339882076,0.47620056917190606,0.015206331197285428,0.01239545063400671,0.5239061381813336,0.025733539383052954,0.01348195923991253,0.055294436119446295,0.04979205340609191,0.43186659529441707,0.7246696564710726,0.5923452512789141,0.5848997047560652,0.7494546296873664
1875,0.4304210618315459,0.4408962996703692,-0.0007640546356300071,-0.0012407289059563342,0.34496452460663324,0.48861373897876553,0.015800890618425656,0.01241316980685947,0.5243311219251515,0.025206658688543833,0.013216635630148556,0.05565892466514389,0.04953971933240081,0.43323197047369544,0.7258664920129052,0.5932228420484393,0.5855944217584343,0.7500359024029264
1876,0.4296502057459614,0.439598426754379,-0.0007708560855844704,-0.0012978729159902058,0.3605390043789596,0.500007100531348,0.015574479772326344,0.01139336155258247,0.5246250912685981,0.02484519506693301,0.013034412729575855,0.05569036482425962,0.049015050499860435,0.43452078842669023,0.7270966212521742,0.5941122101475078,0.5862849146850206,0.7508195360404597
1877,0.428770740426084,0.43813359375185035,-0.000879465319877426,-0.0014648330025286427,0.3749833380731393,0.5102362615089986,0.014444333694179745,0.010229160977650587,0.5248539282995743,0.024622085905406644,0.012922998510382259,0.05545515474587031,0.04852911129946565,0.4360239886169009,0.7282876579992003,0.5949741148456418,0.5869693753193802,0.7517079184180255
1878,0.42807423622475527,0.43671582621435134,-0.0006965042013287182,-0.001417767537499004,0.3875440032193766,0.5188387805876232,0.012560665146237271,0.008602519078624637,0.525154338865827,0.02442303761735253,0.01282586417303599,0.055090846840746346,0.04790041859117947,0.4373875417651114,0.7292951022984274,0.59575368249311,0.587558027052734,0.7524178525420976
1879,0.42770136642585915,0.43552505033367783,-0.0003728697988961138,-0.0011907758806735114,0.3986477271393077,0.5264548679883816,0.011103723919931086,0.0076160874007583645,0.5255031592121465,0.0242610861507573,0.012749277418141016,0.05470668425430727,0.0471664103943008,0.43844879483372173,0.7303536675358988,0.5964503471646063,0.5880519615008105,0.753221443383487
1880,0.427412052934711,0.43452545775313534,-0.0002893134911481354,-0.0009995925805424966,0.4080679465294445,0.532761227106347,0.00942021939013682,0.006306359117965399,0.525823989905459,0.024196711874577084,0.01272321158048292,0.05435705581315198,0.04656170003138891,0.4393391812430261,0.7311293034190185,0.5970662169054921,0.5884767069314719,0.7538341662676796
1881,0.4271325731592583,0.43359375740423944,-0.00027947977545272895,-0.0009317003488958919,0.4160028365486142,0.5378867080796845,0.007934890019169694,0.005125480973337537,0.5261018877336732,0.024111222857035396,0.01268495986065361,0.05408062651048491,0.046046296787015564,0.44011207456842616,0.7318898175578757,0.5976397975634273,0.5887950767326935,0.7544113240505499
1882,0.4269054203839526,0.4328254613301778,-0.00022715277530566125,-0.0007682960740616473,0.4225386011948101,0.5420634457994401,0.0065357646461959296,0.004176737719755574,0.5263357836669345,0.023990365251385926,0.012626987695044204,0.05391923214925726,0.0456054199636279,0.44082048645371824,0.7325290585193113,0.5981934206620483,0.5890513897414879,0.7548256710301037
1883,0.4267260047094723,0.43213959660040285,-0.00017941567448032103,-0.0006858647297749432,0.42827821423051843,0.5456995633526772,0.005739613035708302,0.003636117553237117,0.5265517161326275,0.023796610600854983,0.012530146150020068,0.05391169577024713,0.045318146964688985,0.4415805367638728,0.7332120507387898,0.5987164633225917,0.5893116572591041,0.7551790780897396
1884,0.4264993078200903,0.431388926971626,-0.00022669688938198318,-0.0007506696287768455,0.4330965391238209,0.5486814610080931,0.0048183248933024725,0.0029818976554158994,0.5267151793940951,0.02363122055436327,0.012446922573592875,0.053950065146238735,0.04509466863092999,0.44226156401405325,0.7334544011772003,0.5991936816412664,0.5895750176107502,0.7551336886350201
1885,0.42630851732503205,0.4306719484884846,-0.0001907904950582684,-0.000716978483141395,0.437121164454438,0.5514194779150121,0.004024625330617093,0.002738016906918994,0.5268550508548461,0.02350725689685727,0.012384917027851668,0.053957603763333306,0.044804165052114264,0.44275357894313905,0.7336481404970729,0.59958177553354,0.589791690293627,0.7551108530316274
1886,0.4260760754412686,0.430117283767524,-0.00023244188376347896,-0.000554664720960607,0.4403410846539289,0.5535754173603585,0.003219920199490911,0.002155939445346422,0.5268682825054186,0.023487590145706436,0.012374866280259545,0.053873671005092556,0.04443675577818831,0.4430795151897105,0.7337915956948836,0.5998413024963868,0.5899630007495885,0.7551698704393506
1887,0.42575226876248706,0.4296375224071552,-0.00032380667878151304,-0.00047976136036881334,0.4430169119662248,0.5553590457062344,0.0026758273122958753,0.001783628345875865,0.5268646814828903,0.02364229221193662,0.012456288755767406,0.053717103826615924,0.04406909574844095,0.44328392731363475,0.7338440266069441,0.6000419551981218,0.5900999452807153,0.7553740033939859
1888,0.4252916921248625,0.42921027293687386,-0.0004605766376245546,-0.0004272494702813323,0.44541056036520343,0.5570927822928489,0.002393648398978654,0.001733736586614465,0.5267094334672376,0.023856878253224283,0.012565642829052624,0.05353497263004064,0.0436762237354215,0.4433875219129379,0.7339350747032141,0.6001974071293822,0.5901811543893704,0.7557045367583519
1889,0.4247859465688363,0.4288737739353134,-0.000505745556026227,-0.0003364990015604641,0.44744682941810704,0.5585676848993293,0.0020362690529036054,0.0014749026064804216,0.5266116375265126,0.023956464511942423,0.012615753005979786,0.05345814437736951,0.0433481228158495,0.443459576524472,0.7341573445917694,0.6003836046979726,0.5902013556285577,0.7560172964314238
1890,0.4243222400399687,0.4286295126586832,-0.000463706528867569,-0.0002442612766301866,0.4493172164554662,0.559775876392072,0.0018703870373591447,0.0012081914927427606,0.5265551853865001,0.02413545300005939,0.012708647928833434,0.053279512834605636,0.04300421942357896,0.4434987882927778,0.7340360384631748,0.6005580164970754,0.5901611563193437,0.7560929538220325
1891,0.4239719392149932,0.4284663668933423,-0.0003503008249755024,-0.00016314576534093295,0.4509233141812061,0.5607611470223057,0.0016060977257399411,0.0009852706302336811,0.5265530713700775,0.02421099442478895,0.012748373475296443,0.05314593987865669,0.0426995883090409,0.44362532159859536,0.7338407875484735,0.6007574611951241,0.5900453096844979,0.7559852595669219
1892,0.4237218485475016,0.42835802985410404,-0.00025009066749159814,-0.00010833703923823768,0.45229523354838225,0.5616099864081574,0.001371919367176122,0.0008488393858516741,0.5266071184646353,0.02421528133886098,0.012751939528668035,0.05309012352655697,0.04255584174114064,0.4437782678336156,0.7337541801971059,0.6009504903008743,0.5899456301112062,0.7559017660101125
1893,0.4235693372838646,0.42826216621483254,-0.00015251126363702294,-9.586363927149844e-05,0.4533940591313166,0.5623325400159431,0.0010988255829343374,0.0007225536077857253,0.5267674813094618,0.024150893778309045,0.012721905486972208,0.053144229384908634,0.042501228468369026,0.44408927782939184,0.7338577706102789,0.601221619737074,0.5899239483398718,0.755915376008082
1894,0.42354123824868156,0.4282804764427817,-2.809903518302681e-05,1.8310227949180913e-05,0.4543518541464681,0.5629571552571427,0.0009577950151515302,0.0006246152411996109,0.5270669673491337,0.024034963217665344,0.012668035173482849,0.05323768319534059,0.04247253253523592,0.4445162702342554,0.7340684474960248,0.6015607604597241,0.589969558536381,0.7559636359174705
1895,0.4235436086494994,0.42835285134407447,2.370400817852669e-06,7.237490129274882e-05,0.45522581663460876,0.5636115226929003,0.0008739624881406449,0.0006543674357575302,0.5273322880980865,0.023927859770470763,0.012617933042052503,0.05329768241217155,0.04242395216044013,0.4448375611443462,0.7342725204102706,0.6018221443399543,0.590012851828707,0.7560257831956015
1896,0.4236075582749083,0.42848432890535704,6.394962540889892e-05,0.00013147756128256693,0.4560368966597533,0.5642557678675478,0.0008110800251445172,0.0006442451746475619,0.5274850452861848,0.023842807776704493,0.012576724539844769,0.05335824584413195,0.04241135223243098,0.44516743710573153,0.734460033875019,0.6020653435998351,0.5900166897711555,0.7560974473552062
1897,0.42369062498846005,0.4285883520986716,8.306671355173822e-05,0.00010402319331453969,0.4568278174981658,0.5648005510804169,0.0007909208384125344,0.0005447832128691044,0.5274530083426126,0.02377070747683468,0.012537931169088686,0.053455709396988585,0.04245443837659004,0.44545591384918837,0.7346607897059186,0.6022434521886056,0.5900482678616844,0.7562014778866161
1898,0.42377663250422093,0.42868379073145685,8.60075157608775e-05,9.543863278527187e-05,0.45759391154408363,0.5652872651662707,0.00076609404591782,0.00048671408585376774,0.5274005851032384,0.023824404003231787,0.01256500461104038,0.05347125301056832,0.042393278250084536,0.4455896273278173,0.7349112774786488,0.6023971423315452,0.5900586553565205,0.7565152929238124
1899,0.4238238251503692,0.4287644505914443,4.719264614827523e-05,8.065985998745306e-05,0.4582608225327788,0.5656615744458537,0.0006669109886951463,0.0003743092795830405,0.5271949368275647,0.023885814237545527,0.01259248032803776,0.0534641605566031,0.04230040023159852,0.4456536356592794,0.7351039193814726,0.6024951667771552,0.5900110842467023,0.7567828938578275
1900,0.42392327654181844,0.42893278333316137,9.945139144923454e-05,0.0001683327417170699,0.4588140828760644,0.5659213138820859,0.000553260343285622,0.0002597394362321426,0.5268784608075009,0.023915386839561712,0.012600502207644238,0.053444619791664524,0.04226450534205755,0.44572860944533427,0.735390186435314,0.6025743199622622,0.5899490760095196,0.7571107156716832
1901,0.42401515204060247,0.4291267822939975,9.187549878403312e-05,0.0001939989608361059,0.4592449825158613,0.566011896081727,0.00043089963979692225,9.058219964108716e-05,0.5265714853082125,0.023955117009147882,0.012614081544239026,0.053436418726757126,0.04231952667920377,0.4458175822642139,0.7355726432703765,0.6026366673989388,0.5898888834007635,0.7573488926572953
1902,0.4241198090248318,0.42929519369122754,0.00010465698422934544,0.0001684113972300616,0.4596356877544951,0.5661241299852896,0.0003907052386337706,0.00011223390356263074,0.5263177409178871,0.023777186825799775,0.012514355255537483,0.053641654622040555,0.042605461335107835,0.446069921692584,0.7357035039493202,0.6026825877506268,0.5898173930101736,0.7572699462828805
1903,0.42415260138352434,0.4294040944230297,3.279235869252384e-05,0.00010890073180214177,0.4599251692616892,0.5660471528546026,0.0002894815071941004,-7.697713068699485e-05,0.5262808185629454,0.023592385102453307,0.012416219743571365,0.05388076687469333,0.04287815506385048,0.4463351871389429,0.7357848020755976,0.6027244501495632,0.5897800360334007,0.757107156717485
1904,0.42419439343322085,0.42952994913315307,4.1792049696509626e-05,0.00012585471012338534,0.460172149273818,0.5659928221396359,0.0002469800121288057,-5.43307149667438e-05,0.5262498638323698,0.0234062315609391,0.012317526171773119,0.05408802995284315,0.0430568281967562,0.44659821051773857,0.7357476521703626,0.6027674697605855,0.5897599502905176,0.7568170111539727
1905,0.4242600518918306,0.4295907169243696,6.565845860972974e-05,6.0767791216553846e-05,0.46050222552358544,0.5660204577094692,0.00033007624976744143,2.7635569833317497e-05,0.5263127765903598,0.02319368050825989,0.01220713038765197,0.054278491590140525,0.04323536674248205,0.44676771353993994,0.7357078441617344,0.6028340255622431,0.5897212464044517,0.7564950502972307
1906,0.4243143980711495,0.42963300755383677,5.434617931893149e-05,4.229062946714546e-05,0.46064259790285206,0.5660906045894224,0.00014037237926661783,7.014687995321456e-05,0.5263693688861988,0.023006417136317587,0.012109873268376117,0.054457354578139,0.04326838863311939,0.4468790011976868,0.7356125291196709,0.6028970595493076,0.5897287560822805,0.7561543321399893
1907,0.42430382547802686,0.4296373423233928,-1.0572593122648577e-05,4.334769556024742e-06,0.4607088069536163,0.5661534666861922,6.620905076426542e-05,6.286209676975574e-05,0.5263519691063105,0.022794811237415957,0.011998093780220544,0.054549960793709405,0.04327046929820213,0.44693085016604545,0.7356591992055066,0.6029353605123424,0.5897369118678782,0.7559217898928319
1908,0.4241950942438907,0.42962947034899546,-0.00010873123413618346,-7.871974397333226e-06,0.4607036456208394,0.5661865672837711,-5.161332776948413e-06,3.310059757899442e-05,0.5263055233928636,0.02267373063342118,0.01193330966829154,0.05453751025899955,0.04314534600939971,0.44685363696985964,0.7356663041258261,0.6029355980215405,0.5897683071360578,0.7557730358779239
1909,0.424112887843446,0.42962324068105273,-8.22064004447065e-05,-6.229667942725392e-06,0.4607941568330676,0.566238880677113,9.051121222825032e-05,5.231339334188512e-05,0.5262148360191405,0.022651574562526335,0.011919594593995131,0.054396035205180125,0.0429251066030382,0.4467893779275105,0.735013759179496,0.6029193327796271,0.5898536586958048,0.7551027851923287
1910,0.4241081273286672,0.4296077233207179,-4.7605147787677105e-06,-1.551736033483797e-05,0.46087621029708087,0.566277915201129,8.20534640132431e-05,3.903452401599061e-05,0.5262339201311592,0.022613549557415832,0.011900016831679175,0.054178315756729656,0.042646788305575244,0.4467803136198794,0.7344842425227226,0.6028929175187644,0.5900020515621895,0.7545698474595589
1911,0.42395299505038186,0.4295123858828351,-0.00015513227828534149,-9.533743788281424e-05,0.46153408433886445,0.5665145238745309,0.0006578740417835793,0.00023660867340191682,0.5261458542408534,0.022543129375899636,0.01186097406274479,0.053881050048056545,0.04226205313426806,0.4469394765772406,0.7339932366754547,0.6028360814622283,0.5900772087501321,0.7540563820283148
1912,0.4233933323698463,0.4289865903118842,-0.0005596626805355887,-0.0005257955709508932,0.46228699621431724,0.5669099676548319,0.0007529118754527886,0.0003954437803009858,0.5259998815833996,0.022656438620562235,0.011917284031517298,0.05338540485100261,0.04174828491771645,0.44785166360366074,0.7333250385840352,0.6028432069273817,0.5901518708531569,0.7535909234037665
1913,0.42327484728085146,0.429182109510776,-0.00011848508899481303,0.00019551919889182479,0.4620088043820384,0.5678170594261139,-0.00027819183227884015,0.0009070917712820092,0.5259876189757019,0.023070144011914193,0.012134610118253293,0.052002768246103226,0.040608648507467184,0.4500644004059186,0.7324728497662949,0.6030390621257372,0.5906094689642192,0.7532484688593769
1914,0.42423384387641205,0.4305141759727984,0.0009589965955605906,0.0013320664620223854,0.4625274748075236,0.5694513557776603,0.0005186704254852015,0.0016342963515463271,0.5260488503543882,0.02334558425271142,0.012280917756990351,0.05004774495270799,0.03836094739954926,0.4539352031321055,0.732021379007522,0.6033648442010457,0.5913383105688045,0.7530953144197682
1915,0.4258622140163643,0.43317209829511166,0.001628370139952262,0.0026579223223132664,0.4604628408427641,0.5693129531471489,-0.002064633964759477,-0.00013840263051134727,0.5265653587963002,0.023380224520601147,0.012311216313428398,0.04816257776460359,0.03584071481567889,0.4580160516084037,0.7322092081465814,0.603783198946891,0.5923087928008764,0.7531554388225946
1916,0.42859467592163303,0.436089079254062,0.0027324619052687127,0.0029169809589503215,0.4597654338583958,0.5704218475806919,-0.0006974069843683206,0.0011088944335430062,0.5280570042544035,0.022791729238694266,0.01203533226356239,0.04702876370850097,0.03411666748494007,0.46190335416438283,0.7343787816885549,0.6044242622535398,0.5937524123853649,0.7543322581888906
1917,0.43169427595607296,0.43922108963857454,0.003099600034439931,0.0031320103845125513,0.4587524577535688,0.5709682084839409,-0.0010129761048269792,0.0005463609032489991,0.5306880992730844,0.021960527948471868,0.011654190836007982,0.045553516758782914,0.03164549254438755,0.46536977520237194,0.737110666562267,0.605394746434514,0.5956114324906957,0.7559151529089139
1918,0.43452956008354215,0.442717088443278,0.0028352841274691953,0.0034959988047034707,0.4561677635885281,0.5717623541008104,-0.002584694165040702,0.0007941456168695238,0.5336504482809535,0.02116949626766002,0.011297111173118742,0.04199333413707981,0.02815752925396539,0.4674989540223977,0.7432237893394426,0.6062857456524589,0.5981558895304293,0.7614212543619311
1919,0.43692679971435394,0.44522888603210214,0.002397239630811787,0.0025117975888241384,0.45249789305563587,0.5707259713260322,-0.00366987053289225,-0.001036382774778244,0.536752922309824,0.020566485741672837,0.011039121323486223,0.03816127010849799,0.024270333161715993,0.46903171482756667,0.7483682265966339,0.6071024130937593,0.6012114507497768,0.7664645729421202
1920,0.4395455063679904,0.4481774273586663,0.002618706653636449,0.002948541326564136,0.4474920430912818,0.5678839612911133,-0.005005849964354048,-0.002842010034918907,0.5398797379164811,0.01986960814668314,0.010727198838734471,0.031295447962966065,0.01823572810994831,0.46793339704521003,0.7556786173915615,0.6087571820901665,0.6041498766548195,0.7739008667017884
1921,0.44200461197967383,0.450815612707019,0.002459105611683443,0.002638185348352695,0.4429135173144646,0.5649275942475213,-0.004578525776817222,-0.002956367043592034,0.5425031856222486,0.01932793600967584,0.010485466856752116,0.025018414902606655,0.013171157177719413,0.4671127597086902,0.7628430072213324,0.6104425363434172,0.6068239827540164,0.7810781256636854
1922,0.4441325586019454,0.4536628195743002,0.0021279466222715593,0.002847206867281238,0.4375489759818489,0.5626515475524269,-0.005364541332615713,-0.0022760466950944025,0.5442139052179485,0.018739646551807692,0.010198376232363327,0.01880231114671608,0.009060203193686875,0.4660768874614766,0.7674526572383967,0.6119725175436974,0.6092473817355089,0.7855157768738649
1923,0.4464883871419899,0.45762738611935055,0.0023558285400445134,0.003964566545050341,0.4310501670817713,0.5620730130816158,-0.006498808900077591,-0.0005785344708110207,0.5452392700768789,0.018896333917152643,0.010303023312117276,0.011515215407991311,0.004075677998497115,0.4654882527141036,0.7719631989672959,0.6139985073146478,0.6118743381156001,0.7904780000223247
1924,0.4482219588731994,0.46062816089850656,0.0017335717312094712,0.0030007747791560013,0.4253765095066193,0.5590506670505816,-0.00567365757515198,-0.00302234603103424,0.5472778706460617,0.017760732472511167,0.009720055848670275,0.005273383908999918,0.0010914380098065658,0.46473139849577333,0.7772516661773985,0.6157171892285912,0.6145448602842555,0.7947682606192333
1925,0.44983420115478706,0.46296148516756647,0.0016122422815876836,0.002333324269059911,0.4206757323927636,0.5558632183391534,-0.004700777113855692,-0.0031874487114281758,0.5491688484924405,0.017230982859082606,0.009462719015115376,-0.0009216877651945353,-0.0027515300130963685,0.4637832510702667,0.7827093118409617,0.6176860027088181,0.6170634510829377,0.7998057391135516
1926,0.4512403226703728,0.4649121989422715,0.0014061215155857232,0.0019507137747050152,0.41359986412760974,0.5514515190175046,-0.007075868265153884,-0.004411699321648865,0.5504053708766286,0.0182898282524801,0.01006681970257615,-0.007526764426959076,-0.007665000941096184,0.462224255775592,0.7874762150473327,0.6195410428483213,0.6195687792134514,0.8056956034295302
1927,0.4529765459124891,0.4671560413233502,0.0017362232421163082,0.00224384238107872,0.4060295117753659,0.546561582510533,-0.007570352352243848,-0.0048899365069715595,0.5520763280002132,0.018585909141356022,0.010260840471305429,-0.012155686922829294,-0.012126449379485666,0.4618880331588459,0.7916129065379918,0.6213305032762838,0.6223218367729723,0.8101297645273959
1928,0.4543589065339985,0.46892072718177197,0.0013823606215094264,0.0017646858584217662,0.4004098503811652,0.5427288049728574,-0.00561966139420067,-0.0038327775376756357,0.5530692454446204,0.018203992625706336,0.010068068465578839,-0.015417097563452841,-0.014859990581679888,0.4619700742317701,0.7947022253105342,0.6227464837380734,0.6245598662402702,0.8128214749165287
1929,0.45537753184254653,0.47098092415067805,0.0010186253085480157,0.0020601969689060806,0.3937213515686996,0.5380234764773997,-0.0066884988124656375,-0.0047053284954576835,0.5534715175819191,0.01850357840628602,0.010241203621223152,-0.018117835227422822,-0.017820926838429032,0.46178302862979614,0.7975321692830349,0.6239302996083054,0.6266572114979717,0.8159169837150397
1930,0.4559962378400856,0.4728472673391218,0.0006187059975390485,0.0018663431884437531,0.38722320904951585,0.5327949305674798,-0.006498142519183736,-0.005228545909919835,0.5540661912817859,0.019312888203047655,0.010700618409313549,-0.02129448846566193,-0.020749939928634026,0.46260641147588255,0.8005832594336124,0.625549968341755,0.6291204602634896,0.8197460875837366
1931,0.4568896936831231,0.47453449529213154,0.0008934558430375161,0.00168722795300974,0.3799517640237621,0.5263134106674412,-0.0072714450257537755,-0.006481519900038646,0.5548906131922012,0.019999263549664206,0.01109740361446561,-0.02368979975820658,-0.022994824758523016,0.46288076835368497,0.8029295951978134,0.6265596094069475,0.6309193550461876,0.8227424194156584
1932,0.457995262548243,0.47619370255410104,0.0011055688651199214,0.0016592072619694975,0.37407508519684207,0.5222882837102175,-0.005876678826920001,-0.004025126957223679,0.5553516914526127,0.020304375158862756,0.011276069088362843,-0.025155911659344186,-0.02423129278496786,0.4631324317969972,0.8040165950193915,0.6271672865932357,0.632195985760811,0.8241055069714761
1933,0.4588506884329057,0.4772834025399037,0.0008554258846626972,0.0010896999858026613,0.369855177407206,0.5192865635840762,-0.004219907789636046,-0.003001720126141305,0.5556297796026326,0.02072530244187401,0.01151559522797636,-0.026374836599797565,-0.026089533591524595,0.46277962371989056,0.8044127338452252,0.6274914108204687,0.6329603326710792,0.8249011775687184
1934,0.4591237361367101,0.4779575264416282,0.0002730477038043744,0.0006741239017244993,0.3674607119154791,0.5168465972594318,-0.0023944654917269492,-0.0024399663246443826,0.5559048427693617,0.020799349775235725,0.011562459266507374,-0.027322188866047946,-0.029142099235534995,0.46311366170378976,0.8047407184482942,0.6277082043627726,0.6336801528070898,0.8252903060545891
1935,0.45903026003741004,0.4790576923445337,-9.347609930004941e-05,0.0011001659029055144,0.36684029462930856,0.5135693183207213,-0.000620417286170516,-0.0032772789387105483,0.5560543477278621,0.019950980120857248,0.011093829237634821,-0.02684940789595042,-0.0309448748464336,0.4650549684043838,0.805000657867099,0.6279693588444842,0.6345599641059393,0.8247130709889847
1936,0.45879118192404683,0.47977230125724807,-0.00023907811336321139,0.000714608912714354,0.3657902679716813,0.5095509503406218,-0.0010500266576272677,-0.004018367980099469,0.556048006987625,0.018447668606688623,0.010257789362317386,-0.02543466217654571,-0.0315383253275632,0.46794897663813056,0.8053333554517267,0.6282385948092538,0.6355783627815952,0.8235700047474499
1937,0.4587667769522561,0.4803937305360959,-2.4404971790736862e-05,0.0006214292788478404,0.3642812591188199,0.505097651435683,-0.001509008852861371,-0.0044532989049388405,0.5560037850611458,0.01778498563272139,0.00988851932905119,-0.024292196973966486,-0.03205703440145822,0.47001995481740205,0.8055338071347912,0.628415826811331,0.6363390857110297,0.8231174657929942
1938,0.45863102499899533,0.480833719698622,-0.0001357519532607654,0.00043998916252607767,0.3633752247729864,0.5011584671162603,-0.0009060343458335285,-0.0039391843194226395,0.5558928679329532,0.01748464294639424,0.009719588312254775,-0.023177353312375498,-0.03220220758700153,0.4717701742378154,0.8053009335798037,0.6286298387544567,0.6369515507378408,0.8225958294018466
1939,0.45839139210543195,0.48076647106604076,-0.00023963289356337958,-6.724863258122937e-05,0.3612804238628745,0.49725468880484724,-0.0020948009101118825,-0.0039037783114130864,0.5552456581348405,0.01722871769258,0.009566170694035954,-0.022253281720452774,-0.03209392891341681,0.47289450101346625,0.8053123719887728,0.6288545856981003,0.637366853965,0.822362206614693
1940,0.4581215041218056,0.4807287128121284,-0.00026988798362637123,-3.775825391233445e-05,0.3578520432860527,0.4923720959347562,-0.003428380576821821,-0.004882592870091018,0.5536482568985467,0.016922460324679173,0.009369090661193439,-0.02158701879729069,-0.0318529910635307,0.47346241583909704,0.8060389247230693,0.6288529382312072,0.6375362720838017,0.8228127785981133
1941,0.45791444758810457,0.4807793166998762,-0.00020705653370101107,5.060388774780211e-05,0.35377205497373976,0.48787182477310076,-0.004079988312312932,-0.004500271161655467,0.5514064018642976,0.01663847597949688,0.009174562172359919,-0.02123715462323847,-0.03165965176800538,0.47365783242636306,0.8071528110624469,0.6289115029529708,0.6374134098594844,0.8236613809626441
1942,0.45790303683324823,0.48058043920823684,-1.1410754856333583e-05,-0.00019887749163938206,0.34988904150300537,0.48392292889310246,-0.0038830134707343866,-0.003948895879998304,0.5481939213142689,0.01623691669547914,0.008900979033347831,-0.02047748865873183,-0.03152830078177249,0.4737426521088522,0.8088426287746125,0.628931841564379,0.6370192436828737,0.8249592680226164
1943,0.457644536178267,0.48002914141564434,-0.00025850065498123076,-0.0005512977925924978,0.3449492566419449,0.48032575928424553,-0.004939784861060448,-0.0035971696088569205,0.5449093187090065,0.0155302439478807,0.008462574649024343,-0.019165852644324077,-0.03146061896359742,0.47343914739498266,0.8113340003697384,0.6287858632638618,0.6363460344656,0.8267543589958335
1944,0.4573549391828354,0.4793451984386463,-0.0002895969954316291,-0.000683942976998031,0.33865188838518706,0.47759872971069717,-0.006297368256757863,-0.0027270295735483674,0.5417400067795932,0.014927332493935129,0.00808673320646566,-0.017689365715172527,-0.031322158274675105,0.47284222880814336,0.8136592642527097,0.6285059167402725,0.6354876164868908,0.8284785320215988
1945,0.4572693885550448,0.47859242169551364,-8.555062779058709e-05,-0.0007527767431326771,0.33459645511358,0.4763471120402019,-0.004055433271607067,-0.001251617670495253,0.5384869442189123,0.014345539729657065,0.007724885852194034,-0.016304758981816953,-0.03125767671413621,0.4719950427563329,0.816418057018975,0.6281441021412396,0.6344937743156279,0.8306581142851817
1946,0.45740173985749033,0.47784159163166173,0.0001323513024455436,-0.0007508300638519039,0.33136076560533356,0.4757079983057218,-0.003235689508246431,-0.0006391137344801123,0.5354128319032473,0.01368512139323164,0.007327189600089865,-0.014516186842757446,-0.030809473164939136,0.47134606083445607,0.818833636182353,0.627794945173394,0.6335587773636315,0.8324209216295283
1947,0.4572355771376387,0.4770507229613418,-0.000166162719851648,-0.0007908686703199108,0.3292606551550826,0.47544403559212395,-0.002100110450250936,-0.00026396271359785395,0.5328710723214528,0.01273972479592075,0.0067886308130824915,-0.012027543267940494,-0.029423634301594996,0.4709264997162598,0.8207447479936598,0.6274950265121431,0.6325605655079414,0.8334039615489547
1948,0.45716012035913517,0.4765507130903551,-7.545677850351318e-05,-0.0005000098709866951,0.32870982529891396,0.47588878745481045,-0.0005508298561686664,0.0004447518626864988,0.5307112096174493,0.011889108981646496,0.006309683408923293,-0.009409039683564845,-0.027909848257393885,0.47048789142637765,0.8222440085748227,0.6272651584534976,0.6315885887056274,0.834063310611698
1949,0.45739564322445275,0.47630892744296494,0.00023552286531758337,-0.00024178564739019137,0.3286682864576678,0.47617660427510217,-4.153884124613594e-05,0.00028781682029171973,0.528736099231423,0.011280785956951617,0.005964558763143213,-0.007025647040084286,-0.026540620360760932,0.47010279913775194,0.8230684252662285,0.6269956123113042,0.6306940148149839,0.834288227374189
1950,0.45758801592925946,0.4761591536521857,0.0001923727048067092,-0.00014977379077923958,0.3287957309837643,0.4763121069638299,0.00012744452609647627,0.00013550268872775106,0.5271009607193601,0.010798861457951652,0.005692090249161585,-0.004757700427424464,-0.025426901370593006,0.46972084756634014,0.823539747717999,0.6267031832052142,0.6298253488399819,0.834278830178295
1951,0.4577599498414109,0.4759214422638348,0.00017193391215142295,-0.0002377113883508808,0.32859818509347427,0.47567376530122885,-0.00019754589029002956,-0.0006383416626010718,0.5259906803788946,0.010593574688327808,0.00557212155795818,-0.002834193121352604,-0.024568706786507695,0.4693170575096375,0.8237419979442111,0.6265031854170053,0.6290741458422011,0.8342759545530236
1952,0.4578217741875486,0.4756074038451059,6.18243461377177e-05,-0.00031403841872890137,0.3284976243503236,0.4748861664587112,-0.00010056074315067942,-0.0007875988425176672,0.5253880391747369,0.01074023689967913,0.005642792004994573,-0.0015683562049792336,-0.023822482800939584,0.46857206133675555,0.8240178520943777,0.6263464287076321,0.6282669546114759,0.8346943898625238
1953,0.4578422053140754,0.47521787395931675,2.0431126526776477e-05,-0.0003895298857891638,0.32849192640497493,0.4743513287078966,-5.697945348659417e-06,-0.0005348377508145874,0.5250273554692001,0.010979005009868032,0.0057642779660141115,-0.00047036386144379586,-0.02327303372622146,0.46776125611772407,0.8235744642765463,0.6262176767878789,0.6275343690819103,0.8344889630488073
1954,0.45783584611293265,0.4748297110490487,-6.359201142724924e-06,-0.00038816291026805283,0.328542514924776,0.47413189267391703,5.058851980105361e-05,-0.0002194360339795587,0.5247360435447663,0.010827373059997307,0.005681512901486177,0.00035564245106200137,-0.0228879793054198,0.4667711319772748,0.8235949085747384,0.6261215497452094,0.6268640415106794,0.8343591931416686
1955,0.45779021007740767,0.47446683104229187,-4.5636035524987406e-05,-0.0003628800067568272,0.3288429424594223,0.4740353291189938,0.0003004275346463192,-9.656355492321245e-05,0.524231333396482,0.010754464933553793,0.005637827492082613,0.0008788798790264477,-0.022687646122897,0.4658404958811206,0.823668839812167,0.6260338054070136,0.6262602274791412,0.8343633055871302
1956,0.45752863964740836,0.47414748530588624,-0.0002615704299993027,-0.0003193457364056296,0.3293112377856584,0.47404887318953687,0.00046829532623610115,1.3544070543047848e-05,0.5238579871777895,0.010970337403451717,0.005746898870833434,0.0010164911173111402,-0.02281972660482326,0.4647818565836457,0.8235645959934094,0.6259035993688387,0.6257713795340936,0.834473273475537
1957,0.45724429046310344,0.4737890937828391,-0.00028434918430492173,-0.0003583915230471191,0.32995453674445985,0.474100243984633,0.0006432989588014415,5.137079509615061e-05,0.5234450631883331,0.011165464269646558,0.005844507150152218,0.0010924401726818702,-0.023088755117346656,0.46394302264415477,0.8234737973321543,0.625693311441727,0.6254218099802935,0.8345787141320594
1958,0.4567506198369769,0.47335236224694877,-0.0004936706261265411,-0.0004367315358903556,0.33081810540791573,0.4746980269076896,0.0008635686634558826,0.0005977829230565668,0.5232005569552357,0.011075499565513373,0.005794707541234068,0.0014933802021931551,-0.023196554982252003,0.463330970012218,0.8240538119092506,0.6254203211540857,0.6251618323414005,0.8350776532348755
1959,0.45637486220517703,0.4729807131051834,-0.00037575763179986676,-0.00037164914176535113,0.3316704680594087,0.4753355525045347,0.0008523626514929661,0.000637525596845101,0.5231506086799322,0.010952307212537314,0.005729706184688508,0.0018886314614919633,-0.023389535840152288,0.4630200679469883,0.8249554240157299,0.625272489390967,0.6250204315492673,0.8358677684255591
1960,0.45607878488812403,0.4726686107011427,-0.00029607731705300067,-0.0003121024040407261,0.3327651414669753,0.4762020523039085,0.001094673407566582,0.0008664997993738099,0.523196480895553,0.010837582229401316,0.005670184883838951,0.0022115017961610445,-0.023641125193368393,0.46293341346108324,0.825762345915674,0.6252258899587,0.6250120254562774,0.8365669609999784
1961,0.455895464253543,0.4724342249802262,-0.0001833206345810412,-0.0002343857209164968,0.33458243369405205,0.4774534624673474,0.0018172922270767722,0.001251410163438882,0.5233026235396426,0.010707026031862098,0.005603014812780685,0.0024954218037416325,-0.02377206361925387,0.4632042750384043,0.8266061213202595,0.6253844637120731,0.6252002311597511,0.8372817017594294
1962,0.45585288506828636,0.4722472971440965,-4.25791852566304e-05,-0.0001869278361296689,0.3371543629905268,0.47945725978046044,0.002571929296474762,0.002003797313113065,0.5233709949433571,0.010576476222243152,0.005535420883430158,0.002748080897423295,-0.023943082424748692,0.4640455869484623,0.8274859180479054,0.625653195349726,0.625750704467363,0.8380273206626487
1963,0.4558589399402423,0.47190639044577193,6.054871955929464e-06,-0.0003409066983245945,0.3401209029276303,0.4814402596588838,0.002966539937103496,0.001982999878423375,0.5234989644992575,0.010411884084306084,0.005450610536620535,0.003373870968491191,-0.023676262486259106,0.46513481877128576,0.8284279086538445,0.6259015250335224,0.6263070578204815,0.838796945791738
1964,0.45564600429802277,0.47125145276016334,-0.000212935642219525,-0.000654937685608592,0.3440792035754256,0.4845506638843862,0.0039583006477952876,0.0031104042255024056,0.5241427818275014,0.010236838497671286,0.005365565007288288,0.004682632967846466,-0.02308867534785682,0.46635910762406735,0.8286269888026421,0.6261631529191011,0.6268439752873706,0.8388085783285434
1965,0.455751683445105,0.47083281695414836,0.00010567914708226045,-0.0004186358060149775,0.34820577578864154,0.48824226060108533,0.00412657221321594,0.003691596716699108,0.526693149733012,0.010210567426492338,0.005377835918420544,0.006098222039959034,-0.02197400046098196,0.46796857163509314,0.8288228874622504,0.6262548456843868,0.6282938222508001,0.838934727630825
1966,0.4561366057878441,0.47064085116586113,0.0003849223427390691,-0.00019196578828722943,0.3543920933205181,0.49425482936751947,0.0061863175318765395,0.006012568766434134,0.5315718709715047,0.010798619460024462,0.005740242350274503,0.00873318748970659,-0.020245375567684534,0.46972273734761466,0.8275863922537761,0.6261491437022934,0.6296757773251913,0.8382127536170112
1967,0.4560394157874961,0.4704965166615083,-9.719000034796865e-05,-0.00014433450435280548,0.36336809396520875,0.503197818923059,0.008976000644690674,0.008942989555539571,0.5358259242781593,0.011539087076505283,0.006182941998094607,0.012601659272060656,-0.01613353356183997,0.4700507972712534,0.822491404872796,0.624733565752476,0.6293889416732054,0.8338077573863574
1968,0.4555536478020989,0.470850853452596,-0.0004857679853972341,0.0003543367910876505,0.37439960763858515,0.5109146024050324,0.011031513673376403,0.007716783481973355,0.5388569273313171,0.012574577102406068,0.00677589797989327,0.017145742038992096,-0.009898316972902983,0.4696218865884357,0.8136821506491134,0.6225848060597381,0.628112286192324,0.8259944708705484
1969,0.4538508617820638,0.4703368973596174,-0.0017027860200350964,-0.0005139560929785514,0.3836983374918571,0.5185304332924126,0.009298729853271959,0.0076158308873801595,0.5406627601844747,0.013862629731737242,0.007495007654176421,0.021133129762467246,-0.004870777621689348,0.4677510121675955,0.8035723057768761,0.620524103963447,0.626208716704454,0.8171022906027468
1970,0.45197748613048144,0.4693513019170525,-0.001873375651582354,-0.000985595442564935,0.3924921714055931,0.5254720769790056,0.008793833913736004,0.006941643686593002,0.5418528285427731,0.015006516312558886,0.008131323310533296,0.023900053028437347,-0.0020386088576187567,0.4663476211059641,0.7934373400069952,0.6185094874962129,0.6249721733912825,0.8080436191197515
1971,0.4503069608691237,0.4684301531842976,-0.001670525261357747,-0.0009211487327548951,0.4003506081765484,0.5318067121742659,0.007858436770955268,0.006334635195260341,0.5433492658311733,0.01568593365247693,0.008522940533949834,0.027229329360482505,0.0015829690096618673,0.467027472384252,0.7836030077577275,0.6173427760354796,0.6243049215447612,0.7987537363739421
1972,0.44866381805681665,0.4674411328448811,-0.0016431428123070413,-0.000989020339416502,0.40647010143205653,0.5371181477996569,0.006119493255508146,0.005311435625391048,0.5443122693972188,0.01640091731204577,0.008927220522315765,0.03048318626470554,0.005941284605279796,0.4684803934740739,0.7741921987804271,0.6163838499585013,0.6237711418944588,0.7899682942808022
1973,0.44748842364339003,0.4664250479728276,-0.0011753944134266225,-0.0010160848720535132,0.4096946370780117,0.5409449291448055,0.003224535645955151,0.0038267813451485777,0.5453154187365336,0.017192236877477642,0.009375191851859395,0.033075320407937335,0.009118183527260824,0.4693931448200663,0.7664965141609239,0.6158781655484465,0.6228605226810985,0.7830558374159277
1974,0.4466973574020694,0.46567860949095174,-0.0007910662413206371,-0.000746438481875833,0.41212194756452797,0.5443766472775022,0.0024273104865162876,0.003431718132696715,0.5464762103603042,0.01761266377331776,0.009624901753192907,0.03569319851196606,0.010783791360841545,0.4690888761248302,0.7616811123603182,0.6159511470825243,0.6212422766952205,0.778661804974093
1975,0.4459582604391504,0.46504170212365137,-0.0007390969629190169,-0.0006369073673003767,0.41239046174710225,0.545280139792393,0.0002685141825742865,0.0009034925148907469,0.5477880303350208,0.017518346899458127,0.009596340742779786,0.03753010975256912,0.012664876584046697,0.4676727580054393,0.7579053131886027,0.616381395688735,0.6191283978359291,0.7747618250299098
1976,0.44474332708799985,0.4642706966876444,-0.0012149333511505267,-0.000771005436006944,0.41298745840549567,0.5458837326714912,0.0005969966583934116,0.0006035928790981693,0.5483201231707567,0.016769213550516686,0.009194897239496033,0.03923690803631224,0.015537307204229817,0.4665451468382388,0.7534989986330464,0.6167233649766953,0.6167799160106001,0.769462955951755
1977,0.4443778301321425,0.4634566560500995,-0.0003654969558573584,-0.0008140406375449216,0.4119513803127714,0.5438475753749449,-0.0010360780927242685,-0.0020361572965462704,0.5481776166986005,0.01623905595962146,0.008901886993380499,0.040962655690814455,0.01859320874327869,0.46515536658613815,0.7499742348700152,0.6165325058777356,0.6142796866156985,0.7652495729574477
1978,0.4454341675242237,0.4638159404676585,0.0010563373920812191,0.00035928441755900264,0.39192893847513,0.5194987431920922,-0.020022441837641403,-0.024348832182852664,0.5463845990552091,0.016309516344827392,0.008911268548852894,0.04183970467392657,0.021787502481076866,0.46142797491293364,0.7453876516035263,0.6140014619703557,0.6103701666742515,0.7607128700388085
1979,0.4461636596953788,0.46443263205155294,0.0007294921711550884,0.0006166915838944353,0.3651876004552614,0.4952396965982742,-0.02674133801986861,-0.024259046593818,0.5442083763241475,0.016933795316393344,0.009215513254139876,0.042119348178912684,0.02415603249207462,0.45706621630640804,0.7404327577516818,0.6109904474235899,0.6064778804474658,0.7564863260393727
1980,0.44574729498399457,0.46416210891400234,-0.0004163647113842317,-0.00027052313755060453,0.3463538063602804,0.4790237402312814,-0.018833794094980982,-0.0162159563669928,0.5424391587697519,0.017788792493727272,0.009649337635827098,0.041997527055746664,0.025424124235872758,0.4529999311782767,0.7363083741278246,0.6084506680119363,0.603279376048648,0.7533917187009563
1981,0.44506585690769257,0.4633987459759819,-0.0006814380763019989,-0.0007633629380204288,0.33161013093913144,0.46726018881622233,-0.01474367542114896,-0.011763551415059081,0.5408023941663608,0.018442625967221772,0.00997381627778823,0.04203571348031714,0.02605155691662225,0.4492084294573133,0.7330628520184994,0.6063704520782227,0.6005851937940093,0.7509456069602721
1982,0.4442937317943357,0.46297247170578226,-0.0007721251133568918,-0.0004262742701996447,0.32565271637692556,0.46123957740146576,-0.005957414562205887,-0.0060206114147565715,0.5397396639779273,0.018940156222538973,0.010222753555242634,0.0421198958850032,0.026314592519864826,0.4470372209901744,0.731387412717465,0.605789455029215,0.5992323585697601,0.749862262948126
1983,0.4446124529848725,0.46219129985132956,0.00031872119053683035,-0.0007811718544527002,0.32812696738441566,0.46569850115410033,0.0024742510074901025,0.004458923752634569,0.5392969350291837,0.01965711785373464,0.010601023410026538,0.043546210865644364,0.027028730985457838,0.4464067367744847,0.7297504953855626,0.6062466827353019,0.5987906155053507,0.7490119747816187
1984,0.4418763621726381,0.46143104140563423,-0.002736090812234415,-0.0007602584456953276,0.3426959013436275,0.4726602528372029,0.014568933959211827,0.0069617516831025905,0.5398580505301733,0.020710829787609634,0.011180908194001181,0.04410543299576096,0.027388905979127732,0.4456141627954131,0.7290731169662931,0.6067125843542789,0.598717388056784,0.7494733125244301
1985,0.43784961013434254,0.4602973858564094,-0.004026752038295556,-0.0011336555492248435,0.3618084321677373,0.4811701679760518,0.019112530824109797,0.008509915138848856,0.5406467627461722,0.02119333482340999,0.01145810786407233,0.04442221266185753,0.028320266667753228,0.44485478820087204,0.7294165465360244,0.6065406504860619,0.5990466962268299,0.7503252014203989
1986,0.43452991643317457,0.459059304085692,-0.0033196937011679695,-0.0012380817707173808,0.3789305424739912,0.4900891162881551,0.017122110306253935,0.008918948312103325,0.5417285953743082,0.021117057373867446,0.011439713829583888,0.04461313120083886,0.029662219987139006,0.44456284047064537,0.7306837613146885,0.6069932052598649,0.5992658409845525,0.7515166357087072
1987,0.4315448746975632,0.45735419791985266,-0.002985041735611371,-0.001705106165839354,0.39185190180244023,0.4985088835962731,0.012921359328449011,0.008419767308117998,0.5422886609651095,0.021061174685046313,0.011421236218306027,0.04456459484484922,0.0306547220939324,0.4442046941316506,0.7313823759943422,0.60746226829785,0.5987014083958636,0.7521644029979963
1988,0.4289022520227569,0.45554727074177265,-0.0026426226748063053,-0.001806927178080009,0.40163785414625663,0.5063677532206926,0.009785952343816406,0.007858869624419507,0.5425013110784835,0.02094265014323137,0.011361415160161011,0.04453305577532442,0.03103124415758692,0.4436643282757515,0.7318086283731909,0.6078046399064039,0.5978047640815356,0.7524697626503829
1989,0.4268527730642273,0.4539364685315822,-0.0020494789585295825,-0.001610802210190443,0.40973042361369894,0.5136285306770969,0.008092569467442301,0.007260777456404299,0.5431476095654042,0.020848186778223022,0.0113236428123649,0.04441182947578171,0.031091587126077912,0.4430895177921703,0.7324477127089449,0.6084133240917612,0.5971157298926607,0.7530149561201124
1990,0.4253350579672327,0.4524943749857445,-0.0015177150969946096,-0.001442093545837686,0.41725795214811795,0.5200543506900053,0.007527528534419015,0.006425820012908368,0.5435529537897749,0.020611866641635144,0.011203640996181709,0.04398224664752935,0.030986644339055052,0.44255726415273416,0.733449177736016,0.6088013613233209,0.5966335244562269,0.7537678923196741
1991,0.4241439459870489,0.45126240399804396,-0.00119111198018379,-0.0012319709877005591,0.4239330079264845,0.5259797801513165,0.006675055778366523,0.005925429461311249,0.5433034858820607,0.019957509856097632,0.010842984674343427,0.043580998634048726,0.031237788738583572,0.44269212120325396,0.7343662702706868,0.6091822247915631,0.5962670440240466,0.7539821952475411
1992,0.42296905034541527,0.4499252217544912,-0.0011748956416336442,-0.0013371822435527814,0.42958560262291645,0.5309530039750102,0.005652594696431978,0.004973223823693695,0.5430134308732217,0.019061360275437304,0.010350574640275749,0.042961266127977855,0.03134251815976117,0.4429956836299161,0.7354279492501244,0.6092728905283838,0.5958753686897457,0.7540611197874315
1993,0.42189389501400404,0.4485012641971714,-0.001075155331411226,-0.0014239575573197771,0.4342005246538811,0.5351009018062782,0.004614922030964641,0.00414789783126801,0.5421382760661809,0.01808914580892953,0.009806818324362837,0.042559666636852574,0.031390027405219206,0.4435419336011596,0.7363372793748083,0.6091916715587257,0.5955783591549791,0.7538670515882856
1994,0.42102733540916215,0.4471296520924848,-0.0008665596048418878,-0.0013716121046866148,0.4379146593383487,0.538779452090451,0.0037141346844676293,0.0036785502841727435,0.5411243070262277,0.017203344685454085,0.00930914797144968,0.04231805473203795,0.031338296122852105,0.4440865152878453,0.7372256465346363,0.6090181371351484,0.5952826128417497,0.7537093549036631
1995,0.42024282209553293,0.44554165972399806,-0.0007845133136292204,-0.0015879923684867236,0.4409680125441753,0.5420669667484943,0.003053353205826559,0.0032875146580433334,0.5402751834071208,0.016426452937452363,0.008874804873510514,0.04226469596555069,0.03105550161856398,0.44449444953735706,0.7376872364376824,0.6086515605383185,0.5950202496257018,0.7532110751173957
1996,0.41979322546530023,0.44403142875758245,-0.0004495966302326959,-0.0015102309664156155,0.4433678869588793,0.5456529186602848,0.0023998744147040174,0.0035859519117904526,0.5396517909712363,0.01579672740835271,0.008524732237401956,0.04228463903511283,0.030391841585527737,0.44482402390384906,0.737969831588739,0.6082051478057403,0.5948927009729325,0.7526774183282715
1997,0.4195711488828205,0.4427066247575186,-0.0002220765824797466,-0.0013248040000638506,0.44505636900187784,0.5486710746128439,0.0016884820429985403,0.003018155952559165,0.5392630079577331,0.015295919935318805,0.008248523793800673,0.04251453665104307,0.03000469235039636,0.4451938856802781,0.7383350600691807,0.6078998244911727,0.5948825844822513,0.7523520151728064
1998,0.419445690013167,0.44166135930043815,-0.00012545886965348307,-0.0010452654570804465,0.44644894764818427,0.5512231690576906,0.0013925786463064305,0.0025520944448467198,0.5388678204684393,0.015010441617784415,0.008088643958844241,0.04271727564035091,0.029746943746573416,0.4456137219453837,0.7387291542034432,0.6076970265630717,0.5949415525362488,0.7522568464711173
1999,0.4195791305119696,0.4408783783394322,0.000133440498802595,-0.0007829809610059302,0.4473304973443668,0.5533547915114737,0.0008815496961825375,0.0021316224537830664,0.5385037513760371,0.014954632667975745,0.008053125792155573,0.042749819948111965,0.029372469581260354,0.4459581081259195,0.7389752887487963,0.6076218280247232,0.5950004754502691,0.7523025647979867
2000,0.4197739387202808,0.44025630610207844,0.0001948082083111924,-0.0006220722373537768,0.4482586079536645,0.5555254280964826,0.0009281106092977054,0.0021706365850089337,0.5381082558700965,0.015070121312932599,0.00810935669545293,0.04267584288269219,0.028928266903094222,0.4462729386241887,0.7391773511266825,0.607577315074036,0.5951136157892588,0.7525388974324287
2001,0.41998995140532264,0.4399928092717131,0.00021601268504184423,-0.00026349683036536176,0.44882693076798486,0.5573394762471265,0.0005683228143203434,0.0018140481506438988,0.5377417492805435,0.015203472988968106,0.008175542160227202,0.042583921620385476,0.028624950188292163,0.4465902563264372,0.7392845367017242,0.6075044827478597,0.595343840308624,0.7527024342622761
2002,0.42027096248501083,0.43978201963642294,0.00028101107968819816,-0.00021078963529014283,0.44940583855501276,0.5590994064194834,0.0005789077870279047,0.0017599301723568717,0.5376311326227247,0.015309750009939229,0.008230998238014398,0.04253763286142476,0.02841108619880072,0.44696624103510213,0.7395685227031246,0.607486181441659,0.5957309840881533,0.7530161842917974
2003,0.42055794008967323,0.43950516111522664,0.0002869776046623973,-0.0002768585211962993,0.4497305792503681,0.5608335915502798,0.0003247406953553189,0.001734185130796373,0.5376399801248049,0.015276480826451952,0.00821324684791059,0.04277967701808627,0.02857440397485572,0.44760633732389876,0.7399588658717434,0.6075765356638033,0.5961491484397186,0.7532531689141106
2004,0.42080072911178806,0.43917171733450217,0.000242789022114831,-0.0003334437807244739,0.4499290342221236,0.5624198678962864,0.00019845497175552396,0.0015862763460066098,0.5376566459672703,0.01516562957048035,0.008153901528846519,0.0431572647177129,0.028786422481026863,0.44834740595902073,0.7403673113244755,0.6076279228893237,0.5965354651726942,0.7533998005411117
2005,0.42095501273640396,0.43849062809449896,0.00015428362461589185,-0.0006810892400032076,0.450038266079085,0.5639660815255187,0.00010923185696137816,0.0015462136292323514,0.5376764962265498,0.015188863379516932,0.008166694843562416,0.04331968842487103,0.02885822675858239,0.4488191549229844,0.7405365796673821,0.6075531640825085,0.5968652026716968,0.75351488147428
2006,0.4210573291336549,0.437823958532177,0.00010231639725094555,-0.0006666695623219754,0.45007163271797107,0.5654928221173087,3.336663888608982e-05,0.0015267405917899213,0.5376917211282106,0.015258184964422342,0.008204199734812834,0.04324254042997031,0.028471446771079576,0.4490658901153999,0.7403821729323183,0.6073512824405932,0.5971075837908737,0.7533557642304956
2007,0.42110611589574404,0.4371755166106574,4.8786762089136904e-05,-0.0006484419215195825,0.4499925040776265,0.5668623745751631,-7.912864034459455e-05,0.0013695524578544171,0.537666583219035,0.015201530425819265,0.008173354923750447,0.04322856971951008,0.0281014928045042,0.4494697742387476,0.7405193694098862,0.6072106553960298,0.5972934495199431,0.7533003271689734
2008,0.4209757408713175,0.4365536651085942,-0.00013037502442653226,-0.0006218515020631754,0.4498381077286898,0.5682565148106724,-0.00015439634893665843,0.0013941402355093224,0.5375179335124424,0.015264517583344435,0.00820495194746364,0.04311438509243165,0.0276577731373509,0.44988186610499004,0.7404665264283319,0.6070077372830541,0.5974313012897974,0.7532281507878552
2009,0.42094678229226296,0.43614084112147705,-2.8958579054549904e-05,-0.0004128239871171724,0.44882800143149926,0.5694627273871523,-0.0010101062971905606,0.0012062125764799037,0.5375028874403666,0.015361946969019795,0.008257090852553927,0.042993051152433494,0.02723831276787054,0.4503492195655012,0.7404141398472355,0.6069742887404843,0.5976793382931359,0.753210528710477
2010,0.42273050877773716,0.43693969748945477,0.0017837264854742019,0.0007988563679777183,0.4379869803762663,0.562437507924683,-0.010841021055232936,-0.007025219462469368,0.5375276204818227,0.015536247129572219,0.008351161950776502,0.042912635840300334,0.026603647972119546,0.45070824859477626,0.7403437826311166,0.6070604735146077,0.5979219229623942,0.7533155078921839
2011,0.4256837251377933,0.43883044375741037,0.0029532163600561323,0.0018907462679556009,0.4125365231365608,0.5393329186677056,-0.025450457239705515,-0.023104589256977337,0.5370691833175241,0.01570193669972138,0.00843302631982282,0.04228963466922717,0.025982221617659774,0.450432299732379,0.7393722212768546,0.6062784122859113,0.5975855541202855,0.7525393661860694
2012,0.4284658749990699,0.4409045361178912,0.002782149861276617,0.0020740923604808392,0.3834695442525675,0.5123549326475576,-0.02906697888399329,-0.026977986020148004,0.536118205334863,0.01582283686646074,0.008482910904153238,0.041546466852394805,0.025528877935130808,0.44955522631624667,0.7376759485100136,0.6046383518461156,0.5967688356017853,0.750999654221505
2013,0.4311390881496701,0.44300396513670387,0.0026732131506002066,0.0020994290188126596,0.3585946545044861,0.49179177406392743,-0.02487488974808144,-0.02056315858363017,0.5354895175016553,0.015916562364535713,0.008523152300870234,0.040947575702271935,0.025167296415510264,0.44890497039638394,0.7361868402035715,0.6033269700796586,0.5962371400964736,0.7496364192593032
2014,0.4337613514711326,0.44555592775412783,0.0026222633214624813,0.002551962617423964,0.3410361195444169,0.4782486535100505,-0.01755853496006915,-0.013543120553876908,0.5362569224020928,0.01614575146756911,0.008658270991867683,0.04051843968642927,0.02499152832477265,0.44938239044787126,0.7363634949730271,0.6034679852301067,0.5969042768461704,0.7499725792368017
2015,0.43567027122343427,0.4478934084669846,0.0019089197523016743,0.0023374807128567765,0.329260604454933,0.4731605865365808,-0.011775515089483934,-0.0050880669734697515,0.5374403063646906,0.0163758961031663,0.00880106661868204,0.0401884946612299,0.024849975734580587,0.4501581055023431,0.737015948166464,0.6041319325627712,0.597894839255903,0.750789788433592
2016,0.4372348859503464,0.4497939596462946,0.0015646147269121058,0.0019005511793099839,0.32701947275978066,0.47548762219029866,-0.002241131695152332,0.0023270356537178905,0.538580940228082,0.016593849671236637,0.008937131157938077,0.04005462386127689,0.024636989457452768,0.45127562906958396,0.7379744378617926,0.6050239977336044,0.5990679631718426,0.7518967064723251
2017,0.4382638825516169,0.4510205987449678,0.0010289966012705376,0.00122663909867321,0.3289844121997085,0.48172706706922636,0.0019649394399278153,0.006239444878927691,0.5395633448919017,0.01670180387180524,0.00901168116279975,0.0402624314118297,0.024270918147353764,0.45240324998723797,0.7388879624917748,0.6059058294837475,0.6000445489847046,0.7528145368720628
2018,0.43886801199193315,0.45133702756294447,0.0006041294403162367,0.0003164288179766661,0.3353009044316117,0.4905869656152586,0.006316492231903226,0.008859898546032252,0.540648996495015,0.016718716177711212,0.009038957124164538,0.04058040975537191,0.023882610935909765,0.45362326846188317,0.739569253040956,0.606485494542316,0.6009512964802812,0.7533699411131108
2019,0.4391840802167719,0.4511438157617206,0.0003160682248387614,-0.00019321180122389148,0.3439559517393426,0.5008775156080101,0.008655047307730923,0.010290549992751474,0.5414591493047399,0.016632887352213344,0.009006029036211005,0.04139482212465791,0.023537271046940388,0.45500604608558803,0.7402940494076997,0.6068952244974394,0.6017683324197253,0.7538300573710479
2020,0.4390526400315302,0.45021021962151114,-0.00013144018524169354,-0.0009335961402094362,0.3540466778314126,0.5112291533012212,0.010090726092069957,0.010351637693211124,0.5415874489471479,0.016539570112165933,0.00895762358373044,0.04230514159293976,0.023199891782313797,0.4560802192271843,0.740512686024925,0.6068070913155152,0.6022660455437714,0.7537742935809102
2021,0.438579122921673,0.44906948321628326,-0.0004735171098572133,-0.0011407364052278823,0.36496159993245536,0.5209930720822142,0.010914922101042779,0.00976391878099303,0.5410629465832341,0.016463554927046122,0.008907819540062496,0.04316962462072243,0.02292135190998975,0.45694489620935785,0.7404796665793304,0.6065293907954106,0.6025612748071126,0.7534965791231409
2022,0.4380159118296147,0.44777159752517426,-0.0005632110920583133,-0.001297885691109002,0.3758915609763495,0.5306066636025254,0.010929961043894154,0.00961359152031116,0.5406133020056799,0.01641102522535645,0.008872018536378458,0.044035804500907855,0.022610018569297383,0.4577760023120996,0.7405331551697688,0.6062894473454302,0.6028531959755826,0.7533458250392501
2023,0.43713331103098924,0.4464416848793392,-0.0008826007986254547,-0.0013299126458350408,0.386166359847068,0.5386555194334282,0.010274798870718471,0.008048855830902757,0.5402230037697069,0.016343457317347546,0.008829111603959487,0.04477901673689197,0.02232756645894576,0.4583631909128057,0.7401444383269327,0.605947414240685,0.603043695853417,0.7527977372791549
2024,0.4360484671478595,0.44511260161632016,-0.001084843883129738,-0.0013290832630190597,0.3961737295545536,0.5459201774410499,0.010007369707485614,0.0072646580076217715,0.5396769724026215,0.016293165985860107,0.008793046490102355,0.04539616525136746,0.022162866388310477,0.4588384146183537,0.7397397786721179,0.6056984997230571,0.6030884853021866,0.7522763672364765
2025,0.43483416764121213,0.44357804628557884,-0.001214299506647365,-0.0015345553307413162,0.4059321067211256,0.5524092646606237,0.009758377166572019,0.0064890872195737526,0.5396738737505142,0.016295968509950035,0.00879450845228113,0.04585621595994883,0.022069817513498197,0.45922642062505226,0.7392512567512957,0.6054918621903596,0.603128722878551,0.751773388317011
2026,0.4335877276598135,0.44195527634482396,-0.0012464399813986171,-0.0016227699407548868,0.41539029046930265,0.5581722422192888,0.00945818374817703,0.005762977558665172,0.5394878078943011,0.016358129681543467,0.008825011523146586,0.04607600048731246,0.021957604349949547,0.4592900124276638,0.7387216378121041,0.6052144907038054,0.6031178839625766,0.7513396050229245
2027,0.4324135003103748,0.4405469709755078,-0.0011742273494387279,-0.0014083053693161318,0.42428373630958593,0.562785097409399,0.008893445840283287,0.004612855190110121,0.5392497363724716,0.01651268868437103,0.008904463019847774,0.04596005571453388,0.021830973053117424,0.45902895216712547,0.7381009911635898,0.604969124374101,0.6030430096429389,0.7510399392821001
2028,0.4312674571554596,0.4394645439414252,-0.0011460431549151773,-0.0010824270340826225,0.43220105816962573,0.5667116708672301,0.007917321860039794,0.003926573457831095,0.5388997896994937,0.016681313706733564,0.00898955644847,0.0456867775977062,0.021687279825087634,0.45884558206090464,0.7374682825624226,0.6048328217104035,0.6028396548619649,0.7507407162480079
2029,0.43043367805091176,0.4387918970145449,-0.0008337791045478493,-0.0006726469268802937,0.4389158475820689,0.5698983458465868,0.0067147894124431895,0.003186674979356763,0.5386601629378067,0.016820851010920707,0.009060722346295118,0.045306859240373476,0.02148554352490199,0.45863637361652254,0.7369190237174891,0.604705593077388,0.6027737669777302,0.7504968106850893
2030,0.42977814404213327,0.4383451644311065,-0.0006555340087784911,-0.00044673258343841393,0.44455355363990173,0.5724621817362603,0.005637706057832814,0.0025638358896734603,0.5385562717359843,0.016907278026527882,0.009105520619170587,0.044911696413215345,0.021370549863066954,0.4584859484115622,0.7364526507902718,0.6046104488131946,0.6027437622912852,0.7502265846573131
2031,0.42922353304882155,0.43801873241360695,-0.0005546109933117216,-0.000326432017499545,0.44919684430898915,0.5744573667072562,0.004643290669087419,0.0019951849709959335,0.5384245312884978,0.016735004758159026,0.009010537093022554,0.04491391403553982,0.021762243092235716,0.4588321117761329,0.7368586914857775,0.6045553583730304,0.6026135577550892,0.7504497259601177
2032,0.42866937031446023,0.43767169626360064,-0.0005541627343613187,-0.00034703615000630794,0.45278569169152905,0.5760493519586901,0.0035888473825398948,0.0015919852514338917,0.5377993399517547,0.01688518806746181,0.009080842997642205,0.044213369392198686,0.022004498825691075,0.45941218541449086,0.7369617487410302,0.604441510205454,0.6023727549305182,0.7508698731191862
2033,0.42822067395754226,0.4374236034150542,-0.00044869635691796583,-0.0002480928485464329,0.4558623138686049,0.5772570461247027,0.0030766221770758273,0.0012076941660126295,0.536832188263543,0.01693290388460275,0.009090127846027541,0.04364573848252007,0.022734973893876957,0.460756203841455,0.7370907968192926,0.6044804048208791,0.6020237446447855,0.7511323773754819
2034,0.4278953004042601,0.4372837343158823,-0.00032537355328216,-0.0001398690991719076,0.45843355123687934,0.5781381578674692,0.0025712373682744705,0.000881111742766505,0.535763409930109,0.017029645961752573,0.009123861190371068,0.042892619843292644,0.023436555390664242,0.46243830129467395,0.7372660605883915,0.6047621367642478,0.6016166449599418,0.7514978434185243
2035,0.42772173463019303,0.437243347088791,-0.00017356577406707485,-4.038722709132081e-05,0.4605372174891804,0.57876723280915,0.002103666252301073,0.0006290749416807406,0.5340805489074703,0.016936066642399408,0.009045223768706173,0.04258713577416107,0.02447977455253703,0.4648180507139331,0.7374449895270127,0.6050936604600902,0.6012148999288668,0.7515525548524521
2036,0.4277731279370424,0.43725143608318995,5.139330684938992e-05,8.088994398969263e-06,0.462217641131645,0.5792249861624067,0.001680423642464568,0.00045775335325670685,0.5321206328640565,0.016740192385317456,0.008907801766341185,0.04274380470140642,0.025920750379410534,0.4675384022801602,0.7376121392448735,0.6053589383390608,0.6009074295615607,0.7514169601668679
2037,0.42795381176295605,0.437173882584911,0.00018068382591363008,-7.75534982789261e-05,0.46358827983225365,0.5794306314213684,0.0013706387006086618,0.00020564525896171748,0.5288436183309382,0.01658516237632255,0.008770957281700558,0.043346565601397054,0.027648121968798157,0.4705936139042083,0.7372467750990881,0.605387146129985,0.6005854512556725,0.7508035358215613
2038,0.4283490323999206,0.4371498676738286,0.0003952206369645661,-2.4014911082448354e-05,0.46483806327508587,0.5795462624494692,0.0012497834428322196,0.00011563102810074888,0.5230078208907031,0.016483698315925454,0.008621103136431925,0.044415882245244204,0.02944585840896846,0.4741422082340593,0.7361443336618174,0.6051775805069133,0.6001100141952243,0.7495393415767683
2039,0.42883586126091655,0.4371551022091505,0.0004868288609959359,5.234535321918532e-06,0.4660389559806747,0.5797066421882883,0.0012008927055888186,0.00016037973881910528,0.5155152173608063,0.016368404329208636,0.008438161515621552,0.04615930946775452,0.03141347088418275,0.4788170294943015,0.7348604566541417,0.604822355899583,0.5995260403283041,0.7480767107559206
2040,0.4295387586106166,0.437398078134239,0.0007028973497000268,0.00024297592508848442,0.46729226270238233,0.5797206066607253,0.0012533067217076477,1.3964472437066888e-05,0.5050103965072936,0.01626610127992552,0.008214550257002982,0.04747799708964506,0.03272844185918114,0.48500532742325314,0.732099417580006,0.6041374738199701,0.5988201662652443,0.74511676094802
2041,0.43041235609994455,0.43797531485232033,0.0008735974893279708,0.0005772367180813531,0.4686414275476616,0.5799553790228618,0.0013491648452792493,0.00023477236213642616,0.4910147009676378,0.01626692118973315,0.007987297443640953,0.04749552319263475,0.033580674682269405,0.49212692841947575,0.7286312625832709,0.6031617153963751,0.5977399812478573,0.741644265637315
2042,0.4315207860173857,0.4390409962086134,0.001108429917441145,0.0010656813562930911,0.46981707444937465,0.5802550032908256,0.0011756469017130677,0.00029962426796381614,0.4749122645616846,0.01668931098328123,0.007925958473044285,0.04603105577795458,0.03270281340630933,0.499267395884617,0.724584436678894,0.6018800932143271,0.5964077219163385,0.7381493278036013
2043,0.4327797556317212,0.4401925221901116,0.0012589696143355256,0.0011515259814982026,0.47108080594253415,0.5806049112338775,0.0012637314931595034,0.000349907943051897,0.45901180813753123,0.017750589820211115,0.008147730328882758,0.043057663330621714,0.03177662385186946,0.5066985052116013,0.718888150533843,0.600328689619279,0.5948856161498912,0.7338106478737582
2044,0.43410966437707266,0.44145914034703787,0.001329908745351438,0.001266618156926247,0.47255996839392544,0.5812986144546487,0.0014791624513912915,0.0006937032207712246,0.4416652229458962,0.01938649106853714,0.008562338899924082,0.03971152134013422,0.030691645193310167,0.5143341901051375,0.7126080260039304,0.5989033080954442,0.5934883112491235,0.7296867935341864
2045,0.4353401323793877,0.4425170785452769,0.0012304680023150216,0.0010579381982390168,0.4751786777356479,0.5823802718359699,0.0026187093417224805,0.001081657381321155,0.4250613605374414,0.021267738623594625,0.009040093914899823,0.03621458253431108,0.03019888535099067,0.5216281641201298,0.706521188734305,0.5974683100941416,0.59230310927858,0.7258826057215418
2046,0.4369586801036571,0.4438207483143583,0.001618547724269448,0.001303669769081417,0.4792381520957213,0.5839309915000763,0.004059474360073367,0.0015507196641064702,0.41024273761200153,0.022607121571764952,0.009274407443128189,0.03353537293454161,0.03001129987838609,0.5286920003349219,0.7022179380240173,0.5962043139631377,0.5912459901696984,0.7230514115228001
2047,0.43846998454745323,0.44534288361791324,0.001511304443796102,0.001522135303554939,0.4823664109153822,0.5851733109995495,0.0031282588196608896,0.0012423194994731768,0.39816149156178904,0.02267942600988437,0.009030074087860794,0.03255797812543372,0.030635164568401593,0.5370125499520025,0.6989846887387571,0.5951839371488932,0.5903780193372586,0.7196589443555881
2048,0.44053557128306703,0.4473953341607447,0.0020655867356138002,0.00205245054283143,0.4855677603442362,0.5864373608352378,0.003201349428854028,0.0012640498356882857,0.3886392836113386,0.023218433818708157,0.009023595485880016,0.03190846404341927,0.030709719052617622,0.5455465518805277,0.69540479971388,0.594208181640346,0.5897469520790616,0.7164719432809371
2049,0.4428609395371566,0.44958256790610224,0.002325368254089577,0.002187233745357564,0.4890585351068708,0.5882146148326627,0.0034907747626345964,0.001777253997424899,0.38069332648255066,0.02679310342523858,0.010199955669745096,0.030389132658792253,0.027500882738965646,0.5530868273299102,0.6909907443921606,0.5933874109317229,0.5892603489357556,0.7161105514464494
2050,0.44515175766918746,0.4515573330233849,0.0022908181320308585,0.001974765117282673,0.4914207058058739,0.5883410863967673,0.0023621706990030744,0.00012647156410461324,0.373837823641292,0.03624345128699073,0.013549172950377799,0.026117511559634363,0.022306608685478426,0.559437849901365,0.6841271265058358,0.593023520322676,0.5891191037412248,0.7190853390839661
2051,0.4469559248791281,0.45318386160526014,0.0018041672099406436,0.0016265285818752306,0.49232838312800153,0.587376652444657,0.0009076773221276535,-0.0009644339521103218,0.36507234103953295,0.0642901493120104,0.023470555315116753,0.016408712595100503,0.011331186393185264,0.5605768039413123,0.6655213628618579,0.5937684848687824,0.5897207241484506,0.729331490836384
2052,0.44872710358940954,0.45464227387062833,0.0017711787102814291,0.001458412265368192,0.49270707495864063,0.5863955886793583,0.0003786918306390996,-0.0009810637652987175,0.35761287115219215,0.11705704403559071,0.04186110560615618,-0.004157764617958134,-0.011268828021249507,0.5516223723140923,0.6381306298159121,0.5963417199006159,0.591568468410642,0.755178412307398
2053,0.45019816539698276,0.4554229713940042,0.0014710618075732262,0.0007806975233758395,0.49270238854050347,0.5852421928162133,-4.686418137167525e-06,-0.0011533958631450014,0.35688812158292976,0.16633151643570246,0.05936174246077806,-0.026811053408991006,-0.03563951865436804,0.5409158712365948,0.6221370803710444,0.6000494220173942,0.5951093781218201,0.7882875661601624
2054,0.45123011727990037,0.4559750313136973,0.0010319518829176033,0.0005520599196931486,0.4916466407385469,0.5831150240153562,-0.0010557478019565525,-0.00212716880085706,0.3580839081058195,0.21084764425517322,0.07550114846979797,-0.04837071157576531,-0.05795191153990301,0.5307540779180606,0.6101136906943088,0.6039489658714841,0.5985706055255747,0.8204749900150272
2055,0.45196298867926155,0.45629735918167674,0.0007328713993611791,0.0003223278679794217,0.4903530039853405,0.5800184007872171,-0.0012936367532064286,-0.0030966232281390837,0.36584582448387637,0.2470715818310232,0.09039010656150621,-0.06658066762218871,-0.07668968085288759,0.5219336701609325,0.6027989083324946,0.6076277948329039,0.6019936315104808,0.849182407182153
2056,0.4521831085447953,0.45660545466874475,0.00022011986553377438,0.00030809548706800527,0.486532719419901,0.5742323006577087,-0.00382028456543948,-0.00578610012950842,0.3851584700011314,0.2781804156739289,0.10714354328524922,-0.08146828631080319,-0.08388695739310503,0.5108577223234908,0.6021299467577826,0.6111219481172017,0.6055940844502803,0.8794702354979971
2057,0.4521328252175219,0.4569541704641668,-5.028332727341489e-05,0.000348715795422061,0.48181118240060833,0.5678568722494877,-0.0047215370192926764,-0.006375428408221029,0.4069445616884826,0.3057270812328702,0.12441397306860946,-0.0918693328255776,-0.0851880304964992,0.49995710183998926,0.601286899027017,0.6142636946472044,0.608896595372766,0.9059607343044634
2058,0.45178622106911803,0.45697701098186083,-0.0003466041484038729,2.2840517694022733e-05,0.4770123091449977,0.562131459620083,-0.004798873255610625,-0.005725412629404625,0.42950634918261443,0.32977715437017374,0.14164138161736478,-0.09836835618326327,-0.08240673067077889,0.4886747488297975,0.5990095655371641,0.6165563087471951,0.6113744191084847,0.9275874660185709
2059,0.45123784432667324,0.4567727597069135,-0.0005483767424447894,-0.0002042512749473313,0.47253309052438286,0.557292174462204,-0.004479218620614844,-0.004839285157879014,0.452338580773142,0.34977118439888844,0.15821500114633413,-0.10062380621065374,-0.07609706537846703,0.47732323238609886,0.597756026213386,0.6185176383871731,0.6133354638057561,0.9462227521325014
2060,0.4505036437441234,0.4564728603435166,-0.0007342005825498599,-0.00029989936339691603,0.46902864011552226,0.5534599335566585,-0.0035044504088606043,-0.0038322409055455697,0.4768824282805248,0.36349064253854757,0.17334230027103079,-0.095596600947468,-0.0631249468695121,0.46679356195211824,0.5985383065371126,0.6193930875625332,0.6145986531139181,0.9607245124564565
2061,0.449858221252134,0.45622577448136753,-0.0006454224919894003,-0.0002470858621490546,0.4662237858743549,0.5506308401427537,-0.0028048542411673316,-0.002829093413904804,0.5025174942043263,0.3644139184405879,0.18312436914794397,-0.08409406739535137,-0.043594346279532965,0.4562065785550443,0.6054909361001741,0.6193674236463403,0.6149776978349606,0.9687568567601611
2062,0.4491704705219281,0.4558216675700469,-0.0006877507302058827,-0.00040410691132064525,0.46411661440056035,0.5490107583070604,-0.002107171473794578,-0.0016200818356932878,0.5302973139298907,0.3578298519280919,0.18975620932139764,-0.06746764322882666,-0.023369764622856084,0.4421306895461648,0.6160967222448241,0.6196009454006419,0.6154708200858514,0.9728987932632802
2063,0.44806699410820694,0.4548367865911045,-0.0011034764137211606,-0.000984880978942393,0.46188432793845563,0.5476641856808573,-0.0022322864621047156,-0.0013465726262030797,0.5580189567960321,0.34671838547191364,0.19347543176304177,-0.04704413935740135,-0.0040173805401984815,0.4245214253564878,0.6289001449772568,0.619651820620491,0.6156520520355688,0.9747420741361361
2064,0.4464947029851215,0.4529172357074537,-0.0015722911230854342,-0.0019195508836508113,0.45967112658516796,0.5465907761698474,-0.002213201353287675,-0.0010734095110098707,0.5835205563265589,0.33295854958442894,0.1942881580871901,-0.02618345896612452,0.013853821555453375,0.40651504762665747,0.6408217316874163,0.6201879332100168,0.6162277004396933,0.9730207987944639
2065,0.4446860851087099,0.4505957004463154,-0.0018086178764116223,-0.0023215352611382634,0.45735837101254134,0.546148734994342,-0.0023127555726266125,-0.0004420411755053921,0.6053019858794686,0.3151589174942573,0.19076631862689752,-0.004790963772613857,0.029431223913085915,0.38989867124415367,0.6553400561874861,0.6206214581264611,0.6171038569757646,0.9698750989315431
2066,0.4427167001304397,0.4480404891745052,-0.0019693849782702055,-0.0025552112718102427,0.45521368301338544,0.5462402384188836,-0.002144687999155903,9.150342454156135e-05,0.6222690285533239,0.29560910495918546,0.1839483905744699,0.013468232299495952,0.04155801840843515,0.3761924641348789,0.6694550103677123,0.6209691793925545,0.6181170795546533,0.9644947822637647
2067,0.44080324514436703,0.4456438214209874,-0.001913454986072649,-0.002396667753517767,0.4536134485107207,0.5469041009867514,-0.0016002345026647213,0.0006638625678677679,0.6313440020376124,0.28115856764020186,0.1775077753011278,0.023248421588328485,0.047090713466251405,0.36640913556140475,0.6790654686632132,0.621246907032665,0.6193392459621236,0.9595420597382311
2068,0.43940993964442376,0.44396028019355627,-0.0013933054999432648,-0.00168354122743114,0.45208591923210373,0.547771425295669,-0.0015275292786169903,0.0008673243089176719,0.6233849441924374,0.26712570033323796,0.1665221397946013,0.02869728204798895,0.040169087181228386,0.3659094538027684,0.6846275959432253,0.6216139092591082,0.6179207900286768,0.9509375809157907
2069,0.43851011834017717,0.44279090727138576,-0.0008998213042465952,-0.0011693729221705085,0.45073160560405945,0.5489481358096447,-0.0013543136280442791,0.0011767105139757206,0.601250706594783,0.2523477937576087,0.1517242893043968,0.02238460347494505,0.02258570959505331,0.36983489071679737,0.6888165819202434,0.6195535498065063,0.6150679604006364,0.9402910270232822
2070,0.4379615877664893,0.44257735766043726,-0.0005485305736878665,-0.00021354961094849356,0.44963588091536416,0.5515086212145802,-0.0010957246886952876,0.0025604854049354753,0.5719133945358538,0.22998185931160922,0.13152970584056958,0.02033781413779902,0.012963242284142517,0.3854958658298212,0.6902651410349968,0.6160169801117763,0.6112008424713187,0.9193026454131774
2071,0.437921261033549,0.4427656234646305,-4.032673294029898e-05,0.0001882658041932328,0.4493125248623032,0.5535393708132091,-0.0003233560530609414,0.0020307495986289226,0.5394687251760274,0.20071867716306965,0.1082814488881798,0.021153905589393774,0.01139762135686189,0.4096939811661906,0.6921679242547364,0.6123709914932456,0.6070604394176637,0.8920582123133042
2072,0.4385184654794688,0.44381021100747203,0.0005972044459198189,0.0010445875428415352,0.4509054409058368,0.5571372054006251,0.0015929160435335654,0.0035978345874159157,0.5108767770160656,0.16736964903077392,0.08550526686715185,0.025861192185852165,0.014166569725794102,0.4384747377687546,0.6933381321602504,0.6092918961242952,0.6037874144386126,0.8601695547425372
2073,0.4397574396561708,0.4452744874292288,0.0012389741767019902,0.0014642764217567827,0.4553377396665786,0.5623507771795928,0.004432298760741804,0.005213571778967752,0.4853371463260168,0.1368498256477801,0.06641830385510654,0.03172569251315541,0.01832186310088127,0.4668557951816686,0.6914916588272411,0.6071078349792953,0.6009930735588644,0.8280747649379595
2074,0.441287129694655,0.44683580366876985,0.0015296900384841883,0.001561316239541033,0.4607489161007527,0.5679114475158086,0.005411176434174103,0.005560670336215767,0.4632711265450152,0.11227094867234434,0.05201188886971454,0.03764261973284344,0.022132798905082813,0.4942044159546935,0.6860521418069351,0.6057888440470944,0.5989413444081761,0.7981998347471113
2075,0.4428940621077064,0.4485190601973403,0.0016069324130513762,0.0016832565285704315,0.46684164199731876,0.5733710420811009,0.006092725896566065,0.005459594565292325,0.4450490903158456,0.09212238701709564,0.04099898453968268,0.04408134176530463,0.0269395069798168,0.5189644326082871,0.6789717054561968,0.6050320134740509,0.5975084083422587,0.7710028864336078
2076,0.44443191651729486,0.4502177415967924,0.0015378544095884794,0.0016986813994521177,0.4730099465632557,0.5781146234597231,0.006168304565936922,0.004743581378622186,0.42934307552900425,0.07603598919920472,0.0326455254536767,0.050904729373643924,0.03225503197989755,0.5430866415473401,0.6719488338660622,0.6046961375645646,0.5964126997835508,0.7478683338119227
2077,0.44590058410086186,0.4518209001785315,0.001468667583567007,0.0016031585817390948,0.4783850241887266,0.5820063265011971,0.005375077625470903,0.003891703041474015,0.4151060348422969,0.063340341739572,0.026292958105069767,0.05642378661424071,0.03715179834361555,0.5651743183990403,0.6662665082089337,0.6046243993334723,0.5958346229378496,0.7294110372124231
2078,0.44735128264610613,0.4532259297972924,0.0014506985452442667,0.0014050296187609335,0.4821624271421135,0.584731152274449,0.0037774029533869102,0.0027248257732519487,0.401041999842569,0.05409362143996291,0.02169381412100959,0.061712637760461625,0.04181404204567225,0.5849153110764074,0.661002631166653,0.604800424213131,0.5955294005407535,0.7147531079497469
2079,0.4488765710523041,0.45465534856312134,0.0015252884061979777,0.001429418765828916,0.48520302859170855,0.5863841171191595,0.0030406014495950595,0.0016529648447104472,0.3893444998765404,0.047440975472848396,0.01847088286913138,0.06617487520154415,0.04503969644943058,0.6030689874658813,0.656356080566421,0.6050095714294508,0.5953655404519084,0.7031976694771713
2080,0.45024512041994424,0.45582247793564057,0.0013685493676401372,0.0011671293725192267,0.48748023501128385,0.5874619432581879,0.002277206419575295,0.0010778261390284039,0.3790185778067046,0.042624616791778994,0.016155521635975854,0.06968418611388563,0.04729992567298285,0.6184297670591976,0.6524757314410176,0.6051202837058507,0.5953118828145637,0.6941655233858153
2081,0.45164069706493354,0.457013180001822,0.0013955766449892937,0.0011907020661814371,0.48928308084488503,0.5881384580911805,0.0018028458336011854,0.0006765148329925808,0.37168351787096854,0.04021614058417685,0.014947676607520279,0.07186382012051015,0.04989416420995699,0.6312794472695961,0.6499023897088323,0.6051923814628547,0.5953806646872398,0.6886563607087345
2082,0.4526811673736175,0.4580136366085,0.0010404703086839828,0.0010004566066779685,0.48964665071292085,0.5873707340646357,0.0003635698680358179,-0.0007677240265447915,0.3627129513557254,0.06861534405183958,0.02488767394933125,0.059385547517687244,0.039197426220269865,0.6302087304574894,0.6314308625801823,0.6062127377404934,0.5958182631952854,0.6997443425528469
2083,0.45344394068144295,0.4588330074165854,0.0007627733078254262,0.0008193708080854178,0.4885403726556738,0.5844243876281395,-0.0011062780572470565,-0.002946346436496161,0.35512053751416645,0.11351807864879843,0.04031260110733672,0.037216193809743066,0.018757714040564304,0.6203453743043704,0.6100214777978531,0.609125279700573,0.597535296843574,0.7234431627877586
2084,0.454107915718705,0.45961094626587023,0.0006639750372620656,0.0007779388492848427,0.48583338910988766,0.5808049694891779,-0.0027069835457861346,-0.0036194181389616054,0.35306494750731804,0.16713019645376256,0.05900781403783543,0.00915652436196494,-0.008614553837001618,0.6057977012873593,0.5908101244872954,0.6126887294208481,0.6004292092302179,0.7572442808435396
2085,0.45460009777598526,0.460459825142635,0.0004921820572802438,0.0008488788767647693,0.4826923795084034,0.5770047155090584,-0.003141009601484279,-0.0038002539801195168,0.356463165347754,0.21844444133081037,0.07786739700940241,-0.01892666313797975,-0.03470991567694042,0.5908771977736832,0.575624274093974,0.6164183919832447,0.603902322339643,0.7926442586475394
2086,0.4547964730109518,0.4609303252454159,0.0001963752349665171,0.0004705001027808797,0.47904258889394075,0.5727591241440524,-0.0036497906144626335,-0.004245591365006018,0.3597027595966783,0.2638668010626176,0.09491361650817129,-0.04876490782458528,-0.05956495546682571,0.5735218445093802,0.5684597208604781,0.6194922992299373,0.6068635052101929,0.830151416577422
2087,0.4548409573637573,0.461178876579856,4.4484352805518323e-05,0.000248551334440128,0.47568514475565576,0.569039314478463,-0.0033574441382849818,-0.0037198096655893798,0.36375305006210645,0.30401449231031924,0.11058619884096144,-0.07455656337609842,-0.08032651517926974,0.5584254744359322,0.5612140585578611,0.622148694325435,0.6093746900733608,0.862467546810676
2088,0.45475097805271675,0.46117981115309614,-8.997931104054446e-05,9.345732401300211e-07,0.4731162820933157,0.5662493570404501,-0.0025688626623400768,-0.0027899574380129133,0.3674807432271696,0.33908014357711846,0.12460542317529488,-0.09830197929435346,-0.09911028910191419,0.5437605659958228,0.5553550259974517,0.6242205527310767,0.6113329777232518,0.8912545681292047
2089,0.45456067551951473,0.46112914929759485,-0.00019030253320201362,-5.066185550128832e-05,0.470979592747461,0.5638911369076955,-0.002136689345854703,-0.0023582201327545516,0.37652447409701134,0.37156642344593266,0.13990385218008722,-0.12053110339649672,-0.11763126384354561,0.529712809574686,0.5518779598613239,0.6263077602900405,0.6134399142683862,0.9201655240636282
2090,0.4541148442576574,0.4609861508748457,-0.00044583126185732125,-0.0001429984227491743,0.4688475966251565,0.5612285852840946,-0.0021319961223044692,-0.0026625516236009616,0.3887253394119348,0.3983973510695789,0.1548671455153378,-0.13821207306141203,-0.13170252616083034,0.5163290981705272,0.548264147241377,0.6275293821370883,0.6147679194952217,0.9435871817409835
2091,0.4535668224315478,0.46074994806703684,-0.0005480218261096348,-0.0002362028078088385,0.46710776962411,0.5587014781990038,-0.0017398270010465233,-0.0025271070850907407,0.4023294539741414,0.41960191665233865,0.1688182100132386,-0.15214985693312405,-0.1415913568871161,0.5031786250096613,0.5475755579662435,0.6283030595783013,0.6156104050810189,0.9641345826940172
2092,0.4529200262065452,0.4604667219378821,-0.0006467962250025772,-0.00028322612915476775,0.46514356240531735,0.5559661942543535,-0.0019642072187926463,-0.0027352839446503907,0.4175848282608901,0.4348363622572938,0.18158106765480223,-0.16021164033154855,-0.14609992134974145,0.49267418650355993,0.5499210547129642,0.6292307104806821,0.616413842273167,0.9817177017910629
2093,0.45236139374227674,0.4605605346984023,-0.0005586324642684604,9.38127605202288e-05,0.46328734859205223,0.5533752088441563,-0.0018562138132651174,-0.0025909854101971996,0.433111270176008,0.4431146933115185,0.191917967653804,-0.16160511779542522,-0.1424688338786595,0.4846389432015704,0.5531467152194344,0.6301165152609128,0.6170981423401645,0.9933489672430821
2094,0.45185848927085415,0.4606381093781538,-0.0005029044714225939,7.757467975150201e-05,0.4615534517294316,0.5510996700393014,-0.0017338968626206541,-0.002275538804854871,0.44754972324571074,0.44516818574454153,0.19923489832776473,-0.1580487323983318,-0.13430377031853302,0.47812720338538117,0.5595432528191314,0.6306702299085892,0.6176174926762169,1.002007009377218
2095,0.45151051491781086,0.460807166952022,-0.00034797435304328994,0.0001690575738682032,0.4599454346182814,0.5491069871113987,-0.0016080171111501618,-0.001992682927902667,0.46211309036870496,0.4355060581625592,0.2012530504117932,-0.14912936910520488,-0.12055918743497014,0.47308535354356646,0.5722229488279784,0.6305129728844745,0.6176371706660494,1.0054325437380565
2096,0.45125944491811576,0.4610075791295021,-0.00025106999969509713,0.00020041217748006934,0.4583522990671678,0.5474682587663651,-0.0015931355511136225,-0.0016387283450336465,0.475927487322761,0.4145585647575151,0.1972998160731743,-0.13631879822482393,-0.10380070501538947,0.46925715400509954,0.5879202880695988,0.6296716068162955,0.617496267746316,1.0005748952510614
2097,0.45097080667786876,0.4610574251573867,-0.0002886382402469967,4.984602788460357e-05,0.4571169896733431,0.5464244361597784,-0.0012353093938247128,-0.0010438226065866418,0.48797619625856126,0.3858458754161467,0.18828360262762597,-0.12205807175586962,-0.08600508717021972,0.4661328865839836,0.6026761750075094,0.6286477331363746,0.6171210786667496,0.9868566588310655
2098,0.45075215303066035,0.46077590623054737,-0.00021865364720841107,-0.0002815189268393081,0.4564499706971552,0.5457423294010001,-0.000667018976187872,-0.0006821067587783336,0.4992264193170552,0.3530429748777115,0.176248380213241,-0.10694648826187936,-0.0693698141356241,0.4629946128657029,0.6177266021879857,0.6275996895042563,0.617007054926793,0.9692804931316013
2099,0.4504601260867938,0.4602546481265915,-0.00029202694386654127,-0.0005212581039558684,0.4558557357975625,0.5456164929259686,-0.0005942348995927049,-0.0001258364750315044,0.5079502017632059,0.3188969831616613,0.16198378693864354,-0.09082347805367623,-0.05515877333404555,0.4598583315792228,0.6340623307893227,0.6263435736008744,0.6167461732376751,0.9516087114112466
2100,0.45019904389497695,0.4600977429654468,-0.00026108219181686376,-0.00015690516114469366,0.4559233757692711,0.5473206415773498,6.763997170861069e-05,0.0017041486513812432,0.5107479291654634,0.2787445536998555,0.1423682035683525,-0.07029260242307254,-0.0392282828234939,0.4627483738857737,0.6498270334232392,0.6244535579190185,0.6156749459656453,0.9274624887302688
2101,0.45021544996929114,0.4602065630518483,1.6406074314190278e-05,0.00010882008640150653,0.4565655173629861,0.5502245985435752,0.0006421415937150066,0.002903956966225363,0.5077703331744062,0.23608472988622728,0.11987682195171932,-0.04564236510098045,-0.018253826697628945,0.4734722548242758,0.6610049974410462,0.622266743974614,0.6141825471631875,0.8962726749863377
2102,0.4505638446084055,0.46055632227249216,0.00034839463911434665,0.0003497592206438416,0.45760627435975104,0.5540378966340216,0.0010407569967649244,0.003813298090446393,0.49844580078813067,0.19653356008169615,0.09796132773666323,-0.018879878171451304,-0.0018706213063435606,0.48999424122712176,0.6658036461675804,0.620069224347405,0.6122780217092597,0.8617620492604723
2103,0.4511535537668816,0.4610406876172538,0.0005897091584761149,0.0004843653447616503,0.45978686936522933,0.5586703020857439,0.002180595005478292,0.004632405451722277,0.4802819352184014,0.1601614726750068,0.07692266204378138,0.0014884924428834768,0.010831263342715551,0.5085440941893714,0.6691685282697205,0.6174207766824035,0.6095391968660399,0.8289836966507887
2104,0.45183187294978155,0.4615809018228756,0.0006783191828999557,0.0005402142056217807,0.46320140244145513,0.563847283315837,0.003414533076225801,0.005176981230093136,0.46296376600821343,0.12613130315238721,0.05839422311895283,0.016228536103761328,0.01993394671434176,0.5260904033784312,0.6730500021969448,0.6150780319698468,0.6069907292722689,0.7990744524322608
2105,0.4524620008389044,0.4620225195360764,0.0006301278891228668,0.000441617713200837,0.4676229566694948,0.5693778883505771,0.0044215542280396924,0.0055306050347401214,0.44722530428827906,0.09915643670841434,0.04434526757906209,0.027206727373293983,0.026372573888744436,0.54242158892227,0.6739916966374222,0.6131818811705715,0.6047137595362089,0.7731072818891951
2106,0.4528678468186941,0.4623432199154978,0.0004058459797896541,0.0003207003794213903,0.4727358388352313,0.5749947940932821,0.005112882165736465,0.005616905742705014,0.43304074877323473,0.0788267068091592,0.03413517613996654,0.03573672535081486,0.032322699955930206,0.557801028485148,0.6719754826800308,0.6113192472792446,0.6028552841019085,0.7506556425152489
2107,0.45318158803485614,0.46266168063921,0.00031374121616206674,0.00031846072371216616,0.4772350615804038,0.5799861832687493,0.004499222745172504,0.0049913891754671535,0.42037865292442067,0.06389209740478023,0.02685887383953739,0.04289743674920252,0.03759300643033013,0.5723992513717545,0.6672966615749387,0.6096960130792273,0.6013665362533042,0.7308243988051921
2108,0.45339668147164924,0.462889766399962,0.00021509343679310122,0.00022808576075200593,0.4810753742546578,0.5840770786248194,0.0038403126742539984,0.004090895356070101,0.40822111701715147,0.05302396201835532,0.02164550100380802,0.049553265492538766,0.04176886498096099,0.5868540625681352,0.660696250630295,0.6081998044334485,0.5999572026803528,0.7130898219755364
2109,0.45369913934944917,0.46302054478216204,0.00030245787779992206,0.00013077838220004745,0.48436002883036644,0.5875106795267698,0.0032846545757086454,0.00343360090195044,0.3983158637756402,0.04536652713091762,0.018070207440652467,0.05536214587633047,0.04508180936465912,0.6001158056135676,0.6542999675303817,0.6069490198344903,0.5987586709757634,0.6986918023972265
2110,0.45408265134355114,0.4630733414092061,0.00038351199410197045,5.2796627044049416e-05,0.48698140964250236,0.5901664535533636,0.0026213808121359206,0.0026557740265937824,0.3894119281179963,0.0398503201861718,0.01551819001981667,0.059790746807141096,0.04799405422119237,0.6121660128062666,0.6497531209193306,0.6061799101113604,0.5974808042048131,0.6881863498533611
2111,0.45469298289461274,0.4631144179042365,0.0006103315510616047,4.107649503043431e-05,0.48887583211999375,0.5918148714797742,0.0018944224774913865,0.0016484179264105725,0.38170745191322925,0.03613455233578239,0.013792827898116722,0.06279356532175884,0.051443767683788715,0.6221759412960856,0.6468972723293004,0.6056707451711728,0.5963734937616407,0.6810928026806912
2112,0.4553264571699773,0.463144614168741,0.0006334742753645317,3.0196264504456227e-05,0.4901749369311307,0.5925801258405813,0.0012991048111369308,0.0007652543608070994,0.3745203769826712,0.03406603696199374,0.012758425005311508,0.06402791210152103,0.054160555599181356,0.6299026821949354,0.6452175899670187,0.6050356177471512,0.5955194204393149,0.6767803908527675
2113,0.4561188275335122,0.4632901793451454,0.0007923703635349111,0.00014556517640440525,0.49109097415646213,0.5930033391510304,0.0009160372253314564,0.00042321331044914423,0.368524774064943,0.03305744771068089,0.012182488448742344,0.06362650858648845,0.055477793230553955,0.6354398568550393,0.6447290459858657,0.6042810092134027,0.5948171141610857,0.6748195186856305
2114,0.4568203862373557,0.4634642673927485,0.00070155870384353,0.0001740880476031048,0.49159067985626964,0.5929518009117878,0.0004997056998075067,-5.1538239242643336e-05,0.3644792263979764,0.03320023551459664,0.012100796156590805,0.062335863806458974,0.055968633692129906,0.6393843891867604,0.6444030072915107,0.6035072263360646,0.594352619618251,0.6740530394899756
2115,0.45741641511291314,0.46371208312118856,0.0005960288755574306,0.0002478157284400706,0.4914899291128446,0.5925410438418943,-0.00010075074342502655,-0.0004107570698934637,0.3606140810246588,0.03700548194095644,0.013344697863012614,0.058865949760377734,0.05372274998612803,0.6417914924989883,0.6427433818138626,0.6032630883914553,0.5944960114586825,0.6756029729665052
2116,0.4578619650220142,0.4638908306819841,0.00044554990910106174,0.00017874756079555576,0.4907386482228315,0.5916131398452048,-0.0007512808900131396,-0.0009279039966895164,0.35521567680510224,0.056683566910413014,0.020134891583809655,0.046441338436790415,0.04219426031104442,0.6356313983732835,0.6318225778256644,0.6036818106196539,0.5948359291304162,0.6869071239258893
2117,0.45821328131995953,0.4640026292665585,0.0003513162979453255,0.00011179858457438518,0.4898959062151717,0.5910401364541769,-0.0008427420076597691,-0.0005730033910279486,0.35006056865915014,0.09843488934249774,0.03445817333913528,0.02289514169576901,0.019451160100210054,0.6193504673145566,0.6140220279247212,0.605141207624945,0.5955430655151539,0.7123898392760922
2118,0.4584503615698161,0.4639828652532162,0.0002370802498565805,-1.976401334230493e-05,0.4890365759860336,0.5904835940133436,-0.0008593302291380889,-0.000556542440833252,0.34753611002722606,0.15195667400051244,0.052810431374813414,-0.005171888447793819,-0.008152454845035703,0.6000242139015977,0.5938240757221623,0.6075160369038451,0.5974607729567157,0.7454462216870049
2119,0.4586773620839758,0.4639177580637714,0.00022700051415969202,-6.510718944480187e-05,0.48702382647870723,0.5885821559886547,-0.0020127495073263835,-0.0019014380246888951,0.34908704126424245,0.2007270321443692,0.07007120575303033,-0.029025093613731914,-0.03198773402236637,0.5846097570507222,0.578407310976266,0.6103366274346553,0.6004262232839,0.7782057870485998
2120,0.45852567587204385,0.4636762974192945,-0.0001516862119319562,-0.00024146064447688742,0.484219235290064,0.585615579799327,-0.002804591188643235,-0.0029665761893277187,0.35224394792931063,0.24311516389226379,0.08563584513089238,-0.050022270075525156,-0.05328468438339174,0.5713574371120538,0.5670332719593305,0.6130598779458664,0.6035906613048686,0.8087144249132415
2121,0.4580786149949913,0.4631710508261422,-0.00044706087705254083,-0.0005052465931523198,0.48106114948941786,0.5816051989732994,-0.0031580858006461376,-0.00401038082602756,0.356151289640077,0.2797204983849384,0.09962281623856088,-0.0678562120769501,-0.07123394918396564,0.5606136672552869,0.5570565801863998,0.615500951115962,0.6065718945546518,0.8348590962239489
2122,0.4579335273687051,0.4627001390598833,-0.00014508762628623328,-0.00047091176625890796,0.47851347015708273,0.5781449704678251,-0.0025476793323351288,-0.0034602285054743387,0.36192275357604453,0.31313140087204766,0.11332937883473572,-0.08378527791638533,-0.0873678403463922,0.5509572978781664,0.5484274939388298,0.6176942527066263,0.6091024832804297,0.8590788435096275
2123,0.45766105470610574,0.462192226277215,-0.00027247266259933234,-0.0005079127826682628,0.4758816206657527,0.5747704552207199,-0.0026318494913300516,-0.003374515247105192,0.37166433774852986,0.34266703031797346,0.12735711489138501,-0.09910603346777216,-0.10175446047750462,0.5398185040776484,0.5472569247910872,0.6197720512032536,0.6115421876977751,0.8872892711533692
2124,0.4571234390520633,0.46157263846070984,-0.0005376156540424226,-0.0006195878165051738,0.4732829751527906,0.5714205653655252,-0.0025986455129620722,-0.0033498898551946876,0.384581345803694,0.3721907502057474,0.14313761960981283,-0.11351747862242008,-0.11474143246228287,0.5270436816489652,0.5466217755656646,0.6218053651408615,0.6137602034481617,0.9160980475633766
2125,0.456374376461563,0.4609470267940954,-0.0007490625905003379,-0.0006256116666144562,0.4708724607318293,0.5683738666866207,-0.002410514420961296,-0.0030466986789045025,0.39718130834197957,0.3969868691679986,0.15767576409073195,-0.124629795563177,-0.1251863677692375,0.5150388572877839,0.5474920920917856,0.6234240157930461,0.6154735250036751,0.9418006541949582
2126,0.4556364170961431,0.4604785504495883,-0.0007379593654198713,-0.000468476344507085,0.4686974223568679,0.5656750760604601,-0.0021750383749614133,-0.00269879062616063,0.4097085865042665,0.4169129024924524,0.17081279597557375,-0.13239965681511162,-0.13209040420373677,0.5048268286250327,0.5482985329178918,0.6248421035033426,0.6168757557458517,0.9626857464122243
2127,0.4549252014233344,0.46012817793482313,-0.0007112156728086849,-0.0003503725147651626,0.46730761760086914,0.5635396535542121,-0.001389804755998758,-0.002135422506247986,0.4212450225798751,0.4321806315279689,0.18205393988658394,-0.1369931293827304,-0.13447209952664815,0.4960251886953782,0.5487580509331711,0.6258689351659034,0.6179932852751606,0.9784811802874116
2128,0.45422882762398586,0.459818166002416,-0.0006963737993485597,-0.0003100119324071504,0.46612822844949453,0.5617800522879813,-0.0011793891513746102,-0.0017596012662307592,0.43236146042576545,0.4431035923134923,0.1915809162925645,-0.13824950811498615,-0.13277448267902628,0.489679508022645,0.5490221670548343,0.6264820647183884,0.6187916634434463,0.9896979123703709
2129,0.45363015539414003,0.4595523287828632,-0.0005986722298458313,-0.00026583721955281137,0.4652017022913152,0.56039172570376,-0.0009265261581793416,-0.0013883265842213888,0.44286488548069025,0.44680195956670815,0.1978728986560582,-0.13571394506058146,-0.127148561673746,0.4851950844331573,0.5514527556549854,0.6267313630581653,0.61934377675405,0.9960084817066324
2130,0.45316785674034116,0.4594014329503077,-0.000462298653798876,-0.00015089583255545325,0.4645599868152093,0.5590957628895047,-0.0006417154761058641,-0.0012959628142552582,0.4521252520726342,0.4451833287013378,0.20127862470762672,-0.1303733964122317,-0.11877476446559468,0.4814102496574424,0.5553253950344886,0.6265319380859871,0.6196760208187975,0.9984314494806483
2131,0.45306872452147046,0.4593396330564138,-9.913221887070112e-05,-6.179989389393237e-05,0.4637774943296645,0.5581845721011535,-0.0007824924855448501,-0.0009111907883512238,0.46055243194374434,0.43813244322935097,0.2017829622427321,-0.12188022771160878,-0.10752986167959928,0.4782290235532384,0.5609214210676495,0.6261312136093712,0.6198503220407644,0.9971846868666854
2132,0.4529247067869677,0.4591682611558662,-0.0001440177345027327,-0.0001713719005476122,0.4631586038699041,0.5574103283796933,-0.0006188904597603795,-0.0007742437214601772,0.46943147111600775,0.4261014902742805,0.20002544942417877,-0.11149204230175727,-0.09520023446457179,0.47575571742782646,0.5687355345521645,0.6258948422370372,0.6200899437976714,0.9931583744024056
2133,0.45270688082077104,0.4588196822297886,-0.00021782596619668304,-0.0003485789260775918,0.4624450410540439,0.5566485561094646,-0.0007135628158602136,-0.0007617722702286667,0.4796808475511703,0.4063422812677673,0.19491460987439863,-0.09957226871360901,-0.08077306854893802,0.4735478488657438,0.5805837671824677,0.6255910154946881,0.6203117641604923,0.9854737155264709
2134,0.45223970018343124,0.4582721026126931,-0.00046718063733980353,-0.0005475796170955061,0.4615652017682237,0.556144098460892,-0.0008798392858201942,-0.0005044576485726537,0.4897385766954027,0.3819488503824382,0.18705508635674062,-0.08610140962334008,-0.06506199877955252,0.4716693347635285,0.5947239840478374,0.6256913448744603,0.6205092958115641,0.9754250576532111
2135,0.4515866011505789,0.4575432344905159,-0.0006530990328523223,-0.0007288681221771509,0.46089318846748456,0.5558785035214526,-0.0006720133007391271,-0.00026559493943933976,0.49911594885868843,0.360145306122376,0.1797542661922725,-0.07347458713412434,-0.050875356779739804,0.4699808981613073,0.6075745775845188,0.6261638602746646,0.6207099197087463,0.9665738400880064
2136,0.45090270084610823,0.45681771142052485,-0.000683900304470686,-0.0007255230699910742,0.4602700011518831,0.5557714118550515,-0.0006231873156014589,-0.00010709166640110457,0.5078672942586365,0.3375429302131996,0.17142701466350946,-0.06009628080731516,-0.037427739324325804,0.4675799660487635,0.6190110638393088,0.6263264282382299,0.6206316422587939,0.9554659569629678
2137,0.45027767575958916,0.456158247075096,-0.000625025086519071,-0.0006594643454288507,0.45966517306991417,0.5558222843585954,-0.0006048280819689333,5.0872503543852865e-05,0.5179397185503265,0.30947163408736544,0.1602876510585197,-0.04349271394844727,-0.022015844796161532,0.46369096125974535,0.6318631608012518,0.6257897400946458,0.6202997499693512,0.9403077417441253
2138,0.4493376478672294,0.45537442519384885,-0.0009400278923597516,-0.0007838218812471487,0.4595826655971018,0.5569837203206615,-8.250747281235427e-05,0.001161435962066082,0.5279227918780601,0.2810341245981689,0.14836431967087194,-0.026392133253613535,-0.0051309774438477035,0.45936828230592863,0.6464304812552487,0.6246434959360464,0.6198021479072077,0.9264632952171612
2139,0.44849913270903397,0.4544803484969597,-0.0008385151581954409,-0.0008940766968891789,0.46010129658502785,0.5594072382137245,0.0005186309879260387,0.002423517893063054,0.53810816294946,0.25427906658386107,0.1368296413959449,-0.009069893811713144,0.011132552932137824,0.4550970853050597,0.6596933376415307,0.6233616008302619,0.6195678334804408,0.9129686019599349
2140,0.44713530506265475,0.45323986020708873,-0.001363827646379212,-0.0012404882898709446,0.46064272388057337,0.5625471180425682,0.0005414272955455157,0.0031398798288436724,0.548189683364881,0.23042095939680782,0.1263143927723682,0.006326114253920027,0.023697622579471264,0.45082508635812496,0.6705902374113593,0.6225207497366781,0.6193738306153156,0.8999817470404103
2141,0.4454790501030358,0.45202390706668144,-0.0016562549596189635,-0.0012159531404072887,0.46201762432734933,0.5665680719970049,0.0013749004467759618,0.00402095395443669,0.556257212355308,0.2089586268160062,0.11623474325026471,0.019353672705578282,0.032791502268125196,0.4464836201441513,0.6791515317666607,0.6215409122197998,0.619216368824286,0.8870518856146816
2142,0.44353559783640056,0.45078300165130336,-0.001943452266635226,-0.0012409054153780796,0.46365095013683194,0.5704329222143235,0.0016333258094826109,0.0038648502173186383,0.5627041282587475,0.19063299802597505,0.10726997497155782,0.02980635361517853,0.03993037356034037,0.4426738385696284,0.6871211296991487,0.6207223549668158,0.6192117873266949,0.8766672265396368
2143,0.4411595256891256,0.44939221012814956,-0.002376072147274977,-0.0013907915231538004,0.46516304458693375,0.573845536599939,0.0015120944501018085,0.0034126143856154645,0.5681313894181073,0.17438893135551803,0.09907582587014939,0.03884837719750245,0.044854350162932904,0.43913849039992175,0.6931229726035703,0.6199417442105267,0.6191194863412331,0.8663967846620363
2144,0.438962830441345,0.448380896669013,-0.0021966952477806,-0.0010113134591365758,0.4646049768735513,0.5751797144928873,-0.0005580677133824596,0.0013341778929483183,0.5710412949730006,0.15789777004598127,0.09016614708040621,0.04564237585360047,0.04921988488638413,0.43639601314582643,0.6994807880349091,0.6190647854162247,0.6190417948025019,0.8563180106481333
2145,0.4365285024454767,0.44715866297705015,-0.0024343279958682906,-0.0012222336919628374,0.4633095833179138,0.5756465328686056,-0.001295393555637514,0.0004668183757182698,0.5728793058526599,0.1424775737568225,0.08162245355337962,0.05148525080518509,0.053643619611310284,0.434754877722853,0.7049790024994298,0.6181776819916959,0.6189260547055685,0.8464735762769094
2146,0.43445846929103416,0.44645703156618066,-0.002070033154442541,-0.0007016314108694854,0.46081943685740884,0.5753921657927247,-0.0024901464605049384,-0.00025436707588089025,0.574404711745715,0.1267113959302246,0.07278362285419782,0.05711208374326886,0.05856726756936886,0.43444399245960363,0.7102925875449605,0.6173898036246019,0.6187837280858665,0.8361714292365692
2147,0.4336189570972762,0.4471956116455004,-0.0008395121937579408,0.0007385800793197617,0.4538469235671057,0.5710734611149851,-0.006972513290303128,-0.004318704677739538,0.5757550334839576,0.11317334665365139,0.0651601239920646,0.06174125123388222,0.06305573556104906,0.4345631545785842,0.7137455898373397,0.6168324594230407,0.6187496900366813,0.8262071372931382
2148,0.434522274250226,0.4492926585099042,0.0009033171529497785,0.002097046864403762,0.43531303119380205,0.5566528008052524,-0.018533892373303662,-0.014420660309732769,0.5767961563683538,0.09973264151108203,0.05752540428805505,0.06600753527394583,0.06716786393235888,0.43512958456279677,0.717666714354576,0.6162556867199147,0.6185224734703902,0.8168573963352865
2149,0.435921300311738,0.45167879955569096,0.0013990260615119876,0.0023861410457867716,0.4123838800028166,0.5372238428010986,-0.02292915119098543,-0.019428958004153785,0.5773342079989708,0.08727284221519412,0.05038559724012824,0.06966128378081948,0.07034562637702126,0.43553349072037495,0.7216070034902342,0.6155324169394789,0.6180112095517064,0.8085064752397748
2150,0.43727087556185223,0.45362865698794835,0.0013495752501142544,0.0019498574322573958,0.3928718429518306,0.5223629350891428,-0.01951203705098603,-0.014860907711955806,0.5776209187351229,0.07614790036171577,0.04398462016668486,0.07276951192775469,0.07261662888143454,0.4358115283446251,0.7255358250705646,0.6148536710461345,0.6173991986196674,0.8014527319606471
2151,0.438511635217576,0.4553570942488194,0.0012407596557237888,0.001728437260871074,0.37922306637144726,0.5125493612980093,-0.013648776580383326,-0.009813573791133456,0.5780638072340984,0.06705123000561256,0.03875988929677361,0.07557035635237072,0.07430738716805049,0.43628863163359183,0.7291277273766217,0.6147742790509925,0.6169604619091438,0.7960332598917642
2152,0.4394022923625967,0.45688218720765295,0.000890657145020679,0.0015250929588335183,0.36970308231514143,0.5079063561615004,-0.00951998405630583,-0.004643005136508949,0.5785540762280732,0.05963120861258803,0.034499878813219385,0.07793974155728921,0.07558837262521538,0.43684554715213475,0.7322757097523517,0.6149687440771284,0.616625486968215,0.7918106964605067
2153,0.43952639385636416,0.45745058762285606,0.00012410149376745894,0.0005684004152031186,0.3654087705869481,0.5085215990247762,-0.004294311728193334,0.0006152428632758555,0.5788588716989583,0.05346293649075114,0.03094749509474927,0.07996562822587151,0.07664045614493786,0.4373385237334431,0.734906999550093,0.6151085575954157,0.6162180582103487,0.7883026085723901
2154,0.439067819985753,0.4573641954094594,-0.0004585738706111564,-8.63922133966799e-05,0.3670420899058871,0.5128295013445513,0.0016333193189390083,0.00430790231977507,0.5784700844880536,0.04815832570948517,0.02785815074196909,0.08177022430988519,0.07762473109776032,0.43785426271170996,0.7369806400056517,0.615000438183334,0.6157368764011552,0.7850852149794547
2155,0.4384327387123122,0.45706388602971243,-0.0006350812734408073,-0.0003003093797469547,0.3711219223274537,0.518444756241759,0.00407983242156662,0.005615254897207711,0.5777812485473308,0.04371465110253418,0.02525750569383315,0.08332349492037164,0.07841126146604949,0.4384051556532518,0.7386369359764026,0.614914290554687,0.6153179732965482,0.7822985101619567
2156,0.4375590379527201,0.45630450262944616,-0.0008737007595920887,-0.0007593834002662669,0.3776220515145146,0.5255913123128986,0.006500129187060888,0.007146556071139565,0.5759231380143359,0.03946606676607322,0.022729421017000182,0.08432239693199985,0.07880411364910307,0.4395383368116927,0.739840048734527,0.6145761742996544,0.6149016421433307,0.779239163289528
2157,0.4363717389573609,0.455007778735202,-0.0011872989953591873,-0.0012967238942441783,0.38748339163962625,0.5342732897571779,0.00986134012511164,0.008681977444279343,0.5605404605649906,0.03397505035159908,0.019044390371804096,0.08062891959066758,0.07429201445641917,0.4487760426902789,0.7355140747399165,0.6127106726611877,0.6130660030761302,0.7693147395099874
2158,0.43520098020537384,0.4532543056360021,-0.0011707587519870777,-0.001753473099199876,0.40005806818742073,0.544090192649032,0.012574676547794483,0.009816902891854107,0.5364606478034104,0.02957934217440283,0.01586815306447888,0.07480794442557161,0.06742313758465211,0.46350673908581286,0.7271849456391679,0.6100036801502176,0.6102098263632336,0.7563777270436438
2159,0.4351135796037114,0.4519327144076315,-8.740060166245733e-05,-0.001321591228370611,0.41194138201228553,0.5526756979541224,0.011883313824864794,0.00858550530509039,0.5119714131012197,0.02639025021852325,0.01351105369647212,0.06947040112558066,0.06252045100531306,0.48073528422787376,0.7171389622769901,0.6075364524925106,0.6068037811619289,0.7428656466309638
2160,0.43549318658373715,0.45098193297898953,0.00037960698002575954,-0.0009507814286419669,0.42303637890854945,0.5600241802691237,0.01109499689626392,0.007348482315001292,0.4899607408732401,0.024536408447640604,0.012021876861374417,0.06532998192843131,0.05830430532141919,0.49777580755236384,0.7072214790383936,0.6053215110689171,0.6034478818178354,0.7307423017413439
2161,0.43607155696690153,0.4503713058442593,0.0005783703831643838,-0.0006106271347302572,0.4332069831887285,0.566414475959046,0.010170604280179074,0.006390295689922332,0.4709382367648627,0.02305508774755697,0.01085752237229367,0.06171991009654675,0.053499030636482786,0.5126504091229555,0.6998853627548818,0.6038029301003881,0.600352816367552,0.721538030529842
2162,0.43679931458242305,0.4499348138069123,0.0007277576155215182,-0.0004364920373469694,0.44210073983653186,0.5721876754643955,0.008893756647803341,0.005773199505349491,0.4547353765915875,0.021942000012634834,0.00997780363891812,0.059303763721902665,0.049762388844815555,0.5259176413150415,0.6927255998868851,0.6025736701982808,0.5975773810277373,0.7127954141249301
2163,0.43753443589868724,0.4495961513537933,0.0007351213162641868,-0.00033866245311897636,0.4499465829766105,0.5772946466795527,0.007845843140078634,0.00510697121515713,0.4417211006962908,0.021582427232783925,0.009533413512962916,0.05769832829865328,0.046158092715565216,0.5380530340996235,0.6858018866124819,0.6016666971853186,0.595200581888605,0.7050395388411439
2164,0.43830477655953765,0.4493489671194424,0.0007703406608504104,-0.00024718423435093895,0.4569975783013981,0.5820562577427075,0.00705099532478759,0.004761611063154869,0.4304930664819203,0.02213671924900487,0.00952970415135346,0.05623578969423241,0.04238725701306382,0.5496705966273053,0.6782816280705407,0.6010121530664542,0.5932530472998857,0.6979194036878839
2165,0.4389727586753843,0.4491952703627508,0.000667982115846677,-0.00015369675669157923,0.4630026423191055,0.5858304910115564,0.0060050640177073955,0.003774233268848848,0.4199128835952662,0.02406213885803647,0.010104002113347799,0.05458065602114504,0.03829663688066292,0.5601650217694273,0.6703000393902298,0.6004840859299179,0.5915988907690513,0.6918786766944033
2166,0.43949685745515554,0.4490957760330016,0.0005240987797712204,-9.949432974920569e-05,0.46803222590931687,0.5888309693637215,0.005029583590211384,0.0030004783521651035,0.40908206116498824,0.028820502474296197,0.011789950555995733,0.051146700074305176,0.033910284964787915,0.568615357720034,0.6610811872536483,0.600115608061374,0.5902934040311165,0.6878231812607872
2167,0.43995534568303757,0.44912084436929406,0.0004584882278820257,2.5068336292455307e-05,0.4722764195774524,0.5909369461501011,0.004244193668135554,0.002105976786379582,0.3986275932865819,0.04107334069691151,0.016372966950249652,0.04579540634237008,0.0281018724695857,0.5747434515419394,0.6478034510785378,0.6002777888307304,0.5896381135211806,0.6874177176770108
2168,0.44027530659254466,0.44918085033459204,0.0003199609095070888,6.00059652979823e-05,0.47563893442735944,0.591650123624418,0.0033625148499070168,0.0007131774743169839,0.3891544147542266,0.0540527484382804,0.021034865684356443,0.04032097603452159,0.02159922396373587,0.5794155500935553,0.6364593733992886,0.6007824259153709,0.5893172200005073,0.6894312619852958
2169,0.44063339907222054,0.44934612818444736,0.00035809247967588664,0.00016527784985531646,0.4780063567320424,0.5911523942920021,0.0023674223046829534,-0.0004977293324159859,0.3811823991922076,0.08068210502651076,0.03075459836588304,0.027946503064492582,0.009637930492492194,0.5758663430631352,0.6215194737028545,0.6010459464220749,0.5898546557945067,0.7018526034829674
2170,0.44084569484770597,0.4494381893135153,0.0002122957754854271,9.206112906795516e-05,0.4791869409071855,0.589801233961113,0.0011805841751431068,-0.0013511603308891118,0.3751042986934247,0.11073019451814735,0.04153537195891616,0.013847308195003568,-0.004188867807752779,0.5690238698610017,0.6068537290980222,0.6011289619357473,0.5908767141181925,0.7175531117161862
2171,0.4411312638898225,0.44957478027795533,0.000285569042116518,0.00013659096444001984,0.4787764782060559,0.5885853884315432,-0.00041046270112959915,-0.00121584552956977,0.3736952192036888,0.1444405972586396,0.05397676065447907,-0.006492157655659861,-0.02497510781517694,0.5577325810221739,0.5981135500100628,0.6022857619051888,0.5927951111464012,0.7424829891511098
2172,0.4413829847582129,0.44970603414390337,0.00025172086839042596,0.00013125386594803334,0.47712453109164144,0.5868344005276168,-0.0016519471144144648,-0.0017509879039263598,0.3864004263141637,0.1745846422548583,0.06745958019518301,-0.02296533206301341,-0.037644034776258134,0.5453615999005468,0.5966011561610371,0.6043083458968812,0.5954120026962963,0.7709044559116428
2173,0.44144446839854795,0.44965270046953,6.148364033503606e-05,-5.3333674373379214e-05,0.4751581506960379,0.5850407055345157,-0.0019663803956035397,-0.0017936949931011137,0.40331131401137854,0.19863917046882698,0.08011342485591283,-0.03214593028530291,-0.040738051976744585,0.5343702139213481,0.5972994152073327,0.6063183235669362,0.5982421692103622,0.7954729017960518
2174,0.4413870800201603,0.44951429399007736,-5.73883783876461e-05,-0.00013840647945262408,0.4732363058852284,0.5832253115281247,-0.001921844810809481,-0.001815394006390969,0.4215580915683396,0.21907020223774473,0.09235081637483387,-0.035693332604695226,-0.03750240162960931,0.5230830773022747,0.600182900614023,0.6084185567879798,0.6013241115891533,0.818594657427872
2175,0.44110751201392207,0.44923466261474126,-0.00027956800623823996,-0.00027963137533609794,0.47129284035389685,0.581507758866592,-0.0019434655313315674,-0.0017175526615327286,0.44006535903839883,0.23535590104012918,0.10357197909303031,-0.036091370257631976,-0.030705753618965423,0.5120075197066684,0.603739302956672,0.6099578158941876,0.6037369499234266,0.8382484525085923
2176,0.44067751444313796,0.4489718860180368,-0.00042999757078410195,-0.0002627765967044837,0.4693249290909027,0.5798296886797298,-0.001967911262994171,-0.0016780701868621684,0.4605438156559385,0.24069278768191496,0.11084957483989379,-0.02975194026455212,-0.018810001263867903,0.5016931327254012,0.6133042793977304,0.6110637669316917,0.6056227999903872,0.8530946070799564
2177,0.4401280853377302,0.4487756404452898,-0.0005494291054077838,-0.00019624557274700027,0.4672024984693953,0.5782220723720214,-0.002122430621507354,-0.0016076163077084482,0.48186614147867557,0.23971112724933694,0.11550867595714179,-0.02045371627990902,-0.006636161661707471,0.4898548804076904,0.6272715419946153,0.6122125406120315,0.6074485495168703,0.8661121801207474
2178,0.4391328548734145,0.448521590572829,-0.000995230464315655,-0.00025404987246080424,0.4651187646103436,0.5770437198175697,-0.002083733859051695,-0.0011783525544516449,0.504439091586677,0.2356090975108156,0.11885043911791263,-0.01092502200932931,0.006255803841963937,0.47626518153184266,0.6415898578119562,0.6134196244549962,0.6091955400485383,0.8763237758744764
2179,0.4378078585994785,0.44828770518907995,-0.0013249962739360077,-0.0002338853837490218,0.463997822269895,0.5765358368990401,-0.0011209423404486274,-0.0005078829185296563,0.5256314923948261,0.23060014387628752,0.12121069777215462,-0.001409574210516083,0.017536338891175635,0.4613968119964585,0.6556059058605981,0.6142951630167347,0.6107571119523887,0.885325507739829
2180,0.43635878407340073,0.4479792858847492,-0.001449074526077787,-0.0003084193043307315,0.4631018940151655,0.5763898704271921,-0.0008959282547295055,-0.00014596647184794698,0.5438917525960075,0.22613780655495785,0.12299448793539294,0.00770151791761335,0.026400177188491778,0.44660372898664763,0.6674890158551764,0.6149750265350094,0.6121841191695105,0.8926850446006994
2181,0.43495793480987094,0.44764297289653326,-0.0014008492635297909,-0.0003363129882159588,0.46254154353738913,0.5763772514801042,-0.0005603504777763613,-1.2618947087927879e-05,0.5597686560302048,0.22229227271083776,0.12443224674124541,0.014934972706276802,0.0328411509389345,0.43316702340582275,0.678074902437346,0.6157338794198836,0.6136067204773915,0.8993774992233671
2182,0.43358878020106784,0.44727661789025924,-0.0013691546088031026,-0.00036635500627402173,0.46154510445982755,0.5764156711305289,-0.000996439077561584,3.841965042472584e-05,0.5726633749410387,0.2192746286917557,0.12557054890556393,0.021611620268057206,0.03722033147460189,0.4214694258299844,0.6855346979574992,0.6162949561461564,0.6149462894622791,0.9037431278488323
2183,0.43211465360318413,0.446638142980544,-0.001474126597883707,-0.0006384749097152476,0.4607406814024903,0.5767059885750168,-0.0008044230573372446,0.0002903174444878198,0.5829497811064875,0.21165201294379946,0.12338249461633537,0.028290994874064737,0.04008505998468081,0.4133668329011731,0.6892096388529039,0.616700789846309,0.6163070857079431,0.8997273531584069
2184,0.4302885032309438,0.44581870921346833,-0.0018261503722403205,-0.0008194337670756613,0.46065806415137905,0.5782403843089838,-8.261725111124996e-05,0.0015343957339670755,0.5894914142744444,0.1973566117558737,0.11634002818038243,0.0332824899299129,0.04191881356654871,0.40774152919162054,0.6940988165149504,0.6163942865616406,0.6174194590904211,0.8903133009897517
2185,0.42834182465080817,0.4449630839121305,-0.0019466785801356412,-0.0008556253013378146,0.4607624772250951,0.5805835634677172,0.00010441307371605868,0.0023431791587333883,0.5924418621289428,0.1742709354037789,0.10324539748556746,0.03964697481948091,0.04582683883608408,0.40619009283560265,0.7021450249004737,0.6157324304801921,0.6177522832659741,0.875503469344383
2186,0.4263747238296318,0.4440804177624907,-0.0019671008211763485,-0.0008826661496398325,0.46066553746347866,0.5829648852734525,-9.693976161645468e-05,0.002381321805735248,0.5927584949378267,0.15047895673901016,0.08919767991643,0.04605753315596206,0.050301696347198784,0.4064835228944716,0.7102014743615984,0.614995594685513,0.6175251959471335,0.8600252398135513
2187,0.4246861312908419,0.4432315861870217,-0.0016885925387899459,-0.0008488315754690001,0.4608257445125951,0.5853679720197672,0.00016020704911645645,0.002403086746314731,0.5919510748498177,0.1290857237151407,0.07641243290094414,0.051966988969182025,0.05432133243248781,0.40749683699247974,0.717381852417246,0.614332591576047,0.6170732144318288,0.8460224143869834
2188,0.42331582610544133,0.4424608526488012,-0.0013703051854005444,-0.0007707335382204916,0.4612561533148905,0.5879504213757706,0.00043040880229539,0.00258244935600338,0.5909067435399664,0.1108327731622294,0.06549183306679676,0.05712525259153015,0.05777560381760976,0.4087872053413718,0.7231246867156417,0.6137342478741418,0.616555285307489,0.8336589300992602
2189,0.4222748908494432,0.4418374584950391,-0.0010409352559981322,-0.0006233941537621135,0.4612137582255251,0.5899836046600776,-4.239508936543235e-05,0.0020331832843070163,0.5896587350001673,0.09562942096475596,0.05638872339487648,0.061713850054710404,0.0611965294556785,0.4104160599477853,0.7281424989347138,0.6131961730784229,0.616036066276888,0.823576797641001
2190,0.4213844160988946,0.44113233046530237,-0.0008904747505485977,-0.0007051280297367124,0.46092898551533096,0.5915108293385545,-0.00028477271019411443,0.0015272246784768795,0.5883421724492582,0.08275833056024105,0.04869021599008606,0.06616517774406125,0.06413596488703702,0.41253383331413623,0.7319097863722182,0.6127812076603016,0.6155271045426293,0.8145454206412768
2191,0.4207170958746644,0.4405626926076565,-0.0006673202242302168,-0.000569637857645855,0.460708813448725,0.5926556579210107,-0.00022017206660596145,0.0011448285824562365,0.5869849246238287,0.0722808113004454,0.04242774657294113,0.07026747377309224,0.06708228116723296,0.41465758977648226,0.7344092411730307,0.6123901145373278,0.6150222019728893,0.8066077485734939
2192,0.42020625586007954,0.4400474833210498,-0.0005108400145848457,-0.0005152092866066993,0.4602576219953793,0.5933908112901469,-0.00045119145334571176,0.00073515336913621,0.5858648825582169,0.06373455404239026,0.0373398370189453,0.07425025063421516,0.06999112404952816,0.4167752007581183,0.7361635121866542,0.6120212552080133,0.6145432530495113,0.7998350344406351
2193,0.4198232974973277,0.4396076147431266,-0.0003829583627518174,-0.0004398685779232192,0.4602509469753975,0.5942625259747144,-6.67501998180553e-06,0.0008717146845674817,0.5848560250673756,0.056688397112329404,0.03315455060255786,0.07769732083746862,0.0728079127525463,0.41884259693721443,0.7374173784132197,0.6117090236151599,0.614192505725124,0.7940498485224334
2194,0.4193696742404129,0.43913491531151344,-0.00045362325691483685,-0.000472699431613155,0.4602472685880939,0.594868081578876,-3.678387303585051e-06,0.000605555604161645,0.583983445160884,0.050628248173573205,0.029566058790863513,0.08069398989996338,0.07558606254897679,0.42072971537364806,0.7383141881189775,0.6113608802269958,0.6138636773819316,0.7888859383324698
2195,0.4189511709994804,0.4386931951777633,-0.00041850324093245517,-0.0004417201337501564,0.4600098838096826,0.5953110598510323,-0.00023738477841128702,0.00044297827215622476,0.5833812487062657,0.04521636853179966,0.026378381536043986,0.08340447460552526,0.07844063533132367,0.42259023996481815,0.7390876430555743,0.6110412997663187,0.6135515259459059,0.7842383194627043
2196,0.41864687456264943,0.4383943148456037,-0.0003042964368309975,-0.000298880332159579,0.45951780957717286,0.5952667872665449,-0.0004920742325097427,-4.427258448735927e-05,0.5828606804809565,0.040364144831149536,0.023526672923315704,0.08535196979997693,0.08101996508553354,0.4243982170429389,0.739917574854811,0.6107175770847669,0.6133158111658854,0.7801970253659761
2197,0.41839834839367795,0.4380309021853074,-0.0002485261689714746,-0.000363412660296325,0.45947597451164873,0.5952046481373173,-4.183506552413174e-05,-6.213912922758968e-05,0.582482917778276,0.036339800765879074,0.021167313181590472,0.08698358570414516,0.08324602089660109,0.42589638531001395,0.7413371461158678,0.6104535895428509,0.6130328188556675,0.7775647250121268
2198,0.4180220716221335,0.43754825600457653,-0.00037627677154444816,-0.0004826461807308502,0.45959527377656884,0.5949437328567657,0.00011929926492010301,-0.0002609152805516102,0.5821479094202515,0.033010839768153416,0.019217191359237412,0.08847572776671639,0.0852511940860603,0.42704920523831763,0.7427884303314266,0.6101241951491978,0.6127902852690851,0.7756529647262307
2199,0.41766932659514916,0.43696237028691015,-0.00035274502698434684,-0.000585885717666379,0.4598442713397707,0.5949015357329737,0.00024899756320184707,-4.219712379205376e-05,0.5817356519678402,0.030307546690013246,0.017630980433260612,0.0896462176552514,0.08684116272790322,0.42793551346086744,0.7439812678298554,0.609790894865307,0.61256904367274,0.7741061858525393
2200,0.41732370291690524,0.4363804722132391,-0.0003456236782439226,-0.0005818980736710389,0.46011468310854003,0.5950326648125738,0.0002704117687693519,0.00013112907960011189,0.581562677740595,0.028134740109606995,0.016362114795678766,0.09036272612774653,0.08808940962275262,0.4286502985711121,0.7448599861779126,0.6095186283234726,0.6121865168168767,0.7727717045276937
2201,0.41704510785373516,0.4358648586922544,-0.0002785950631700729,-0.0005156135209847257,0.46031195409009185,0.5951363469564914,0.00019727098155181144,0.0001036821439176494,0.5812811360662063,0.026342583887204996,0.015312447088873863,0.0908577334170314,0.0890685016087293,0.4293245350072737,0.7455571487143232,0.6091995076869107,0.6118584259240156,0.7716314062815609
2202,0.4168010078723807,0.4353115620579643,-0.00024409998135443978,-0.0005532966342901013,0.4605445618563139,0.5952806160813228,0.00023260776622208157,0.00014426912483134213,0.5808663771677028,0.02490419429147224,0.014466009114368066,0.0912122949070018,0.089778363665894,0.4298613849175039,0.7458773754073368,0.6088524331572678,0.6115763445343682,0.7704703044063063
2203,0.4168725740186067,0.43499976369925375,7.156614622599866e-05,-0.0003117983587105355,0.4609774316127722,0.5955471913319106,0.0004328697564582873,0.0002665752505878194,0.5807853911838945,0.023702195396647426,0.013765888825358978,0.09151124106145997,0.09013445635862857,0.43040345987352646,0.7462474308432124,0.6087289765510336,0.6114231458465198,0.7695908559395065
2204,0.4168312449046254,0.4346425340758758,-4.1329113981303234e-05,-0.0003572296233779748,0.46136646723749863,0.5958107913599299,0.0003890356247264193,0.00026360002801928406,0.5805137226632013,0.02282472466123433,0.013250065881855717,0.09156300853737963,0.0900622094818605,0.43079714149224024,0.7463606733896284,0.6086182009709258,0.6112340332132933,0.7687905290910075
