frame,BrowHeight_L,BrowHeight_R,BrowSpeed_L,BrowSpeed_R,EAR_L,EAR_R,EARSpeed_L,EARSpeed_R,MouthWidth,LipGap,MouthArea,LipCornerLift_L,LipCornerLift_R,UpperLipHeight,LowerLipHeight,CheekWidth_L,CheekWidth_R,JawOpen
0,0.40714819628625015,0.4341448667555232,0.0,0.0,0.5041238528194724,0.612321895999765,0.0,0.0,0.5878288119911647,0.17153777708612836,0.10083484771614405,-0.12071726860895854,-0.10756116517967802,0.41176034204767353,0.7935741122723663,0.6759458493737871,0.6402425833112213,0.9650991228938945
1,0.4091408779144748,0.435309257096564,0.001992681628224635,0.0011643903410407663,0.5006814971797224,0.6108982871061054,-0.0034423556397499278,-0.001423608893659667,0.588473595158079,0.17159306432457283,0.10097798746727288,-0.1207535305449823,-0.10741847703213533,0.41412459784996125,0.804399566179844,0.678442678735843,0.6426801571460079,0.9759815423115255
2,0.4123363653289349,0.43636026173737025,0.0031954874144601297,0.0010510046408062634,0.4986882393337988,0.6085839837754973,-0.001993257845923635,-0.002314303330608114,0.5888960436878674,0.17102836995206314,0.10071793042315492,-0.12012602014522088,-0.10639818311981399,0.41932413494429605,0.8163722834352988,0.6819008497978757,0.646050660984189,0.9873914908434075
3,0.41576925886088534,0.43751855218454366,0.0034328935319504206,0.0011582904471734157,0.4968868879984871,0.6057474508198454,-0.001801351335311674,-0.0028365329556518937,0.5893693265064198,0.1694101858610547,0.0998451671442572,-0.11856207597792849,-0.10473178218646455,0.42548630925949144,0.8279470496635949,0.6857503881429577,0.6499268565794782,0.9973498015509548
4,0.4185662256004351,0.43817178249478855,0.0027969667395497666,0.00065323031024489,0.49611967024107156,0.6033907633561657,-0.0007672177574155614,-0.002356687463679674,0.5893463719823108,0.16801998894605322,0.09902197090586443,-0.11707869997282735,-0.10370632501933594,0.43040513425489646,0.838150685641204,0.6889330255692313,0.6532420313348496,1.006163162600384
5,0.42106829931795015,0.438223414956842,0.002502073717515041,5.1632462053419204e-05,0.49577140650177653,0.6020020335498097,-0.0003482637392950294,-0.0013887298063559594,0.5891973982776656,0.16644080933675204,0.09806649182844329,-0.11600281355666535,-0.1033749237889661,0.4344593921964515,0.84700997808063,0.6916937177284859,0.6561645409534643,1.0134431857049002
6,0.4235698863705993,0.43800073819700447,0.0025015870526491346,-0.00022267675983750346,0.4958462530784774,0.6006411336636914,7.484657670087103e-05,-0.0013608998861183164,0.589081708965153,0.1646841271524928,0.09701240706242502,-0.11525449034379003,-0.10354157958004259,0.43764658980478066,0.8555943774418738,0.6940952420049716,0.6588463791309385,1.0202707852974737
7,0.4254058917148792,0.43783684725615346,0.0018360053442799118,-0.00016389094085100808,0.4975345245927187,0.5995939209548445,0.0016882715142412796,-0.0010472127088468897,0.5887463657308121,0.16188548460100724,0.09530949072341435,-0.11314571694631628,-0.10256536194390886,0.4409283697051739,0.8638351702697522,0.696166097605512,0.6611707282411589,1.025713663846985
8,0.427015090227609,0.4378915432411669,0.0016091985127297814,5.4695985013453186e-05,0.49993734324222383,0.5990255696307867,0.002402818649505145,-0.0005683513240578586,0.5883146533972206,0.15849462235903258,0.09324470881847761,-0.1106958154331295,-0.1011983335076376,0.443772651182779,0.8716192233970804,0.697777725715331,0.6631350827717796,1.0301078939908614
9,0.4284571117714556,0.4384701429809295,0.00144202154384665,0.0005785997397625975,0.50157712615466,0.5981230554061628,0.0016397829124361607,-0.0009025142246238405,0.5880416999532825,0.1542021917282647,0.09067731896041076,-0.10756458120618154,-0.09908849801515711,0.44686182784662176,0.878454340643736,0.6991510473205407,0.6650663160482144,1.0326497661964729
10,0.4296359535783017,0.43902518890678727,0.001178841806846076,0.0005550459258577556,0.5027598473397249,0.59754370070941,0.0011827211850649055,-0.000579354696752854,0.5880452790611196,0.14917876698571744,0.08772386966210995,-0.10378126326572433,-0.09622586296233358,0.4502164842171263,0.8841636305209741,0.7002762419628131,0.6666699639614629,1.0333340491679375
11,0.43057249211955745,0.4393709843939148,0.0009365385412557492,0.0003457954871275426,0.5039405772701011,0.596765270790104,0.001180729930376212,-0.0007784299193059896,0.5880569217759692,0.14278072793050378,0.0839631953557442,-0.09853730109144834,-0.09186832003559976,0.4541375482273922,0.888894520990984,0.7009883534617263,0.667883215803832,1.0316644281154097
12,0.43123399065370266,0.43959535719566895,0.0006614985341452106,0.00022437280175413576,0.5040295232851786,0.5953479776571672,8.894601507747346e-05,-0.0014172931329368144,0.5880109705296469,0.13567261323367322,0.0797769849818256,-0.09272147871394143,-0.08694469313713798,0.4579299349980674,0.8930159712586473,0.701324330824368,0.6687615074357589,1.028674908139268
13,0.43120506047119816,0.43989547407357193,-2.8930182504494084e-05,0.00030011687790298947,0.5044209606869794,0.5945587202573748,0.0003914374018008093,-0.000789257399792409,0.588074908024924,0.1282899210717687,0.07544408353480514,-0.08683069795698432,-0.08220773529936289,0.4611387780808174,0.8970290333030455,0.7014910943778494,0.669295791273053,1.0252995866281385
14,0.43040738766030856,0.44032660692886605,-0.0007976728108896047,0.00043113285529411405,0.5038198306067966,0.5932012920296044,-0.0006011300801828101,-0.0013574282277704075,0.5884420728395445,0.12224436010641282,0.07193372465396128,-0.082093853889191,-0.07787165558981163,0.46339965098236136,0.9010182422586676,0.7015757240279645,0.6693853748709182,1.0232330895184454
15,0.4291900343182416,0.4408097766227238,-0.0012173533420669624,0.00048316969385775455,0.5055122289793594,0.5937252261371249,0.0016923983725628533,0.0005239341075204962,0.5886752236858054,0.11732485294562696,0.06906623405167117,-0.07834807823384939,-0.07439401680179161,0.46511027545176375,0.9035764545609551,0.7018802534987559,0.669164507935635,1.0208578860126747
16,0.42846234234955166,0.4417706578293501,-0.0007276919686899364,0.0009608812066262962,0.5086438948881754,0.5950521142078076,0.0031316659088159726,0.001326888070682708,0.5882667726304542,0.112909908688152,0.06642114758197847,-0.0744308464693413,-0.07153010136886748,0.46623682294297675,0.9043590169942256,0.7018395915592464,0.6678448641865152,1.0172070864192104
17,0.4282889932460092,0.4425779486474302,-0.0001733491035424417,0.0008072908180801197,0.5115953234581886,0.5970482547836928,0.0029514285700131815,0.0019961405758852635,0.5879274237237768,0.11065296963341444,0.06505591536395866,-0.07162550226922001,-0.06944878308398718,0.46625775832728567,0.9031172896841155,0.7016837784596767,0.6659408730491154,1.013685222827973
18,0.4285048578322926,0.44309462279957357,0.00021586458628336525,0.0005166741521433482,0.5148022563682263,0.5999479305483228,0.0032069329100377075,0.0028996757646300164,0.5874294957689884,0.11084514360856489,0.06511370681842038,-0.06960246825739248,-0.0685802739877747,0.46553468664434056,0.9007749427063714,0.7015789962604921,0.6642009337416148,1.0115081011441391
19,0.4288208681983948,0.4435192769910402,0.0003160103661022373,0.0004246541914666446,0.5180420210246499,0.6032489093381196,0.003239764656423616,0.003300978789796738,0.5871009630857769,0.11045205127207164,0.06484650567663286,-0.06785393889557491,-0.0671721215385567,0.46515248338782333,0.8989017305367211,0.7012919473668696,0.6624087141271223,1.0092186417499391
20,0.42983424719479923,0.4444827710947939,0.0010133789964044126,0.0009634941037536815,0.5173773294998798,0.6042560847340549,-0.0006646915247701113,0.0010071753959353114,0.587031502109222,0.108768570971114,0.06385057759944657,-0.06538957730179557,-0.06500209645877664,0.4662095959579081,0.8978421732001183,0.7014211545403402,0.6610409062147371,1.0064619873152107
21,0.43529942741134164,0.44974307529044866,0.005465180216542409,0.005260304195654764,0.49785721951390255,0.5966284802518456,-0.019520109985977252,-0.007627604482209338,0.5878040911243266,0.10887594009817798,0.06399772301471614,-0.06431365397567064,-0.06414678911015173,0.4667871505326163,0.8971110182071386,0.7022475266086702,0.660332480633533,1.0058262968756926
22,0.442592859033544,0.45726331004354104,0.007293431622202362,0.007520234753092381,0.4334422760361264,0.5517954557891951,-0.06441494347777615,-0.04483302446265047,0.5855171879606113,0.110140839839643,0.06448935482252784,-0.06436813795456037,-0.06350393139538522,0.4636160019742372,0.8902028620158332,0.6986355826308693,0.6563584371011315,1.0001672410525506
23,0.4468151157996459,0.4617853786269458,0.004222256766101884,0.004522068583404759,0.3706880326419838,0.510718893604173,-0.0627542433941426,-0.04107656218502209,0.5820826899007235,0.10983844589791998,0.06393505804277635,-0.06320882110668773,-0.062279417892218684,0.45964435913998525,0.8814620973972681,0.6931144725451907,0.6501907343164441,0.9911135887627824
24,0.44774163923930504,0.46461495479086384,0.0009265234396591548,0.002829576163918046,0.34313648775466077,0.4982046046170455,-0.027551544887323032,-0.012514288987127475,0.580254733973883,0.10953496065448286,0.06355817945540669,-0.06201728480413382,-0.061384941513303135,0.4577128511692047,0.8764697868214116,0.6902045682210023,0.6465543717484572,0.9858065463292619
25,0.44865882268097235,0.4665818887481208,0.0009171834416673019,0.0019669339572569444,0.3414891534771327,0.4989169195785179,-0.0016473342775280564,0.0007123149614723934,0.5802720095262923,0.10756062126542111,0.06241441784758236,-0.05985743564321188,-0.05906363175799388,0.45899411454980693,0.8763428357160464,0.690519356626375,0.6459927331137465,0.9836997324394455
26,0.4494556617757432,0.46832798175150714,0.0007968390947708515,0.0017460930033863509,0.3492035910496862,0.5035627916047735,0.0077144375725534675,0.004645872026255549,0.5808902332243897,0.1039478987431826,0.06038231914411259,-0.057219006593185,-0.05640302737854667,0.46164171233557766,0.87978562536152,0.6923669291656699,0.6466734185670673,0.9835376511349365
27,0.45002328360260846,0.46923640676708867,0.0005676218268652611,0.0009084250155815266,0.3557902158394094,0.5090151253817025,0.006586624789723217,0.005452333776928997,0.5821265065923293,0.09953377090409028,0.05794124634435931,-0.054042695985391055,-0.05367232252679878,0.46508980706837194,0.8836289847266167,0.6943580510757722,0.6477697450665794,0.9829802033046195
28,0.45067413119614064,0.4696666540404413,0.0006508475935321778,0.00043024727335261304,0.3629838529050608,0.5132855299782509,0.007193637065651404,0.004270404596548483,0.5834413610943975,0.09620036372829088,0.05612727115141014,-0.051151476975534016,-0.05163644173431616,0.46831514425092885,0.8867047216342193,0.6962048985772884,0.6490998256431001,0.9827323484733862
29,0.4506796975072854,0.46951181826127725,5.5663111447890046e-06,-0.0001548357791640309,0.3711392621154629,0.5172232315118336,0.008155409210402087,0.003937701533582638,0.5842742078422775,0.09372888958362077,0.05476337271340632,-0.04889037248004194,-0.04996142445447586,0.4704623028691077,0.8888005139448468,0.6972736446925945,0.6499886957981389,0.982362423645167
30,0.45028511362070106,0.4691685986900261,-0.0003945838865843654,-0.0003432195712511632,0.3801557386005449,0.5207241090647464,0.009016476485082026,0.00350087755291284,0.5846799934508154,0.091127841405272,0.05328062571602138,-0.04648994906388992,-0.04789197283831798,0.472454828940096,0.8901670550006019,0.6977874217001447,0.6506439485256337,0.9811323733583097
31,0.44980991337320003,0.46891762988731045,-0.00047520024750102863,-0.00025096880271563426,0.3894499378004816,0.5252156172256708,0.009294199199936681,0.004491508160924362,0.5849236751074203,0.08901985448102172,0.052069820440566975,-0.04483984738082498,-0.04607440391863248,0.4735384822538069,0.8911710286432261,0.6980188573167592,0.6510484760837583,0.980030177199794
32,0.4491470352759484,0.46863588068435513,-0.000662878097251629,-0.000281749202955317,0.39813283345243417,0.5305427183242718,0.008682895651952571,0.005327101098601017,0.5848675465465746,0.08728869453087675,0.05105232461152728,-0.043766867533234985,-0.04446885467155973,0.47408363872169507,0.8918562112401388,0.6979891053966897,0.6515194448929397,0.978982759570662
33,0.4481454320095755,0.4680357168521177,-0.0010016032663728858,-0.0006001638322374325,0.40869715280383273,0.5353043601065783,0.010564319351398566,0.004761641782306536,0.585160666774865,0.08468662294564086,0.049555280749782785,-0.04254494281279398,-0.04284089249427009,0.47477231803158804,0.8928473279013002,0.6974257184588892,0.6522392623205435,0.9773755835670973
34,0.4459149758905726,0.4669335040377116,-0.0022304561190029104,-0.0011022128144060894,0.42484587514632927,0.5424397389073249,0.016148722342496535,0.00713537880074655,0.5849325420825772,0.0815891892967265,0.047724171901790825,-0.04183252111578678,-0.04110721906440003,0.47515718009804386,0.893750938135783,0.6956993777635773,0.6529755291110572,0.9751888181836613
35,0.44295572073203526,0.4656915524217941,-0.002959255158537344,-0.0012419516159175026,0.44001452371295213,0.5501310215129543,0.015168648566622867,0.007691282605629457,0.5849068806949198,0.07843986639503793,0.0458800175752479,-0.04126108248200452,-0.03941066015542373,0.47570142291838907,0.8943832537930948,0.6931959182733635,0.6544026128163335,0.9726809824764299
36,0.44034581529486727,0.46503867311364944,-0.002609905437167992,-0.0006528793081446715,0.4527283136350721,0.5565487105442402,0.012713789922119967,0.0064176890312858115,0.5850595668711944,0.07583047898805145,0.044365347192384594,-0.041191009960166926,-0.037985331571503356,0.4761399809936358,0.8946714623100823,0.6908471059365353,0.6555313016057577,0.9703696039038595
37,0.43865093751596174,0.4650121386339105,-0.0016948777789055347,-2.6534479738937744e-05,0.46330734838681153,0.5629431226567255,0.010579034751739436,0.00639441211248537,0.5847181476616324,0.07370978945457271,0.043099451554406684,-0.04128080298259218,-0.03670024889733899,0.47643160253097083,0.8949703381186024,0.6890176549779117,0.6564913658550328,0.9685579455788825
38,0.43724479322332316,0.4657018669267585,-0.001406144292638578,0.0006897282928480242,0.4732358271488381,0.5696959265587872,0.009928478762026571,0.006752803902061677,0.5843578674206301,0.07264833356803485,0.042452625275479425,-0.04176424972681923,-0.03560903745822683,0.47605512637771646,0.8951900731649136,0.6874383996340416,0.65727949997969,0.9677224288458012
39,0.4357568926422407,0.46552096699461815,-0.0014879005810824464,-0.00018089993214037703,0.4829400036357244,0.5759564759018141,0.009704176486886318,0.006260549343026889,0.5839054750181466,0.07136956018497043,0.04167307694164136,-0.042057946908241224,-0.03480485205010605,0.4751802779025002,0.8952253693408653,0.6857865865552888,0.6573580204868551,0.9664835604810762
40,0.43443819921130783,0.4649884912523239,-0.0013186934309328824,-0.0005324757422942583,0.49240962151336726,0.5815001827169483,0.009469617877642833,0.005543706815134164,0.5833865442509522,0.07002017616183016,0.040848828598893,-0.0422855181011842,-0.034095285596712634,0.4739918548515598,0.8949528844463283,0.6842969827146337,0.6569384838746168,0.9648660931588089
41,0.43285060636030254,0.46405249060350307,-0.0015875928510052928,-0.0009360006488208228,0.5003802007063389,0.5858940253746956,0.007970579192971672,0.004393842657747338,0.5828548811059479,0.06822598313302107,0.0397658472873334,-0.04198798913485157,-0.033143759905542594,0.4734069764797901,0.894832943974959,0.6831176743957055,0.656281792193686,0.962956499599102
42,0.4312811301713061,0.4624284955191856,-0.0015694761889964437,-0.0016239950843174866,0.5066731465968572,0.5900364337175874,0.00629294589051832,0.004142408342891812,0.5819056302982556,0.06671717446615168,0.03882309945944468,-0.04151750696188787,-0.032713353066639445,0.4727462617949683,0.8947799965857131,0.6820515632711519,0.6553251896622276,0.9613979818988704
43,0.4297554157432993,0.4599559089763516,-0.001525714428006808,-0.002472586542833999,0.5115562228800918,0.593347234438228,0.004883076283234589,0.0033108007206406054,0.5809364483620885,0.06476215016471842,0.03762269350498376,-0.040919810808182064,-0.032684431841530394,0.4723605782171657,0.8958054652722324,0.6812695808676992,0.6541511781188962,0.9604726310862324
44,0.42844479150220194,0.4567814397589837,-0.0013106242410973468,-0.003174469217367859,0.5148208810271254,0.5954475622012544,0.0032646581470335834,0.0021003277630263772,0.5799555598626731,0.06311357336274206,0.03660306777452297,-0.04055251880460925,-0.03335248412435671,0.4716643109264936,0.897706476662419,0.6805548216150838,0.6527341120186919,0.9607269464422471
45,0.42893408503927827,0.4552985229169074,0.0004892935370763296,-0.0014829168420762984,0.5132511148245255,0.5937501996766207,-0.0015697662025999648,-0.0016973625246337054,0.5800112967840244,0.06157351716732937,0.0357133355397761,-0.039898115020243825,-0.03396100767234064,0.4715595031516591,0.9017412297830647,0.6808260159769663,0.6520119328912759,0.9632233281081257
46,0.43066244407284976,0.4555545211203672,0.0017283590335714916,0.0002559982034597841,0.4653623580473535,0.562983329836586,-0.04788875677717197,-0.030766869840034627,0.5789984867503791,0.059185088922417396,0.0342680769242663,-0.03924983056042556,-0.03409188898357175,0.47054436277650863,0.9051815639542662,0.6790797757480346,0.6499167910444243,0.964280539340475
47,0.43152234961540253,0.45634494247158475,0.0008599055425527746,0.0007904213512175406,0.41075433224058555,0.5301811443174972,-0.054608025806767935,-0.03280218551908887,0.5776919999314177,0.0569283193276336,0.03288703464511503,-0.03889767544653223,-0.03373171320812198,0.4683710728434959,0.9064345458004084,0.676411366015267,0.6462749034234923,0.9632770552416835
48,0.4343576310247732,0.45874975746773605,0.0028352814093706713,0.0024048149961513055,0.3772825763316207,0.5119231259181751,-0.03347175590896484,-0.018258018399322062,0.5794310037499879,0.05565420951744663,0.03224777448360623,-0.03856476937842353,-0.03365560771610744,0.4692303571087507,0.9116954166212465,0.6785472093563887,0.6460490978587834,0.9672613523943454
49,0.4360021368955077,0.4599559805333056,0.0016445058707345028,0.001206223065569556,0.3708125079170116,0.5082819642711889,-0.00647006841460912,-0.0036411616469862462,0.5802078155847991,0.054941699935106225,0.03187760370386348,-0.038308236624378024,-0.032821598012892,0.4715430526175689,0.9149934825573689,0.6820238596223583,0.6467299020421124,0.9698355267286399
50,0.43643233055294894,0.4596132918884262,0.0004301936574412357,-0.00034268864487940753,0.37938299955786975,0.5137859081504517,0.008570491640858158,0.005503943879262785,0.5810289535563706,0.05573367639366756,0.03238287967286206,-0.03922131676077733,-0.033167984413410276,0.4726914731520632,0.9167695027640168,0.6852133612164998,0.6474202706226605,0.9723725658673531
51,0.4363704065934899,0.45819087389149576,-6.192395945903151e-05,-0.0014224179969304362,0.3999028021727297,0.5271348893335743,0.020519802614859972,0.013348981183122666,0.5811643503430683,0.05780024839859569,0.03359144381023784,-0.04110194367214234,-0.03432937827680635,0.47364898537547256,0.9161217537701032,0.6885232976213045,0.6484255011804839,0.9737399781274315
52,0.4361699071383784,0.45620817448954304,-0.00020049945511152467,-0.0019826994019527255,0.42118370057676374,0.5411686615463799,0.02128089840403402,0.014033772212805551,0.5810508404027425,0.060649341313741965,0.03524035074022254,-0.04412692227950409,-0.036422552729954004,0.47341684389810845,0.9146096585888449,0.6910124507026865,0.6497035964407181,0.9750182511104328
53,0.43619697152453474,0.45448383650268587,2.7064386156350206e-05,-0.0017243379868571718,0.4410406635046642,0.554096258710119,0.019856962927900457,0.012927597163739146,0.5808581117616126,0.06269064544393255,0.0364143699376794,-0.04649428062301101,-0.03805689499555414,0.4733011288739904,0.9132382044245793,0.6928990250233982,0.6510372670587358,0.9756318682494102
54,0.4364853630337733,0.4532187377273209,0.0002883915092385392,-0.001265098775364959,0.45807702454961036,0.5652765917499697,0.017036361044946158,0.011180333039850665,0.5806378170236859,0.06456838142706865,0.037490844040565845,-0.048490091871511286,-0.03935940857547752,0.47311679378843985,0.9123319650445804,0.694155611628152,0.6524057547115727,0.9765521266738593
55,0.4368933177680678,0.4521140063928469,0.00040795473429450224,-0.0011047313344740295,0.47233100751385504,0.5746609911895602,0.014253982964244682,0.009384399439590463,0.5802915866366904,0.06609974880304703,0.03835712810920684,-0.05001696944813147,-0.040359448242077996,0.4727969501024841,0.9111899858459349,0.6948535667792155,0.6534048123146112,0.9768997982457222
56,0.43696873424598587,0.4511905201303205,7.541647791808881e-05,-0.0009234862625263629,0.48350739776699847,0.5823825244564912,0.011176390253143431,0.0077215332669310355,0.5802619668027336,0.06618171769520366,0.03840273367620215,-0.05100932034293798,-0.04083220349782641,0.4725575499900348,0.9107677528814706,0.6949229975043261,0.6541347699593859,0.9765291163863986
57,0.43728021500337344,0.45041125074814103,0.0003114807573875722,-0.0007792693821794816,0.49348535908560737,0.5884594478400653,0.009977961318608897,0.006076923383574129,0.5804027599496575,0.06574882090832863,0.038160797118629686,-0.051645738726385754,-0.0409383553989111,0.4723223512778974,0.9107364548585152,0.6947094952793219,0.6547021616201106,0.976036806575597
58,0.43757279448278735,0.4498877807541986,0.0002925794794139125,-0.000523469993942427,0.5017744090479368,0.5935928355509734,0.008289049962329431,0.005133387710908099,0.580546810084172,0.06528630729361683,0.03790175744148426,-0.05222902983700741,-0.04125856173259898,0.4722155265782607,0.9109497392750214,0.6944674664691479,0.6554482970881105,0.9757612880027171
59,0.43763485921138723,0.4493121547185851,6.206472859987544e-05,-0.0005756260356135079,0.5078689988131286,0.5981280362903174,0.006094589765191838,0.004535200739343992,0.5810222982752246,0.06420312998196832,0.037303450138586214,-0.051937949639923556,-0.04172450922014469,0.47190266041263695,0.9112550209371578,0.6937934593111512,0.6557726462780307,0.974958982593423
60,0.4375510310199001,0.4487877118171039,-8.382819148711196e-05,-0.0005244429014811813,0.5120624349661882,0.6026300643066942,0.00419343615305956,0.00450202801637678,0.5809475121809096,0.061767030209533696,0.03588340253503169,-0.0505254902779282,-0.04173165918002126,0.4720048274056464,0.9125894421159125,0.6924828139631761,0.655833970052135,0.9738348499974149
61,0.43738432770755414,0.448087419045321,-0.0001667033123459727,-0.0007002927717829066,0.5149080247781276,0.6062460126160844,0.0028455898119393863,0.00361594830939016,0.5805728644441207,0.058885969158008845,0.03418759578963334,-0.04914119315194985,-0.042349367256461656,0.47239389580554275,0.9143545018465893,0.6914064782950593,0.655709787630275,0.9726903046751337
62,0.4372354053202013,0.4474559178634889,-0.00014892238735286778,-0.0006315011818321392,0.5168851471525218,0.6091826484775729,0.00197712237439418,0.0029366358614885124,0.580109296609619,0.05622735665412419,0.03261801231884216,-0.04781836376174662,-0.04291234694839013,0.47284358536044924,0.9160275353536923,0.6905831975302951,0.655497355331542,0.9716732138858407
63,0.437298925540769,0.44706910890231405,6.352022056771434e-05,-0.00038680896117482266,0.518427982510334,0.6114608687622538,0.001542835357812189,0.002278220284680943,0.5800953391400823,0.05379952581501199,0.03120885417323499,-0.046603262510806216,-0.04332851555415551,0.4734401998593843,0.9181733952594092,0.6900981515994947,0.655516058328575,0.9713607709041429
64,0.43732194895858983,0.4468794022563744,2.3023417820844383e-05,-0.0001897066459396468,0.5202288210998214,0.61350140594047,0.0018008385894874301,0.002040537178216173,0.5798517586588244,0.05081103564460707,0.029462868377801623,-0.04538954563852239,-0.043445620665474374,0.47422391766895194,0.9211987256779132,0.6897653050681732,0.6558235831554764,0.9713709166419255
65,0.4373722555736252,0.44672905228735665,5.030661503535594e-05,-0.000150349969017749,0.5226267012245619,0.6149611304386425,0.0023978801247405146,0.0014597244981725543,0.5799078325001592,0.04739023340715612,0.02748196753682054,-0.04417759981486278,-0.04346819096896228,0.4750482387706316,0.924497846030772,0.6893802282223592,0.6563225193869947,0.9712242135312935
66,0.4373170697811524,0.44651823996723444,-5.5185792472767226e-05,-0.00021081232012221118,0.5253630310564709,0.6161420015087533,0.002736329831908968,0.0011808710701107783,0.5799196194551604,0.043548378784652536,0.025254559252684876,-0.04318223025150011,-0.043517815752324454,0.47565235397130795,0.9280457179258417,0.6888565072651914,0.6567061826771556,0.9709067648447061
67,0.4367870256090359,0.445959931366839,-0.0005300441721165505,-0.0005583086003954629,0.527728962374124,0.6164677234647935,0.0023659313176531693,0.0003257219560401925,0.5795472121271096,0.03996198623031563,0.023159857710841367,-0.04245198519684075,-0.04368012980623688,0.4758058405017605,0.9311692601350924,0.6879087364009553,0.6571815573373732,0.970414174418852
68,0.4365773989791557,0.4457031843180055,-0.00020962662988016634,-0.0002567470488334944,0.5301453010740802,0.6166947565945112,0.0024163386999561665,0.00022703312971772416,0.5792951637556187,0.03683550340485565,0.021338628976936502,-0.04211834913540406,-0.044358139095538734,0.4752301655626503,0.9346236211004965,0.6868688569890267,0.6576178965728664,0.9707069844718152
69,0.4401281284221134,0.4495105504980271,0.0035507294429577008,0.0038073661800215874,0.5042168194193151,0.5991709872133779,-0.025928481654765134,-0.017523769381133314,0.5817345403069277,0.033773647936511234,0.019647297556834382,-0.04199709844805806,-0.04548322775149397,0.47432863509188755,0.9395736434199775,0.6863084289664828,0.6581295125212621,0.9725752195778526
70,0.4456917212601203,0.4559832169586545,0.005563592838006892,0.006472666460627441,0.4345178823510566,0.5584547585709928,-0.06969893706825847,-0.04071622864238511,0.580299585743641,0.032134515683358726,0.018647646139125604,-0.04039114598886306,-0.04604867318962439,0.47073033208766224,0.9369093763304348,0.6817674694424655,0.654778661568597,0.9682876619054095
71,0.44956259638248164,0.4614142756060276,0.003870875122361339,0.005431058647373088,0.3634160637688677,0.5157977761587088,-0.07110181858218889,-0.042656982412283995,0.5766554596285316,0.03216003864124905,0.018545261864340808,-0.03846899836261718,-0.04506740040047603,0.46609932660434406,0.9279227166360726,0.67491666210523,0.6490759447722761,0.9594006363960967
72,0.45048789135158435,0.4642812437675813,0.0009252949691027079,0.0028669681615536846,0.3074319252432845,0.48415437775647624,-0.055984138525583205,-0.03164339840223257,0.5718707233760996,0.03406533615221256,0.01948096842741579,-0.03688508070497209,-0.0435068893829417,0.4615654261308168,0.9153457414161723,0.6681089973228618,0.6429113025593013,0.9488233195310883
73,0.45141623063551745,0.46756998797055815,0.0009283392839330995,0.0032887442029768676,0.2876594711808216,0.46810567218990634,-0.01977245406246292,-0.0160487055665699,0.5716753443629816,0.03829208932015895,0.021890643348479916,-0.03662304400192431,-0.04285158410067299,0.4607371046355984,0.9085938330639537,0.6677257792948845,0.6417039875752639,0.9464198641008154
74,0.4514403844628771,0.4699575102886158,2.415382735965199e-05,0.0023875223180576666,0.27876676055508304,0.46299368472742913,-0.008892710625738542,-0.005111987462477208,0.5724512314261218,0.0420008315046957,0.0240434277157841,-0.03689682796632654,-0.04227066665441931,0.46117407958596435,0.9050996247768347,0.669058082475029,0.6420439238723055,0.9467206492603404
75,0.45088113899306437,0.4717591084621995,-0.0005592454698127303,0.0018015981735836628,0.288053761682692,0.46907615656571633,0.00928700112760894,0.006082471838287196,0.5729756424334633,0.04392855209190021,0.025169990356028384,-0.036901280629616943,-0.041404006673461675,0.4620378083798722,0.9034369569747889,0.6705584456541172,0.6423622032245181,0.9470429731576706
76,0.449865014175021,0.4727525471197527,-0.0010161248180433624,0.0009934386575531917,0.3055947352979845,0.4807210767325612,0.0175409736152925,0.011644920166844874,0.573366932899237,0.045219755043799256,0.02592751225591798,-0.03688963022651458,-0.04078903022302523,0.4625450731934621,0.9027146408925346,0.6718624519397222,0.6426177274672422,0.9476536194125261
77,0.4490929991049972,0.4729933149608536,-0.0007720150700237793,0.00024076784110094174,0.3271642236135624,0.49518071337079506,0.021569488315577923,0.014459636638233853,0.5737483549943118,0.04612960491486246,0.026466784936439856,-0.036860690357057,-0.04060768852890331,0.46282212357325914,0.9026801718550466,0.6730136408668361,0.6428571920016202,0.948561164420691
78,0.44825188417243234,0.4728790697965764,-0.0008411149325648903,-0.00011424516427721576,0.35080275078654255,0.5103045896890437,0.02363852717298015,0.01512387631824863,0.5740209405582812,0.04671763921416758,0.026816903202378915,-0.0368850478062084,-0.040435268713919975,0.46303525611834534,0.9029859878806236,0.6740367863126884,0.6430559182996347,0.9494796633617808
79,0.44687462658272736,0.47201913183972605,-0.0013772575897049721,-0.000859937956850354,0.3742126718829376,0.5255947538477894,0.02340992109639506,0.015290164158745734,0.5741942960283014,0.04719126930153416,0.027096957655276397,-0.03684138111060345,-0.040361597454856506,0.4631343947102228,0.9031326838480221,0.6748465670816562,0.6430547322870896,0.9501183066827961
80,0.44479846985668203,0.47075058458962493,-0.0020761567260453306,-0.0012685472501011152,0.3978143339895104,0.5405092151315802,0.023601662106572774,0.014914461283790814,0.5743265894784892,0.04782089069057779,0.027464809056143177,-0.037072598415701666,-0.040390673724424134,0.4630353035559367,0.9027380530679782,0.6755415743506559,0.6430289908325042,0.9503666177369221
81,0.442860761245777,0.4692438544037874,-0.0019377086109050312,-0.0015067301858375237,0.42110899806520674,0.5544921647772422,0.02329466407569636,0.013982949645661935,0.5745921201427103,0.04825270636391606,0.027725624852266182,-0.03789774517120625,-0.04057026212792461,0.46256441429475903,0.9024150371732733,0.6762200531771981,0.6430887874671524,0.9504852968238839
82,0.4407085931260227,0.4675551615260662,-0.0021521681197543274,-0.0016886928777212207,0.44257640409544646,0.5668654381481465,0.021467406030239722,0.012373273370904325,0.5748305496830255,0.048769928185555124,0.02803444462690433,-0.03906756316517008,-0.04104568586632182,0.461866351064773,0.9016399983469549,0.6768953862326657,0.6431235745027075,0.9502337890502517
83,0.43859963723162904,0.46583080998253495,-0.002108955894393638,-0.0017243515435312329,0.4613566834480144,0.577413250488319,0.01878027935256793,0.010547812340172547,0.5750148927775204,0.0489655818806603,0.02815593881489678,-0.04023970853385133,-0.041740582580371555,0.4609312853244258,0.9007963530356633,0.6774591052433235,0.6430231179769856,0.9495905880095085
84,0.4367859431175966,0.4642469896085938,-0.001813694114032427,-0.0015838203739411694,0.47738459344579454,0.5861938115258346,0.016027909997780143,0.008780561037515566,0.5751193125447056,0.04871771013459082,0.028018495961358112,-0.041100405259888756,-0.04235292589501154,0.4600479265491162,0.9006860879328745,0.6779741925067462,0.6428305915797089,0.9492369828003073
85,0.43521993392303954,0.46281739732565896,-0.001566009194557072,-0.0014295922829348218,0.4906378347755085,0.5932605708987864,0.01325324132971395,0.007066759372951759,0.5752072524121918,0.04912040110831976,0.02825441095890139,-0.04237757119562273,-0.04321514667747925,0.45890361255055406,0.9005655254069953,0.6783698475997322,0.6427428104053793,0.9495212085414186
86,0.4339965803936999,0.46157126939397836,-0.0012233535293396103,-0.0012461279316806073,0.5017446127907381,0.5990075893320466,0.011106778015229635,0.005747018433260198,0.5752455837049483,0.05008317093068569,0.028810122895816987,-0.04385463428000577,-0.044193469382364785,0.4575957511268375,0.8996721298804243,0.6786931559813512,0.6427234591581582,0.9495922552981402
87,0.4331490675481329,0.4604145743520088,-0.000847512845567,-0.0011566950419695798,0.5109986320622153,0.6037979951899068,0.009254019271477176,0.00479040585786028,0.5753204024106818,0.0513660768298282,0.02955195199199476,-0.04548337042334814,-0.045190627107053356,0.4562977111637659,0.8984185214943986,0.6790037456451568,0.6427671128581984,0.9496200587476974
88,0.43243010067419585,0.45948835280769246,-0.0007189668739370769,-0.0009262215443163191,0.5181409717797103,0.6075923804435726,0.007142339717495005,0.0037943852536657108,0.5755526565666128,0.05250854788378083,0.03022143422696525,-0.04670577401849082,-0.045797101372216806,0.45529958420530126,0.897177007888633,0.6792367229675729,0.6429546359133994,0.9495173141524301
89,0.4315930537825795,0.4585675294886576,-0.0008370468916163443,-0.0009208233190348691,0.523924832464672,0.6107922177055782,0.005783860684961728,0.003199837262005678,0.5753673761437478,0.052662150131367866,0.030300083143173253,-0.04763879932786505,-0.04592296302559882,0.45487820110029015,0.8969980670317531,0.6795136172054062,0.6431424921878993,0.9494891376023302
90,0.4307211967311175,0.4576978470464269,-0.0008718570514620327,-0.0008696824422306793,0.5287130034788446,0.6135006535326353,0.004788171014172615,0.002708435827057043,0.5751553592381089,0.05157846548856916,0.029665630847028397,-0.04788948685021717,-0.045596532882345456,0.45488899897244384,0.8981377238831153,0.6797139976408245,0.6432690407498864,0.9495468261764594
91,0.43003884521451713,0.4568597394743428,-0.0006823515166003435,-0.0008381075720841347,0.5324823937519567,0.6156959810467076,0.003769390273112072,0.002195327514072365,0.5748394043908361,0.0492113141806182,0.028288602532876874,-0.04727107776197228,-0.04466638612406718,0.4550279011497672,0.9002095536693598,0.6795435808061892,0.6432940689318033,0.9492567318712493
92,0.4295788361249811,0.4561742745882627,-0.0004600090895360287,-0.0006854648860800672,0.5354565181198523,0.6175305568177626,0.0029741243678955698,0.001834575771054947,0.5748301642478038,0.04735024345276451,0.027218348221126117,-0.045922558340324854,-0.043619289062252264,0.455092960659535,0.9018282931936994,0.6793209335530759,0.6432827690213945,0.9490127896181925
93,0.42928586521852014,0.4556485420797425,-0.00029297090646096535,-0.0005257325085202269,0.5377777192862492,0.6190433995475912,0.0023212011663968912,0.0015128427298286562,0.5756403085841323,0.04691846123615913,0.02700815750427529,-0.04453679349226376,-0.042684249868697045,0.45515178774627674,0.9027222506242305,0.6792541448113016,0.6434670780175741,0.9494669896436857
94,0.42925250743324656,0.4551163166139364,-3.335778527358002e-05,-0.0005322254658060577,0.5393291918974719,0.620125273009459,0.0015514726112226818,0.0010818734618677217,0.5763934362401706,0.04731825873759281,0.027273933750662595,-0.04279537974568113,-0.041509656869011174,0.45562035072941215,0.9030616701898967,0.6793953574151448,0.6436244608553054,0.9501939490874644
95,0.4290372851485244,0.4542304142246902,-0.00021522228472214966,-0.0008859023892462403,0.5399005235415987,0.6208143999750849,0.0005713316441268157,0.0006891269656259524,0.5770421308233273,0.04876467665280665,0.02813927292464611,-0.041049963927210296,-0.04023958686624175,0.45601112732653226,0.9022823207975248,0.6793562866943422,0.6436302356521673,0.9508443574863289
96,0.42873891724949076,0.45305501984995017,-0.0002983678990336469,-0.001175394374740013,0.540407336501208,0.6215620657130774,0.0005068129596093041,0.0007476657379924534,0.5776943492045392,0.05054697716155877,0.029200703075603403,-0.039733957884967544,-0.039354357066785015,0.4561293370041319,0.9011025402023362,0.6792395266134437,0.6435211901297812,0.9514320748964722
97,0.42835822596074685,0.451919595466619,-0.00038069128874390623,-0.001135424383331196,0.5407394553438907,0.622266728461676,0.00033211884268269376,0.0007046627485985946,0.5784169527373416,0.052296281270733755,0.03024905565211273,-0.038670436890549185,-0.0388580733788955,0.45603542383070045,0.899879386119319,0.6791680792064899,0.643325368826873,0.9519478004125879
98,0.4278675842833956,0.45083287276779793,-0.0004906416773512445,-0.001086722698821041,0.5408120801821488,0.622809672557842,7.262483825809518e-05,0.0005429440961660648,0.5788602210234842,0.05380654885644213,0.031146470763550992,-0.037883417502391874,-0.03859634734034164,0.45574659553236607,0.898640311370943,0.6790394715951183,0.6429819565885546,0.9522059152324707
99,0.42726876419641,0.4497714789995501,-0.0005988200869855853,-0.0010613937682478203,0.540984774231048,0.623231154172749,0.00017269404889919127,0.00042148161490696,0.5790456804483584,0.05513251689783405,0.031924245761936934,-0.03737802656367696,-0.038504244511984115,0.45523842290492234,0.8972321378258944,0.6788035541657484,0.6424786634081923,0.9521083617380656
100,0.426629754718302,0.4486977313280967,-0.0006390094781080213,-0.0010737476714534067,0.5412982409138157,0.6238297013734508,0.00031346668276777123,0.0005985472007018489,0.5790899318758124,0.05458743279997218,0.031611032741411374,-0.03693336614251961,-0.038402737186685056,0.4548044765840914,0.8970213255543734,0.6784954894420455,0.6419690765059156,0.9513437319719126
101,0.4260031078472905,0.44751199885631715,-0.0006266468710114936,-0.0011857324717795548,0.5415606347816626,0.6246672392628161,0.00026239386784687735,0.0008375378893652474,0.5790934298535888,0.05214985427193066,0.030199637976697155,-0.036420741350495424,-0.03814644295931332,0.4547173794364019,0.8981848408901856,0.6782287088858227,0.6414569817767455,0.9500643651961744
102,0.42545773988361413,0.4466246768340295,-0.0005453679636763797,-0.0008873220222876399,0.5418020196346365,0.6255829684028771,0.00024138485297386936,0.0009157291400609946,0.5791536547872296,0.04820499964639312,0.027918101724225684,-0.035906934873104014,-0.03759838640541798,0.45491627251717526,0.8996455739508505,0.6780418553655828,0.641035130630304,0.9475734578899996
103,0.4249332192240608,0.4458265873438509,-0.0005245206595533292,-0.0007980894901786217,0.5423005961457534,0.6263780524931694,0.0004985765111169549,0.0007950840902922751,0.5793727952953944,0.04390932955854266,0.02543987100587955,-0.035314866967586414,-0.03677965181506828,0.45517667859513533,0.9011694006265359,0.6778111172249969,0.6406988388283213,0.944791775035649
104,0.42437066907729915,0.44510419739078044,-0.0005625501467616534,-0.0007223899530704458,0.5427244740942675,0.627086711996823,0.000423877948514062,0.0007086595036536192,0.579664423605356,0.039722672144383436,0.023025819852638553,-0.03480620885606461,-0.035838993410890085,0.4556489835023556,0.9023072130416393,0.677667614384305,0.6404139836632077,0.9417239570775326
105,0.42412446119545716,0.44487072115239856,-0.0002462078818419866,-0.00023347623838188003,0.5427990358937936,0.6274633618220485,7.45617995261405e-05,0.00037664982522556123,0.5805755846329622,0.03613094064082079,0.020976741985883385,-0.034801688941316154,-0.0352340528167647,0.4564430061318177,0.9036946076308604,0.6779583419392089,0.6405862482012712,0.9394946537200564
106,0.42411349321671854,0.44460169198624244,-1.0967978738618545e-05,-0.0002690291661561206,0.5426351776152695,0.6276541185519856,-0.0001638582785241649,0.00019075672993706938,0.5822619692680556,0.03386694394777,0.019719433476119416,-0.03549674429294872,-0.03527274690079075,0.45682386521828017,0.904950548419265,0.6785894125994699,0.6406041310225291,0.9384575345949979
107,0.42411711699197757,0.4442719008627173,3.6237752590317918e-06,-0.00032979112352515827,0.5421756262646406,0.6278693217633701,-0.0004595513506289173,0.00021520321138446263,0.583076538259131,0.03433240157244999,0.020018417858986483,-0.03737056836489992,-0.03633331680926647,0.45599960709680665,0.9049172744512817,0.6792634049604153,0.6402546026504121,0.9388561918042315
108,0.42414987785159747,0.4440078203048514,3.276085961989583e-05,-0.0002640805578658645,0.5417318517535874,0.6280759221769019,-0.00044377451105315213,0.00020660041353182113,0.5833689548125316,0.03527518722889755,0.020578449104538328,-0.03901790309038093,-0.03725423975911576,0.4551895527443194,0.9043486013499352,0.6797481923624799,0.6398215634895471,0.9392021876812612
109,0.4241653941104042,0.4437398561089676,1.5516258806747008e-05,-0.0002679641958838186,0.5413811429103471,0.6282210249053677,-0.0003507088432402883,0.00014510272846579575,0.5833823935522907,0.036927525705327105,0.021542868333937468,-0.04048881254360593,-0.03816739447113462,0.4543865465965603,0.9029851500393343,0.6801159248912477,0.6395336369148404,0.939467081649324
110,0.42405390219649336,0.44346631286762134,-0.000111491913910855,-0.0002735432413462635,0.5410850835373585,0.6282638680785371,-0.00029605937298859963,4.2843173169382354e-05,0.5833289780795955,0.03852657421171793,0.022473667163829116,-0.041658991557764105,-0.03892773813779114,0.45371557477858204,0.9015503712936487,0.6802962106561837,0.6393939100814424,0.9396131700255121
111,0.42390715361113507,0.4432412590471133,-0.00014674858535829172,-0.00022505382050802547,0.5406470553011271,0.6280956410518052,-0.0004380282362314025,-0.00016822702673191525,0.5832895191418808,0.040055962632510295,0.023364223182682074,-0.04259894873673721,-0.03960896794744965,0.45306177846323525,0.900003625670305,0.6802958818260216,0.6393146529184593,0.9395817178435858
112,0.4236957507567275,0.4429952537707193,-0.0002114028544075719,-0.0002460052763940124,0.5402281405309464,0.6279472227534832,-0.00041891477018074497,-0.00014841829832190623,0.5832177255773356,0.04145576229138015,0.024177735395653408,-0.0433463195327868,-0.04020927749276673,0.45246417851914256,0.8985149806321314,0.6802435343381803,0.6392127854050771,0.9394825356565725
113,0.4235448494591844,0.4427610514797711,-0.00015090129754308235,-0.00023420229094822664,0.5396910097241763,0.6273063581705588,-0.000537130806770092,-0.0006408645829244497,0.5832215681163162,0.04265954974074565,0.02487996949493367,-0.04402899957888624,-0.04077745893199168,0.45201670608492867,0.8975081008693244,0.680183985926964,0.6391362159851238,0.9396710557946711
114,0.4233872705829044,0.44252098128228756,-0.00015757887628004008,-0.00024007019748351066,0.5390252846089177,0.6265848134205939,-0.0006657251152585308,-0.0007215447499648864,0.5832209812147502,0.04361977168002525,0.0254399660395877,-0.04457378989568011,-0.041270454016344306,0.45174181536936975,0.8966689417292263,0.6801164890503941,0.6390306541579582,0.9397872647946529
115,0.4233150619603331,0.44234505419779085,-7.220862257129035e-05,-0.00017592708449670758,0.5384429918880395,0.6260247873642227,-0.0005822927208782858,-0.0005600260563711768,0.5834965605321363,0.0440641166409252,0.025711260502866727,-0.04501834751602683,-0.04161262418530711,0.45201202070864005,0.896677070912834,0.6803060671126899,0.6392519547467197,0.9402372059954377
116,0.4237677638236612,0.44253199482007705,0.000452701863328131,0.00018694062228619135,0.5380979179043499,0.6256466214439687,-0.0003450739836895478,-0.000378165920254081,0.5840273545852003,0.044761686542620284,0.026142049378258484,-0.0467212070861258,-0.04272642759387265,0.45273544316167796,0.8974501488027425,0.680962598780994,0.640197188189256,0.9417125242928128
117,0.42428835623281896,0.4431899224935001,0.0005205924091577496,0.0006579276734230421,0.5374879504242251,0.6251324336234898,-0.0006099674801247623,-0.0005141878204788508,0.5844049657315694,0.04517744589698959,0.026401923721270034,-0.04831344308885155,-0.04387588441053163,0.4534630601668092,0.8988979846437096,0.6818225662726388,0.6412924595566701,0.9435826633320841
118,0.4248580874427752,0.4438224136858964,0.0005697312099562368,0.0006324911923963339,0.5365447902241374,0.6243251955783744,-0.0009431602000877781,-0.0008072380451153993,0.584627765795617,0.04588456293679057,0.02682538951424425,-0.0498305063565266,-0.04517044122706524,0.45410906853161803,0.9003265226477578,0.6826461948350416,0.642414163538342,0.9457259769553176
119,0.42557426707406515,0.4443831368446243,0.0007161796312899482,0.0005607231587279049,0.5358713669818956,0.6233757783526147,-0.000673423242241733,-0.0009494172257596967,0.584643323160199,0.04642489149761272,0.027142002842515965,-0.05091517975342081,-0.046180190480553475,0.4544830460608639,0.9016609266658706,0.6831959820344895,0.6433553324408929,0.9476057094627938
120,0.4263328125234975,0.4448527358317329,0.000758545449432324,0.00046959898710857706,0.5349335766419142,0.6223563652593371,-0.0009377903399814258,-0.001019413093277577,0.5845399495412068,0.04605428474950298,0.026920569283630843,-0.05105332728696529,-0.04673561354485856,0.4548586878184585,0.9031457719148046,0.6834748487760698,0.6440909188976027,0.9487208470123075
121,0.42718448929404557,0.44528861012363535,0.0008516767705480932,0.0004358742919024494,0.5343202972194963,0.6214734077835379,-0.0006132794224179561,-0.0008829574757992509,0.58437931576558,0.044957287982044895,0.026272109189623527,-0.050719634650442075,-0.047010198989815136,0.45522134451029234,0.9051606893743458,0.6836787876159695,0.6446772293501404,0.949627201022318
122,0.42779074829629976,0.445640940278489,0.0006062590022541947,0.0003523301548536417,0.5334790300938996,0.6206572998638701,-0.0008412671255966231,-0.0008161079196677967,0.5841240113562627,0.0430708874571991,0.02515873955417328,-0.05009797776377629,-0.04719295358326419,0.45568709997071893,0.9072764189104028,0.6838189569998091,0.6451900259326317,0.9498416186402322
123,0.42831320554004354,0.4459229751633772,0.0005224572437437791,0.00028203488488820483,0.5327995000122853,0.6199190423484817,-0.0006795300816143657,-0.000738257515388363,0.5839750390670203,0.04059575269700386,0.023706906267187924,-0.04895125411682858,-0.04692503896151065,0.45643441299499965,0.9093650832733458,0.6839346380274108,0.6455633930862328,0.9494377064490624
124,0.42866726846334013,0.4461433030433906,0.00035406292329659417,0.00022032788001341563,0.5318779596519465,0.61915073849935,-0.0009215403603387573,-0.0007683038491317351,0.5838835507347663,0.037865261316434085,0.022108903226939324,-0.047270756738278415,-0.04637721052026502,0.45736653698242097,0.9113777426643386,0.6841074446880947,0.645898146051898,0.94870106385728
125,0.42891170729315303,0.4463069530762918,0.00024443882981289855,0.00016365003290119695,0.5311450200052711,0.6186600433142524,-0.0007329396466754234,-0.0004906951850975894,0.5838480508758274,0.03507132555854361,0.020476325068987274,-0.0449948857475131,-0.04549353985198428,0.4580140558870233,0.9132952227633934,0.6841314899183756,0.6460650064296908,0.9478024317907212
126,0.4291250580447357,0.44645923687866673,0.00021335075158268602,0.00015228380237491956,0.5304571312366467,0.6182687753916162,-0.0006878887686243562,-0.0003912679226362181,0.5838959691066223,0.03235227598786996,0.018890363540742236,-0.042664534949864975,-0.04459511884843082,0.45847071592853234,0.9152947318047643,0.6841958403711613,0.6462315412659878,0.9470577033111329
127,0.4292991098789,0.4466065469711728,0.0001740518341643016,0.00014731009250606997,0.5293663859317782,0.6178340240176671,-0.0010907453048685234,-0.0004347513739491049,0.5840497542089174,0.029683637853403215,0.017336721392306662,-0.040089712486835884,-0.04374392920518948,0.4588704802266871,0.9175075698884485,0.6842595348781738,0.646498709362483,0.9465729471586385
128,0.42954689870844803,0.4468845634137183,0.0002477888295480124,0.0002780164425454923,0.528053589019294,0.6169616718106632,-0.0013127969124842043,-0.0008723522070038792,0.5843578544940512,0.02714250016867704,0.015860933164172537,-0.037609528873409084,-0.04299117807257028,0.4592009749375167,0.9199586587256268,0.6843846462909844,0.6468652528858844,0.9464504882447844
129,0.43056728266091454,0.448301325896388,0.0010203839524665081,0.0014167624826696978,0.5139332196365485,0.6006890877633343,-0.014120369382745523,-0.016272584047328897,0.5853270804838909,0.024756027078011313,0.01449037305395251,-0.0356183566055042,-0.042030123164139885,0.4597918058357,0.9236892324107672,0.6848489572817278,0.6477231481982423,0.9477748145194539
130,0.4314857915771535,0.4495784856126713,0.0009185089162389581,0.0012771597162832826,0.4576925289731568,0.5633649497995588,-0.05624069066339166,-0.03732413796377554,0.5839289251481262,0.022335778091972108,0.013042506893592338,-0.033861217775453506,-0.0411790669902345,0.45823129607676666,0.9237660202597194,0.6820412553188452,0.6459148160679185,0.9454182037280947
131,0.4318589101138799,0.4497612831212513,0.00037311853672639117,0.00018279750858002375,0.3962834174501642,0.5243035429819505,-0.06140911152299261,-0.03906140681760828,0.5813887737374199,0.020212024826513277,0.011751044328636842,-0.032495670492544385,-0.040271492436566615,0.45575089966033727,0.921904934254494,0.6776604166679617,0.6427538298505249,0.9414193504583607
132,0.4318235642984783,0.44814540286454413,-3.5345815401599534e-05,-0.0016158802567071695,0.3379330345952528,0.4911544932400382,-0.0583503828549114,-0.033149049741912295,0.5783674887629189,0.018448570388828904,0.01067005332705292,-0.031140976685746648,-0.03961008669433507,0.4529248891591485,0.9189459812065471,0.672540372199817,0.6388910747519835,0.9366820582775195
133,0.4316117766149721,0.44599797080400205,-0.0002117876835062149,-0.002147432060542076,0.2857908661776898,0.4616165328261995,-0.05214216841756303,-0.02953796041383866,0.5754046745534438,0.016971804794757912,0.009765655814512254,-0.030397205820665418,-0.03900498979677444,0.45004354123711676,0.9159771627006625,0.6671892042923339,0.6348848200160117,0.9322270758343735
134,0.43071192166379035,0.44335204995968464,-0.0008998549511817222,-0.0026459208443174176,0.2410439011712765,0.4397638082936473,-0.044746965006413286,-0.021852724532552215,0.5727002143789189,0.01564933364331192,0.008962376732411964,-0.02961339769601478,-0.038585692694313826,0.4470753970548563,0.91347489138788,0.6619891898855529,0.6308502732712316,0.9283881522927568
135,0.42993845379511375,0.4415867597217835,-0.0007734678686766028,-0.0017652902379011182,0.20107042862640492,0.4211906789366465,-0.039973472544871574,-0.018573129357000784,0.5705059317409134,0.014460827307630732,0.008249987756884314,-0.028751000164604957,-0.03770304555439498,0.4440407101274804,0.9107650857650472,0.6569138918496389,0.6269725268632306,0.9244786563446031
136,0.42859571594016577,0.43942125101210394,-0.001342737854947984,-0.0021655087096795755,0.16695460056503464,0.4065490381598116,-0.034115828061370285,-0.014641640776834941,0.5683747199940485,0.013456435889883624,0.0076482979810304705,-0.027336309309030547,-0.03613160722841502,0.44105584261248765,0.9081571218069003,0.6519573283594103,0.6230040771635716,0.9208645734753707
137,0.42684359971075286,0.4369580432402558,-0.0017521162294129033,-0.0024632077718481638,0.1412071629763139,0.39636035812776305,-0.02574743758872075,-0.010188680032048536,0.5668804740074699,0.012770935009806835,0.007239593691877891,-0.026352734626097832,-0.034657255355940435,0.4389162832189397,0.9065125659454325,0.6478661324592758,0.6198143755068182,0.9185451558232817
138,0.4249944341927211,0.4345367539172126,-0.00184916551803177,-0.0024212893230431964,0.12266617014441626,0.3900689594580575,-0.018540992831897626,-0.006291398669705572,0.5650360129724359,0.012307582736810095,0.0069542274789355565,-0.02609959223175626,-0.03347467323915984,0.43740463027895343,0.9056706290954151,0.6444451116441431,0.6175611841609819,0.9172594330635961
139,0.4235870814029157,0.4327519012922442,-0.0014073527898054161,-0.0017848526249683583,0.10892655451378688,0.38593182667725334,-0.013739615630629379,-0.004137132780804131,0.5633622866099616,0.011949981397487052,0.00673216884503481,-0.02623885703731303,-0.032469380349058,0.43657687444020227,0.9055768023842898,0.6421678775661559,0.6161545321045055,0.9168323822607185
140,0.4221019222299842,0.43112124947854297,-0.0014851591729314606,-0.001630651813701256,0.09867111734163803,0.38304534335876417,-0.010255437172148857,-0.0028864833184891747,0.5618429062061415,0.01166327789258314,0.006552929947058753,-0.026415493332825647,-0.03150786225530682,0.43585787997899167,0.9053531427607513,0.6402002404501401,0.6150094006146619,0.9163379798640034
141,0.4208889606377196,0.42979714422626913,-0.0012129615922646386,-0.0013241052522738328,0.09107188473763485,0.380992052932142,-0.007599232604003178,-0.0020532904266221674,0.5606010126324767,0.011422034962151042,0.006403204366105427,-0.02641448771375623,-0.030527510150949497,0.43531134711823627,0.9050059599516843,0.6386388610282705,0.6140754966184485,0.9157648330847984
142,0.419874281824267,0.42872693329331446,-0.0010146788134525742,-0.0010702109329546738,0.08504063493735048,0.37939362594129894,-0.006031249800284369,-0.0015984269908430604,0.5598494258248004,0.011211608107578977,0.006276812361600766,-0.026310464028636942,-0.029576182550839814,0.43476080158144026,0.9044054327556711,0.6373247114332533,0.6132020947805147,0.9149684378158441
143,0.4190348941998123,0.4278455358038627,-0.0008393876244546794,-0.0008813974894517629,0.08002635947502386,0.3779391728763637,-0.00501427546232662,-0.001454453064935246,0.559305213280811,0.011005206185519879,0.006155269192791496,-0.026096301944461702,-0.02874230932714788,0.4341938373064967,0.9036130166268919,0.6361708883312857,0.6123685315832864,0.9139821571480742
144,0.41834504880662104,0.42722086043570817,-0.0006898453931912796,-0.0006246753681545258,0.07623498299625558,0.3768429387090402,-0.003791376478768274,-0.0010962341673235176,0.5590708965267953,0.010810734419304736,0.0060439669839137825,-0.025810637979357245,-0.028027245842502938,0.43363174952786976,0.9030973600091169,0.6352171882001976,0.6117104451374887,0.9132823096429891
145,0.4177900053758252,0.4267528221280425,-0.0005550434307958207,-0.00046803830766567467,0.07330781295123479,0.3760362435013154,-0.0029271700450207994,-0.0008066952077247502,0.5589826116622493,0.01064154653759619,0.0059484394757108846,-0.025529027213689996,-0.027439431267168003,0.4331870569490124,0.9026440354003732,0.6345031780315774,0.6111999512796711,0.9126696718479249
146,0.4173710164889062,0.42642817236546776,-0.00041898888691904723,-0.00032464976257473577,0.07106456136974595,0.37544581194984544,-0.002243251581488831,-0.0005904315514699832,0.5591105776031385,0.010473976309219497,0.005856110944049302,-0.025208350901842747,-0.026867952336837798,0.4328823509320366,0.9022180398340461,0.6340015182344791,0.6107916646899653,0.9120861687126268
147,0.4170569894619867,0.42620782466816215,-0.00031402702691946116,-0.00022034769730561177,0.0692457386108647,0.37498123801474154,-0.001818822758881261,-0.0004645739351039069,0.5594033517449861,0.010303098995080672,0.005763588111208527,-0.024782491093492665,-0.026260547717202237,0.43267511277536524,0.9013656418147483,0.6336363507458306,0.6103039380094409,0.91108615837798
148,0.41681582949628476,0.42604694632094703,-0.00024115996570195364,-0.00016087834721512095,0.06791703962002735,0.3746273903118128,-0.0013286989908373459,-0.00035384770292873347,0.5596704479957497,0.010164285459668956,0.005688650196769609,-0.024316868145502615,-0.025612855282038133,0.4325892237550704,0.9002018651180148,0.633378180422609,0.6098900083137052,0.9098032767025378
149,0.4165647265395592,0.4259221390550619,-0.0002511029567255352,-0.00012480726588515179,0.06711722457538004,0.37444099184146373,-0.000799815044647309,-0.00018639847034906953,0.5598314620462823,0.010035389877529576,0.005618126987341844,-0.02373343422144197,-0.024804992619400203,0.4328141043633272,0.8989581191761703,0.6332419199430958,0.6095865543872201,0.9084403281080143
150,0.4164104284033166,0.42589836847470697,-0.00015429813624262545,-2.377058035490931e-05,0.06658911084483206,0.37416185829995974,-0.0005281137305479799,-0.0002791335415039953,0.5599590997391433,0.009883463433718242,0.005534335286649608,-0.02277537541567893,-0.02368961546808157,0.4334912236707165,0.897274883051757,0.6331464165786418,0.6093676301192971,0.9066080140722648
151,0.41636263664476625,0.426042593340301,-4.779175855035289e-05,0.0001442248655940115,0.06621475271080111,0.37402602063287926,-0.0003743581340309443,-0.00013583766708047396,0.5600318105091602,0.00986971093955424,0.0055273520866806255,-0.02135908963820329,-0.022124073205770877,0.43482800669003124,0.8948785957913037,0.6331412024496584,0.6092521294359622,0.9042031042031733
152,0.41624207173352196,0.4261071009225604,-0.00012056491124429192,6.450758225939879e-05,0.06548315433360823,0.3737933790570476,-0.000731598377192888,-0.00023264157583163803,0.5600973785202242,0.010055803758312666,0.005632229323944743,-0.01943004983287339,-0.020120716987298535,0.43685365638838025,0.8917097347045245,0.6331887749304996,0.6091842671334056,0.9012252391952349
153,0.41599978872045706,0.42601809018142045,-0.0002422830130648923,-8.901074113992768e-05,0.06461601201860974,0.3734847111969201,-0.0008671423149984869,-0.00030866786012750946,0.5596040195131683,0.019561108913524465,0.010946475174143155,-0.019783375712802843,-0.020398458848600934,0.4369499295142205,0.8815526874140671,0.6333470271804552,0.6091005513727565,0.9008023431748764
154,0.41553729948447643,0.4257066426575798,-0.0004624892359806343,-0.00031144752384065777,0.06361822708871513,0.3731409917709313,-0.0009977849298946073,-0.0003437194259888199,0.5587568430149131,0.03332529051517865,0.01862073412081605,-0.022734902613424986,-0.02323804324748496,0.43476264072870485,0.8700381318805415,0.6334412291326403,0.608982615246694,0.9031575463139162
155,0.41498346227867966,0.42533614905983796,-0.00055383720579677,-0.0003704935977418278,0.0629359104953817,0.3729547495154859,-0.0006823165933334263,-0.0001862422554453902,0.5577121916994321,0.04543671382335616,0.025340609250043847,-0.02612412730025218,-0.026497287953835102,0.4324912062166283,0.8609688560768353,0.6335519695287924,0.6089373206814237,0.9062481426956718
156,0.4141502870890564,0.4246302953111959,-0.0008331751896232809,-0.0007058537486420713,0.062128636736209435,0.3726717661969716,-0.0008072737591722709,-0.00028298331851428493,0.5565722477931926,0.05487745271283914,0.030543267209549516,-0.029618260837750553,-0.02986409442127887,0.4303312092970946,0.8547874332052321,0.6334881395451378,0.6087842870165896,0.9095363369245528
157,0.41318961015364347,0.4238402098191296,-0.0009606769354129074,-0.0007900854920662725,0.06082891895775448,0.37215766897609254,-0.0012997177784549521,-0.0005140972208790839,0.5555633739162595,0.06244644461661822,0.03469295746028326,-0.033045850979973,-0.03297012556252472,0.4285828900231423,0.8503189076907015,0.6333373457514648,0.6086359779688792,0.91265355135388
158,0.4124029408619066,0.42322093042682274,-0.0007866692917368745,-0.0006192793923068818,0.05983777488311239,0.3717095219603282,-0.0009911440746420905,-0.0004481470157643441,0.5547655961777493,0.06902123843603687,0.03829060848989458,-0.0362056766181416,-0.035650242066899034,0.42692389536000686,0.8464344992304096,0.6332356153575764,0.6085260761207143,0.9153548770866914
159,0.4118335530688027,0.4227917646020683,-0.0005693877931038926,-0.00042916582475444054,0.05889371777160093,0.3712882698593061,-0.0009440571115114649,-0.0004212521010221182,0.5542000544928465,0.07463142360050502,0.04136073902627859,-0.03893479753120109,-0.03794725282782145,0.42543793351949977,0.8433621130354899,0.6332573190440424,0.6085328060982746,0.9178987719636411
160,0.4114855735722025,0.42252564506605034,-0.00034797949660020366,-0.00026611953601796134,0.05810764616741262,0.37066251023028624,-0.0007860716041883098,-0.0006257596290198397,0.5537627780324339,0.07871903485574852,0.043591671425751294,-0.041140045573905895,-0.039753634766249865,0.424310032941203,0.8413658040940651,0.6333235452809449,0.6085682521107045,0.919996390219801
161,0.4113594260546645,0.4223920985559483,-0.00012614751753797782,-0.0001335465101020561,0.05750587206278902,0.369800182532725,-0.0006017741046236008,-0.0008623276975612271,0.5532235864609057,0.08198518168983787,0.04535613625110109,-0.0429694319816603,-0.04123980667713119,0.42332077617828656,0.8397994053004986,0.6334322383224139,0.6085448063885267,0.9216993227522061
162,0.4111514091911271,0.42231020270022673,-0.0002080168635374413,-8.189585572154767e-05,0.05754596521397119,0.36917589895199837,4.009315118217588e-05,-0.0006242835807266367,0.5525633089964382,0.08420235486186509,0.0465271318277645,-0.04440435219264177,-0.04211921593945315,0.422808012786493,0.8388305227134565,0.6335685483235792,0.6086078513367148,0.9229479899618271
163,0.4112826826095809,0.4226176650848689,0.00013127341845381446,0.00030746238464218756,0.05882951893359877,0.36904414437004207,0.0012835537196275795,-0.0001317545819563004,0.5518249391491153,0.08551420622195235,0.04718887164481376,-0.045628498701439674,-0.04287194523669447,0.42237779931082603,0.8383657449726553,0.6338355595415057,0.6087327476095132,0.9237949486866803
164,0.4114073346578572,0.42285742469872556,0.00012465204827633025,0.00023975961385663824,0.06121855775684375,0.3691370376522496,0.0023890388232449752,9.289328220751791e-05,0.5510719394611958,0.08633189211808746,0.04757508322686918,-0.046475762500141675,-0.04351943410983176,0.42208484445156075,0.8379963681493829,0.634132312421652,0.6088141843212778,0.9242397291936751
165,0.4116139122666373,0.42310980201476067,0.00020657760878006748,0.0002523773160351128,0.06380766478601915,0.369377055858852,0.0025891070291754054,0.00024001820660241036,0.5504539816844088,0.08689493213745064,0.0478316613832562,-0.04713762276115549,-0.04411208472598893,0.42182290387921095,0.837793474902716,0.6344347028903341,0.6088746893575384,0.9245945482452034
166,0.4117579060011395,0.42326620555055894,0.00014399373450219022,0.00015640353579826627,0.06632377168668702,0.3695278621791942,0.002516106900667864,0.00015080632034220054,0.5499895872568608,0.08728157131637897,0.04800395538342552,-0.047668888267236656,-0.04457869003785298,0.42160577948244876,0.8374852425113366,0.6346810216724995,0.6089092452815861,0.924668331100839
167,0.4119494089626841,0.4234242665665513,0.00019150296154463176,0.00015806101599236122,0.0680575575870799,0.36939099790045843,0.0017337859003928868,-0.000136864278735771,0.5495349535945149,0.08728397902299445,0.04796559736194587,-0.048143444271955306,-0.04491275722736409,0.4214532774265366,0.8375380561561575,0.6348185272233813,0.6088007879764573,0.9247213108428484
168,0.4121406799664536,0.4235413938770066,0.0001912710037694776,0.00011712731045532276,0.06945506545370173,0.36928824461908677,0.0013975078666218221,-0.00010275328137165918,0.5493050361655714,0.08650213451475289,0.04751605812802545,-0.048577362892949026,-0.045129359705186306,0.4213711064456384,0.8381143028909885,0.6349079845612805,0.6086796763137046,0.9245156856415648
169,0.41241649312806006,0.42370240094702566,0.0002758131616064641,0.0001610070700190369,0.06945557029133072,0.36877603133410725,5.048376289923384e-07,-0.0005122132849795236,0.5493849342554482,0.08561268381343906,0.047034318668278695,-0.04894071194141375,-0.04534419909365156,0.42122381089619304,0.8386808005192112,0.6349008701297152,0.6084244662282635,0.9241946989945833
170,0.41261868992006373,0.423799184016969,0.0002021967920036727,9.678306994331809e-05,0.06810468387464864,0.36806918371936426,-0.0013508864166820733,-0.0007068476147429892,0.5494651329576463,0.08456781777717125,0.0464670672388714,-0.04930272811128979,-0.04557829944784396,0.4210576302921063,0.8393758605429643,0.6347686481241288,0.6080756474152373,0.9238478069904242
171,0.41296707468479776,0.4241300198494611,0.00034838476473403324,0.0003308358324921046,0.06584308994131964,0.3671035290175375,-0.0022615939333290036,-0.0009656547018267458,0.5495533938649245,0.0832316314346593,0.04574022553183155,-0.04980501646645439,-0.04583141103421017,0.42078910942060876,0.8403863571202631,0.634491080050207,0.6076737391364394,0.9235264471521132
172,0.41337569003096186,0.4244278357464157,0.00040861534616409845,0.00029781589695460076,0.06391236727419346,0.36639710264679304,-0.0019307226671261835,-0.0007064263707444729,0.5497580744933216,0.08185675852997165,0.04500141395370199,-0.050306343210057815,-0.046107979514779684,0.42039581264288606,0.8415693094968346,0.634251729213546,0.607302248780181,0.923338854638403
173,0.4136436751796474,0.42465063196231545,0.00026798514868553447,0.0002227962158997676,0.06213778457938249,0.36584592985960135,-0.0017745826948109694,-0.0005511727871916894,0.5500298489007122,0.08050632658314928,0.04428088264608099,-0.050859805587519846,-0.046382667063114336,0.4199010153162755,0.8427483879189771,0.634050294577948,0.6069293993257528,0.9231703813748382
174,0.41378322380465754,0.42472870090613474,0.0001395486250101441,7.80689438192872e-05,0.06087283345784305,0.3654655732317386,-0.0012649511215394385,-0.0003803566278627324,0.5500211864789036,0.0792719085301671,0.04360122918420963,-0.05137444541220275,-0.0465910897094469,0.419389508023934,0.8437963792057436,0.6337702814171196,0.6065551315707538,0.9229862907451237
175,0.4136988732243377,0.4247153125946657,-8.435058031985854e-05,-1.3388311469020309e-05,0.059807683765723076,0.3651986180770968,-0.0010651496921199738,-0.0002669551546418125,0.5497231074533788,0.07819334890998363,0.04298469074498247,-0.0518050050498875,-0.04674729171804845,0.4189027644270274,0.8447607930587204,0.633438032425931,0.6061357909027609,0.9228737966590677
176,0.4136188960047665,0.42467170258409886,-7.99772195712034e-05,-4.361001056685243e-05,0.0590217186511226,0.365136175964558,-0.0007859651146004745,-6.244211253880749e-05,0.5494758556282406,0.07727578649453352,0.04246117890342905,-0.05214754846891866,-0.04690921754990144,0.41853330519098525,0.8458468173525397,0.6332139405230762,0.6058606110100844,0.9230435127134126
177,0.4134642589489464,0.4245948592279762,-0.0001546370558200838,-7.684335612268e-05,0.05838872128937908,0.36512322399814523,-0.0006329973617435203,-1.2951966412766414e-05,0.549249694860386,0.07650097618842061,0.04201813782801168,-0.052502101547879314,-0.04716749484875126,0.41821041106717355,0.8470559555696242,0.6329998572837511,0.6056330003228174,0.9234791602559411
178,0.4130668555976632,0.4243333119641386,-0.0003974033512831876,-0.0002615472638375915,0.057966120913332204,0.3650586252467123,-0.00042260037604687634,-6.459875143294269e-05,0.5489016341894141,0.07573157755846398,0.041569186681583235,-0.052755936114315866,-0.04733946701336892,0.41800751224495286,0.8477814262986385,0.6326996816741489,0.6054475339964431,0.923435883237509
179,0.41261459897291325,0.4240439016602365,-0.0004522566247499582,-0.00028941030390211564,0.057807179403579725,0.3649815068906293,-0.00015894150975247906,-7.711835608298356e-05,0.5485129267292779,0.07483000033251018,0.04104522248953799,-0.05293488778813267,-0.04738150529588519,0.4178344948110468,0.8483924410263477,0.6323520514770976,0.6051773645339442,0.9231465241737588
180,0.4121764459563594,0.42376204836688536,-0.00043815301655386607,-0.00028185329335111975,0.057950118558142,0.3649184372271402,0.00014293915456227435,-6.306966348912368e-05,0.5481501354208208,0.07357027841706901,0.04032755807726387,-0.052864329513920325,-0.0472120467537355,0.41784706659790566,0.8491216703233566,0.6320342027929561,0.6049015890576359,0.9226185901866655
181,0.41176347809090796,0.4234450471760461,-0.00041296786545141906,-0.00031700119083927225,0.05831584302629115,0.36482756971940306,0.0003657244681491492,-9.08675077371246e-05,0.5478075963968133,0.07229355511180148,0.039602958660776524,-0.05270617840322747,-0.04698945226776274,0.417828886422953,0.8497129612084107,0.6317079173187101,0.6045656353789595,0.9219355605713777
182,0.4114263100333742,0.42315790456097063,-0.00033716805753375434,-0.000287142615075453,0.05886640223648109,0.36471555442801956,0.0005505592101899409,-0.00011201529138349375,0.5475335211354111,0.07068743402408303,0.03870373965123325,-0.0523363810156656,-0.04658139449677862,0.4180212858259619,0.8504816911216404,0.6314753496396041,0.6042623412766644,0.9211016262409897
183,0.41111186720384857,0.42288966741815076,-0.00031444282952564073,-0.00026823714281987154,0.059449767585813454,0.3646770429567516,0.000583365349332364,-3.851147126798793e-05,0.5472812346126192,0.06906856902426371,0.03779993172852596,-0.05183121580392317,-0.0460395135729545,0.4183784635940363,0.8511635916394839,0.6313113916762847,0.6040062690257574,0.9201677957791656
184,0.4108434290320827,0.4226774269032092,-0.00026843817176586127,-0.00021224051494156404,0.06022780071640373,0.3647131613413297,0.0007780331305902791,3.6118384578121e-05,0.5471098604981225,0.06765937063792468,0.03701710883110574,-0.051352648252987236,-0.04549125683788794,0.41878607292676556,0.8517167932134329,0.6312681381713177,0.6038580746494039,0.9193131640850912
185,0.4105893794466235,0.4224833446006542,-0.0002540495854592151,-0.0001940823025550209,0.06066682705534638,0.364705802159045,0.00043902633894264687,-7.359182284671917e-06,0.5469696303584884,0.06651826051155757,0.03638346836409628,-0.050884842957454636,-0.0450555513593979,0.41909787446158214,0.8522498658017246,0.6312233666722364,0.6037354886729701,0.9187061731322438
186,0.4102608949527724,0.4222906082692164,-0.0003284844938510889,-0.00019273633143779278,0.061560336127159776,0.36494501089019465,0.0008935090718133962,0.0002392087311496316,0.5468738821796705,0.06550633883951748,0.035823705828543856,-0.050489473543342024,-0.044733791300686804,0.41943603085368386,0.8528387912785101,0.6312723402328038,0.603710053810253,0.9182841078934784
187,0.40994487232306637,0.422147506348881,-0.00031602262970603645,-0.00014310192033539781,0.06239179768526535,0.3651570602086979,0.0008314615581055743,0.00021204931850327124,0.5468533308729111,0.06463945407094489,0.035348300764502766,-0.05023469143685806,-0.044536633738028575,0.4197321753572721,0.8535107801496852,0.6313512953185929,0.6036675119004481,0.91809043884548
188,0.4097083509536869,0.4220508032620424,-0.000236521369379461,-9.670308683856765e-05,0.06313819828645892,0.36540863136986035,0.0007464006011935684,0.00025157116116242273,0.5468829764422667,0.06389914139775989,0.03494535263971219,-0.05011481057473514,-0.044386849442341766,0.42004073195239156,0.8543421499472825,0.6314883429595416,0.6036715281397396,0.9181830094309963
189,0.4095211461915286,0.4218930758103537,-0.00018720476215833282,-0.00015772745168873836,0.06385296567687286,0.3655973041992477,0.0007147673904139423,0.00018867282938733743,0.5469444278565286,0.06373209733197742,0.034857915511334985,-0.05018690460059022,-0.0443993968379128,0.42021486085191917,0.8547863879956621,0.6316408352412821,0.6037004683315698,0.9184601313933787
190,0.4094043798318499,0.4217468218668682,-0.00011676635967866611,-0.00014625394348549703,0.06465969586574717,0.36578893522807016,0.0008067301888743106,0.00019163102882246985,0.5468858332250222,0.06358847074485398,0.034775633806804415,-0.05026317924242161,-0.044418272497210275,0.4203747455908258,0.8551665491974286,0.6318043747033769,0.6037266791971393,0.9186965916485068
191,0.40929301708535093,0.4216008301688332,-0.00011136274649897748,-0.00014599169803497514,0.06534173009302537,0.3659951754924734,0.0006820342272781943,0.00020624026440324572,0.5468263094629346,0.06350501975579047,0.034726215585429654,-0.050362104552405515,-0.04449863939417642,0.42058783450761233,0.855487625500312,0.6320180188211144,0.6037945790621823,0.9189346576536676
192,0.4093041494118105,0.42158516482973935,1.1132326459550868e-05,-1.566533909386214e-05,0.06590718059525273,0.3661551573420316,0.0005654505022273659,0.0001599818495581773,0.5468513539483891,0.06349013542131944,0.03471966651751512,-0.050476476050330656,-0.0446534010623436,0.4209343744893329,0.8559317283726225,0.6324138406122869,0.604024779290386,0.9193642173108936
193,0.4093116082613863,0.421578259928028,7.45884957581433e-06,-6.9049017113465005e-06,0.06644744979712995,0.3662942230868054,0.0005402692018772193,0.00013906574477384748,0.5468929615320838,0.06408270339438084,0.03504637944233505,-0.05080142265951037,-0.04489025104990263,0.42131288256481003,0.8558605027540679,0.6328047781386026,0.6042763897376994,0.9198851597511695
194,0.4092102587453947,0.42145770205314237,-0.00010134951599161113,-0.00012055787488562952,0.06696413344037044,0.3664630134705106,0.0005166836432404925,0.00016879038370515298,0.5468938016594399,0.06581584774660344,0.03599427918357884,-0.05130396200814755,-0.04515723506043425,0.4217461837703003,0.8549692922269595,0.6331868523012533,0.6045369086065243,0.920722461802605
195,0.40908658134888526,0.4212726133135979,-0.0001236773965094251,-0.00018508873954448113,0.06744592429263156,0.3667368043576634,0.0004817908522611186,0.00027379088715284716,0.5468366766591212,0.06694193993780502,0.036606307964703794,-0.05151652382651472,-0.04517438045754128,0.4227103621840157,0.8542621115290441,0.6335564995230332,0.6047903231167132,0.9211376632302886
196,0.40901223166482215,0.421080999500922,-7.434968406311304e-05,-0.00019161381267590594,0.068045249532374,0.36705502217451175,0.000599325239742432,0.00031821781684832073,0.5464499404436022,0.06759619385779012,0.0369379361078036,-0.05136110956617705,-0.044723107501066985,0.4241423888305491,0.8536827073080154,0.6339474334156311,0.6050814986449651,0.9212096509345038
197,0.4093446393973784,0.420973348206811,0.00033240773255627243,-0.00010765129411099972,0.06738099075593701,0.36674887662570643,-0.0006642587764369851,-0.0003061455488053144,0.545773610492586,0.0679050291618364,0.03706077293625979,-0.050989627370926695,-0.04399241827461614,0.4256085757938741,0.8536711646226326,0.6342394638826326,0.6052169991838693,0.9215054132088222
198,0.4093991517475863,0.4207575968946753,5.4512350207869265e-05,-0.00021575131213569243,0.066992043144971,0.366125747525511,-0.0003889476109660145,-0.0006231291001954076,0.5450094331610292,0.0686707243209574,0.037426192536922295,-0.050997305979268485,-0.04305444287596755,0.426988027610533,0.8533207672502516,0.6344763450875149,0.6053058559678074,0.9219178203825933
199,0.4093082330117161,0.42066426753533587,-9.09187358701935e-05,-9.332935933942244e-05,0.06718325634606746,0.36591248161957457,0.00019121320109646844,-0.000213265905936455,0.5442410555364068,0.06994064845430081,0.03806457233966943,-0.051323208759847964,-0.04247460276179541,0.42803198783188917,0.8531325886367209,0.634681783765651,0.6054865274637744,0.9229957198581498
200,0.4089687454921189,0.42047203009993234,-0.0003394875195971703,-0.00019223743540353055,0.06773107398931406,0.3658064700313148,0.0005478176432466009,-0.00010601158825979118,0.5435853224045928,0.07040604102631576,0.03827169051052084,-0.05116048060566923,-0.04158232355323469,0.4294180606386302,0.8537720036370258,0.6349226610028976,0.6056884481075695,0.9240993280840553
201,0.408562869330598,0.4202841181656494,-0.000405876161520935,-0.00018791193428291386,0.0680503255328586,0.36576431015024524,0.00031925154354453533,-4.215988106953672e-05,0.543042260797519,0.07008856609607018,0.0380610533888663,-0.05047486624485476,-0.040445974838483896,0.43114751894831893,0.8547415352409357,0.6351303709766501,0.6058982989320933,0.9247522381073268
202,0.4081811773542543,0.4201100787049707,-0.0003816919763436899,-0.0001740394606787321,0.0683357627345855,0.3657912880780915,0.00028543720172689857,2.697792784628339e-05,0.5425751771100461,0.06951251758920451,0.03771576654232783,-0.04967386675483074,-0.039318632581033706,0.4328145098402253,0.8555180298621544,0.6352959905320082,0.606066160957722,0.924954233374322
203,0.40752764426114074,0.41989390585094855,-0.0006535330931135563,-0.00021617285402214526,0.07213443780155848,0.3668469423433118,0.003798675066972984,0.0010556542652202516,0.5421178530292474,0.06914022360351872,0.03748214957790166,-0.04887360077721618,-0.0386033646280607,0.43417301986513906,0.8561044066554878,0.6355756759908053,0.6063316139522209,0.9251701499202977
204,0.40642940403391914,0.41963393805270854,-0.001098240227221603,-0.0002599677982400017,0.07901375851211298,0.3682431873432089,0.0068793207105544985,0.0013962449998971005,0.5414713195315565,0.06886210648936017,0.03728685566651641,-0.04829722254651953,-0.03804644832519501,0.4353272370275421,0.8565747957646297,0.635952527862495,0.6066121112662842,0.9253650331565682
205,0.4063176771334386,0.42148048038663527,-0.00011172690048055767,0.0018465423339267262,0.09473058974465123,0.37567024450066344,0.015716831232538253,0.007427057157454564,0.5426033737640824,0.06886902721399966,0.037368566514166625,-0.04779999362626501,-0.03823232339538058,0.43797441576756985,0.8601590271641194,0.6388767342693087,0.6091371579503256,0.9289560702581179
206,0.40829328721857056,0.42594534819818525,0.0019756100851319736,0.004464867811549977,0.13346541718353605,0.39121022944446737,0.03873482743888482,0.01553998494380393,0.5458042071078892,0.0691896126489968,0.03776398167198768,-0.04754497272481554,-0.03881248902107227,0.44236416742504714,0.8668997316217933,0.6448074252412515,0.6142372424507607,0.9360119080740582
207,0.4105440587746334,0.4303631918647578,0.002250771556062847,0.004417843666572552,0.1816188196475925,0.41253396211999777,0.048153402464056444,0.021323732675530394,0.5489530483898248,0.06930331377777561,0.03804426536182647,-0.047196914535941846,-0.03938350474632815,0.4469101090049237,0.8736194071431586,0.6510406336006578,0.6193903091487909,0.9428380734614866
208,0.41231232982522853,0.43392145950585137,0.0017682710505951271,0.003558267641093571,0.22827437049040356,0.4357185504228361,0.04665555084281106,0.023184588302838316,0.5513446968045252,0.06863427415430287,0.03784114307400278,-0.04659652366269174,-0.039613470567632994,0.4510698610618015,0.879574521339092,0.6563813697603214,0.6237137874985547,0.9481183119088445
209,0.4137219874361933,0.43678140161677864,0.0014096576109647874,0.0028599421109272716,0.27008026204935737,0.458360252452516,0.04180589155895381,0.02264170202967991,0.5533323058568416,0.06777039827650798,0.03749955074717668,-0.04602009149546454,-0.039878803649813395,0.45461922675982946,0.8846756417693427,0.6609256543958864,0.6273654964432365,0.9523478512946997
210,0.41478497074615645,0.4390283704366293,0.001062983309963128,0.0022469688198506477,0.30560899822438564,0.4790115073570979,0.035528736175028275,0.020651254904581917,0.5548634923145804,0.06677660872480883,0.037051902321971704,-0.04549048938327273,-0.04021500947457954,0.45752302220012325,0.888921455215521,0.6646691843349903,0.6303874328701388,0.9555927411527562
211,0.4155716377763695,0.4408462202082727,0.0007866670302130729,0.0018178497716433983,0.33543875866940903,0.497075145867235,0.02982976044502339,0.018063638510137092,0.5561370545219796,0.0659521740191154,0.03667844779831187,-0.045083370414436955,-0.04081131360038505,0.45971900773347335,0.8922621049378823,0.6677588401472009,0.6328668137601696,0.9581024694736213
212,0.4162295588123916,0.4423520091432988,0.00065792103602208,0.00150578893502612,0.36021985360796926,0.5123449374280272,0.024781094938560233,0.015269791560792223,0.5573185546238447,0.06533628045644062,0.036413121388481635,-0.04482352739602213,-0.04156592978497448,0.46133645495584613,0.8948805738395509,0.6702826615525679,0.6349437239178971,0.9600995425724808
213,0.41667362884931786,0.44337141533343,0.00044407003692625846,0.001019406190131189,0.3809189062422221,0.5250602999691406,0.020699052634252812,0.012715362541113384,0.5583751567196131,0.06495856304446897,0.03627124782023623,-0.04478113748799511,-0.04241354592455039,0.4624869109026124,0.8969272853085467,0.6723615875405063,0.6366791744748157,0.9617633081551762
214,0.4169697022034782,0.4439993239392238,0.00029607335416032,0.0006279086057938144,0.3979805124264711,0.5355892578215686,0.017061606184249012,0.010528957852428023,0.5595028260779658,0.06504481347683617,0.036392756962003996,-0.04509844663385201,-0.04352459563120717,0.4630719027353199,0.8985565678903457,0.6741188575162596,0.6381950235016578,0.9634728246172332
215,0.41720524947555454,0.44436915152512185,0.00023554727207636406,0.00036982758589804154,0.41193625323951905,0.5443640518881672,0.013955740813047957,0.008774794066598535,0.5607782004563958,0.06525016015860065,0.03659086739323168,-0.045518771923677655,-0.044602841435688656,0.4634626150711087,0.8999572063375837,0.6756629263447614,0.6395338539749862,0.9650733637289692
216,0.4174909430308281,0.4446840703312107,0.00028569355527358065,0.0003149188060888597,0.4237033144421582,0.5519350152931253,0.01176706120263915,0.007570963404958109,0.5619214196589521,0.0654671480447646,0.036787392770336914,-0.045972891313701476,-0.04561752987842347,0.4638380710566354,0.9012512872625019,0.677036829869066,0.6408284945686046,0.9665796930760182
217,0.41764377157704663,0.44482635102581225,0.0001528285462185086,0.00014228069460153758,0.43336955304879027,0.5583684112264715,0.009666238606632072,0.006433395933346242,0.5627836619620785,0.06574809307884003,0.037001952589933176,-0.04648287085758404,-0.04655975000114623,0.4639620605580426,0.9016661706948164,0.678076509150564,0.6418930171798393,0.9672705697045428
218,0.41772373057917145,0.4448900409650684,7.995900212481866e-05,6.368993925615074e-05,0.4413297858125115,0.5638449444289051,0.007960232763721209,0.0054765332024335756,0.5633895499831469,0.06599325212789142,0.0371799086182571,-0.04695422417761092,-0.04732270878927477,0.46404347264214646,0.9020146398130712,0.6790023913230099,0.6428142288793045,0.967860042532588
219,0.4179690928459114,0.4450075794839627,0.00024536226673993466,0.00011753851889428901,0.4483246210152866,0.5688553902555917,0.006994835202775107,0.005010445826686638,0.563891876283383,0.06714520095358302,0.03786263334914073,-0.047879625608875404,-0.04844335063081811,0.46361164316179687,0.9018946581015744,0.6798496074976655,0.6436032145661738,0.9688846566238032
220,0.4190820224461262,0.4465520170267509,0.001112929600214807,0.0015444375427882129,0.44826835821596644,0.5699183907945679,-5.626279932013922e-05,0.0010630005389761221,0.56458384209114,0.0681436711359666,0.03847281566413914,-0.04881602641496523,-0.049319097323354925,0.4635291750181299,0.9026172495789483,0.6808781037724607,0.6446226779592441,0.9705994605685893
221,0.4218050659213085,0.4496449783725643,0.0027230434751823185,0.003092961345813383,0.3946779573243561,0.533956007489782,-0.053590400891610324,-0.03596238330478585,0.5624048842242702,0.06881511724122362,0.03870195804492994,-0.04953399053282361,-0.050103438347815464,0.4602193179481442,0.8986697544647504,0.6771773913180661,0.6416420802199635,0.9673261550160276
222,0.42493186571489466,0.452280868769839,0.0031267997935861547,0.002635890397274687,0.3325552299807474,0.49765780054292835,-0.06212272734360874,-0.03629820694685365,0.5588340910486951,0.0688631094166255,0.03848305315762675,-0.04942313235007081,-0.051126032973532055,0.4550940485580133,0.8924196250059507,0.670988726354886,0.636358639834622,0.9611305360737521
223,0.4274585073712141,0.4546316410789721,0.0025266416563194394,0.002350772309133109,0.2825959303171611,0.47057612015747946,-0.049959299663586254,-0.027081680385448892,0.5554960690951124,0.06869986769088252,0.038162506449639554,-0.049327039923550794,-0.05189969119006555,0.44999314706453536,0.8865141913363402,0.6649204218972203,0.6311796252274824,0.9550733328717081
224,0.42935428216486854,0.45654422668872396,0.0018957747936544367,0.0019125856097518823,0.2509447508583328,0.45345996756772194,-0.03165117945882834,-0.017116152589757516,0.5529915786608753,0.06874099951664593,0.038013193841436504,-0.049543036415107634,-0.052563821702383905,0.4458163220600193,0.8820404502022254,0.6602651829747898,0.6272062455696833,0.9506506535966209
225,0.43202829258991743,0.4590085296924759,0.0026740104250488894,0.0024643030037519442,0.24081287726355471,0.4496100165931488,-0.010131873594778074,-0.0038499509745731353,0.5527430370661205,0.07010210216192272,0.038748448853700615,-0.050314826663589135,-0.05382310614821579,0.4435587591999368,0.880676691751361,0.6588999483707423,0.6261905646230658,0.9506525304132954
226,0.4343824342263472,0.4610737577116571,0.002354141636429774,0.0020652280191811867,0.2554375378293489,0.457288235200874,0.0146246605657942,0.007678218607725218,0.553365347301527,0.07203166495560878,0.039859827294867686,-0.05139202464640777,-0.055106269698922954,0.44258189522118885,0.8809810807502564,0.6594815168141149,0.6268476906255519,0.9528884576834372
227,0.4357431377003731,0.46233598753312843,0.0013607034740258928,0.001262229821471339,0.28007577543541057,0.470396181983966,0.024638237606061653,0.013107946783091962,0.5540550096306376,0.07479131059796104,0.04143850031364131,-0.05277456281622954,-0.056471194312218635,0.4419264456703289,0.8810459386248563,0.6607933439080946,0.628052981437919,0.9557115670055113
228,0.4362118630296378,0.4629009013132823,0.00046872532926472976,0.0005649137801538862,0.30906231487249186,0.48638442196765047,0.028986539437081293,0.015988239983684482,0.5546666811541453,0.07730559377489239,0.042878837133770116,-0.05409885701574243,-0.0576257127964867,0.44170288802100094,0.881422210659704,0.6625410262487545,0.6295437794828157,0.9586003640534002
229,0.43619349936452423,0.46295447282279034,-1.836366511359655e-05,5.3571509508021364e-05,0.3377310114580386,0.5030859128493522,0.028668696585546716,0.016701490881701753,0.5551310370686683,0.08003010130289506,0.044427193132986716,-0.05552354792315034,-0.058978109660471775,0.44130877385668876,0.8816731167396995,0.6643737239457764,0.6310069918911829,0.9615722388393139
230,0.43610713515604355,0.4630808226670447,-8.63642084806826e-05,0.0001263498442543587,0.36451172554716893,0.5190057999238926,0.026780714089130353,0.015919887074540395,0.555764881854854,0.08237071631278593,0.04577875141987516,-0.05680148967629069,-0.060138730196630616,0.44116643141743894,0.8821651967164023,0.6662204509265828,0.6325231205668078,0.9644017486902093
231,0.4358651669198304,0.46312915734325677,-0.00024196823621314145,4.833467621206955e-05,0.38893878387654196,0.5339755432941212,0.02442705832937303,0.014969743370228605,0.5563359999886522,0.08428473587077571,0.046890632814447435,-0.05791239176775092,-0.06106416495137533,0.4414304677139792,0.8827344773616905,0.6680970172477808,0.6339855325207429,0.9668826471205644
232,0.4352644266898125,0.46284403199346075,-0.0006007402300178821,-0.00028512534979602266,0.4107045442340117,0.5478907198023815,0.021765760357469743,0.01391517650826024,0.5568691886409667,0.08639657817635644,0.04811159239042346,-0.059260985100094546,-0.06212689464996407,0.4417831454357697,0.8831859662292145,0.6700970723229197,0.6353388109125492,0.969442219788572
233,0.4346585708533131,0.4625832526727553,-0.0006058558364994138,-0.00026077932070545096,0.4300068408023647,0.5602194732515903,0.019302296568352972,0.012328753449208807,0.5573151599107327,0.0883053220798696,0.04921389469591128,-0.0605100866960476,-0.06287722063736358,0.44222473375159804,0.8836067178098007,0.671932342756085,0.6365466209973938,0.9717679677180069
234,0.4340823084410233,0.4622833379362112,-0.0005762624122898075,-0.0002999147365441157,0.4474018739488908,0.5713517182697936,0.01739503314652613,0.011132245018203313,0.5577200282946981,0.08999357496311118,0.050191219174767404,-0.06157477276577865,-0.06329107486782647,0.44270035312040384,0.883456676674128,0.6735631294637969,0.6375726744560571,0.9733034073388553
235,0.4335282074563497,0.46193581662964595,-0.0005541009846736222,-0.00034752130656523494,0.46228326247638113,0.5806678340278272,0.014881388527490325,0.009316115758033594,0.557968363171137,0.09156622370289902,0.05109105596126873,-0.06254033537394624,-0.063621553894745,0.44300625000718474,0.8828253620832094,0.6749017979076741,0.6384461911978091,0.974241591721111
236,0.43298611409116866,0.46154209959351433,-0.0005420933651810178,-0.00039371703613161335,0.47487088781761716,0.5884563071798385,0.01258762534123603,0.007788473152011366,0.5581118767258025,0.09308027561452639,0.05194920730937828,-0.0634789254197129,-0.06400240488794731,0.4431891339946478,0.8820113781982536,0.6760759119614366,0.6392270024227928,0.974939855736871
237,0.4325619199211936,0.4611489146289746,-0.0004241941699750784,-0.00039318496453971674,0.485583181055348,0.594866401190348,0.010712293237730819,0.006410094010509404,0.5581575478028477,0.09448741761890878,0.052738865316393706,-0.06438971030196075,-0.06433337697905621,0.4433422187890157,0.8809617531540702,0.6771029011694004,0.6398967983097328,0.9752974125127996
238,0.43220984648362587,0.4607942231354294,-0.0003520734375677126,-0.0003546914935452228,0.49465857399869567,0.600330092173434,0.009075392943347693,0.005463690983086078,0.5581137180423162,0.09574284985658127,0.05343539790942382,-0.06516668659538055,-0.06465092391742487,0.4435240457925363,0.8796609565507933,0.6780190008449585,0.640459898159782,0.9752525790319142
239,0.4319919095420247,0.4605184913081454,-0.00021793694160116006,-0.00027573182728402035,0.5024448304424535,0.6050040522582347,0.0077862564437578,0.004673960084800699,0.5580410393413566,0.09694146248809149,0.05409731448212571,-0.06586297067967459,-0.06497151499948334,0.44360971098559865,0.8780131852659303,0.6788083940635475,0.6408670329193078,0.9748038099795728
240,0.43188992332774184,0.4603421359957007,-0.00010198621428286758,-0.00017635531244469815,0.5091115403773592,0.6090073434163412,0.006666709934905701,0.004003291158106492,0.557962730417595,0.09838041762309598,0.054892606436605915,-0.06672778925260915,-0.06557481905029694,0.4435263474146579,0.8763219509905018,0.6796184252172087,0.6412976032674572,0.9745532682073159
241,0.4318139197577526,0.46020204788609403,-7.600356998926916e-05,-0.00014008810960663975,0.5145351494455778,0.612420763549358,0.005423609068218593,0.00341342013301682,0.557846526274191,0.09990026730176671,0.055729017088153705,-0.06763336625360314,-0.06624209587076417,0.4432341054768785,0.8746421195812759,0.6802635492526806,0.6415450313479096,0.9743950101512941
242,0.4317624795473846,0.4601825205230481,-5.144021036795898e-05,-1.9527363045945823e-05,0.5191074523684874,0.6155514183421236,0.004572302922909666,0.0031306547927655304,0.5576640738112453,0.10154726092980099,0.05662925921448632,-0.06854160213857252,-0.06690441481125746,0.4429260214430271,0.873074172962596,0.6809458264439224,0.6417786373956632,0.9744808211813202
243,0.4317749730860292,0.46016015892506806,1.2493538644575697e-05,-2.2361597980025127e-05,0.5228529984370508,0.6182346757472904,0.0037455460685633657,0.002683257405166839,0.5574195028549926,0.10310960328281744,0.057475303801483614,-0.06942395654387674,-0.06761599212139677,0.44246156752024923,0.8716887143085366,0.6814418005258797,0.6418467719074936,0.9746630697800107
244,0.4317888034891761,0.46016715310234346,1.3830403146897208e-05,6.994177275398972e-06,0.5259622628531562,0.6206677778503101,0.003109264416105373,0.002433102103019724,0.5570703603339494,0.10470247147026282,0.058326643509794364,-0.07036765216580056,-0.06851243344108954,0.44190599895764365,0.8702131301509288,0.6817766296314419,0.6418423976267675,0.9747840484648145
245,0.43180275185943945,0.4602334484226773,1.3948370263361376e-05,6.629532033386454e-05,0.5285871538585171,0.6226654646800607,0.0026248910053608965,0.0019976868297505446,0.5568218687100753,0.10592163395895032,0.05897948215784729,-0.07120737595515861,-0.06900318862513903,0.441483629566307,0.8689192749963425,0.6820250364652862,0.641825781536908,0.9747126521331273
246,0.43191382572614123,0.4603091248373621,0.00011107386670178299,7.56764146847555e-05,0.5304030227559354,0.6237415939793745,0.00181586889741836,0.0010761292993137772,0.557439887184753,0.09705866846315236,0.054104373198402,-0.0680260288124401,-0.06567184236687398,0.44486053552716615,0.8736064989112327,0.682265662944243,0.6419109323175393,0.9705593828496653
247,0.4330027580040527,0.46123216487523716,0.0010889322779114585,0.000923040037875078,0.5233919973959322,0.6173229411051843,-0.007011025360003198,-0.006418652874190189,0.5598085898578786,0.08540454853104962,0.04781019988061565,-0.06440721509301975,-0.061709299751018486,0.44881588052235893,0.8817795251694972,0.6830697640309831,0.6426915311135326,0.9670995122067332
248,0.4342463637531456,0.4619749561114817,0.0012436057490929353,0.0007427912362445444,0.48995957479463254,0.5950137549815906,-0.033432422601299694,-0.02230918612359367,0.5611386246893264,0.07384727186249933,0.04143855656998167,-0.0602240223672891,-0.057496489063779084,0.4515571169255456,0.8872785281995077,0.6818474965772813,0.6421970515767883,0.9610398333522425
249,0.4350153641933808,0.46253715770683096,0.0007690004402352013,0.0005622015953492543,0.4429307704816994,0.5634362315022543,-0.04702880431293316,-0.03157752347933629,0.5612958082809103,0.06106140499177104,0.034273510669624134,-0.053861063838721863,-0.05076646816579064,0.45446739078541637,0.889352522127687,0.6780760988874349,0.6398755945357851,0.9503262593969776
250,0.4352719987091827,0.46232771066427014,0.000256634515801879,-0.00020944704256081748,0.3769052903371845,0.520391114008727,-0.06602548014451487,-0.04304511749352735,0.5589397944701044,0.057559920623353064,0.03217253020293249,-0.0501099773826247,-0.04735455091302041,0.45362135645290363,0.881026474633671,0.6715718071645304,0.6349465471179925,0.9384795369781456
251,0.43753999248132347,0.463452718206452,0.002267993772140764,0.0011250075421818662,0.31149264676463784,0.4830733263536779,-0.06541264357254667,-0.03731778765504906,0.5565846825223919,0.06433736899915524,0.0358091940987208,-0.04908482100608956,-0.04784714018740577,0.4500985760437186,0.8663786927456072,0.6653868339655646,0.6302556078814289,0.9305986064776538
252,0.4403556189390946,0.4652120513102475,0.0028156264577711143,0.0017593331037955018,0.257553618426629,0.4525587862294969,-0.05393902833800884,-0.030514540124180978,0.5547045559984993,0.07351320672986958,0.0407781106991182,-0.0500570351506363,-0.050187087016832284,0.4452480384553319,0.85293373736766,0.6600234545233151,0.6261642353499624,0.9263243194871957
253,0.4418874618646756,0.46668994604083724,0.0015318429255810062,0.001477894730589735,0.2194662404907911,0.43145161870535886,-0.038087377935837885,-0.02110716752413805,0.5530034457087616,0.0813568449611463,0.0449906155955074,-0.05174719960012434,-0.05271378121260139,0.44017835472823597,0.8432571152662764,0.6554578839976769,0.6226931288924005,0.9244938602708267
254,0.443362827060332,0.4686814783509278,0.0014753651956563862,0.0019915323100905824,0.19227899919622776,0.4170057056885339,-0.027187241294563347,-0.014445913016824963,0.552465181518383,0.08761095466872021,0.04840200197405333,-0.05345231146050754,-0.054739458377667444,0.4367480408970428,0.8380769550523735,0.6531293175822908,0.6210979858945037,0.9255658115119214
255,0.44465793734540604,0.4713302822870033,0.0012951102850740637,0.0026488039360754723,0.19691496940589212,0.4185383025978267,0.0046359702096643585,0.001532596909292805,0.5541172501305665,0.09298487667168773,0.05152452416504546,-0.05534616972838459,-0.05624651410715636,0.435840151879762,0.8378632777468704,0.6540631269551116,0.6224549236969942,0.9307229710365867
256,0.4454990297327007,0.4736824006174616,0.000841092387294684,0.002352118330458286,0.21988892878997715,0.4293504925910722,0.02297395938408503,0.010812189993245513,0.5565231292370464,0.09757636395451917,0.05430350340754195,-0.056983498959231514,-0.05732407485517323,0.43631404571991156,0.8398076001280839,0.6566009233775285,0.6250636703240476,0.9372559402484523
257,0.44534916201068053,0.47505387034372354,-0.0001498677220201916,0.0013714697262619535,0.25134293574654165,0.44523857374899756,0.0314540069565645,0.015888081157925338,0.5589200614207936,0.10138277061164531,0.05666486437727103,-0.05851568093063997,-0.058195312146562546,0.43719016350194234,0.8425781644829519,0.6594703205329316,0.627872151826668,0.9438266339768971
258,0.44449421505433845,0.47544982886387005,-0.0008549469563420842,0.000395958520146511,0.28330516375479353,0.4628951257710769,0.03196222800825188,0.01765655202207933,0.5611189827494995,0.10464953909756142,0.058720842923627635,-0.05996218906492751,-0.059158165793976564,0.43799370763187584,0.8455170642883554,0.6622743431226427,0.6304988498568493,0.9500246976149948
259,0.44295814296149266,0.47512218965141556,-0.001536072092845786,-0.0003276392124544891,0.3144033046281423,0.4808206674687657,0.03109814087334878,0.017925541697688785,0.5629244814255261,0.10614277443209248,0.05975036625425225,-0.06116647947267442,-0.059882276052567913,0.438774058598734,0.8492315037363833,0.6647250235664156,0.6327466755997582,0.9552275352519034
260,0.44099431730174693,0.47429935391598566,-0.0019638256597457326,-0.0008228357354299054,0.3434081992667074,0.4983152301027248,0.029004894638565093,0.017494562633959154,0.5644592136073786,0.10633544292956515,0.06002202049461463,-0.06196589010433741,-0.060481681479922486,0.4396740158685326,0.8534759968150926,0.6670904031264098,0.6346724622705571,0.9596636096872919
261,0.43881862673734134,0.47307481888224623,-0.0021756905644055857,-0.0012245350337394267,0.36820010286694205,0.5137883293329167,0.024791903600234644,0.015473099230191911,0.5657824127821744,0.10656211860517303,0.06029097257561504,-0.06288534879085839,-0.06122961721254324,0.4400632439944686,0.857178890158961,0.6692130635920869,0.6361658654553483,0.9635918628347706
262,0.43673013184242004,0.4717455393184933,-0.0020884948949213,-0.0013292795637529498,0.38901634892125586,0.527258331808902,0.020816246054313814,0.013470002475985288,0.5668649823361911,0.10690954922127634,0.06060327973088896,-0.06370441689240235,-0.06224520090532824,0.4401744883421601,0.8603462225012428,0.671148170274399,0.6373891503251389,0.9671063799586016
263,0.4347061316467398,0.47028060647662395,-0.00202400019568022,-0.0014649328418693264,0.40646435368289097,0.5390327468409973,0.017448004761635105,0.011774415032095309,0.5679015493291818,0.10786220617669436,0.061255114001808365,-0.06497663551626748,-0.06371600595001092,0.43985375126961945,0.8627308686076306,0.673012434796383,0.6383693140181022,0.9704418695000229
264,0.43289244087535694,0.46884790724676856,-0.001813690771382881,-0.0014326992298553942,0.42153158406723507,0.549334520283386,0.015067230384344099,0.010301773442388695,0.5690598042079578,0.10920969892534732,0.062146849888068165,-0.06636201294320651,-0.0653143097394191,0.43943863104114445,0.8642426158923338,0.674843297004794,0.6392308918762586,0.9732973918966843
265,0.4315668525741956,0.46752043753494493,-0.0013255883011613623,-0.0013274697118236256,0.4341219470434304,0.5581966981428411,0.012590362976195313,0.00886217785945509,0.5702839176184584,0.11078279143071819,0.06317764430181855,-0.06765267202340798,-0.06681263499161474,0.43893389678013656,0.8649665148375189,0.6765208968197742,0.6399892815022806,0.9755917903247582
266,0.4307246770415134,0.46627840251577607,-0.0008421755326821767,-0.0012420350191688634,0.44444158879023454,0.5656882182692234,0.010319641746804165,0.007491520126382323,0.5716225822517814,0.11223632467115106,0.06415681773097269,-0.06875005364786323,-0.06801087588989359,0.4386528470027674,0.8654652773498572,0.6781236952302535,0.6407269197991152,0.9775421317175363
267,0.43029315530645185,0.46533866904410576,-0.00043152173506155744,-0.0009397334716703121,0.45311836089262264,0.5719448827416951,0.008676772102388097,0.00625666447247164,0.5727561096791629,0.11350436514577567,0.06501031861249765,-0.06981258346886762,-0.06919188537117814,0.4383693134604907,0.8657913868550448,0.6795301174378428,0.6415004283801722,0.9791365248722163
268,0.43006514062912155,0.4648758615591539,-0.00022801467733030156,-0.00046280748495186597,0.46096268391015277,0.5776930282140016,0.00784432301753013,0.0057481454723065095,0.5734417463970597,0.11479020110696748,0.06582549339204913,-0.07092574669746235,-0.0703004348121248,0.4380969016389417,0.865880206762717,0.6808110675884377,0.6422080915306618,0.980511382605485
269,0.43018070614722664,0.46498577820819675,0.00011556551810509852,0.00010991664904286269,0.46826833618321084,0.5828707934549338,0.007305652273058072,0.005177765240932164,0.5734422512433363,0.11617117026639935,0.06661745740713697,-0.07187770552356904,-0.07115426273399342,0.4380079816592404,0.8657883594297227,0.681983636260789,0.6428715688139375,0.9818019793037364
270,0.43142986676854145,0.4660723082411169,0.0012491606213148043,0.001086530032920141,0.4745099970626847,0.5875306695790807,0.006241660879473865,0.004659876124146978,0.5732898348070342,0.11729983549288911,0.06724680331261068,-0.072588517612638,-0.07173067574599276,0.43807651697454203,0.8656614880995361,0.6830253880192914,0.6434906561336486,0.982805961166864
271,0.43477882758109815,0.4695860743961104,0.0033489608125567005,0.0035137661549934918,0.48030079560686684,0.5921643965719867,0.00579079854418213,0.004633726992905984,0.5729612892831427,0.11794485522495522,0.06757783631400395,-0.07291135753913916,-0.07191402354285475,0.4385878349188346,0.8654561420743266,0.6841269021524069,0.6443533173565941,0.9832531463994626
272,0.4378658504820869,0.47340853626507845,0.0030870229009887784,0.0038224618689680634,0.4858231720035129,0.5962976024620112,0.005522376396646045,0.004133205890024527,0.572435339703839,0.11839891259117512,0.06777572174969447,-0.07245465979776164,-0.0716828923585354,0.43903475197858055,0.8643219713323428,0.6846503371715653,0.6449649561481716,0.982581235996431
273,0.44042708500339095,0.4765112723231855,0.0025612345213040233,0.0031027360581070695,0.4910551205444539,0.5997928748928594,0.0052319485409410005,0.0034952724308481287,0.571963019631165,0.11866352794936323,0.06787114976600495,-0.07163097529534806,-0.07100497768084034,0.43944971853525283,0.863069040717291,0.6847632014714116,0.6454712548361498,0.9816006414414924
274,0.4423933828509885,0.47881652408168673,0.0019662978475975534,0.0023052517585012144,0.49564241141430565,0.6028394638155976,0.004587290869851768,0.003046588922738236,0.5716185818236291,0.11835532057630872,0.06765410049911058,-0.07066494721787735,-0.07025817141488998,0.4397831845428623,0.8620432469095477,0.6847297803756234,0.6458828962429557,0.9802748065005209
275,0.44387229666889405,0.48058920939100913,0.0014789138179055472,0.001772685309322397,0.4994912483362661,0.6053733009068376,0.0038488369219604746,0.002533837091239999,0.5714337980923174,0.1163929157002748,0.06651084588964695,-0.06925197120329274,-0.06902021103948822,0.4403702727340902,0.8619852731177128,0.6845748650127101,0.6461299739927104,0.9782621867375925
276,0.44495588398591246,0.4818164184809644,0.0010835873170184085,0.0012272090899552723,0.5026439025765193,0.60763846568138,0.0031526542402531277,0.0022651647745424164,0.5715900391878633,0.11348820912580948,0.06486872990158186,-0.06789394830394306,-0.06760259226963494,0.4406076313956331,0.8629447977165956,0.6842256027128362,0.6461409244633047,0.9763238879600568
277,0.44568478339748324,0.4824295284286125,0.0007288994115707825,0.0006131099476480717,0.5050735865857586,0.6093996879563358,0.0024296840092393746,0.001761222274955787,0.5721333190386928,0.11018999758465238,0.06304336904297271,-0.06652211215873634,-0.06614649856372887,0.4406493745280169,0.8645806651739326,0.6838851202529541,0.6459663620687937,0.9746683422101144
278,0.44626529270220083,0.48245228342365687,0.0005805093047175913,2.2754995044393933e-05,0.5070174837717223,0.610789022463467,0.0019438971859636611,0.0013893345071311902,0.5730312550932042,0.10768064037873637,0.061704372505467266,-0.06576936524839765,-0.06508427526144062,0.4403533139146287,0.8660782761167454,0.6836836241568724,0.6458284475793469,0.9736611268953125
279,0.44640658920647164,0.48178168209757793,0.00014129650427080476,-0.0006706013260789345,0.5086892892252731,0.6116554784686336,0.0016718054535508342,0.0008664560051665493,0.5741332218539102,0.10572930677551756,0.06070270754340836,-0.06524130728808074,-0.06417919725795809,0.43982562529130786,0.8673342132168581,0.6833726718479023,0.6456494988591981,0.972968175983704
280,0.4463690513451865,0.48069697373784737,-3.75378612851307e-05,-0.0010847083597305684,0.5100049224996622,0.6120871813222728,0.0013156332743891053,0.00043170285363924865,0.5751458327049631,0.10485821030757819,0.06030876268330421,-0.06483840256389674,-0.06346978959621559,0.43904820590111654,0.8678475148420148,0.6829412965466889,0.6454352200250446,0.9726096181498112
281,0.4462397924552739,0.4793958830044473,-0.00012925888991260903,-0.0013010907334000676,0.5109071267709564,0.6120192795839541,0.0009022042712941714,-6.790173831872082e-05,0.5759787913584767,0.10414607873988388,0.05998593255732307,-0.06413083067838485,-0.062460132721037974,0.43825138953793785,0.8677469984136197,0.682267315573246,0.6450838844662499,0.9717951507960378
282,0.4456526282330734,0.477705498238523,-0.0005871642222005091,-0.0016903847659243132,0.5116544898233872,0.611716048835796,0.0007473630524308383,-0.0003032307481580787,0.5765918645703751,0.10436501599686983,0.0601760191695522,-0.06377018391784631,-0.061723437012601544,0.4373409355393455,0.8666523984601258,0.6815804194803627,0.6447064323173837,0.9709143132992298
283,0.4447999488594313,0.4760895429318359,-0.0008526793736420846,-0.0016159553066870669,0.5123095123763877,0.6115615226685076,0.0006550225530004283,-0.00015452616728839352,0.5770093067117907,0.10499560300075839,0.06058344009525401,-0.06343755146074163,-0.06110428468063086,0.43665268623570025,0.8652299818276019,0.6810716349927911,0.6444374659523772,0.9701154020532406
284,0.44378343400711573,0.47460749589027695,-0.0010165148523155754,-0.0014820470415589648,0.512845430437131,0.6117118094100581,0.0005359180607433789,0.00015028674155048716,0.5773906151003487,0.10534506246954166,0.06082525041707332,-0.06314881473844663,-0.060550375943462784,0.4360758216319378,0.8642122014491954,0.6807151951811922,0.6441933087893577,0.9694411822078175
285,0.44280511129668276,0.4733086311487458,-0.0009783227104329661,-0.0012988647415311805,0.5133454527461764,0.6120231547491319,0.0005000223090453337,0.000311345339073843,0.577697852504472,0.1043336676743405,0.06027333575938176,-0.06272284908691017,-0.05994953789756218,0.4356271223036677,0.8644080481449329,0.6804242647525239,0.643889070303522,0.9686211606388145
286,0.4418996035305215,0.47205690638313463,-0.0009055077661612732,-0.0012517247656111397,0.5141043377294812,0.6123977559336972,0.0007588849833047862,0.0003746011845652264,0.5779431231549499,0.10288089140483707,0.05945930369147678,-0.06213060265080896,-0.059290159965249195,0.4353595509527049,0.8649723682423829,0.6802045428807226,0.6435492267571383,0.9677304762267449
287,0.4410458124001435,0.47096391407455696,-0.0008537911303779788,-0.0010929923085776783,0.514731816625342,0.6127539239974473,0.0006274788958607891,0.00035616806375016186,0.5781859692364688,0.09873639452648025,0.057087997968207356,-0.060505513733370354,-0.05761652936498451,0.4359420277383862,0.8670785295241458,0.6799772959004488,0.6429892946345858,0.9656986496029103
288,0.44026850339413054,0.470032348637126,-0.0007773090060129717,-0.0009315654374309479,0.5152115329177382,0.61306526202231,0.00047971629239629276,0.00031133802486271733,0.5785925731518485,0.08893483393098309,0.05145703440695983,-0.057403513359515566,-0.05445097237921492,0.4379000351287336,0.8727486892502032,0.6796630108353597,0.642403841829937,0.961579990284776
289,0.43966709325732556,0.46929456820396875,-0.0006014101368049807,-0.0007377804331572535,0.5158377081112977,0.6134794888150309,0.0006261751935594528,0.00041422679272085094,0.5790997775836626,0.07800697831832668,0.045173823794116566,-0.05386464688600549,-0.05078457719771228,0.44050296043656073,0.878437010699524,0.6793894394894001,0.6419606022343309,0.9563409430147257
290,0.43928803992327653,0.46873641799139915,-0.00037905333404902875,-0.0005581502125696081,0.5165854282581994,0.6139066143418127,0.0007477201469017203,0.00042712552678181304,0.5797072414396696,0.06763106374833078,0.039206217401175275,-0.04985747880933957,-0.046454635515620214,0.44399065078807265,0.8831750736575151,0.679169412346542,0.6416005522820301,0.9506984413398014
291,0.43925194950468976,0.46830263717592424,-3.609041858676498e-05,-0.00043378081547490455,0.5177814787729044,0.6147290826613355,0.0011960505147049494,0.0008224683195228177,0.5797397014970395,0.056972383674606795,0.033029152705091346,-0.04456641228895469,-0.041563462092709544,0.4492414894497641,0.8871408270941521,0.6792773604616741,0.6412020935769516,0.9440026204103137
292,0.43935328231797344,0.46792082620334463,0.00010133281328367216,-0.0003818109725796104,0.5184997712159647,0.615290372425726,0.0007182924430603199,0.0005612897643905157,0.5796696853672614,0.05603485540839667,0.03248170700418528,-0.040938097853835606,-0.03855397836236546,0.4532012761327427,0.8835418108499851,0.6796125335502854,0.6408889851112599,0.9394447702865777
293,0.4394561193797595,0.46743003822876505,0.00010283706178604302,-0.0004907879745795762,0.5187493647586303,0.6156201758069764,0.00024959354266562706,0.0003298033812503265,0.5791761577198881,0.06064655921663255,0.035125041146020906,-0.039613118778776185,-0.038047705208510564,0.45537051988306965,0.8767016761989842,0.6800597634452201,0.6405942191540884,0.9371865775191989
294,0.43919868807222,0.4668366442251474,-0.0002574313075394685,-0.0005933940036176311,0.5187351005765496,0.6157360990027742,-1.426418208072544e-05,0.00011592319579778465,0.5783012423611613,0.06731906098915406,0.03893069660461458,-0.040299942850612135,-0.03928793605234096,0.45600944890608053,0.8696892438368382,0.6804163244716199,0.6402218579375852,0.9368143224451131
295,0.4386784356291512,0.46622952896865516,-0.0005202524430688027,-0.0006071152564922633,0.5183967618828454,0.6157642992562975,-0.00033833869370414327,2.8200253523347207e-05,0.5775935388368308,0.07411669513518382,0.042809324230021345,-0.04162042701791341,-0.04108187758118425,0.45580830058278454,0.8637091624813401,0.6807767218518861,0.6399063038998027,0.9376066073143475
296,0.43823964376157715,0.465669883788464,-0.0004387918675740621,-0.0005596451801911373,0.517648271658887,0.6156222740692481,-0.0007484902239583979,-0.00014202518704942158,0.5767613948798881,0.0805445004955518,0.046454958455718294,-0.0431921616479266,-0.043104251140576796,0.45517229487366856,0.858503205547838,0.6811442517734572,0.6395742740991485,0.9388095470544121
297,0.43771870228170096,0.46513539354915506,-0.0005209414798761913,-0.0005344902393089601,0.5174877935356424,0.6157592646917488,-0.00016047812324460065,0.00013699062250072114,0.5757747130207008,0.08643245144903836,0.049765619928745716,-0.04475716882199413,-0.045095610931982645,0.45437597425291343,0.8543629733441297,0.6815211183245838,0.6392969033873137,0.9405485615830743
298,0.4369903628325571,0.46469425857985713,-0.0007283394491438555,-0.0004411349692979294,0.5176002080891118,0.6162944882419772,0.00011241455346933105,0.000535223550228392,0.5747063904482753,0.0915715917750944,0.052626778976667475,-0.04615564748298051,-0.04688467843224715,0.4535924785531829,0.8511938093889608,0.681900003120879,0.6390668841180424,0.9425286100194125
299,0.4364606681832004,0.4644481477126331,-0.0005296946493567045,-0.0002461108672240364,0.5183735405108314,0.6174646791783462,0.0007733324217196191,0.0011701909363690532,0.573607527735163,0.09588375503552692,0.05499964367589258,-0.04762194771654205,-0.04864197614260265,0.45285338285730337,0.8493287138820003,0.6821894318936143,0.6389822078136954,0.9449885437317853
300,0.4359100307576995,0.4643009271564034,-0.0005506374255008772,-0.0001472205562296769,0.5191435772037452,0.6186843193166978,0.0007700366929137559,0.0012196401383515187,0.5726751304546497,0.09944015816818079,0.05694690555139393,-0.04900469635729781,-0.050218541830335715,0.45209992216616157,0.8482641442783636,0.6824185049915474,0.639027868327633,0.9474952209326896
301,0.43540978812688613,0.4641790451874084,-0.0005002426308133856,-0.00012188196899504122,0.519951932076414,0.6199010520236539,0.0008083548726688372,0.001216732706956103,0.5719161865512481,0.10241467451977772,0.058572610098238546,-0.05033218255261363,-0.05157792545616379,0.45129126644682493,0.8476437109105773,0.6825903338022031,0.6390933762565348,0.9498640679093621
302,0.4349539570615754,0.4640230890402408,-0.00045583106531071893,-0.00015595614716756856,0.5205096143849521,0.6208857514624174,0.0005576823085381433,0.0009846994387635588,0.5713280218556599,0.10546704849949148,0.06025628019016941,-0.051949152617117966,-0.053043673816739856,0.44995836964812647,0.8472230783205235,0.68277249721123,0.6391153046758404,0.952507100163598
303,0.4345234898372427,0.4636262966850941,-0.000430467224332709,-0.0003967923551467245,0.5207803873546349,0.6213425772685081,0.00027077296968280873,0.0004568258060906327,0.5709478343630313,0.10844457363274548,0.06191619446403832,-0.05371637387204406,-0.05453632306986618,0.4481439282442663,0.847007702820933,0.6829196212373991,0.6390684726516205,0.9552761592492216
304,0.43410617701310256,0.4631417954177203,-0.00041731282414014803,-0.0004845012673737603,0.520866424458081,0.6213303985140923,8.603710344601279e-05,-1.2178754415725912e-05,0.5707729867138434,0.1111079248722346,0.06341740212690267,-0.055414124473735275,-0.05584823208819084,0.44618563039610276,0.846720633856679,0.6830047313233105,0.6389792139553718,0.9576567488472155
305,0.4336916560445594,0.46257529765210675,-0.0004145209685431639,-0.0005664977656135717,0.5208093062976104,0.6210023736482063,-5.711816047060392e-05,-0.0003280248658860119,0.5707366310143246,0.11309120550328282,0.06454529362629229,-0.05694641073877839,-0.05716564550697145,0.44416707309036785,0.8465302391333486,0.6830136658719266,0.6388479317381034,0.9594536887142688
306,0.4333177703574407,0.46196551863252566,-0.0003738856871187135,-0.0006097790195810915,0.5206917231064808,0.6206409827354251,-0.0001175831911295333,-0.00036139091278120095,0.5707857154198075,0.11429898995339968,0.06524023075231263,-0.058277475023577566,-0.058420530452719714,0.44235961948755287,0.8465810086083368,0.6830291798936116,0.6386810800775597,0.9607170528908203
307,0.43301280899776573,0.46138527623540126,-0.000304961359674949,-0.0005802423971243975,0.5205682665389219,0.6204308281391473,-0.00012345656755896606,-0.00021015459627782285,0.5708794077212994,0.11485554227214896,0.06556866394583306,-0.059526464330646886,-0.05966809301545151,0.4406937159777378,0.8469367723611118,0.6830367639310577,0.6385081117044255,0.9616353869667394
308,0.4327718307364192,0.46075424010271115,-0.0002409782613465028,-0.0006310361326901104,0.5206338495051418,0.619957437736349,6.558296621994586e-05,-0.00047339040279825717,0.5711091167163315,0.11531023403850228,0.0658547259100825,-0.06066689882650837,-0.06089984591373032,0.43903488316449524,0.8473415108392294,0.6829123239803214,0.6382950909784177,0.9625007835157569
309,0.43257005760970313,0.4600667567166197,-0.00020177312671609826,-0.0006874833860914809,0.5205231983842917,0.6190401489949562,-0.00011065112085006934,-0.0009172887413928521,0.5713533869930422,0.115629735441066,0.06606544098136247,-0.06165654110970145,-0.062018207331415186,0.4374644238816688,0.8478615810288006,0.6827176894778276,0.6380155744579425,0.9633450088099607
310,0.4324846287751433,0.4595219290756624,-8.542883455980865e-05,-0.0005448276409572572,0.5168505793438279,0.6165403447912355,-0.003672619040463787,-0.002499804203720646,0.5717248395153094,0.11570987064245207,0.06615420722339312,-0.0623353587354094,-0.06298180908036063,0.43600598784772293,0.8487800074855913,0.682445436413051,0.6377499763508793,0.9643476069711493
311,0.43338925679169094,0.45989689650836735,0.000904628016547615,0.00037496743270493127,0.5001882625847208,0.6066599717519146,-0.01666231675910712,-0.009880373039320989,0.5726725893977714,0.11552903839605168,0.06616031356890148,-0.06249247320302499,-0.06375998578967278,0.4348663936076135,0.8506562806245398,0.6822511787581266,0.6377261060130665,0.966048727223806
312,0.43496195163872425,0.46045577155675754,0.001572694847033318,0.000558875048390195,0.4552854759014283,0.5746332847089743,-0.044902786683292506,-0.032026687042940205,0.5728879149476104,0.11499976142449007,0.06588197354194876,-0.06253302924241881,-0.06429214166832592,0.4328583149526198,0.8513991619120507,0.680214733574783,0.6365385295617823,0.9662728630978507
313,0.4352285457903087,0.45984795613758456,0.00026659415158442057,-0.0006078154191729856,0.3975988044035146,0.5368292884684938,-0.05768667149791373,-0.037803996240480586,0.571124229705189,0.11347527998542423,0.06480848187225606,-0.062056989714015375,-0.0644719238582678,0.42954514032669594,0.8496993046382828,0.6754490653732721,0.633246481912963,0.9630585556376249
314,0.4350016285660381,0.45858995971818245,-0.00022691722427059524,-0.0012579964194021076,0.3434278050799312,0.5026910067309568,-0.05417099932358338,-0.03413828173753697,0.5690620144518961,0.11163709682862846,0.06352843120886069,-0.06139234567610346,-0.06439705998589158,0.4262588430126708,0.8477975753809734,0.6703888389484142,0.629547321537709,0.9593287308014953
315,0.4342669087081819,0.45634415140265683,-0.0007347198578561698,-0.0022458083155256214,0.2976975465808835,0.4734174674543293,-0.045730258499047716,-0.029273539276627514,0.5670665165234106,0.10909782360326387,0.061865722790988356,-0.06049131663303919,-0.06364918535431553,0.42375902657682174,0.846281101215543,0.6656873341832106,0.6260272159553008,0.9552837468851588
316,0.43269384660810656,0.4519290041288497,-0.0015730621000753509,-0.004415147273807152,0.2575162148683119,0.4485490711265058,-0.0401813317125716,-0.02486839632782345,0.5651102699714573,0.10641974161909845,0.060138888916661457,-0.059626638482007895,-0.06267287562241214,0.42163535852808426,0.8449092287554029,0.6611467775413865,0.6224938033234055,0.9512431318622335
317,0.4299521707760509,0.44445691367023005,-0.0027416758320556456,-0.007472090458619629,0.22275464518040933,0.4282397678733722,-0.03476156968790256,-0.020309303253133626,0.5633084851194099,0.1033063173603994,0.05819332513555158,-0.058683641965172555,-0.06153568217745684,0.4200406632678448,0.8442584001685698,0.6570132782338032,0.6192149149689328,0.9474846709976115
318,0.4261415615978795,0.43434897324071936,-0.003810609178171387,-0.010107940429510687,0.19316795406654594,0.41160577901235196,-0.02958669111386339,-0.016633988861020244,0.5616483194724246,0.10013673262098005,0.056241627594032964,-0.05791896996735764,-0.06008404569047314,0.4189328767864585,0.8440499316138953,0.6532128815301665,0.6161771672897725,0.9441110818649353
319,0.4222823828620196,0.4255517234634477,-0.003859178735859947,-0.008797249777271643,0.16786098729776003,0.39924940566481393,-0.02530696676878591,-0.01235637334753803,0.5601601497339842,0.09729656632429629,0.05450165916082033,-0.057240049176598355,-0.0587602110177308,0.41813270000901176,0.8441611191463484,0.6498447238237938,0.6132478719236042,0.9413847308490801
320,0.4179019604362999,0.41790125200781975,-0.004380422425719677,-0.007650471455627972,0.14504468443852495,0.39048918282468137,-0.022816302859235083,-0.008760222840132559,0.5587928299507867,0.09492364630723693,0.05304265294926847,-0.05667711212535314,-0.05703132636542455,0.4175639488677906,0.8443430148536801,0.6466960411940207,0.6107326842822816,0.939193683129785
321,0.4122571246993126,0.41124620960864855,-0.005644835736987319,-0.006655042399171196,0.12451630625071272,0.38426162850727985,-0.020528378187812224,-0.006227554317401518,0.5575809014543109,0.09280163887610172,0.05174442146097423,-0.05592478626649499,-0.05492591431286069,0.41726054822813996,0.8449264778371911,0.6439394853962714,0.6086604490704687,0.9376544190969912
322,0.40602316508151093,0.40504001352038965,-0.006233959617801654,-0.006206196088258897,0.1064113317875147,0.37997099994912986,-0.018104974463198018,-0.004290628558149989,0.5560940750601506,0.09025281003302302,0.05018905291689342,-0.055113194073755735,-0.05267622574849641,0.4169542737023749,0.8449927925635394,0.6408693874976856,0.6062037291808142,0.9351699113633
323,0.39861462352600785,0.3970754203691818,-0.007408541555503079,-0.007964593151207844,0.09957901643819318,0.3775011720494607,-0.006832315349321522,-0.0024698278996691525,0.5549973136045799,0.08937754256275618,0.04960429601890868,-0.055928871593451585,-0.0513722347031146,0.415798735467313,0.845366962620363,0.6379904845902431,0.6034775222733535,0.9346665783534994
324,0.38964422687885075,0.38716932977570995,-0.008970396647157097,-0.009906090593471861,0.10222597901909147,0.3770577182447724,0.0026469625808982905,-0.00044345380468829854,0.5549934353335855,0.09308185505142938,0.05165981850221565,-0.06045526364005699,-0.05178993356509557,0.41235914374797367,0.8463330815423675,0.6360440062145817,0.6012228547892089,0.9393259602555757
325,0.380500254744294,0.3777457442461088,-0.009143972134556755,-0.009423585529601153,0.1059078079997992,0.3775196781102911,0.0036818289807077215,0.0004619598655186685,0.5554975719477304,0.09786559355501977,0.05436409959703693,-0.06535901943030488,-0.052079103273974456,0.4084193137900601,0.8473795566393103,0.6345438011984625,0.5991471773618877,0.9451484784116534
326,0.37159234892358367,0.36922799323504035,-0.008907905820710327,-0.008517751011068442,0.11320724015094238,0.37952549446166667,0.00729943215114319,0.002005816351375589,0.5562578042403346,0.10125794529972108,0.056325522314310754,-0.06925116282236837,-0.05140258146861534,0.4054735222445366,0.8483180415212102,0.6329386969612852,0.5971095667986177,0.9494795647585643
327,0.36493703441937625,0.36414368687516857,-0.006655314504207421,-0.005084306359871782,0.1247953831430219,0.3832437567022342,0.011588142992079511,0.003718262240567538,0.5573659750213296,0.10262524032561039,0.057199817135882104,-0.07196279037727209,-0.04958812089769215,0.4019797214800875,0.8492424084104963,0.631176997093723,0.5947238700661088,0.951774543512611
328,0.3600533206128362,0.35966763022528614,-0.004883713806540069,-0.004476056649882432,0.13478825868644018,0.38667017169194534,0.009992875543418281,0.003426414989711135,0.559131910949639,0.09760770771044493,0.05457558413555488,-0.07040905642867852,-0.042953430954647244,0.39957343759358516,0.8525059992128667,0.6283144044499064,0.5917669340559312,0.950027974593256
329,0.3558710757541245,0.35564017185292396,-0.004182244858711659,-0.00402745837236218,0.14548476591412937,0.39129734644919767,0.010696507227689195,0.004627174757252328,0.5616127712142173,0.08734362110606052,0.04905329309725925,-0.06482874929169509,-0.0349840659144241,0.3991628029816096,0.8587766169437818,0.625822056775655,0.58928571363607,0.9460456822163372
330,0.3547995159857825,0.3550053022225767,-0.0010715597683420008,-0.0006348696303472567,0.15053238725624524,0.39287178712274334,0.0050476213421158656,0.001574440673545674,0.563872355977016,0.0817796056306454,0.046113258897823264,-0.06100607242526976,-0.028813608997167176,0.39727775294666756,0.8615553975754275,0.623652245608263,0.5871189280726372,0.9432627397284431
331,0.35317803316677354,0.35347330424316425,-0.0016214828190089792,-0.0015319979794124472,0.15153465391023774,0.39366209984535117,0.0010022666539925007,0.0007903127226078221,0.5666454013911889,0.07550852840789417,0.04278656038814918,-0.05663426091936681,-0.022823256207793484,0.39593097629456103,0.8660209132081073,0.6219111564384613,0.5849867525695632,0.9414640339770758
332,0.35138174125559873,0.3513191800407188,-0.0017962919111748077,-0.002154124202445429,0.1523759437739352,0.3939448028855427,0.0008412898636974697,0.00028270304019151204,0.5690292206966522,0.06651176758934453,0.03784713927852157,-0.04954215576991468,-0.016994859462382123,0.3951848750508503,0.8726577727452548,0.6194009803970878,0.5827262090373598,0.9391122839216979
333,0.34846204417882354,0.3487561624350329,-0.002919697076775196,-0.0025630176056859466,0.1533212219152746,0.39427219378993494,0.0009452781413394062,0.00032739090439226626,0.5712552753937469,0.05942138417195868,0.03394477917942989,-0.04260222216611202,-0.012955944283665232,0.39298966990193407,0.8771078854698039,0.6161608285706951,0.5808803079162774,0.9364821455551653
334,0.34470622142496476,0.34488510701657565,-0.003755822753858773,-0.0038710554184572254,0.15185969550568656,0.3937193770604752,-0.0014615264095880487,-0.0005528167294597264,0.573721395630745,0.052608598472000605,0.030182678537533664,-0.035420048651069486,-0.0072339930223174745,0.39210761432699803,0.879589853673438,0.6134161449490176,0.5795736989861517,0.9321581364707413
335,0.3420262867249057,0.34239862911500857,-0.002679934700059061,-0.0024864779015670857,0.1485920836846058,0.39291708956355936,-0.0032676118210807625,-0.0008022874969158544,0.5758296942996117,0.04637165082098436,0.02670217351641576,-0.029351939938449548,-0.0019430522843221232,0.3912433166598203,0.880763956572841,0.611485891891533,0.5786337894647913,0.9271009327634856
336,0.33906083480112625,0.33846435699499494,-0.0029654519237794497,-0.003934272120013627,0.14724391221412414,0.39244930652578475,-0.0013481714704816627,-0.00046778303777461616,0.5776318893691035,0.04116402862869893,0.02377765563083923,-0.024348350210797724,0.0022625503621525535,0.3896865265219449,0.8814287041138176,0.6097998672709328,0.5776810022341872,0.9225618168032979
337,0.33735999477757783,0.3363028198732714,-0.0017008400235484222,-0.002161537121723567,0.14526493552388206,0.391238720662355,-0.001978976690242079,-0.0012105858634297584,0.5793723742100187,0.037013285882850994,0.02144447531926155,-0.020606153386591605,0.005545789623916646,0.3879007908141127,0.8822956365815853,0.6087347627551053,0.5770621968529901,0.9192814435350553
338,0.3360720296262861,0.33472775271592614,-0.001287965151291759,-0.0015750671573452335,0.14560179216251085,0.39055860542768267,0.00033685663862878523,-0.0006801152346723183,0.5809202909604246,0.03344796322053431,0.019430600526106373,-0.017330594456647183,0.008372484435967931,0.3861882812774724,0.8831738462696268,0.6081471278098919,0.5766622029305115,0.9165977762658538
339,0.33514323436782495,0.33312529114007894,-0.0009287952584611237,-0.0016024615758472027,0.1469257379089473,0.3903163856438225,0.0013239457464364612,-0.00024221978386018694,0.5825929706396054,0.030470730222134004,0.01775203323767105,-0.014541803384944844,0.01075675848345726,0.3848348462110559,0.8842097036609995,0.6081226696031198,0.5765166718687416,0.9146598176081897
340,0.3342213259723813,0.33178657323284927,-0.0009219083954436491,-0.0013387179072296695,0.14418614008088315,0.3892528352029697,-0.0027395978280641553,-0.0010635504408527674,0.5840789467597449,0.027617413212285932,0.01613074962126063,-0.011556314888354695,0.013197004630221401,0.3838825186864235,0.8849863377087177,0.6078900017208372,0.5763405706265744,0.9125867098919979
341,0.33329775915593746,0.3304700534584872,-0.0009235668164438438,-0.0013165197743620904,0.14092177652100477,0.3884062290035271,-0.003264363559878386,-0.0008466061994426011,0.5854330334917192,0.025012920173894674,0.014643389733889378,-0.008518165502086316,0.01523694564835804,0.3833158333113863,0.8853534801406976,0.6079348200139433,0.5762301311324318,0.9103526423543783
342,0.3326166990857118,0.32943636740979954,-0.0006810600702256697,-0.0010336860486876431,0.13971464077366771,0.388282758119366,-0.0012071357473370514,-0.0001234708841610921,0.5863216258566006,0.023087823578988812,0.013536890258323081,-0.0058803883963573205,0.01657053766060643,0.3823688986012158,0.8855914033147166,0.60792885569258,0.5760535303962306,0.908668714949765
343,0.3321717063842694,0.3291426869919659,-0.00044499270144238157,-0.0002936804178336194,0.14023289496875788,0.38898536822667595,0.000518254195090162,0.0007026101073099311,0.5870010354104671,0.02129694436954838,0.012501328396004017,-0.003649691344650909,0.01759341988315018,0.3813334594738854,0.8862872657515385,0.6080138043800898,0.5759274835948054,0.9075774330157005
344,0.3318000367168056,0.32934846780148436,-0.00037166966746382535,0.00020578080951844102,0.14213094454908198,0.39010134286905357,0.001898049580324107,0.0011159746423776151,0.5875858722394728,0.02023193481237752,0.011887999063822999,-0.00184972452924235,0.018203337602718365,0.3799796024186503,0.8869470833160292,0.6082561618310734,0.5760331300298351,0.9071745800775843
345,0.3310662514646645,0.32939975644491415,-0.0007337852521410726,5.1288643429792113e-05,0.1434466768899802,0.39117101507538926,0.0013157323408982124,0.0010696722063356923,0.5878717032421105,0.019412955725168546,0.011412327347118513,-0.00028418125599952816,0.01870123169111014,0.37864290934867795,0.8876160135234583,0.6085309139381806,0.5761253175053285,0.9070260470484923
346,0.33013829735174566,0.32948410919914056,-0.0009279541129188495,8.435275422641331e-05,0.14444069634833015,0.39202197045327053,0.000994019458349954,0.0008509553778812684,0.5877493720571781,0.018755589390016966,0.011023585886544745,0.0008528311216902627,0.01907463846249337,0.37717945453246654,0.8876829966553988,0.608570396197726,0.5761658187181816,0.9064365891384918
347,0.3295372561493693,0.32956604092655906,-0.0006010412023763623,8.193172741849386e-05,0.14490023797351073,0.39244268278335076,0.0004595416251805817,0.0004207123300802307,0.5875867906892064,0.01840289183880075,0.01081329615496152,0.0014448554013804708,0.019222614620893724,0.37577587516183886,0.8874868631875975,0.6086507775777765,0.5761054646803523,0.9058880976960954
348,0.32902754555484776,0.329468533472315,-0.0005097105945215397,-9.750745424408347e-05,0.14476072463750167,0.39262880842437403,-0.00013951333600906168,0.00018612564102327145,0.5874749861764866,0.018122684046377034,0.010646623559626183,0.0017948489124940065,0.019108540143500344,0.37461213236265495,0.8874069624059263,0.6087615305519632,0.576052512904916,0.9055281489491251
349,0.32848501382691553,0.329211206755768,-0.0005425317279322273,-0.0002573267165469906,0.1440184937579663,0.3924730842601188,-0.0007422308795353716,-0.00015572416425524427,0.5872670354799459,0.017908593632474504,0.010517126692158337,0.0020514599082960337,0.018854328208872333,0.37355443480270345,0.8870368783402899,0.6087581098360721,0.5758550973868055,0.9049440404271004
350,0.32804490028753325,0.32874570988618507,-0.0004401135393822808,-0.00046549686958291536,0.14239341814125991,0.3915624519295173,-0.001625075616706384,-0.0009106323306015129,0.5870113460104798,0.01788643749263875,0.010499541747886185,0.001986563481548902,0.0186999595311586,0.37240236231398893,0.886206859481547,0.608622969428054,0.5755065987614355,0.9040915028319735
351,0.32792004496972804,0.3282260623145541,-0.00012485531780520587,-0.0005196475716309767,0.14087566469157653,0.39063833603814047,-0.0015177534496833844,-0.0009241158913768088,0.586563353000359,0.01788855254160876,0.010492769359129128,0.0015686898295555662,0.018853756689718913,0.3713522189829362,0.884332286951161,0.6081359171956079,0.5751212365951581,0.9022181949508491
352,0.32802256859890355,0.32749022383285087,0.0001025236291755105,-0.0007358384817032215,0.13857013039061963,0.3891699843280588,-0.0023055343009568963,-0.001468351710081639,0.5859790634191292,0.01768225964010219,0.010361433943040949,0.0012302143868990337,0.019095676680565807,0.37008729502842475,0.8821034499103008,0.6072108780743555,0.574551181048289,0.8997816699600832
353,0.32799365724910845,0.3267352934040585,-2.8911349795102126e-05,-0.0007549304287923775,0.1356970907747404,0.3872544362778933,-0.0028730396158792304,-0.0019155480501655275,0.5856828068421163,0.017339547594882706,0.01015547490474337,0.0013123137426384278,0.01981082278328956,0.3690353633254124,0.880280371132908,0.6062502710193706,0.5740143772853736,0.8976143570779466
354,0.3278294060495952,0.32582926421030106,-0.0001642511995132434,-0.0009060291937574294,0.1334088795754884,0.385587365844339,-0.002288211199252016,-0.0016670704335542963,0.5853735174258118,0.017041078432801587,0.009975396022938206,0.0014297724904401433,0.020599781329468964,0.3681077478864962,0.8786696516596216,0.6051468122659248,0.5736836080999852,0.8957033907540733
355,0.32769100696118375,0.3249917572980969,-0.0001383990884114561,-0.0008375069122041889,0.13202353121380964,0.3840938708643737,-0.001385348361678751,-0.0014934949799653152,0.5848849811571649,0.01675573120250644,0.0098001755286525,0.0016936742704653626,0.021545047181271454,0.36731472000422877,0.8773615634637926,0.6041507750168861,0.573479555219351,0.8941082026661653
356,0.32696238463135713,0.32431416870660507,-0.0007286223298266226,-0.0006775885914918067,0.13194581384966142,0.3830053743986119,-7.77173641482165e-05,-0.0010884964657618124,0.5845526188493144,0.0166627215942333,0.009740237545066099,0.0018141817119142758,0.02223368824046702,0.3668694704908285,0.8768465630986301,0.6037353445764957,0.5735561553072436,0.8935029366626663
357,0.3258280700981358,0.3232362845061675,-0.0011343145332213256,-0.0010778842004375844,0.13195993336032616,0.3820909431124635,1.4119510664739598e-05,-0.0009144312861483761,0.5841635424555152,0.016632039831080206,0.00971583130598504,0.001942965244154161,0.022717102091781214,0.36637379846361506,0.8763326792523441,0.6034262408880681,0.5735106044918745,0.8929610102781371
358,0.32484865043430033,0.3223811055242718,-0.000979419663835468,-0.0008551789818956879,0.1320237765877728,0.3812967705331369,6.384322744665272e-05,-0.0007941725793266241,0.583744156867353,0.016621842877066036,0.009702903655854531,0.002142315776478879,0.02324094382520917,0.36597528798438667,0.8759309826225093,0.6033421618281042,0.5734574755741031,0.8925502602077416
359,0.3239103838246566,0.3217494697456148,-0.0009382666096437453,-0.0006316357786569915,0.13205753253676192,0.3806216996500249,3.3755948989105944e-05,-0.0006750708831119723,0.5835298815541351,0.016499153994224105,0.009627749375993026,0.002323962323995313,0.023734366197817273,0.3656847133092715,0.8758396956531651,0.6034326388929402,0.5733452534141847,0.892336580650276
360,0.32293993101925833,0.32121606858043983,-0.0009704528053982586,-0.0005334011651749737,0.13181495607256186,0.38000700260917597,-0.00024257646420006163,-0.0006146970408489327,0.5831098929455382,0.016519731142257122,0.009632818657850623,0.0022146941080352775,0.02408856193447263,0.36525768327896535,0.8755414277758791,0.6035339129898845,0.5730980280594703,0.8920583469394472
361,0.3222282253074849,0.32083847377297653,-0.0007117057117734249,-0.00037759480746329954,0.1317039318334979,0.3793943793417027,-0.00011102423906395043,-0.0006126232674732446,0.5828364897397809,0.016585618715150418,0.009666703792100684,0.0020457310787847767,0.02437847056372928,0.36486806151201223,0.8754569767676204,0.6037235948746205,0.5729732791367266,0.8920389550079403
362,0.3215509447909146,0.32025018711900766,-0.0006772805165702889,-0.0005882866539688725,0.13182570946765834,0.37912343458478626,0.00012177763416043597,-0.00027094475691646913,0.582331809725154,0.01649303771070002,0.009604420497937154,0.002016384870043469,0.024710887789770458,0.36460497251331,0.8752279777636223,0.6036463450991322,0.5727755491272838,0.8917160086496553
363,0.3209218649417764,0.31984782877902374,-0.0006290798491382366,-0.00040235833998392145,0.13325461871655261,0.3793978653728445,0.0014289092488942723,0.00027443078805822196,0.5821231937050919,0.016692784433647287,0.009717256986345403,0.0023138489994161365,0.02559914969208225,0.36563347049567435,0.8737489950851816,0.6036006002099162,0.5724774165440932,0.8904361870435904
364,0.3204672453792819,0.3200074574787704,-0.0004546195624944849,0.00015962869974667226,0.134413459829101,0.3796141154703826,0.001158841112548381,0.00021625009753811764,0.5819669950068199,0.031678216959695985,0.018435676731208352,-0.004243547045087751,0.01869171393103791,0.36394215534667623,0.8616860201359557,0.6037214611253418,0.5718530295490576,0.8933305577302895
365,0.3201780835831513,0.32068736236522266,-0.0002891617961305881,0.0006799048864522539,0.1351323306126643,0.38001424658595784,0.0007188707835633079,0.00040013111557524184,0.5820794138580153,0.06046037262881162,0.03519273826141586,-0.01841704015496164,0.003932842086410248,0.3598892184028498,0.8439985680690922,0.6044917190040896,0.5714630291121432,0.904355703588581
366,0.31909928221003503,0.32091145792929787,-0.0010788013731162782,0.0002240955640752107,0.13893047500975828,0.3811358313479422,0.003798144397093972,0.0011215847619843733,0.582796608436523,0.092846471429472,0.054110608654394814,-0.03326289734525676,-0.011156184762193279,0.3563222296717083,0.8282444762463309,0.606359472818426,0.5717580107613509,0.9209405812303432
367,0.3171154422259908,0.32077764634665484,-0.0019838399840442222,-0.00013381158264302861,0.14368960113237592,0.38242052162038315,0.004759126122617641,0.001284690272440936,0.5835716709622206,0.12120219918170719,0.07073016990076475,-0.04725906672416559,-0.024531692960706696,0.3537863220835274,0.815784504870753,0.60836785563674,0.5722483216427171,0.9368014071798266
368,0.31516907198398925,0.32071185149884324,-0.0019463702420015605,-6.57948478116066e-05,0.14769464198014629,0.3835614666970867,0.004005040847770369,0.0011409450767035367,0.5845533593736899,0.14589109540585987,0.08528112992220288,-0.059535516608338876,-0.03579394435304792,0.35153446625645157,0.8062190325778499,0.6100999443528579,0.572794824036844,0.9518852564984644
369,0.31372450269249186,0.3207846759720038,-0.0014445692914973884,7.282447316053764e-05,0.15060445307792267,0.3845180252730331,0.0029098110977763825,0.0009565585759463979,0.5858356658068947,0.16527583527947742,0.09682447900274331,-0.06922341542193818,-0.04441088117474954,0.3497398924168887,0.8000475151735361,0.611574356321027,0.5732861118836081,0.9650589616189821
370,0.31245003664505666,0.3208187301659373,-0.0012744660474351965,3.405419393354148e-05,0.15309285305027032,0.38550282121390406,0.002488399972347649,0.000984795940870975,0.5873621642380228,0.18048923384870164,0.106012547015036,-0.0769153690698089,-0.05108056386693494,0.3484531097818741,0.7964564127143381,0.6130862495128708,0.5738604012078835,0.976645815713812
371,0.31152171151174496,0.3205621210708513,-0.0009283251333117026,-0.00025660909508601337,0.15543197686736052,0.3885745664046855,0.0023391238170901996,0.003071745190781461,0.5896396302492578,0.19228879172158705,0.11338109205179314,-0.08366879631782086,-0.05797158217238131,0.3494832825369105,0.7954758576521921,0.6157793708096932,0.5751062353088453,0.9874326640605534
372,0.31113241275728487,0.3201170848231775,-0.0003892987544600879,-0.00044503624767378014,0.15808083148841306,0.392198258407529,0.0026488546210525488,0.0036236920028434594,0.5920559433556107,0.20526514865560339,0.12152845122532294,-0.08947377200713492,-0.06418601692607967,0.35167063026805895,0.7942681194326117,0.6185867581452708,0.5768465579209257,0.999160455477003
373,0.310240987804973,0.31984105336107643,-0.00089142495231187,-0.00027603146210108953,0.16008796144185006,0.39525492337760687,0.0020071299534369924,0.0030566649700778936,0.59452533041336,0.2143468458634574,0.12743462936003355,-0.09400276205933393,-0.06882732512580376,0.35465835267930074,0.7958168861126076,0.621649993943801,0.5790560404267715,1.0097750652424637
374,0.30977488977376727,0.31972390459170824,-0.00046609803120573057,-0.00011714876936819163,0.16033580807913642,0.39676000804562606,0.0002478466372863586,0.0015050846680191854,0.5966474220279198,0.2202052098727514,0.13138487078769415,-0.0957130436980341,-0.07150266658332173,0.3574522880374716,0.7990892784315777,0.6242801968530912,0.5808459017122067,1.0188983813601706
375,0.3099274311292273,0.3195094771185033,0.00015254135546005632,-0.00021442747320493671,0.15840637545705738,0.39503201178706865,-0.0019294326220790359,-0.0017279962585574071,0.5988401137156489,0.22253904372610742,0.13326530625111394,-0.09602621368429447,-0.07125586117969694,0.3594622708626519,0.8034398331569413,0.6260684976145937,0.5818533858047242,1.0255939047501585
376,0.31004261869285543,0.3191734105683668,0.00011518756362810523,-0.00033606655013651565,0.15675583645454141,0.39274089813792645,-0.001650539002515966,-0.0022911136491421957,0.6009253672810821,0.22358564551056964,0.1343582861472169,-0.09607334674897469,-0.07058445637718228,0.3602549040270062,0.8074969894405137,0.6268111741859321,0.5824077278796819,1.0307105769909597
377,0.3107138584559244,0.3194005857587772,0.000671239763068987,0.00022717519041043355,0.1548415043983905,0.39052490749030144,-0.001914332056150908,-0.00221599064762501,0.6028293921728652,0.22373387066450334,0.134873353261165,-0.09575744649412155,-0.06995227869927625,0.36060094805584997,0.8124022022198316,0.6274330051207485,0.5831016542082821,1.0357889915923943
378,0.3118295804032408,0.3202163487187839,0.001115721947316406,0.0008157629600066829,0.15307558158145645,0.388963520232466,-0.0017659228169340513,-0.0015613872578354449,0.6057622119531557,0.22027218177629868,0.13343256406455828,-0.092955055611523,-0.067234691104959,0.36230334469359887,0.8197090558900619,0.628639261607941,0.5841269074781568,1.0396749970835584
379,0.3126072866589278,0.32033521123487807,0.0007777062556869607,0.00011886251609416476,0.1515506723274032,0.38968674117090946,-0.0015249092540532416,0.0007232209384434585,0.6086904016984929,0.21413149148019364,0.13033978356537648,-0.08915022989032527,-0.06390868718580826,0.36632413629715027,0.8284609275186472,0.6309078049215644,0.5858722194131674,1.0423354071739441
380,0.3130997329856611,0.32092211433402934,0.0004924463267332868,0.0005869030991512703,0.15216300043138978,0.39166698562480556,0.0006123281039865647,0.0019802444538961073,0.6116539190158118,0.20698736696885214,0.1266046341932624,-0.08507597699039283,-0.06024305390510508,0.37160265254174296,0.8370726906547166,0.6340922893788754,0.5881155540952102,1.0438434149067064
381,0.31356595965202416,0.3212831315181441,0.00046622666636308985,0.0003610171841147425,0.15307753549188258,0.393366887010947,0.0009145350604927993,0.0016999013861414558,0.6146562804270495,0.20019951010441112,0.12305388622409484,-0.08070963672219642,-0.05601398198605868,0.37643596001666807,0.8445816906387221,0.6369488292502573,0.5902475729809752,1.0445970044088237
382,0.3137816287407108,0.3213229315585397,0.00021566908868664303,3.9800040395610026e-05,0.15353036608424026,0.3941950587826906,0.0004528305923576781,0.0008281717717436021,0.61662524725069,0.1942542157817114,0.11978205383588668,-0.07737024293764519,-0.05257486214941719,0.3794581696076611,0.8491404032347741,0.6388113612262195,0.5910637424390607,1.0432283983205324
383,0.31464221068876835,0.3211944520480966,0.0008605819480575483,-0.00012847951044309136,0.15354150875223954,0.39383827472762606,1.1142667999286537e-05,-0.0003567840550645629,0.6173518675757734,0.1897147046121645,0.11712072719890596,-0.0745740361768128,-0.04944418880330471,0.38108556548447914,0.8510925527004654,0.6395951507021078,0.5906902153277402,1.0406524203318879
384,0.31518531444598763,0.3214959134821236,0.0005431037572192765,0.0003014614340269839,0.15331023448981282,0.3937864191032167,-0.00023127426242672278,-5.18556244093471e-05,0.6170161065054448,0.18540844964773176,0.11439999971485426,-0.07190869104946913,-0.04564506886032405,0.38203696988176644,0.8521670875045018,0.6393940548327234,0.590023708266018,1.037427626101804
385,0.31559602164768374,0.3218706972079566,0.0004107072016961144,0.00037478372583299446,0.15370220237800747,0.3939030087910392,0.0003919678881946498,0.00011658968782246593,0.6168299391489432,0.18203943602817385,0.11228737424796642,-0.07005405301155199,-0.04289997513197989,0.38281438477753127,0.8535851657906128,0.6393758936737011,0.5899027175336113,1.0354822899990597
386,0.31595533477201976,0.32180374818315916,0.0003593131243360137,-6.69490247974247e-05,0.15355624555907513,0.39412951580599664,-0.00014595681893234125,0.0002265070149574666,0.6161192572524844,0.179056070442785,0.11031989312775721,-0.06863760023964226,-0.0412688586129262,0.38341757935483173,0.8545622389037169,0.6389335889810923,0.5899360147778518,1.0334822943060014
387,0.316308011759838,0.3216365219917203,0.00035267698781826784,-0.00016722619143882955,0.15439871021074617,0.39428806337121164,0.0008424646516710377,0.0001585475652149948,0.6155255819098495,0.17570312666602267,0.1081497692844836,-0.06795331470939389,-0.03984746832351898,0.3840051713924662,0.8560828157704343,0.6386883353183553,0.590187153240876,1.031658966586032
388,0.31650052254090916,0.3214886987714438,0.0001925107810711313,-0.00014782322027651063,0.15508129533083692,0.3943741359602194,0.0006825851200907562,8.607258900777959e-05,0.6147566953628315,0.17205868986151582,0.10577423158772378,-0.06724902444924914,-0.03866594928183245,0.3844535161649623,0.8580325407799788,0.638458291345459,0.5903441917482617,1.029973417390732
389,0.31668469539200994,0.3212879393127752,0.0001841728511007834,-0.0002007594586685979,0.15560010144111813,0.39408141414823594,0.0005188061102812114,-0.00029272181198347624,0.6139410507611219,0.1683609103949613,0.10336367423498163,-0.06662638162263972,-0.03729304938505939,0.3844215717274963,0.8596700697773536,0.6379076970204498,0.5901836671099898,1.0279192109350492
390,0.3166723329221738,0.3213049716320766,-1.2362469836157963e-05,1.703231930139104e-05,0.15507181006273324,0.3940229315658042,-0.000528291378384893,-5.8482582431740315e-05,0.6134027862226165,0.1643022392067408,0.10078345131202962,-0.06596640386002436,-0.035414560911671986,0.3838530741149708,0.8607448555199403,0.6370750683593669,0.589809950220591,1.0249418721131458
391,0.3167710818749686,0.3216556139602559,9.874895279482487e-05,0.00035064232817927365,0.15297590115824922,0.39345310441518005,-0.002095908904484023,-0.000569827150624147,0.6130236449959895,0.1599583388739431,0.09805824394400828,-0.06513368247138235,-0.032952945144744845,0.3834657523426062,0.8618643371027435,0.6363198146525377,0.5894749717202574,1.021722007191347
392,0.31695848151005185,0.3226069837416651,0.00018739963508324076,0.0009513697814091948,0.15037414910775268,0.3929943635901234,-0.0026017520504965364,-0.00045874082505664715,0.612709352862268,0.15497406058998606,0.09495405637452826,-0.0638608283418916,-0.03000087394973672,0.38305658879751925,0.861754577018927,0.6355863832378409,0.5890567461951791,1.0166337701156352
393,0.3172522176458069,0.3237805842358032,0.00029373613575506274,0.0011736004941381162,0.14778545004390595,0.392467483279338,-0.0025886990638467333,-0.0005268803107854048,0.6121783872712756,0.14927460093473355,0.09138268446078843,-0.062264058129176035,-0.027181410856759205,0.38279653986644996,0.8629393918424496,0.6349092065645036,0.5886338787386396,1.0121292794285166
394,0.31748739562541306,0.32496379026313577,0.00023517797960614928,0.0011832060273325729,0.14494413367438239,0.3918918709589608,-0.002841316369523561,-0.0005756123203772279,0.6115477817776174,0.14434541349770486,0.08827411743429435,-0.0606785685064605,-0.024662997660774417,0.38256344699164124,0.8641325867503571,0.6342559062805666,0.5883073577214455,1.0084030246404734
395,0.31773787541611603,0.32621428116307,0.0002504797907029732,0.0012504908999342312,0.14250714565218622,0.3912939602014061,-0.0024369880221961626,-0.0005979107575546649,0.610460746373047,0.14002612857827318,0.0854804549636209,-0.059435019139711436,-0.022754017025094293,0.38217771480211027,0.8648139957965617,0.6334095978976146,0.5878170279545148,1.0047740788849608
396,0.3179433450627416,0.3274002357604742,0.00020546964662554457,0.0011859545974042263,0.14059574000457667,0.3907042976734413,-0.0019114056476095542,-0.0005896625279648293,0.6091227959587356,0.13662298996999167,0.08322017764276363,-0.05851706758511998,-0.02120995112789014,0.38172200489347374,0.8650060269065959,0.6324309722156469,0.5872453643970944,1.001569562583239
397,0.31808555438429137,0.3283922080040739,0.00014220932154979105,0.0009919722435997036,0.13907558549482651,0.3902825357598099,-0.0015201545097501545,-0.00042176191363135773,0.6078883215985689,0.13441859194675035,0.08171149225015298,-0.05782598143565945,-0.020190972753435076,0.38128947632731397,0.8654803227672315,0.6315690602132529,0.5867569412852307,0.999844243154338
398,0.3181053959154317,0.3292584298578941,1.9841531140318835e-05,0.0008662218538201816,0.13790998954259054,0.3899936105529892,-0.001165595952235976,-0.00028892520682072265,0.6065851145099069,0.1332133231249114,0.08080521886196962,-0.05780049265743792,-0.020248890069241784,0.3807102749348559,0.8660900491615586,0.6307859612057741,0.5863642681231745,0.9992501746534704
399,0.3181174653339177,0.3300363656338468,1.206941848602705e-05,0.0007779357759526984,0.13717202824463406,0.38978489776481495,-0.0007379612979564742,-0.00020871278817424788,0.6058198934607455,0.13243021968129318,0.08022886157830415,-0.0577840356313018,-0.02037761115989287,0.3801047313834205,0.8665732508206345,0.6301723843947472,0.5861902300044717,0.9989503478863291
400,0.318296738273597,0.3307372711943088,0.00017927293967928692,0.000700905560461984,0.1370106991982133,0.3895232888557131,-0.00016132904642077173,-0.0002616089091018736,0.6052725510095036,0.13187895089146778,0.07982270903053576,-0.05773927267785201,-0.020550215012231098,0.3794627883108051,0.8668922500437751,0.6297040194969765,0.5860958517898852,0.9987192349917722
401,0.31864721877645574,0.33153874710814146,0.000350480502858741,0.0008014759138326721,0.13679244080026895,0.38905134849624795,-0.0002182583979443431,-0.00047194035946512836,0.6051817211277993,0.13155681022905988,0.07961577684050573,-0.057712927152800325,-0.020748845752835674,0.3789740433785804,0.8671997115902926,0.6293634665291615,0.5861327523385662,0.9987075027317586
402,0.3188197361081558,0.3321640513484058,0.00017251733170003947,0.0006253042402643572,0.13686271005459538,0.3888243819169309,7.026925432643272e-05,-0.0002269665793170339,0.6050302990860105,0.13119576243569814,0.07937741138528762,-0.057334214737510845,-0.020746146422193426,0.37837552511665057,0.8671408071292239,0.6288758370865889,0.5860056589911485,0.998289819918791
403,0.3186943776494347,0.3319643726025266,-0.00012535845872108098,-0.00019967874587922818,0.13796593228433965,0.3884821629970753,0.0011032222297442662,-0.00034221891985564135,0.6047350313474851,0.1306151712862778,0.07898756970226434,-0.05656135138138739,-0.020625045061616897,0.37856548225083114,0.8676250047765093,0.6285604504416428,0.5860820257620923,0.9981955968098022
404,0.31817347974642063,0.33155699260059024,-0.0005208979030140726,-0.0004073800019363527,0.1405529263218387,0.38891591770537537,0.0025869940374990408,0.00043375470830009366,0.6045569883832859,0.1301556001699688,0.07868647765997543,-0.0563714380369722,-0.020992001435136444,0.37950676083913937,0.8674306590341618,0.6287949235730647,0.5864761795283924,0.9975439733355491
405,0.31871719037957846,0.3313309395558195,0.0005437106331578345,-0.0002260530447707465,0.144311477710503,0.3901417995998698,0.003758551388664322,0.0012258818944944072,0.6045015251338742,0.1290259785928393,0.07799640084126196,-0.05650264596283009,-0.021090488109159908,0.38049603027589807,0.8651033544601497,0.629119668033989,0.5866663897498968,0.9940892240745395
406,0.3203593685624523,0.33150084591916645,0.0016421781828738213,0.00016990636334696108,0.15070290783633586,0.3933246566911669,0.006391430125832848,0.00318285709129712,0.6042088521806294,0.12724608956238764,0.0768832137189638,-0.05684366615859402,-0.021378597948864198,0.3814479311390949,0.8621783097325444,0.6293728341916036,0.5872135177721514,0.9893850177807543
407,0.32230526976521495,0.3323253353974989,0.0019459012027626676,0.0008244894783324686,0.15620380297170963,0.3961134355713904,0.005500895135373773,0.002788778880223497,0.6042275792866887,0.12599550249927421,0.0761299574761464,-0.05710333348925208,-0.022908567908701688,0.38329799811755966,0.8604627193864914,0.630794942538106,0.5878955390962802,0.9864187120387846
408,0.3260998482295508,0.3350683352385176,0.0037945784643358405,0.0027429998410186673,0.15871826364455469,0.39791662986600584,0.0025144606728450536,0.0018031942946154511,0.6060258714210746,0.12660980808060004,0.07672881927250065,-0.0596094822935235,-0.027575532600667117,0.38420114349736656,0.8624332193685236,0.6336906726839779,0.5883202567117627,0.989007176646792
409,0.3328105148090601,0.33797018686707425,0.006710666579509306,0.002901851628556662,0.1600103107878767,0.3980933445661521,0.0012920471433220115,0.00017671470014624102,0.6089278047935373,0.12579829748451762,0.07660208113401168,-0.06365127577337562,-0.03484705472975955,0.3842840006330082,0.8652020692989085,0.6365863643021855,0.5891548493549041,0.9909707801253307
410,0.3422769821815596,0.34276233714381543,0.00946646737249951,0.0047921502767411805,0.16178702067487763,0.39646011276794363,0.0017767098870009324,-0.0016332317982084565,0.6128595149036197,0.12286678250226078,0.07530007672210409,-0.06689138069331055,-0.04056422979307385,0.38489622242136406,0.8666549672860369,0.640362720729271,0.5902437659109214,0.9895024986423085
411,0.3467383222356407,0.34159087312909575,0.004461340054081109,-0.0011714640147196809,0.15201092963752996,0.39124267890622744,-0.009776091037347667,-0.005217433861716192,0.617087717921238,0.1144385901812472,0.07061864845706962,-0.06724692966788269,-0.04529938597805545,0.38786001229615424,0.8728752970670092,0.6450530520695167,0.5915414825711266,0.9873082837804337
412,0.35070199330690194,0.3403786414231942,0.003963671071261221,-0.0012122317059015675,0.1473836608301279,0.3882820935436942,-0.004627268807402052,-0.0029605853625332412,0.6198614084291937,0.1085725716463511,0.06729994717748673,-0.06887194800568729,-0.05135440889929175,0.38997440193468863,0.8786739512451537,0.6496138043312729,0.5939643345507324,0.987246186759342
413,0.35469809641363254,0.3401247359704319,0.003996103106730597,-0.00025390545276227083,0.13745084625156137,0.38445685606381824,-0.00993281457856654,-0.0038252374798759536,0.6207648750893445,0.10180664907765104,0.06319799179795278,-0.07180162794861666,-0.05838649472005243,0.39110526671664164,0.8848843708900638,0.6540215978481977,0.5964415086590928,0.986689943860376
414,0.357494011419347,0.33923004410147034,0.0027959150057144666,-0.0008946918689615724,0.1300765156497818,0.38124231736021097,-0.007374330601779583,-0.0032145387036072726,0.6210464579999334,0.09744474028111685,0.06051771080231106,-0.07691823538267575,-0.06680674271178251,0.3917281248579645,0.8912263230663253,0.659565050479328,0.5986915463464147,0.9886671993761396
415,0.356531402770322,0.3373106529746653,-0.0009626086490249763,-0.001919391126805059,0.13018338553381978,0.3805611018558043,0.00010686988403799114,-0.0006812155044066959,0.6232775625876814,0.09693234311701242,0.060415754553884315,-0.08495270964246286,-0.07631031915348999,0.39247512052675865,0.89908354243872,0.6660560417546564,0.60282841774548,0.9960083425495075
416,0.35613322752794246,0.3362487096236473,-0.0003981752423795615,-0.001061943351018002,0.13232847371492357,0.37936434280669257,0.002145088181103788,-0.0011967590491117064,0.6259556979146554,0.09711126592279766,0.060787350236080506,-0.09303108687526815,-0.08422343091304091,0.39314343764009424,0.9065605076505512,0.6716945329878777,0.6077456786641886,1.0036582530845994
417,0.35492423927174904,0.3352651284446699,-0.0012089882561934218,-0.0009835811789773996,0.13440778442991907,0.3790789663143372,0.002079310714995508,-0.00028537649235538254,0.6290564494160987,0.09737363958360067,0.061253515983182724,-0.09966014103324346,-0.09161842094333593,0.39372480901581736,0.9128984573419345,0.6768737660032937,0.61286505169935,1.0102508018161938
418,0.3535327095294813,0.33547575222536685,-0.0013915297422677497,0.0002106237806969724,0.13464064551664945,0.37947541835807264,0.00023286108673037376,0.0003964520437354513,0.6322261850431381,0.09665394341744897,0.061107153916189094,-0.10612715782366419,-0.09747297539713193,0.3937834040153499,0.9186167145060372,0.6808491305532705,0.6172478353041999,1.0152351046115995
419,0.35252584117040353,0.33666403709513426,-0.0010068683590777616,0.0011882848697674087,0.13424457326402583,0.38037075374940693,-0.0003960722526236138,0.0008953353913342954,0.6348707491136705,0.0942674875138914,0.05984767041500781,-0.11045331549433518,-0.10174229559998489,0.39456435855465716,0.9245873380153766,0.6840145694827107,0.6208078901659675,1.018803597577781
420,0.35254169726201284,0.33830874704068387,1.5856091609312006e-05,0.001644709945549605,0.13655381074256184,0.38207081539420423,0.002309237478536008,0.0017000616447973016,0.6373890403134903,0.09205717028514304,0.05867623142202288,-0.11294859074021786,-0.10421569123326939,0.39576503815904673,0.9303267393347769,0.6869402565870656,0.6233255541371544,1.0223203314175124
421,0.3533146139845137,0.33946455684663296,0.0007729167225008493,0.0011558098059490929,0.13777891396726666,0.38128212214717677,0.0012251032247048155,-0.000788693247027461,0.6395123163759201,0.09111452702110459,0.05826886223076296,-0.11408329574447226,-0.10525914573730588,0.3971351306782489,0.9345455410833442,0.688998583710683,0.6242767915806171,1.0255931397184388
422,0.35387998905374907,0.3429585305917564,0.0005653750692353743,0.0034939737451234465,0.14476084194865688,0.38321796171930933,0.006981927981390218,0.0019358395721325583,0.641284010762867,0.09037353460310209,0.057955102737094054,-0.1167925193576278,-0.10816407103687513,0.3970066191726741,0.9385248427915324,0.6919320878459836,0.6263004869620721,1.0288333794482198
423,0.35455787089515395,0.3479250089050087,0.0006778818414048815,0.004966478313252309,0.15488869479864192,0.38898500870588104,0.010127852849985047,0.005767046986571711,0.6420885818430588,0.09060113414357698,0.058173953735622085,-0.1185142640025852,-0.11124044454591213,0.3958545648503793,0.9381121509972279,0.6940933376186726,0.6278359742623257,1.0286512583896652
424,0.35500915636129715,0.3530361083865622,0.0004512854661432031,0.005111099481553472,0.16594481037979164,0.3964926469461615,0.011056115581149717,0.007507638240280445,0.6420422065712672,0.0909425127438942,0.05838893155322542,-0.11887250820978726,-0.11289524799766665,0.39547738480366473,0.9358743985760163,0.6952501106711372,0.6290027162264358,1.0267580025103291
425,0.35578194988043105,0.3583896565050279,0.0007727935191338964,0.005353548118465723,0.1789932850122162,0.40764334665463314,0.013048474632424562,0.011150699708471656,0.641735473240122,0.09483369081480655,0.0608581434541473,-0.11966775915130151,-0.11441586427613432,0.3956266867885037,0.9321183733125612,0.696225518399976,0.6310139846818988,1.0268995804451626
426,0.3592796843863207,0.36606842908348564,0.003497734505889638,0.0076787725784577265,0.18027778827482774,0.41305265733247876,0.001284503262611536,0.0054093106778456135,0.6399332388263032,0.09961121412343318,0.06374452687742899,-0.12000364577079295,-0.11387310175932111,0.39478605677917594,0.9273400279768655,0.6954393017056921,0.6322385850904231,1.026902662747946
427,0.36585969058532036,0.37495055123331694,0.006580006198999677,0.008882122149831306,0.16084461557725405,0.3992525705393271,-0.019433172697573692,-0.013800086793151645,0.6355083574759703,0.1025571090715594,0.06517589993355065,-0.11936654182418249,-0.11017096283898793,0.3919552608128713,0.9178016819672761,0.690170199874069,0.6301034799552864,1.0203074026113388
428,0.3752426678874213,0.385042780754391,0.009382977302100914,0.010092229521074081,0.13755995341307567,0.385985300571097,-0.023284662164178377,-0.013267269968230133,0.6307984871889891,0.10380508914499989,0.06548009319518408,-0.11617746203581142,-0.1053152180733296,0.3889227133973374,0.9074060368423805,0.6841684118391012,0.6268663087143077,1.011157553885824
429,0.382082334362152,0.3920760742170278,0.006839666474730721,0.007033293462636758,0.1207868038697755,0.3775417104830256,-0.01677314954330017,-0.008443590088071384,0.6271082098685836,0.10453349128566751,0.06555381059146814,-0.11240488634318867,-0.10001524376363884,0.38729832181339274,0.8978816903626494,0.6792493204311753,0.6241347357387409,1.0023599080351762
430,0.387041349145615,0.3971606565292465,0.0049590147834630005,0.0050845823122186995,0.12367795165190498,0.37760948991829735,0.002891147782129483,6.777943527175312e-05,0.6260402170082078,0.1064962779644322,0.06667095296741955,-0.10872400607774056,-0.09638454729846935,0.3893533693488662,0.891959045388581,0.6792541936725427,0.6256589509755008,0.9984050968123227
431,0.39066153955520516,0.40093728264586703,0.0036201904095901627,0.0037766261166205517,0.13338997488231627,0.3798030377433186,0.009712023230411287,0.002193547825021236,0.6269294169623839,0.10954360195584907,0.06867610650613992,-0.10612687008706041,-0.0942613059395315,0.3925428086539254,0.8890748591812316,0.6817484640606839,0.629193167188936,0.9985753410588843
432,0.39328700632236835,0.4033414752679571,0.002625466767163187,0.0024041926220900733,0.1498043432470547,0.3841359143115238,0.01641436836473842,0.004332876568205191,0.6279369462303561,0.11236669592552431,0.07055919989746874,-0.10391353309612426,-0.09221983501715546,0.39551829742260686,0.8872069445904415,0.6843545321130503,0.6327002161540372,0.9995370993355837
433,0.39530559850516545,0.4050188325409516,0.0020185921827970965,0.0016773572729945063,0.1725391480512981,0.39078180222574666,0.02273480480424342,0.006645887914222881,0.6290120437927245,0.11568441972211943,0.07276689328438571,-0.10234449620917987,-0.09051540785308913,0.39781977043934597,0.8851772608735653,0.6865896037770816,0.6357928114528275,1.000830454678039
434,0.39670543270703246,0.406081124678258,0.0013998342018670118,0.0010622921373064087,0.19797237482530566,0.3995044828394655,0.025433226774007556,0.008722680613718836,0.6298315401616765,0.11860593630792582,0.07470175953713863,-0.10121021063912593,-0.08916040952286777,0.39946054140315324,0.8833635334518658,0.6883864802084975,0.638270633653333,1.001942600078456
435,0.39764608395416084,0.40685066972258244,0.0009406512471283879,0.0007695450443244156,0.22319592283401413,0.40931525494610294,0.025223548008708463,0.009810772106637444,0.6303850640121477,0.12089795371343506,0.07621226429058142,-0.10009134746698418,-0.08820662423486535,0.40078613777183614,0.8823299325232369,0.6898014690009123,0.6402451492355682,1.003203558273655
436,0.39832361574817937,0.40751347177093766,0.0006775317940185266,0.0006628020483552266,0.24776775023921466,0.4193874213493741,0.02457182740520053,0.010072166403271188,0.6308069287668941,0.12179395504131033,0.07682847072198215,-0.09862457978210595,-0.08684969121152608,0.4022524760050189,0.8825563061152517,0.6910577283283631,0.6419837227037222,1.004326784164631
437,0.3988659889346912,0.4080981239499906,0.0005423731865118464,0.000584652179052958,0.26958806072514985,0.42841524410347176,0.02182031048593519,0.009027822754097636,0.63135755447906,0.12191323027361832,0.07697083892419417,-0.09726088727521878,-0.08532845260424515,0.4033453624089861,0.8839151522481988,0.691973794877664,0.6436406424843395,1.0058049261465192
438,0.39971584152264056,0.4091167466039363,0.0008498525879493402,0.0010186226539457,0.28767408643923975,0.43695674390671957,0.018086025714089904,0.00854149980324781,0.6322817976841516,0.1218039437538809,0.07701441652172311,-0.0960306961138454,-0.08395752633421665,0.40476044461191807,0.8860576520743325,0.693031735177586,0.6456251275473049,1.0078390499997933
439,0.3995856450987823,0.4098318578517705,-0.00013019642385825314,0.0007151112478341881,0.2665040866162278,0.4255441352871588,-0.02116999982301193,-0.011412608619560782,0.6296249740740373,0.12047957995051944,0.0758569524027967,-0.09524807553223001,-0.08169892166991917,0.40177161618323143,0.8828814427046314,0.6876124825529849,0.642478005778741,1.0033384552719693
440,0.4002859118741069,0.411806040115639,0.0007002667753245873,0.0019741822638684736,0.22736149832501537,0.40857041051230214,-0.03914258829121245,-0.016973724774856647,0.6239317594790628,0.11967938909078961,0.07467177180879571,-0.09484257173056683,-0.07855300953287826,0.3959021071708182,0.8755384731928582,0.6787768224423079,0.6372465132464915,0.9951935489896612
441,0.4012411255264667,0.41361679795188105,0.0009552136523597876,0.0018107578362420718,0.1951498734703388,0.39672354249301894,-0.032211624854676574,-0.011846868019283197,0.6184474487555327,0.11882781030023151,0.07348875612138459,-0.09426647764843876,-0.075963770038008,0.39095110165042,0.867809876770636,0.6712203999871008,0.632686283684022,0.986613253010841
442,0.4034421906335087,0.41634175632749276,0.002201065107042044,0.002724958375611708,0.18078761153178174,0.3907138245405143,-0.014362261938557053,-0.006009717952504656,0.6158535768380007,0.11866305557480902,0.0730790672142726,-0.09404644127698157,-0.07539810146771983,0.38979594286376673,0.8647056382616568,0.6690863137624882,0.6316034933626627,0.9833458561183036
443,0.4061109879813404,0.41990330899160855,0.002668797347831653,0.0035615526641157857,0.18186732310880868,0.39226883435525245,0.0010797115770269372,0.001555009814738162,0.6161927570874991,0.11882017968801466,0.07321613411958981,-0.09378346489820523,-0.07547454557536504,0.39164073119779214,0.8656894067685317,0.670864816633326,0.6333524804274449,0.9844885118170063
444,0.4081043331715336,0.4232272112127244,0.0019933451901932298,0.0033239022211158376,0.2009728347415686,0.4021891445465631,0.01910551163275992,0.009920310191310677,0.6170753072755896,0.11931918517650052,0.07362892285666203,-0.09412674212815304,-0.07606853068767122,0.3938080960766519,0.8677258453941056,0.6734730303551796,0.6356651795207214,0.9870236173794298
445,0.40866134738242466,0.42520066863760364,0.0005570142108910492,0.0019734574248792547,0.2282194500524112,0.41802936916317257,0.027246615310842603,0.015840224616609444,0.6173569213356592,0.11920708818102907,0.07359332096082856,-0.09441857244379266,-0.07612604273240697,0.3956869044786487,0.8704033190126674,0.676016654283238,0.6375068598688004,0.9895879148941441
446,0.40847321817989213,0.4261145156572542,-0.00018812920253252763,0.0009138470196505821,0.257231567452472,0.43594675250898374,0.029012117400060794,0.017917383345811166,0.6164192824953637,0.11602266872775616,0.07151861021036073,-0.09413120241911084,-0.07586032274479945,0.3975084758078381,0.8753076686647382,0.6779471309027804,0.6389527445433978,0.9913051364142667
447,0.4080544579204573,0.4262525470785334,-0.000418760259434825,0.00013803142127916113,0.28602347016559637,0.4547318101596405,0.028791902713124373,0.018785057650656745,0.6155800061557999,0.10675787393471442,0.06571801269391161,-0.09210294856134779,-0.07445533155358144,0.40021611195905676,0.8843389596864273,0.6796400973496286,0.6400959471216985,0.9910652928195534
448,0.4075281139861198,0.4259795115694836,-0.0005263439343374809,-0.00027303550904977936,0.312809730396727,0.473133722675153,0.02678626023113062,0.018401912515512542,0.6148835187925062,0.09547730373465743,0.05870742048518706,-0.08911501732394517,-0.07257034125518935,0.4035140315466998,0.894133699692631,0.6813120446827234,0.6411514519837695,0.9895698136288156
449,0.40693076009880486,0.42530286619402374,-0.0005973538873149664,-0.0006766453754598611,0.33707308587768114,0.49074018404446007,0.024263355480954152,0.017606461369307047,0.6138880119323414,0.0848156329057479,0.052067300265292854,-0.08612797054628522,-0.07076207759957358,0.4066911471127712,0.902946986560605,0.682822312839041,0.6418186653150527,0.9877090735031524
450,0.40640570122991665,0.4246312752681211,-0.0005250588688882063,-0.000671590925902632,0.35815376232102014,0.5061076833846346,0.021080676443338997,0.015367499340174562,0.612980796097232,0.075913017591617,0.04653322195745257,-0.08363794790267426,-0.06924777553086614,0.40946273111616366,0.9099628031644695,0.6842284244362637,0.6423315929837489,0.9858078619538875
451,0.40589809919592307,0.4240419502916693,-0.0005076020339935816,-0.0005893249764518105,0.37619518299375176,0.5191968533131067,0.018041420672731623,0.013089169928472089,0.6120647055212817,0.06837244385801396,0.041848359715725675,-0.08119279273251238,-0.06758056169861658,0.41209816435783886,0.9155582684046065,0.6854366483669707,0.6426070408231437,0.9838459841259971
452,0.40546417830979714,0.42350974505005706,-0.00043392088612592694,-0.000532205241612238,0.3915412709231307,0.5303171332741548,0.015346087929378915,0.01112027996104803,0.6112728815739406,0.06229935171100488,0.03808190424057436,-0.07905994023523037,-0.06617118051939756,0.414507329693131,0.9198741098901203,0.6864811822534652,0.6428866326419338,0.9820705293544899
453,0.405101734743957,0.42290042422305973,-0.0003624435658401426,-0.0006093208269973283,0.4047526894108663,0.540023504824166,0.013211418487735604,0.009706371550011195,0.6105661296259461,0.05863695461180021,0.03580173843037913,-0.07736996121003946,-0.06559515394491111,0.4165660483719104,0.9221443006518998,0.6873612854575719,0.6432928111410389,0.9806651335694436
454,0.40467038987491855,0.4225083001089245,-0.0004313448690384525,-0.0003921241141352505,0.4173306953727315,0.5494187752915259,0.012578005961865202,0.009395270467359995,0.6098090194988371,0.06408477639850901,0.039079474660377,-0.07721313406954396,-0.06610562268372507,0.41779132687627485,0.9161499576490191,0.6882665546969129,0.6435262276065438,0.9801255674325613
455,0.40453426565558165,0.4225797874161191,-0.00013612421933689722,7.14873071946398e-05,0.42882501360403524,0.5572748217294453,0.011494318231303757,0.007856046437919373,0.6089388648206909,0.07520423523568803,0.045794781634128076,-0.07858662151183934,-0.06757928049654294,0.41778766721829597,0.9057186904303002,0.6890129609802527,0.6433137762947052,0.9808321211577649
456,0.40424183699769817,0.42234220694913904,-0.00029242865788348116,-0.00023758046698008073,0.4392278940696084,0.5639803715726504,0.010402880465573139,0.006705549843205039,0.608330763736591,0.08776233608649171,0.05338852893880289,-0.08035515549425278,-0.06926621646070155,0.41774591986987336,0.8948911118642765,0.6899438141295534,0.6427346607670495,0.9825791619595344
457,0.40400633946787895,0.42210209000952836,-0.00023549752981921745,-0.00024011693961067948,0.4486403196384798,0.5698650531189583,0.009412425568871396,0.005884681546307946,0.6077096803833119,0.09810814807411557,0.05962127130911941,-0.08211148745519266,-0.0704436801681193,0.4174563235100367,0.8868651067216172,0.6908931928269679,0.6419522712916734,0.984910015217512
458,0.40386628983192985,0.42153169948964714,-0.00014004963594910214,-0.0005703905198812254,0.4557132981445927,0.5749828280057809,0.007072978506112937,0.005117774886822635,0.6072681263872588,0.10523891159760831,0.06390823666891396,-0.08289722260568021,-0.07048194864296403,0.41751401211570777,0.8813237276205675,0.6915807219384592,0.6414655343726217,0.9865054115244741
459,0.4038297085222139,0.42107948625316094,-3.658130971595508e-05,-0.0004522132364861986,0.4615523138178305,0.5795212303961481,0.005839015673237802,0.00453840239036718,0.6076875308547803,0.10936491282911431,0.06645969383927276,-0.0831854173964317,-0.07003814067412158,0.417788395798963,0.8782449907865384,0.6924178434112425,0.6412319194856674,0.9875561323729349
460,0.4039695175734016,0.4206123886816787,0.00013980905118771147,-0.0004670975714822223,0.4666856327731184,0.5835048358133509,0.005133318955287902,0.0039836054172027735,0.6089887356936572,0.11110110778331117,0.06765932316312341,-0.08237706948510734,-0.06890661440321419,0.41874054985258663,0.8764941686811095,0.6930837029999262,0.6412077105731131,0.9875447841353373
461,0.40412473542319516,0.4200712939055951,0.00015521784979355413,-0.000541094776083606,0.47103450016793047,0.5865582995840787,0.00434886739481205,0.0030534637707277934,0.6108081141977321,0.11138522669802516,0.06803500026890763,-0.0810835086229918,-0.0674156503722121,0.41974513726100127,0.875332324974917,0.693437065789719,0.6411520917306063,0.9866678343287427
462,0.4042674697110977,0.4196017954603281,0.00014273428790256837,-0.0004694984452670026,0.4745852604549876,0.5888156789492501,0.003550760287057142,0.0022573793651714524,0.6122875160238179,0.11100877481129562,0.06796928698605556,-0.07948770933011887,-0.06558891900704197,0.420928086432492,0.8744346970546789,0.6936719102326332,0.6412858510035097,0.9853945128050482
463,0.40443739933382694,0.4192723430299131,0.00016992962272921464,-0.0003294524304149893,0.4777144974785003,0.5905115167152508,0.0031292370235126987,0.0016958377660006851,0.6134636614419191,0.10967371011123549,0.06728083576875815,-0.07771273825893499,-0.06348470492763406,0.4225503139638235,0.8742625269589568,0.6938497559410608,0.6415075171932167,0.9838861786763647
464,0.40535067339761693,0.41947605520518955,0.0009132740637899928,0.00020371217527642704,0.47533714241416086,0.589085031525676,-0.002377355064339448,-0.0014264851895747777,0.614798887454315,0.10780686251211748,0.06627953913239013,-0.07575215649126174,-0.0614674930846288,0.4242331247713279,0.8749459170589877,0.6939559553891869,0.6421157553970264,0.9826990872415899
465,0.40582613939969564,0.4199143867305913,0.00047546600207870604,0.00043833152540173614,0.44208530655356554,0.5667758039938928,-0.033251835860595325,-0.022309227531783216,0.6136037560701979,0.10543854134267686,0.06469748500242936,-0.07403634330139171,-0.059739086551675404,0.42390546532423085,0.8730321771837763,0.6906325394593669,0.6411301075240358,0.9784149826997162
466,0.4063474297817483,0.42055928599393183,0.0005212903820526749,0.0006448992633405481,0.38681940113019975,0.5345537215276607,-0.05526590542336579,-0.03222208246623215,0.6102011468975237,0.10390515271650523,0.06340304335617385,-0.07245500464466502,-0.05870117658528745,0.42130825879758454,0.8678356787869694,0.6840904868459231,0.638091489639614,0.9716798521075158
467,0.40662280459801403,0.4214888151182113,0.0002753748162657166,0.0009295291242794601,0.3413576495017643,0.5063259101349898,-0.045461751628435465,-0.028227811392670832,0.606342560561441,0.10493656676445474,0.0636275065884861,-0.07189435823453524,-0.05790980283956752,0.41832362499153775,0.8609377426450232,0.6778848223544613,0.6346011005964839,0.965812322518564
468,0.4073669037413388,0.423302302793914,0.0007440991433247945,0.0018134876757027185,0.3079524475876647,0.4892860565432667,-0.03340520191409957,-0.017039853591723164,0.6041080127412923,0.10935773938737603,0.06606388661918788,-0.07137241947149635,-0.05791536439480041,0.416722407801289,0.8541461072238967,0.6746409785057911,0.6330506689355361,0.9634512119135624
469,0.40824105023788215,0.4248772112241228,0.0008741464965433265,0.001574908430208799,0.30051082855723094,0.4858685536893199,-0.007441619030433777,-0.0034175028539467633,0.6030408683288219,0.11465698179752426,0.06914284586314096,-0.07164343872341634,-0.0581173190155622,0.41623701914604044,0.8495560144526206,0.6739917738152105,0.6334696971724021,0.9641674322530839
470,0.40961662104279023,0.42587327323879803,0.0013755708049080773,0.0009960620146752253,0.3107644519389059,0.49108541635342334,0.010253623381674959,0.005216862664103428,0.6021288584572227,0.11990147307604124,0.07219613711061613,-0.07226399114669499,-0.058200375639054336,0.4164629438643672,0.8466935695613779,0.6752998416847237,0.6347163873892312,0.9665554603628641
471,0.4105962592480992,0.4262501634419578,0.000979638205308997,0.0003768902031597854,0.3326749312375082,0.5008548281656231,0.021910479298602292,0.009769411812199758,0.6011452089261101,0.12426048844239589,0.07469859728596456,-0.07330224292117524,-0.05790071608046738,0.416928019389003,0.8452945976064907,0.6774177126350278,0.6358824300307109,0.9695192399443909
472,0.4108532688730233,0.42570370073785846,0.0002570096249240872,-0.0005464627040993597,0.3578280597893009,0.5128370910729206,0.02515312855179269,0.011982262907297536,0.6001044142393958,0.1273707195337075,0.07643573103702589,-0.07432376427033839,-0.05766223356517857,0.41725391278880875,0.844395926141174,0.6794643142822662,0.6364405447812748,0.9717329029391591
473,0.4107510979686054,0.42500568003811706,-0.00010217090441788645,-0.0006980206997413974,0.38249056811912935,0.5250195143846782,0.02466250832982847,0.012182423311757562,0.5997197196620999,0.12940803574542775,0.07760855091927094,-0.07525348973419416,-0.057529641800276206,0.41811075786559165,0.8444135378624694,0.6817056388209568,0.637253019897382,0.9737905831862929
474,0.4105178932310776,0.42409255751570646,-0.00023320473752780346,-0.0009131225224106032,0.4053267864291386,0.5362904778649475,0.02283621831000926,0.011270963480269347,0.6000805360454897,0.13075339055178856,0.07846256469208254,-0.0763057825473214,-0.0577935619162486,0.41919952356680446,0.8457934026161804,0.6842290089410078,0.6383649330658119,0.9765162267206249
475,0.41046909174350305,0.42301736568892356,-4.880148757457903e-05,-0.0010751918267828953,0.42513829100362716,0.545962258183323,0.019811504574488548,0.009671780318375456,0.6008067471655543,0.13160301560389917,0.07906797972215635,-0.07751548394663021,-0.058367040562236856,0.42066922644462473,0.848384921024593,0.6868951005573948,0.6397340680614813,0.9799568892081323
476,0.4106666090605401,0.42224240756403,0.00019751731703704367,-0.0007749581248935877,0.44196489150765794,0.5544753265681615,0.016826600504030786,0.008513068384838451,0.6015104422309794,0.13139482269474434,0.0790353579059768,-0.07874346783995796,-0.059074943982789126,0.42207739089746393,0.851186284417855,0.6891697962549149,0.6409199137065043,0.9825496890430785
477,0.4108319074303201,0.4214400480331225,0.00016529836978002033,-0.0008023595309074594,0.45601658454792776,0.561446621626172,0.01405169304026982,0.006971295058010529,0.6020385595105663,0.1238918683900955,0.07458768198064576,-0.07839533669342029,-0.0583147904893549,0.42466282033082053,0.8589147624414761,0.6910716942510348,0.6419199778465041,0.9827752277351786
478,0.4109874948619177,0.4209086450696295,0.00015558743159760358,-0.0005314029634930217,0.46671284765226595,0.5666265907762374,0.010696263104338188,0.0051799691500654665,0.6024180303751374,0.10956005856871989,0.06600095469075293,-0.07604553325040105,-0.055882426579626394,0.4284964438525211,0.871222810200157,0.6924735277364481,0.6428822282563087,0.9807433642017988
479,0.41102787935895013,0.42045617179581785,4.038449703241964e-05,-0.0004524732738116488,0.47468383288476124,0.5704504303614766,0.007970985232495287,0.0038238395852391305,0.6028411509968179,0.09478049892577911,0.057137585064469344,-0.07312906489872759,-0.0531285398910487,0.4322406425740811,0.8835874449891784,0.6934194326160026,0.6437302154804935,0.9783074553787525
480,0.410866608876932,0.4198520593735729,-0.00016127048201813876,-0.0006041124222449512,0.48178574112597283,0.5749907534773451,0.007101908241211596,0.004540323115868494,0.60345639416006,0.08096138252313027,0.0488566639636215,-0.06788637597486294,-0.04823924139605224,0.43729160068665324,0.8921853667957237,0.6933184908083911,0.6442121811852577,0.9730616544965472
481,0.41062348942154303,0.4190325835095328,-0.00024311945538896262,-0.0008194758640400757,0.4879285209767942,0.5791392095602573,0.006142779850821345,0.004148456082912255,0.6035051881709844,0.07555240735509096,0.045596269817605034,-0.06451382371760839,-0.04546665806133728,0.4397050498673725,0.8948899733537928,0.6924961705049109,0.6440789434409062,0.9703263191244897
482,0.4104574271492853,0.4184943396107458,-0.00016606227225773873,-0.0005382438987870386,0.49441376546127647,0.5840186703459088,0.006485244484482289,0.0048794607856514904,0.6027796366769198,0.07906702299541946,0.0476599913943046,-0.06390408413997925,-0.044663654963977714,0.44058162315643806,0.8899317352832908,0.6916398700648176,0.6438450672410636,0.9688543322708508
483,0.4104514161550877,0.4178336410748829,-6.0109941976138614e-06,-0.0006606985358628692,0.49995811353263414,0.5883769243001662,0.005544348071357674,0.004358253954257374,0.6017411091709651,0.08504895388466753,0.051177451844390105,-0.06521230615890139,-0.045474765952917856,0.4398915858091354,0.8835220492131405,0.6905912533775491,0.6434410990250461,0.9684000069600542
484,0.41066432178810053,0.417454423230496,0.00021290563301284982,-0.0003792178443869365,0.5046681959367136,0.5927791199483102,0.004710082404079496,0.004402195648144036,0.6005434354996547,0.09062236571531086,0.05442266683977891,-0.06700266518194879,-0.04727734810264893,0.4377897899648628,0.8782901378905352,0.6889182427304752,0.6426980403932567,0.968733490572006
485,0.410698079064286,0.4175054016444749,3.375727618548652e-05,5.097841397894154e-05,0.5080151786225862,0.595948637501261,0.003346982685872524,0.003169517552950807,0.5997469175830589,0.09413883474138592,0.05645947596100718,-0.06836806248275859,-0.04901967695607303,0.435909608547295,0.8754998763298053,0.6874709879046188,0.6424595866638254,0.9694555926502576
486,0.4102188669560068,0.4174994086588555,-0.00047921210827922556,-5.992985619429625e-06,0.5103561726832301,0.598153028803925,0.0023409940606439195,0.0022043913026639217,0.5993712847772105,0.0953844931994137,0.05717072623675568,-0.06837271119586219,-0.04956742433184214,0.4350053103406507,0.8731967856559615,0.6861679080688958,0.6422853561130735,0.9683951029281431
487,0.409477789803745,0.41737291636925705,-0.0007410771522617932,-0.0001264922895984344,0.5123953784074013,0.5999871397790361,0.002039205724171267,0.0018341109751111029,0.599470336844251,0.09291152169917254,0.055697701209714894,-0.06592332727778746,-0.04857886395437941,0.4362268719984097,0.8723565805637685,0.6854297615128331,0.6422080416881398,0.9650836408796805
488,0.4089845369619916,0.4174959272461624,-0.0004932528417533888,0.0001230108769053606,0.513147495797676,0.600799364540494,0.000752117390274698,0.0008122247614579248,0.599895875523586,0.08949250842108825,0.05368618669207063,-0.06349092020559345,-0.04733285565093837,0.43800026160488653,0.8728514955399429,0.6852558972030901,0.6423304362050944,0.9621638481475359
489,0.4085547355433321,0.417555758262807,-0.0004298014186595034,5.983101664458479e-05,0.5136311299454335,0.6013561599679272,0.00048363414775742797,0.0005567954274332543,0.6000061654468695,0.08515631240644354,0.051094312470585865,-0.06150020705697383,-0.046202537349529144,0.4395193198260187,0.874893471388491,0.6852814784726505,0.6424655457432679,0.9598763588063626
490,0.40826710306242475,0.417631160843328,-0.0002876324809073516,7.540258052102233e-05,0.5132612467100532,0.6011248156301643,-0.0003698832353802306,-0.00023134433776295094,0.5998076796710455,0.0791876510719246,0.04749736124805148,-0.05965006589672119,-0.0446341303837728,0.4414649457649572,0.8792750675315133,0.6858154020675815,0.642866008952341,0.9582982569110705
491,0.4081562587646452,0.4178912539928225,-0.0001108442977795776,0.00026009314949448914,0.5115780084295566,0.599695528627763,-0.0016832382804966572,-0.0014292870024013027,0.5996332063190798,0.0724577577092802,0.04344807757790671,-0.05747604026677911,-0.04291282490077748,0.444106176449788,0.884826789863052,0.6867727761882303,0.6434648662039825,0.9571224604447456
492,0.4082326763959117,0.41849919183971435,7.641763126653434e-05,0.0006079378468918373,0.5063133595529234,0.5956073120356439,-0.005264648876633138,-0.004088216592119109,0.5997214484071091,0.06485570293551216,0.03889535610194655,-0.05505129519426127,-0.04071588492593635,0.4470869835143627,0.8915717809429057,0.6878857531094255,0.6441357138765372,0.9562663148319622
493,0.4094561778381006,0.42004851926311226,0.0012235014421889123,0.001549327423397917,0.46023640637972874,0.5647756253336268,-0.04607695317319471,-0.03083168670201708,0.5982711098470436,0.056869951327778216,0.03402364889781722,-0.05223340642459408,-0.03880054689837166,0.4486888975526181,0.8950507852993554,0.6866740732981147,0.6427297031713928,0.951744311568022
494,0.4107359604034053,0.42189439555308084,0.001279782565304699,0.0018458762899685732,0.40025648103231487,0.5243971349427317,-0.059979925347413865,-0.04037849039089514,0.5953281874978099,0.04892909951629534,0.02912887213093607,-0.049442711968839675,-0.03692621114245513,0.44863760603473263,0.8956573004369919,0.6830930916563136,0.639279922275636,0.9443838204148424
495,0.41172892566736213,0.4237130719868787,0.0009929652639568132,0.00181867643379785,0.34614057557482536,0.4911829650250603,-0.05411590545748951,-0.03321416991767134,0.592104882553328,0.04178824254212053,0.024743022442512263,-0.04688762101801121,-0.035191128815169524,0.44788870589543245,0.8948730341264787,0.6789465886939817,0.6353498327888591,0.9364163512741857
496,0.41274953971489414,0.42560697848592044,0.0010206140475320091,0.0018939064990417531,0.30976036539824736,0.47027510992036853,-0.036380210176578,-0.020907855104691786,0.5903120393263364,0.03609107366428252,0.021304995296239644,-0.04498592792026886,-0.0339018545571757,0.44760433499635915,0.8951907028075077,0.6762843261166183,0.6326816937016312,0.9309860416303488
497,0.41426032697889265,0.42780779565174226,0.0015107872639985032,0.0022008171658218223,0.2849849526073199,0.46422773354553126,-0.024775412790927487,-0.0060473763748372655,0.5909016120116533,0.031765903769512806,0.018770523744412168,-0.043771733159951726,-0.0332758979891321,0.44864462310945813,0.8983395372455353,0.6763650903241325,0.6323831479570047,0.9297595691158966
498,0.4158339435137489,0.4298542218657081,0.0015736165348562703,0.002046426213965835,0.28677820184958525,0.470944520532434,0.0017932492422653712,0.006716786986902756,0.5918473838089651,0.029664119466753243,0.017556631499394498,-0.043079039421922295,-0.03320785391421476,0.4500082539696606,0.901098327453484,0.6777075068581438,0.6331464332709601,0.9303843904097712
499,0.41668965687273846,0.43127478146382203,0.0008557133589895405,0.0014205595981139352,0.30284142293642635,0.4833030774211045,0.016063221086841106,0.012358556888670491,0.5922616837281858,0.02843723701741543,0.016842285876511955,-0.04272484430651284,-0.03338382563910824,0.45122371240696213,0.9032241540002663,0.6790972843493471,0.6341857930480419,0.9312654715135024
500,0.41745470469982315,0.43221494790883325,0.0007650478270846972,0.0009401664450112146,0.32643362812997506,0.49884434994555943,0.02359220519354871,0.015541272524454919,0.5927447338913105,0.027650118352338493,0.016389462044820124,-0.04241263634588958,-0.03372657916058746,0.4521350514275921,0.9048133480440277,0.6805119921968376,0.6350932838663944,0.9320546030714235
501,0.418216744285845,0.4340999269309638,0.0007620395860218343,0.0018849790221305285,0.3515650631133545,0.5147990030941538,0.02513143498337944,0.0159546531485944,0.5933119600958404,0.02653194009072702,0.015741717380374658,-0.0416452908088029,-0.033557614893172834,0.4532361585873723,0.9058886615468511,0.6816003118341861,0.6358482643255483,0.9320013477381942
502,0.42058019888150916,0.4403589889573953,0.0023634545956641717,0.0062590620264315056,0.376866572648747,0.5305641335301553,0.025301509535392508,0.015765130436001473,0.5938194723677807,0.025052818233622525,0.014876851304815643,-0.0405412153863266,-0.03291677939728236,0.45460159981514525,0.9065298062427054,0.6827217120196589,0.6364490504846182,0.9311473375011406
503,0.4268114758663718,0.45115422044144854,0.006231276984862644,0.010795231484053258,0.402489438156678,0.5462512071310867,0.02562286550793097,0.015687073600931356,0.594489688227916,0.023235435248041152,0.013813226656447915,-0.03913417743331804,-0.03170489824482069,0.4562549277586775,0.9066110454054899,0.6837834125599487,0.6368768510097138,0.92938641343912
504,0.4329569186032271,0.461646691389467,0.0061454427368553,0.010492470948018473,0.42731066923103295,0.5611015270280192,0.024821231074354966,0.014850319896932529,0.5949543344035586,0.021577127174621055,0.012837405336517607,-0.03810528511422041,-0.03050097576338513,0.4576569021377526,0.9066079518512563,0.6846203202652366,0.6373644909584584,0.9276919163266764
505,0.43755611961413476,0.46909210548925373,0.004599201010907661,0.007445414099786718,0.44679268968871344,0.5730418249468248,0.019482020457680493,0.011940297918805576,0.5952884812283018,0.020070584860651525,0.011947787979060993,-0.03738640967785721,-0.02946217124399393,0.4585575551357408,0.9068793010437578,0.6852003830890665,0.6378902423583402,0.926425819160616
506,0.44090958703980393,0.47404888535864886,0.0033534674256691654,0.004956779869395134,0.4624156766096888,0.5830042169103906,0.015622986920975357,0.009962391963565853,0.5955811557823054,0.018633414357133813,0.01109771045899236,-0.03663136848060166,-0.02834654390089035,0.45900199783160756,0.907413705528463,0.6854346322064301,0.6383267055696176,0.9254713825966459
507,0.44359814847306595,0.47802548088954533,0.0026885614332620156,0.003976595530896465,0.47518705589310756,0.5917932012719107,0.01277137928341876,0.008788984361520091,0.5960114644624374,0.01726251092759117,0.010288654418252441,-0.03590396488732165,-0.027118506887535386,0.45928206454981935,0.9081292986367837,0.6856198407873033,0.6388448910082594,0.9247502061064646
508,0.44555126367221537,0.4799457480603592,0.0019531151991494244,0.001920267170813894,0.4858762076748859,0.5997628351815776,0.010689151781778317,0.007969633909666873,0.5964423021199019,0.0161170297879085,0.00961287835003518,-0.035498046872499155,-0.026315165585086665,0.4593308016964662,0.9088919372344613,0.6857435585690574,0.6394216334165236,0.9243001423810105
509,0.4467703065835562,0.4798934654540539,0.0012190429113408396,-5.228260630529835e-05,0.49497717752183357,0.6068742441596289,0.009100969846947693,0.007111408978051292,0.5967703401369291,0.015196637723738278,0.00906890266333298,-0.035349416295726285,-0.025951347093699364,0.45922461977373635,0.9094913262814446,0.6857993513300441,0.6398904383714356,0.9239122469220485
510,0.44699922110589185,0.47879328073891453,0.0002289145223356437,-0.0011001847151393962,0.5033850732941322,0.6130578279455561,0.008407895772298613,0.006183583785927205,0.5970838509792846,0.014431975178760022,0.008617099316971483,-0.03530467026449805,-0.02567756793017865,0.4587786798158821,0.9099460055420585,0.685719051697231,0.6401102789762559,0.9235375169323157
511,0.4468077883568796,0.4769082590645682,-0.0001914327490122325,-0.0018850216743463433,0.5112580262844545,0.6185707486217196,0.007872952990322313,0.005512920676163491,0.5973728535727987,0.01377649696777306,0.008229705305875601,-0.0353629624439461,-0.02543946849068207,0.4582724587433744,0.9103587443580118,0.685623855933465,0.6402692132212344,0.9232315945690629
512,0.4463172110198589,0.4748046988868117,-0.0004905773370207367,-0.0021035601777564805,0.5177217821328479,0.6229601861317091,0.0064637558483934265,0.004389437509989547,0.5974860004682885,0.013227468616155102,0.007903227319786318,-0.035505589811622995,-0.02530183842426321,0.45776738346216184,0.910577891937128,0.6854589564467839,0.6402171315258313,0.9228433737090489
513,0.4455452119154049,0.47266087491888265,-0.0007719991044539687,-0.0021438239679290594,0.523057390316128,0.6263705799895706,0.0053356081832800495,0.00341039385786146,0.5972254106895105,0.012763603043725992,0.007622748069667142,-0.03588336859992905,-0.02541768676739136,0.4573280936201218,0.9107122951147438,0.6853601156480846,0.6401054202622329,0.9224559651433099
514,0.44456442628770004,0.4707214289724227,-0.000980785627704872,-0.00193944594645995,0.527013379801597,0.628891115164482,0.003955989485469047,0.0025205351749114646,0.5967986121857546,0.012425554646904036,0.007415553768910582,-0.03646669874744849,-0.025784702092073265,0.4568205479843751,0.9107851726664145,0.6853875503074666,0.640068646758697,0.9221354502878263
515,0.4435838658890482,0.4690837590743715,-0.000980560398651853,-0.0016376698980511972,0.5302074653044541,0.6308828542305147,0.003194085502857047,0.0019917390660326717,0.5964490930119757,0.012157131748154191,0.0072511102048136615,-0.037051533814627904,-0.02617948633251319,0.4563129603974965,0.9108736453302433,0.6854345274561741,0.6400978863533999,0.9219030258441849
516,0.4426847956721504,0.46767641600348275,-0.0008990702168977793,-0.0014073430708887447,0.5327594646554616,0.6323722429225037,0.0025519993510075833,0.001489388691989002,0.5961320534924235,0.01191459318769714,0.007102670903508736,-0.03758409034588128,-0.026457387592005045,0.45580262959930606,0.910787423577078,0.6854021334230366,0.6400919487165844,0.9215260212403737
517,0.441931672338414,0.46695306841225875,-0.0007531233337363941,-0.0007233475912239995,0.5347504436761423,0.6334283835039359,0.0019909790206806832,0.001056140581432219,0.5959351920337619,0.011723887368324599,0.006986677070224715,-0.038045244409286735,-0.026719155459248915,0.4553760682493293,0.9106520530544461,0.6854676432898607,0.6400718318208133,0.921151684355265
518,0.44151996922736486,0.46684923439312875,-0.00041170311104915536,-0.00010383401913000023,0.5367335906905252,0.6343007580093839,0.0019831470143828467,0.0008723745054479703,0.5958476769029918,0.01159125215864107,0.006906620671123071,-0.03845323675424261,-0.026914958216481627,0.4551177489189234,0.9105256299882554,0.6855989396565318,0.6400936969648469,0.920854148172653
519,0.4411723146732285,0.4669805497703104,-0.00034765455413637847,0.00013131537718164,0.5383896270247226,0.6348128193936153,0.0016560363341974194,0.0005120613842314325,0.5958189107317402,0.011505746459858886,0.006855341322868697,-0.03866333141694671,-0.026760544554155725,0.45509480003826974,0.9102439386731275,0.6857450978584548,0.6401115584144804,0.9204608193203232
520,0.4408190499931082,0.4672234193010038,-0.0003532646801202577,0.00024286953069341255,0.5394399580749062,0.6347867262033292,0.001050331050183595,-2.6093190286125e-05,0.595767628302212,0.011437744264911964,0.006814237773833828,-0.03887209820149109,-0.026595371051264888,0.45516829888970206,0.9099498047538576,0.6859290988139677,0.6402108098417866,0.9200747679099699
521,0.44046203399533584,0.4674185958677469,-0.0003570159977723808,0.000195176566743116,0.5399096321315984,0.6344241257011989,0.000469674056692182,-0.000362600502130328,0.5957010689678234,0.011391999757124219,0.006786226433000081,-0.039113103570193083,-0.026447757127412805,0.4552981175699501,0.9097855508915466,0.6861379997752016,0.6403722766190911,0.9198409605187144
522,0.4401140552851295,0.4675783979365268,-0.00034797871020636473,0.00015980206877985736,0.5401360957202653,0.6340251660714813,0.0002264635886669586,-0.0003989596297175879,0.5955598217282099,0.011365431551158182,0.0067687943884719385,-0.03938095468472352,-0.02627174466414733,0.45554758210777724,0.9096102544150175,0.6862955723341061,0.6406234515111316,0.9196146879174476
523,0.44009743945449825,0.46831178818079017,-1.6615830631228068e-05,0.0007333902442633877,0.5401740539056532,0.6336578345183961,3.795818538787632e-05,-0.00036733155308521503,0.5953544697012444,0.011347375701303853,0.006755710843150541,-0.039514786567481926,-0.02609893904115207,0.45582105687515684,0.9094756310052537,0.6864322396246029,0.6408393976462626,0.9194385534373213
524,0.440880418551021,0.46978248487150187,0.0007829790965227512,0.0014706966907117036,0.540011973036294,0.6332682584676018,-0.00016208086935920463,-0.0003895760507942603,0.59530818252462,0.011378614826049986,0.006773782511743513,-0.03967478565638504,-0.02585985729577032,0.4562266153475931,0.909477705433243,0.6866903207130657,0.6411811330652252,0.9194545839443438
525,0.4429955715170899,0.4731076756137925,0.0021151529660689006,0.0033251907422906513,0.5395686641509535,0.6329373683775514,-0.0004433088853404987,-0.00033089009005038417,0.5951431578019829,0.011804890231690485,0.007025599649994056,-0.0398044240962512,-0.025632962828981084,0.4568437886572761,0.9090059040628043,0.6871027419911251,0.6416523280246739,0.9194211209463264
526,0.44537192992397695,0.4768796743919105,0.002376358406887047,0.0037719987781179576,0.5390963168676401,0.6325645900520968,-0.00047234728331335685,-0.00037277832545468126,0.5947816035767526,0.014782135129642118,0.008792142036696787,-0.04036177937717038,-0.02565235480171265,0.4573167990566211,0.9059912263760251,0.6874475005991388,0.6420780997886127,0.9195940383506573
527,0.4477795643827423,0.48095810485067986,0.002407634458765351,0.004078430458769378,0.5386338594190285,0.6322779054670523,-0.0004624574486116195,-0.00028668458504443883,0.594209241903151,0.020555371220737324,0.012214191550112174,-0.041853666738389673,-0.02591013302895264,0.45748047875060094,0.9004533231303866,0.6877578795966137,0.6424939583767241,0.9200718331739827
528,0.4501343900288258,0.4848981296464077,0.002354825646083525,0.003940024795727859,0.5378455685876864,0.6314832120422833,-0.0007882908313421311,-0.0007946934247690107,0.5933091671026919,0.028955624354754045,0.017179637368857543,-0.04422465706903511,-0.026617338675371433,0.4571575786250282,0.8935970037895294,0.688042993555231,0.6429504132811942,0.9218100087353869
529,0.4523694719834433,0.4884926740943799,0.0022350819546174683,0.003594544447972192,0.5374731291445801,0.6309473587858264,-0.0003724394431062761,-0.0005358532564568863,0.5922296281542195,0.038079937720096206,0.022552067356108416,-0.0467658931155246,-0.027937514085478794,0.4565438000403987,0.88628741715548,0.6883472505227632,0.6434164805515507,0.9237331826164831
530,0.45457238248826437,0.4917880597523785,0.002202910504821076,0.003295385657998584,0.5379081733257206,0.6307192417195221,0.00043504418114048704,-0.00022811706630432305,0.5912007312943389,0.04742687685682668,0.02803880428076249,-0.04967973083528478,-0.029890533603174632,0.4557909082303899,0.8790895361278833,0.6887753437782888,0.6439165845263078,0.925944952623423
531,0.4564938229438473,0.4945185261076867,0.0019214404555829567,0.0027304663553082142,0.5385834632720367,0.6305369234138027,0.0006752899463160489,-0.00018231830571935337,0.5901318043636139,0.05664538530844488,0.03342824344094472,-0.052805524236809454,-0.03226451965182703,0.45482787229008026,0.8720848264267366,0.6891906818930856,0.6443246159784363,0.9281997495706713
532,0.45823033636034105,0.49666949295009855,0.0017365134164937235,0.002150966842411839,0.5394725105040367,0.6304039182079888,0.0008890472320000065,-0.00013300520581394082,0.5890581456328239,0.06533011522728475,0.03848323652976307,-0.055817646614275095,-0.034942853957762594,0.4537246859326759,0.8656352177405668,0.6895216215765212,0.6446622906269782,0.9304617795394619
533,0.4596540364746209,0.4979578190036101,0.0014237001142798356,0.0012883260535115348,0.5403479393870836,0.6300511124236937,0.0008754288830469248,-0.0003528057842950849,0.5879959231528351,0.0733119499287526,0.04310712767649131,-0.05853139606344676,-0.037511220910128026,0.45248543103353195,0.8599928097277156,0.6896881061237748,0.6448830556179581,0.9328289304811791
534,0.46048937402327345,0.4987081948400553,0.0008353375486525594,0.0007503758364452162,0.5404653096316236,0.6293959631795961,0.0001173702445400604,-0.000655149244097597,0.5867749282531137,0.08115329890893785,0.047618721144795505,-0.06152080041425265,-0.04030141362469548,0.4510847732921484,0.8542483531180974,0.6898694198128188,0.6449601310082125,0.9349563188320087
535,0.4607142936148981,0.49895412195426897,0.00022491959162462827,0.0002459271142136732,0.5404632609859549,0.6288454051860177,-2.0486456687729415e-06,-0.0005505579935783933,0.5856554591419487,0.08784105966733036,0.051444596130985676,-0.06462119467425602,-0.043077913633895744,0.4497314520697353,0.8493892879423968,0.6900546897878205,0.6449819773064341,0.9368151616834641
536,0.460710585569712,0.4987900700209206,-3.708045186068265e-06,-0.00016405193334839696,0.5403913691694268,0.6283163984522768,-7.18918165281135e-05,-0.0005290067337408999,0.5847691340829134,0.09221617225410254,0.05392517119747233,-0.06680019498391454,-0.04482178044887288,0.44893889687179417,0.8460221451960003,0.6900913646985771,0.6449770530993506,0.937847404652196
537,0.46064881718385764,0.49849960916186614,-6.176838585436606e-05,-0.0002904608590544311,0.5402831075703276,0.6276376751965014,-0.00010826159909915756,-0.0006787232557754486,0.5842171267692617,0.08629943226773953,0.0504176063612773,-0.06351504628014593,-0.041144704107744255,0.4525536693043113,0.8475200406385348,0.6900590943170805,0.645158005727196,0.9334727959023121
538,0.4605682010232584,0.498077707836867,-8.061616059923393e-05,-0.000421901324999141,0.539985020074682,0.626975137848814,-0.0002980874956456381,-0.0006625373476873975,0.5839085907357258,0.07698934353972461,0.04495473908794925,-0.05999040598367834,-0.037306885244285146,0.455931837870358,0.8522496596930803,0.689997962339584,0.6454585019209326,0.9289448825568799
539,0.46046191472899023,0.4975410135920306,-0.00010628629426817637,-0.0005366942448363776,0.5395901532780637,0.6262143460140971,-0.00039486679661826507,-0.0007607918347168896,0.5839897653063966,0.06743390950934795,0.03938071298805689,-0.05607804429517826,-0.03328205028650661,0.45918444801550695,0.8571948331105993,0.6898590512586797,0.6459236600703985,0.9243718343734659
540,0.4603792031564205,0.496898495088207,-8.271157256972694e-05,-0.0006425185038236303,0.5391129611901645,0.6252798744848065,-0.0004771920878992031,-0.0009344715292906036,0.5844520288321868,0.05676946958593606,0.033179031675227455,-0.05016245974665345,-0.027590687102899632,0.46412204981077243,0.8614635663899226,0.6896342136590821,0.6465396646265537,0.9179870177809698
541,0.46028264053450635,0.49623114411129726,-9.656262191415355e-05,-0.0006673509769097308,0.5383802783778087,0.6241807026901132,-0.0007326828123558338,-0.001099171794693321,0.5846220249776484,0.059663983743388,0.034880878994292985,-0.04930577112172536,-0.02692152946273047,0.46540461539340233,0.8563347628498847,0.6894279965645254,0.6469923291218881,0.9157381803291628
542,0.46002296758790906,0.4955490567428186,-0.0002596729465972891,-0.0006820873684786344,0.5374662110079849,0.6230685486446053,-0.0009140673698238011,-0.001112154045507907,0.584108180854153,0.07449787753591766,0.043514819725000334,-0.05427224291168275,-0.032907830665602794,0.4615538610747779,0.8454862828923908,0.6891538077371444,0.6472950121582178,0.9197495389213745
543,0.4595927836220564,0.4948489752428619,-0.0004301839658526485,-0.0007000814999567062,0.5366141823984324,0.6221856766850427,-0.0008520286095524687,-0.0008828719595626033,0.583517911238883,0.09184504253802331,0.053593227379433714,-0.06142748342034071,-0.041204114123877575,0.4554452075738162,0.8352236871501995,0.6888474085109111,0.6474300976325769,0.9268644841868442
544,0.45907378496363926,0.4941238357885916,-0.0005189986584171469,-0.0007251394542703293,0.5358997842706912,0.6212524458688301,-0.0007143981277412115,-0.0009332308162125491,0.5829876442856466,0.10849138299489808,0.06324913579748749,-0.06886792120719573,-0.04969914688446624,0.4490252499108041,0.8264511150692668,0.6886094265042764,0.6475443712541817,0.9347548617681312
545,0.45830517510570296,0.493202808485723,-0.0007686098579363088,-0.0009210273028685823,0.5353794191161987,0.6200721950123093,-0.000520365154492497,-0.001180250856520848,0.5824998123871361,0.12338782332837804,0.07187338393963731,-0.0755589862977139,-0.05743011131222858,0.4434680227145758,0.8187249867801021,0.6883327179831151,0.6475409503976048,0.9419351584029599
546,0.4569400910009162,0.49227299874486985,-0.0013650841047867512,-0.0009298097408531603,0.5352956946589577,0.6192242340011433,-8.372445724103006e-05,-0.0008479610111659097,0.5819973841563442,0.13637469863721094,0.07936971787196652,-0.08120521937036004,-0.06406407605749771,0.4388518237058436,0.8118081557056457,0.6879396392986857,0.6473066646194622,0.9480104895627314
547,0.45562502690208606,0.491537620957868,-0.0013150640988301432,-0.0007353777870018341,0.5351751864105225,0.6189655139240947,-0.00012050824843512498,-0.0002587200770486353,0.5816028515969367,0.1479993890688502,0.08607686671704778,-0.08607073115742064,-0.070001019698033,0.43508274609872555,0.8058013308746769,0.6876052576335457,0.6470114993131327,0.9536323256109601
548,0.45455940556989866,0.49107637337863885,-0.0010656213321874053,-0.0004612475792291626,0.5355029044552579,0.6193686412417629,0.00032771804473541444,0.0004031273176682282,0.5815333118529289,0.15887201602619735,0.09238936964046614,-0.09047347547002427,-0.07521153310506727,0.4318092885239302,0.8003019988628306,0.6874127775197051,0.6466711694702291,0.9590063456868081
549,0.4541188887692926,0.4909485807624482,-0.00044051680060608334,-0.0001277926161906695,0.5371041983712448,0.6207710156554748,0.0016012939159868456,0.0014023744137118266,0.5813715554693072,0.16922733345486154,0.09838395807857599,-0.0941179193591695,-0.07983734227027312,0.42891574022041973,0.7951639961125779,0.6872956850051473,0.6462624201166104,0.9642215289333695
550,0.4542202831258172,0.49249651178995874,0.00010139435652462003,0.0015479310275105518,0.5404627632278547,0.6236148515927753,0.0033585648566099024,0.0028438359373005317,0.5808237977163514,0.1786031500990588,0.10373695992463888,-0.09654241223310313,-0.0836865770636649,0.42625119263681716,0.7895472416310089,0.6870028240504189,0.6453499488205023,0.967976049622679
551,0.4549598228378536,0.49681424492329296,0.0007395397120363856,0.004317733133334223,0.5434379850550266,0.6273826668268326,0.0029752218271719144,0.0037678152340573368,0.5801564786347547,0.1865763131474175,0.10824345683226103,-0.09830289138226762,-0.08678411874244778,0.42430780388748496,0.7843033994962851,0.6868649452937942,0.6443766709382788,0.9707007591612398
552,0.45566798461006225,0.5026111664551709,0.0007081617722086708,0.005796921531877941,0.5469093895546038,0.633973641292146,0.0034714044995771687,0.006590974465313315,0.5788691749878857,0.1930450698501495,0.1117478403196348,-0.09916548478511858,-0.08899059021705781,0.4229976953598448,0.77919886315043,0.6867712856016215,0.6433013585634209,0.972065634244036
553,0.455780292654747,0.5079638729402541,0.0001123080446847613,0.005352706485083236,0.5505157594064498,0.6417399705754308,0.0036063698518460363,0.007766329283284801,0.577280289723578,0.19825404427672516,0.11444815211893897,-0.09919452786901317,-0.09024327477520913,0.4224035378369123,0.7743067822975879,0.686628054575059,0.6420392892317127,0.9723850786870075
554,0.4551548224559326,0.5118995022808147,-0.0006254701988144262,0.003935629340560576,0.5541834348120226,0.6502443630446488,0.003667675405572779,0.00850439246921808,0.5753923165695074,0.20285746215533454,0.11672262508296911,-0.09879061344021943,-0.09103626391734736,0.4224396825282426,0.7690921739419242,0.6864634910452087,0.6405366944807365,0.9717775225275995
555,0.4550941228531037,0.516134218782605,-6.0699602828895305e-05,0.004234716501790303,0.5589358745366886,0.6581919737439835,0.004752439724665991,0.007947610699334695,0.5734113607379476,0.20664836776756912,0.11849452175587764,-0.09818782187051132,-0.0917041384074026,0.4226751172444607,0.7644134209191319,0.6863415117603726,0.6390678086331663,0.9708986824908331
556,0.455304087585671,0.5198061715115055,0.00020996473256729153,0.0036719527289005294,0.5642977482756437,0.666684281662104,0.005361873738955136,0.0084923079181205,0.5713654898542281,0.2094522699983238,0.11967379884867232,-0.09748585290375231,-0.0922102183957499,0.42289254171812324,0.7603972007493351,0.6862735748765912,0.6375539007549198,0.9696970355457848
557,0.4557751624916475,0.5227147242054647,0.0004710749059765318,0.0029085526939591766,0.5711601573493582,0.6751396792836566,0.006862409073714493,0.008455397621552563,0.56941932126898,0.21141906482992695,0.12038610039877948,-0.09675911598680773,-0.09266479866622274,0.42329993902478424,0.7570216124834794,0.6863000235978846,0.6361837813102248,0.9682978992408213
558,0.4566252056893476,0.5253502224505423,0.0008500431977001011,0.0026354982450775832,0.5801001227446286,0.6832854733329556,0.008939965395270422,0.008145794049299049,0.567692124903758,0.21225866398233065,0.12049757198536204,-0.09615222391344894,-0.09268475089982078,0.4237118976612818,0.7550249388173181,0.6863901044696926,0.6347002233354132,0.9671526635797504
559,0.45828286681472913,0.5274553504524087,0.0016576611253815154,0.002105128001866352,0.5878813947348678,0.689488806983019,0.007781271990239147,0.006203333650063314,0.566335077079709,0.21235278562884163,0.12026283121720094,-0.09568932355502498,-0.09272984531380171,0.42463365336490844,0.7543908733623573,0.6868797998052074,0.6337255162490317,0.96662436952059
560,0.4595460290135748,0.5287188384551802,0.0012631621988456465,0.00126348800277154,0.593734156246396,0.6940205676378759,0.005852761511528248,0.004531760654856942,0.5651526683683604,0.21178133484701722,0.11968878649940502,-0.09511305575733142,-0.0929154742609533,0.42561547388294946,0.7548150352524089,0.6872952398234012,0.6329772723589818,0.9664876451129221
561,0.4614757792032938,0.5299087484723598,0.0019297501897190261,0.0011899100171796073,0.5988818420856337,0.6978468286542634,0.005147685839237637,0.0038262610163875,0.5642088560772242,0.2107398465250813,0.1189012877378059,-0.09457729242980542,-0.09304138861213627,0.4264763302792733,0.7557157463074481,0.6876667304900203,0.6324141664042494,0.9663562567131598
562,0.46273957377751496,0.5307089136952853,0.0012637945742211554,0.0008001652229254752,0.6025900813047692,0.7006351679412597,0.003708239219135545,0.0027883392869962886,0.563622099117145,0.20932250919796097,0.11797879202662266,-0.0941945043080083,-0.09319744918030029,0.4273420024355676,0.7571137092330117,0.6881246814449616,0.6321132935592239,0.9663454847188122
563,0.46417006985269105,0.531866907467308,0.001430496075176091,0.0011579937720227473,0.6054337764965463,0.7027816909505183,0.0028436951917770736,0.0021465230092586607,0.5631959884465332,0.20772894133209166,0.11699210644247926,-0.09394155959604435,-0.09330891846353535,0.4280800555448802,0.7588625711747268,0.6883662458402952,0.6318678895894989,0.9665087631574814
564,0.4651281648218958,0.5326356710709583,0.0009580949692047369,0.000768763603650302,0.6068606171952226,0.7044289030130501,0.0014268406986762683,0.001647212062531711,0.5629760898103453,0.20614088952972384,0.11605239193747027,-0.09394944589292466,-0.09370173134905951,0.4287829635683059,0.7609343010880248,0.688698028084979,0.6317486869281642,0.9669992186194204
565,0.4661444573112883,0.5333510189164895,0.0010162924893925007,0.0007153478455311779,0.6081034743101892,0.7057413193291401,0.0012428571149666334,0.001312416316090026,0.5628426264572175,0.20472486242136478,0.11522787926633346,-0.09421053338769823,-0.09382885430068998,0.4294507225620482,0.7629033606191085,0.6889680606764732,0.6317352166344377,0.9675580294460357
566,0.4672167857631776,0.5343129301903139,0.001072328451889315,0.0009619112738243896,0.6090814243207034,0.7068461103146465,0.0009779500105142613,0.0011047909855064209,0.5627539695498001,0.2034406668125473,0.11448704281661926,-0.09437844393052608,-0.09384586206774138,0.4301160965344615,0.764560864826229,0.689233390540816,0.6317676662861212,0.9679356495783976
567,0.4681999847635625,0.5352226188112241,0.0009831990003849045,0.0009096886209102317,0.609594039902185,0.7075484950676786,0.0005126155814815236,0.0007023847530320815,0.5625782856427173,0.20212844014995104,0.11371307133919605,-0.0944277766714519,-0.09367667067283285,0.4306487155765647,0.7659734472008263,0.689436726549648,0.6317864102316854,0.9680396826997013
568,0.46884240574389385,0.5358898900428991,0.0006424209803313485,0.0006672712316749818,0.609702566952864,0.7077562684810565,0.00010852705067898594,0.00020777341337796518,0.5624028361540944,0.20062667269110213,0.11283300972963503,-0.09447462262230569,-0.0935418898253048,0.4310857701096421,0.7675386053619616,0.6896212727503935,0.6318250518195654,0.9681065009891071
569,0.4701581056154625,0.5367982002205787,0.001315699871568654,0.000908310177679561,0.6102193099869372,0.708026615145821,0.0005167430340732304,0.0002703466647644426,0.562397066933488,0.1987625226961508,0.11178345978061605,-0.0945627290822538,-0.09314122595907398,0.43152596243800206,0.7695309487419505,0.6897696936059696,0.6319623881625384,0.968238449538602
570,0.47114131259620534,0.5376317659146251,0.0009832069807428345,0.0008335656940464675,0.6100895644035111,0.7080117548318285,-0.00012974558342604414,-1.4860313992448582e-05,0.5623750063963924,0.1970819349232288,0.11083395441306419,-0.09453374872383838,-0.09299222700875803,0.43175397271793475,0.7716064837249759,0.6898628804448046,0.6320843675256255,0.9686370668187815
571,0.4718160979019529,0.5382676112674736,0.0006747853057475495,0.0006358453528484409,0.6098497665325171,0.7079285875091442,-0.0002397978709940407,-8.316732268431881e-05,0.5623011324747101,0.1956402829262953,0.11000875264712855,-0.09432223012506988,-0.09290450205701908,0.4319008428862877,0.7734511318164552,0.6898980232482166,0.6321555791361857,0.9690433584753232
572,0.47243505793664775,0.5387972037087703,0.0006189600346948598,0.000529592441296689,0.6096987313637002,0.707896120423472,-0.00015103516881687096,-3.246708567217205e-05,0.5622569592084419,0.19429441202254605,0.10924338529498888,-0.09400347662816062,-0.09283899377658048,0.43207990170778815,0.7750990623237936,0.6899959745572994,0.6321848990754179,0.9693483912910352
573,0.4729606823090066,0.539284881742143,0.0005256243723588683,0.0004876780333726849,0.6095920626731631,0.707861865619467,-0.00010666869053710393,-3.425480400509606e-05,0.5623440978396728,0.19247170072254813,0.10823532490248881,-0.09364037445144903,-0.09271690768796566,0.432332232731626,0.7769884757914103,0.6901554489106776,0.6322383704025998,0.9694182266024501
574,0.47408412290966356,0.5398643356447701,0.0011234406006569442,0.0005794539026271472,0.6097166760808541,0.7077446707316014,0.00012461340769098772,-0.000117194887865546,0.5626265196419269,0.19044559699668817,0.10714974341937566,-0.09336117258641223,-0.0926264497652348,0.43260575455816186,0.778736531134671,0.6903242152175741,0.6323314672624855,0.9691431057672723
575,0.47486832387276307,0.5403642242239863,0.0007842009630995017,0.0004998885792162344,0.6096820528478956,0.7075097136549917,-3.462323295855274e-05,-0.00023495707660969867,0.5630111645657395,0.18838933382875428,0.10606529823069082,-0.09299175107509958,-0.09236897248398486,0.43298769329621867,0.7804156317137008,0.6905512330262968,0.6324989447904777,0.9687685068280251
576,0.4749378752648392,0.5405958546775635,6.955139207615035e-05,0.000231630453577214,0.6093041381734609,0.7064744983147472,-0.0003779146744347095,-0.001035215340244533,0.5633672192919148,0.1863674323344944,0.1049933021208582,-0.09241581601885736,-0.09185839041540492,0.4335270280962001,0.7821598820938241,0.6906962152768069,0.6326467152003721,0.9684931413816465
577,0.4763689592529721,0.5420344091737908,0.0014310839881329085,0.0014385544962272068,0.6098047626523339,0.7053873952120313,0.0005006244788730019,-0.0010871031027158695,0.5639887841803304,0.18476242744785376,0.10420393681852154,-0.09157963069364451,-0.09058628896393904,0.43398882166875485,0.783794587021725,0.690826416678792,0.6329317942810953,0.9685248118370628
578,0.4768675904210735,0.5428437211861632,0.0004986311681013933,0.0008093120123724429,0.6098384241501298,0.7042154106789328,3.366149779593375e-05,-0.0011719845330985246,0.5645510504947179,0.18251149850898882,0.10303705821061478,-0.09072906095502495,-0.08989473998693685,0.4342928771908986,0.7864040081295798,0.690955785882434,0.6332164427482102,0.9688857769405317
579,0.476864755998846,0.543192653449191,-2.834422227537825e-06,0.00034893226302779023,0.6096777074247877,0.7028424936413209,-0.0001607167253421249,-0.001372917037611887,0.5651085589943198,0.17949140607485325,0.10143212983882462,-0.08991775307765612,-0.08886366634032458,0.4345838854848654,0.7894017311610798,0.6910286063828488,0.6333038505393598,0.9688661910734383
580,0.4768386260183395,0.5434030852395537,-2.6129980506495176e-05,0.00021043179036273063,0.6097338281984885,0.701854469711593,5.612077370087398e-05,-0.0009880239297278548,0.5656141758686155,0.17585676726607868,0.09946708048812201,-0.08905820902098455,-0.08778864474209941,0.43492595708395015,0.7924317277894032,0.6911113887156555,0.6334110362888256,0.968264762106374
581,0.4757163056598621,0.543149345447173,-0.0011223203584773689,-0.0002537397923807472,0.6096894571037088,0.7012845800305985,-4.4371094779727116e-05,-0.0005698896809945841,0.5660832454931299,0.1730932535147044,0.09798519072256898,-0.08826604577309623,-0.08682413985018682,0.43505560703132606,0.7945490839610017,0.6910422513163986,0.6332046935469909,0.9676216525861256
582,0.4742865478302055,0.5425747784971285,-0.0014297578296565971,-0.0005745669500444306,0.6102739118673534,0.7016763586372045,0.0005844547636445485,0.00039177860660599695,0.5664568550923901,0.16964832174259006,0.09609845480600951,-0.08712434995952781,-0.08501823870128164,0.43486791396782304,0.7958651582155292,0.6904477923873479,0.6326636729686914,0.9654965618913094
583,0.47316032297689475,0.5423040689246601,-0.0011262248533107644,-0.00027070957246844163,0.6105441609591452,0.7020312788706784,0.0002702490917918521,0.0003549202334739432,0.5669307445726884,0.1658512106468979,0.09402615034032762,-0.08555560827833941,-0.08280003459623514,0.43479986838215806,0.796468888732295,0.6896263179710883,0.6323016573235075,0.9623070533456045
584,0.4710229431240715,0.5418479545650782,-0.0021373798528232513,-0.00045611435958192725,0.6109268915100541,0.7019454075435543,0.00038273055090887187,-8.587132712412071e-05,0.5673192851400501,0.16229111546169062,0.09207087960830766,-0.08451409751357479,-0.08108480451098841,0.43455420744468276,0.7970972834385909,0.688755853468084,0.6319196172299854,0.9593784917136606
585,0.46954900878531297,0.5419853205792783,-0.0014739343387585313,0.00013736601420011318,0.612421791614123,0.7026196011642262,0.0014949001040689414,0.0006741936206718924,0.5673615158751784,0.15878718853245227,0.09008973998732986,-0.08332581562743532,-0.07914633904984628,0.43428635471949184,0.7972769123836765,0.687819839335265,0.6315486213120031,0.9560562415454116
586,0.4674452536881335,0.5410099948410229,-0.0021037550971794716,-0.0009753257382554281,0.613787921175161,0.7031846125638918,0.0013661295610379875,0.0005650113996655826,0.5675243443166508,0.1561722592342792,0.0886315590223843,-0.08248811314380301,-0.07753208565328606,0.4339431191386703,0.7971096588732263,0.6870105581135394,0.6311833824349924,0.953274633341089
587,0.4661115452091795,0.5406669053480255,-0.0013337084789539766,-0.00034308949299732827,0.6148437000051322,0.7037824474684722,0.00105577882997121,0.0005978349045804299,0.5676048429248745,0.15368604820092954,0.0872329452488333,-0.08155562349914501,-0.07578682961086979,0.43378266643695457,0.7972093609273522,0.6862023154100226,0.6309916107473543,0.9508872768979456
588,0.4651825696322364,0.5406176754548927,-0.000928975576943103,-4.922989313282944e-05,0.6155966551999708,0.7044613544558237,0.0007529551948385338,0.000678906987351513,0.5676524739087487,0.1515830718175876,0.08604650571994113,-0.0809480936560377,-0.07448654453575534,0.43370803505825517,0.7976450557157172,0.6855373030285866,0.6309733423344281,0.9492180673461824
589,0.46450415623048574,0.5407509364791677,-0.0006784134017506771,0.00013326102427502207,0.6160726814153601,0.7047453726323023,0.00047602621538933576,0.0002840181764786065,0.5677248161178798,0.14973994782480618,0.08501108434433902,-0.08038411573599824,-0.07335854402067198,0.43370382881148034,0.7982238766003713,0.6849585577288778,0.631040658494669,0.9479508865269062
590,0.463990783359768,0.5406178697583339,-0.0005133728707177321,-0.00013306672083379656,0.6163321766823541,0.7046795812423631,0.00025949526699398096,-6.579138993922928e-05,0.5677666775250739,0.14817400654527496,0.08412826339178932,-0.07980474662343358,-0.07242955720726481,0.43379858452398257,0.7989305345266438,0.6846369300392513,0.6310272035223327,0.9470881822606971
591,0.46368833634499207,0.5403034646735082,-0.0003024470147759417,-0.0003144050848257196,0.6134980031256925,0.7028332267846229,-0.002834173556661601,-0.0018463544577401736,0.568195873459386,0.14681598269436388,0.0834202355248222,-0.07939902292467776,-0.07146051887158526,0.4342102895897981,0.7999540805261388,0.6847291581342628,0.6313499580398064,0.9467491207026439
592,0.46358036724444784,0.5390557736575182,-0.00010796910054422515,-0.0012476910159899823,0.6070343611563151,0.6961824410372425,-0.006463641969377321,-0.006650785747380428,0.5692723626712994,0.1458310453972672,0.08301758376412784,-0.07942332914152475,-0.0704453511829175,0.4348555108237599,0.8017261910053622,0.6852293104089778,0.6323603846904233,0.9475311691870854
593,0.464021578086557,0.5375775420257418,0.00044121084210912986,-0.0014782316317764055,0.592513828521599,0.6784713583303027,-0.014520532634716199,-0.017711082706939774,0.5715311321562072,0.1451563461849631,0.0829613708747503,-0.07954613246070584,-0.06976381504258711,0.4356486914606925,0.8043103058703721,0.6860684799804249,0.6338856528488621,0.9494335114474929
594,0.4640445256450123,0.534757157093342,2.2947558455332917e-05,-0.0028203849323997776,0.539040717807789,0.6306624245515763,-0.05347311071381,-0.047808933778726415,0.5720553616419403,0.14430130177000128,0.08254833336944084,-0.07938962684998846,-0.06884084522357922,0.43448818099336284,0.8049349178315354,0.6834257782810781,0.6329940818693284,0.9491960830237761
595,0.46368764265189066,0.5310582807525044,-0.0003568829931216433,-0.0036988763408376535,0.4621431258191288,0.577136950925666,-0.07689759198866014,-0.053525473625910314,0.5699338105461668,0.1431575637447625,0.08159033581355826,-0.07842760534327774,-0.06842846396203382,0.42991105224412723,0.8018928147494321,0.6762927972599191,0.62828853258222,0.9450037186811291
596,0.46339586583717995,0.5274470493627901,-0.00029177681471070915,-0.003611231389714309,0.4050638007859565,0.5370073229817242,-0.05707932503317231,-0.040129627943941815,0.5683856733635594,0.14209992826705714,0.08076756341298476,-0.0779379582609457,-0.06799377418290964,0.425849801517951,0.8000353910841265,0.6705369182745865,0.6249760659058432,0.9420822715164099
597,0.4653523063530443,0.5263709846910098,0.001956440515864355,-0.0010760646717802302,0.3705438112237129,0.5132542557156733,-0.034519989562243614,-0.023753067266050865,0.5696487183690755,0.1418470632500066,0.08080299778478345,-0.07854909043313342,-0.06802134467123812,0.42472723783950045,0.8032327192725864,0.6697626669500405,0.6254222118207216,0.9450201188704925
598,0.4682511805744481,0.5264480236266613,0.00289887422140378,7.703893565147446e-05,0.3661124639720103,0.4989670515550879,-0.004431347251702578,-0.014287204160585376,0.5718146290387082,0.1419014900546953,0.08114134789566553,-0.0800904321239666,-0.06709933526326727,0.42521729640852557,0.8086281782749681,0.670977517541176,0.6275937805909447,0.9504643678095109
599,0.4700357180613722,0.5268390117565579,0.001784537486924087,0.0003909881298965745,0.37583955524749385,0.49373849044424833,0.009727091275483546,-0.00522856111083958,0.5740576834767734,0.14204873718206684,0.0815441690075383,-0.08176515898590134,-0.06590756985733835,0.42615681676188477,0.813798805198627,0.6725223723271188,0.6298524109418071,0.9557757096815636
600,0.4714911631850082,0.5274650660703674,0.0014554451236360455,0.0006260543138094654,0.39376070425935944,0.4972968885681895,0.01792114901186559,0.0035583981239411533,0.5757106847776539,0.14212681027109653,0.08182392326643667,-0.08305239833468332,-0.06470380388722867,0.4276379942268205,0.8184378188232286,0.6741441985224726,0.6323261215778256,0.960485748821937
601,0.4718654576489753,0.5275777455056804,0.0003742944639670842,0.00011267943531301228,0.4125056750795768,0.5047498649334508,0.018744970820217366,0.007452976365261266,0.5771671453264999,0.14223476391324028,0.08209323265399356,-0.08417583754621065,-0.06386642368803355,0.42886595317559795,0.8223572361893254,0.6754169271205649,0.634368054407463,0.9645056371013849
602,0.4719056257173445,0.5275915192716963,4.016806836920628e-05,1.3773766015967581e-05,0.4306539641087067,0.5146391222770752,0.018148289029129905,0.009889257343624447,0.5783228491077307,0.14232052410376497,0.08230721098619481,-0.08507019305176006,-0.06339516691802591,0.42995523587423656,0.8259003447050871,0.6764279295657573,0.6361152774024293,0.9681270061742729
603,0.4719591875109614,0.5275367710077928,5.356179361687419e-05,-5.4748263903503513e-05,0.44695832882288883,0.5253312634423819,0.016304364714182118,0.010692141165306701,0.579179532433629,0.14232340069004965,0.08243080066602698,-0.08576770744893393,-0.0632110429269283,0.4308706574259286,0.8287450544041236,0.6771551051512362,0.6375446960696395,0.9709682029977258
604,0.4720869723640684,0.5274990554084682,0.0001277848531069936,-3.771559932463919e-05,0.4614000795748607,0.5359790007749059,0.014441750751971849,0.010647737332523999,0.579819552209034,0.14222067556091747,0.08246232841859748,-0.0862740183823222,-0.06347822174729398,0.4316834865264711,0.8310505764783939,0.6777145628218133,0.6388978421726867,0.9731638763248681
605,0.47230757093065723,0.5274649223732174,0.0002205985665888477,-3.413303525079403e-05,0.4741674940025061,0.5468770495508024,0.012767414427645396,0.010898048775896507,0.5802562147056365,0.14204713267839697,0.08242373151775595,-0.08659235372378138,-0.06382484293621528,0.43234713622505727,0.8327593744223067,0.6781217222513338,0.6399357524428498,0.97469254485991
606,0.4723823764588694,0.5273403030062599,7.48055282121518e-05,-0.0001246193669575124,0.48577545880605066,0.5579276197510741,0.01160796480354459,0.01105057020027167,0.5804765254740961,0.14180441432238441,0.08231413372274686,-0.08680415525113862,-0.0642572951878499,0.43281212297151334,0.8337667730741951,0.6783047299213428,0.6407009206373272,0.9754510448191008
607,0.47228773290660125,0.5271214291728966,-9.464355226812549e-05,-0.0002188738333632756,0.4960645984007364,0.568844315186395,0.010289139594685748,0.010916695435320922,0.5805007410834289,0.14156192813519972,0.08217680419168254,-0.08694824917592323,-0.06472193977839814,0.43309152532777534,0.8341000670450529,0.6783692401714551,0.6411318650686295,0.9755364030712745
608,0.4719898297077499,0.5266177611250069,-0.00029790319885136807,-0.0005036680478897049,0.5053369370117834,0.5794990130875565,0.009272338611046982,0.01065469790116147,0.580276543658272,0.14137847877715487,0.08203861501247178,-0.08699260418951694,-0.06528710992997111,0.43315784763316845,0.8339564654981746,0.6783405598347817,0.6413135453383391,0.9752040456941153
609,0.47189882100484126,0.5261722540548321,-9.100870290862373e-05,-0.00044550707017476654,0.5143671280062069,0.5895994658377882,0.009030190994423481,0.010100452750231748,0.579856349889893,0.1412182265163076,0.08188628536567023,-0.08702863233822344,-0.06577833769708356,0.43320181819042525,0.8335855809219854,0.6782768761186001,0.641352178396117,0.9746691388714828
610,0.47211707983272044,0.5257956468425873,0.00021825882787918083,-0.0003766072122448616,0.5225330227304283,0.5984994332418261,0.008165894724221467,0.008899967404037867,0.5792878950772623,0.14104849561472926,0.08170768612847097,-0.08706747479796856,-0.06618499868655947,0.4331971655503463,0.8329165212914001,0.6781684230128112,0.6413518522262345,0.973827331728077
611,0.4722589731367733,0.5253520001918793,0.0001418933040528425,-0.00044364665070795173,0.5294965984488554,0.6065904808942163,0.006963575718427095,0.008091047652390215,0.5785974656769463,0.14084933862819857,0.0814950703725497,-0.08699840686139167,-0.06654140973863741,0.43305504973636644,0.8318947179939359,0.6779513973781485,0.6413112869486438,0.9726040311265499
612,0.4722750462798576,0.5248688463224288,1.60731430843275e-05,-0.0004831538694505255,0.5352652111016505,0.6137151349583801,0.0057686126527950465,0.007124654064163849,0.5778734932898834,0.1405647578282199,0.08122864763963991,-0.08683390717099053,-0.06697982274601089,0.4328400349701125,0.8311668647281569,0.6776996425674157,0.6412824400352733,0.9715904275378515
613,0.4719718257634006,0.5240818535171562,-0.00030322051645703674,-0.0007869928052726127,0.5404398159257914,0.6204394926301496,0.005174604824140894,0.0067243576717694875,0.5772204713659844,0.140213408637609,0.08093404982563206,-0.08681454279418306,-0.06773059795424202,0.43235101001693477,0.8305959156424239,0.6773351234245683,0.6410798926608322,0.9706681573243562
614,0.4714737112231225,0.5232243291041476,-0.000498114540278094,-0.0008575244130085702,0.5446995799072721,0.6258830658104559,0.0042597639814807575,0.005443573180306305,0.5765034336969644,0.13992788409422885,0.08066890565027379,-0.08733863599357423,-0.06906942449473016,0.43151500616593286,0.8301990223893227,0.6769306333321345,0.6408528955299476,0.9699865366233593
615,0.47093185679467753,0.522360118460637,-0.0005418544284449545,-0.0008642106435106101,0.5485349712112286,0.630549974981027,0.0038353913039564924,0.00466690917057111,0.5760087248266035,0.13947012894257443,0.08033601112361426,-0.08795454335759052,-0.07053651479890971,0.43069801235048155,0.8300971532099617,0.6765950186194037,0.6406881911291895,0.9694278471638247
616,0.47039494353218625,0.5214404368397572,-0.0005369132624912787,-0.0009196816208798531,0.5517347840879862,0.6344817174357308,0.003199812876757524,0.003931742454703735,0.5759624279584741,0.13900357038061806,0.0800608338913174,-0.08841891552610248,-0.07189174178812197,0.4300197698211448,0.8301638977423496,0.6763402894200891,0.6404712651174612,0.9690283375405648
617,0.46986164059618385,0.5206087855880339,-0.0005333029360024,-0.0008316512517232422,0.5544446463223754,0.6376527891621577,0.002709862234389293,0.003171071726426944,0.5759536532557222,0.13872954140476215,0.07990178618656374,-0.08895245069703528,-0.07303470385857119,0.42944317381666236,0.8302465965597928,0.6759764386191456,0.6402822000394245,0.9688369553355303
618,0.4694157433640618,0.5199254968597982,-0.0004458972321220722,-0.0006832887282357536,0.5568891560845629,0.6401230091350474,0.0024445097621874634,0.0024702199728896534,0.5759437331857702,0.138650955140947,0.07985514871364977,-0.08958613869802341,-0.07393273501772125,0.4289861167957914,0.8305874837894892,0.6755661661832322,0.6401390263364517,0.9690988931224048
619,0.4687887718406662,0.5192248741211402,-0.0006269715233955808,-0.0007006227386580077,0.5589203506059129,0.6417922497959961,0.0020311945213500326,0.0016692406609487564,0.5759811794903372,0.1392001367661735,0.08017665895979686,-0.09040372785418313,-0.07467922876322759,0.4285187416739646,0.8307114555372302,0.6751037140237831,0.6400170861970099,0.9697695850529829
620,0.4683368477265055,0.5187219998206898,-0.00045192411416067335,-0.0005028743004503733,0.5607888131311269,0.6430913372562783,0.0018684625252139986,0.0012990874602821778,0.5760533903367572,0.14041289449734048,0.08088532392219039,-0.09093976947957849,-0.0750683036738465,0.42844617988986694,0.8306130616504629,0.6748308967945209,0.6400613941651345,0.9708784794538479
621,0.46785323241270305,0.5182307735516701,-0.0004836153138024768,-0.0004912262690196512,0.5626234486111619,0.644035509300383,0.0018346354800349296,0.0009441720441046852,0.5759333451218946,0.14202347553266598,0.08179605534936588,-0.09130759566886855,-0.0752260678084798,0.4285922703429998,0.8304268137456634,0.6745346075373094,0.6401874190508876,0.9722950668871887
622,0.46733388123467196,0.5177904137811101,-0.0005193511780310911,-0.00044035977056000597,0.564110085004232,0.6446762108443654,0.0014866363930701176,0.000640701543982436,0.5756432991292011,0.14326554551665371,0.08246985127275126,-0.09098120036845302,-0.07485041064505503,0.42914638522634124,0.829792827753862,0.6742791577788998,0.640301024046128,0.9728932848029922
623,0.4669566304710573,0.5173357173632662,-0.00037725076361466714,-0.0004546964178439028,0.5651522608393351,0.6452268181985735,0.0010421758351031318,0.000550607354208088,0.5749565971875267,0.1450646924345299,0.08340590193421246,-0.08995918288599401,-0.07454063160192145,0.42994915176662685,0.8277823870711473,0.6739743190995782,0.6404115583028619,0.972670225610534
624,0.46628560461385643,0.516687576658039,-0.0006710258572008576,-0.0006481407052272292,0.5659014768997876,0.6457865360178818,0.0007492160604525289,0.000559717819308303,0.5742272598459297,0.14698205635899295,0.08440110346954453,-0.0889187160913331,-0.07458554138133948,0.4301479762040778,0.8256393523916848,0.6735163001538328,0.6402833540176259,0.9724348135025237
625,0.4657766413880049,0.5160406521266196,-0.0005089632258515331,-0.0006469245314193461,0.5667217558666595,0.6463947630635608,0.000820278966871868,0.0006082270456789773,0.5738193245733136,0.14840707037465847,0.08515884488429075,-0.0881170664176721,-0.07475224693643898,0.4302164254142917,0.8241585550537893,0.6732782694575928,0.6401970896503371,0.9723727346613384
626,0.4654347593890216,0.5155170259370654,-0.0003418819989832733,-0.0005236261895542604,0.567538423390344,0.6470373988666891,0.0008166675236844778,0.0006426358031282886,0.573453600566626,0.14957056146238493,0.08577177700937647,-0.08746894855378373,-0.07489480500698933,0.430273536385291,0.8229458049858472,0.6731031443695981,0.6400930286620226,0.9723184460868716
627,0.4651241666525839,0.5149385134851233,-0.00031059273643774254,-0.0005785124519420703,0.5684284979264776,0.6474531372807315,0.000890074536133656,0.0004157384140424103,0.5731898500626019,0.15066163953106235,0.0863577225729954,-0.08706277089350871,-0.07519479619174078,0.43010957932781824,0.8220454162531589,0.6730425353899636,0.6400572680318612,0.9725055624454304
628,0.4651009576384116,0.514714574812989,-2.320901417229848e-05,-0.00022393867213432728,0.5690329513284673,0.647751691993429,0.0006044534019896686,0.00029855471269746303,0.5731709831533481,0.1518254335146159,0.08702193299525568,-0.08700619891229248,-0.07564038589097687,0.430187457497343,0.8213165758528221,0.6734935915338853,0.640460611655002,0.972939412109556
629,0.46493570560201114,0.5145993248267648,-0.00016525203640044284,-0.00011524998622414184,0.5685280062845866,0.6473213590491017,-0.0005049450438807668,-0.00043033294432726077,0.5733511250497664,0.15267071655339898,0.08753392709804529,-0.08719313560183085,-0.07626272203287059,0.4302042607473218,0.821200384114127,0.674127735165984,0.6411283958285849,0.9736716642871837
630,0.4645168075468466,0.5141992255806209,-0.0004188980551645405,-0.00040009924614392567,0.5680345381851631,0.6467390713874587,-0.0004934680994234109,-0.0005822876616430328,0.5735415836122272,0.15369767689975128,0.08815200900660378,-0.08783272006491943,-0.07717729372677967,0.42993700382931443,0.821263544776015,0.6746862348405752,0.6416795486306144,0.9747668765580649
631,0.464504560295311,0.5139601144641182,-1.224725153559092e-05,-0.00023911111650276595,0.568492970971748,0.6471234615667264,0.0004584327865848614,0.000384390179267724,0.5738437574183606,0.1550885999981932,0.08899662495571632,-0.08883045781400208,-0.07826415653790408,0.42961021514681563,0.8212731226465826,0.6753302555825299,0.6422879547922653,0.9761713692852686
632,0.4641766200495923,0.5132913506885219,-0.0003279402457186942,-0.000668763775596215,0.5691600668462345,0.6474581197094628,0.0006670958744865452,0.00033465814273636596,0.5738637867914447,0.1565065630194482,0.08981344891205442,-0.08976996284680737,-0.07927552123182503,0.4290666266841295,0.8206059974929832,0.6757927866810248,0.6425256587953767,0.9769255983608242
633,0.4635309529924502,0.512455366929506,-0.0006456670571421408,-0.0008359837590159458,0.5696885079034741,0.6477142742829887,0.0005284410572395926,0.0002561545735259019,0.5735055304171717,0.15768650888444813,0.09043408491740748,-0.09045020886815272,-0.08000905348736481,0.428698132779385,0.8198223833464612,0.6762558002809471,0.6427051648975607,0.9773279651125251
634,0.46276679010665656,0.5117049226558434,-0.0007641628857936178,-0.0007504442736625538,0.5692724304700112,0.6478206450596733,-0.0004160774334629469,0.0001063707766846278,0.5733256464307763,0.15936613473394867,0.09136869221551532,-0.09134374932509311,-0.08099190552641503,0.4284098362593639,0.8191316138525805,0.6768232113026087,0.6432429282707908,0.9783212021073451
635,0.46216433991314365,0.5110522473825982,-0.0006024501935129045,-0.0006526752732451957,0.5685097860925363,0.6473237469325692,-0.0007626443774748637,-0.0004968981271040729,0.573519524066326,0.16175308941285235,0.09276855485631695,-0.09259097209579353,-0.08234493926479511,0.427638907338937,0.8188924159172589,0.6773675833199517,0.6439407346686377,0.9804713195601987
636,0.45942695102363157,0.509892675718731,-0.0027373888895120824,-0.0011595716638672648,0.564035926875951,0.6441322652702369,-0.004473859216585274,-0.003191481662332296,0.5744683756011455,0.16409839109062085,0.09426933616859044,-0.09357264010487672,-0.08351844051317873,0.4270935445843572,0.8193518904935723,0.67803418287384,0.6451898186715477,0.9832827741922989
637,0.4583734460599783,0.5085543225213885,-0.0010535049636532512,-0.0013383531973424345,0.5163204159591527,0.6087252466146019,-0.047715510916798376,-0.035407018655635,0.5741346676886139,0.16592171336919082,0.09526140776754581,-0.09349442111256626,-0.08440579004878156,0.4254813126131335,0.8174799738132625,0.6760148659197792,0.6449090407014375,0.9832422690212694
638,0.4569752869800892,0.5062135529540863,-0.0013981590798891053,-0.0023407695673022255,0.4339954291101553,0.5658101907376086,-0.08232498684899736,-0.04291505587699329,0.5719189939754533,0.16672691760111313,0.09535429098305692,-0.09070161711250281,-0.08655127615422502,0.4208737255863691,0.8123391647529307,0.670161774167751,0.6404708665944036,0.9789269985124369
639,0.4561802277962256,0.5043520301566746,-0.0007950591838636334,-0.0018615227974116966,0.36035514114946504,0.524540477854591,-0.07364028796069028,-0.04126971288301762,0.5697301153498745,0.1672391216812349,0.09528116408646166,-0.08815507594177685,-0.08783267045326085,0.4152970880556799,0.8067408808536635,0.6636473031260312,0.6351220918605653,0.9738695455543406
640,0.4544447533164739,0.5025803832638673,-0.0017354744797516974,-0.0017716468928072882,0.3068774083019564,0.4945025901614235,-0.05347773284750862,-0.03003788769316751,0.5679584065222975,0.16750356028455202,0.09513505518602575,-0.08638580697344991,-0.08823679416288166,0.41002245590135594,0.8015171324169623,0.6577380355369125,0.630136983585301,0.9689307575328389
641,0.45230676057433467,0.5016133690564979,-0.0021379927421392164,-0.0009670142073694432,0.2739980203465831,0.4752604462201865,-0.03287938795537332,-0.019242143941237022,0.5681048522331275,0.16804428701110977,0.09546677484106778,-0.08544086198858569,-0.08858701874486322,0.40721390097871146,0.8002929775324013,0.6557348039210035,0.6281443884481267,0.9682612176440014
642,0.45092777895686587,0.5009217450706283,-0.0013789816174687997,-0.0006916239858696382,0.26443191591579934,0.47339344938862477,-0.009566104430783762,-0.001866996831561718,0.568989588760498,0.16438488368165774,0.09353328736446874,-0.0839124325345663,-0.08824553170968924,0.4064784706765011,0.8036548033552827,0.6557821777662782,0.6274939692251837,0.9679798079937162
643,0.4498201998071894,0.5007103695713608,-0.001107579149676463,-0.00021137549926741883,0.2771880538439439,0.4805754154660896,0.012756137928144562,0.007181966077464852,0.5706262322566417,0.14572578587737278,0.08315495613784335,-0.07868587756538822,-0.08256287900343594,0.41130121803145697,0.8173678010311156,0.6573190368832168,0.6280350504065688,0.9630664862514604
644,0.44770254120821407,0.5002381440251482,-0.002117658598975336,-0.00047222554621262347,0.3043695798453429,0.49423384468746034,0.027181526001399003,0.013658429221370727,0.572437505517934,0.12396553950071067,0.07096252420197173,-0.07445359373437035,-0.07702174229124846,0.41565809200501425,0.8340786491709643,0.6595163463663501,0.6291844076024664,0.9580314536307505
645,0.4448749374645305,0.49980712345053774,-0.002827603743683571,-0.0004310205746104745,0.33500695547399023,0.5094248619611319,0.030637375628647323,0.015191017273671559,0.5742516863364344,0.10349558785405705,0.059432515853572856,-0.0711014515327757,-0.07194435527471751,0.41945123412310065,0.849908419657212,0.6619191051945252,0.6307291809557899,0.95339398104755
646,0.44240728536165475,0.49922133566153115,-0.0024676521028757503,-0.0005857877890065866,0.3632337506346608,0.5246559302514582,0.02822679516067056,0.015231068290326277,0.5758724900792258,0.08627091790206709,0.049681048313683834,-0.06835646909251072,-0.06763959721255453,0.42258958184674783,0.862644843044823,0.6641302034588857,0.632195534022636,0.9489018058457037
647,0.4404369921675063,0.49851065188932653,-0.0019702931941484314,-0.0007106837722046233,0.3874353103154986,0.538313526918564,0.024201559680837814,0.013657596667105865,0.5773504279489828,0.07247356900646544,0.04184264608087296,-0.06611992025261532,-0.06402182281538299,0.4253602573155631,0.8724624151412632,0.6661106809622236,0.6335710313165852,0.9449103302809865
648,0.4388136018640119,0.4974159603787961,-0.0016233903034943986,-0.0010946915105304322,0.40907578589668714,0.5509558786569014,0.021640475581188534,0.012642351738337387,0.5783183317591319,0.06130811555721876,0.03545560711234684,-0.06425993388892043,-0.060907612559051576,0.42771853778713476,0.8797038004219544,0.6676721996135195,0.6346777390663962,0.9409618951703437
649,0.4373858095009563,0.49617461841886057,-0.0014277923630556244,-0.0012413419599355269,0.42824941078889833,0.5618864686226737,0.019173624892211194,0.01093058996577223,0.5791008536755631,0.0523137796736878,0.030294954468027924,-0.06253019929415198,-0.05804664445793797,0.42989335212577406,0.8848957802225266,0.6688705136402074,0.6355727382492321,0.9371237310760404
650,0.4362363955432635,0.4949549618557209,-0.001149413957692802,-0.0012196565631396594,0.44478371598057487,0.5712283407409959,0.016534305191676535,0.00934187211832227,0.5797928125394384,0.04490600503846915,0.026036178961164218,-0.06125065431522931,-0.05525098481961007,0.4320075800650478,0.8885935764432025,0.6698409583550459,0.6362943751672873,0.9333666614603288
651,0.4353750898957464,0.4938508427195627,-0.0008613056475170744,-0.0011041191361582103,0.4591017459539052,0.5792766753925688,0.014318029973330315,0.008048334651572842,0.5804286806706017,0.03871036869869305,0.022468608232054963,-0.06039407422781855,-0.05246278539963724,0.4341451318181746,0.891176663726657,0.6706912177358345,0.6369318313338932,0.9296973493840693
652,0.4348202717096703,0.4928588464420154,-0.0005548181860761114,-0.0009919962775473135,0.4715844631653193,0.5864279259769392,0.01248271721141414,0.007151250584370383,0.5809512686095766,0.03353278642095494,0.019480914811267756,-0.059657469198234885,-0.04983608134986075,0.43610564101872423,0.8929208376188739,0.6714048860631806,0.637382254665145,0.9261987988387614
653,0.43430120765709795,0.4918745405255676,-0.0005190640525723489,-0.0009843059164477697,0.4821017787912162,0.5923971438745961,0.010517315625896861,0.00596921789765692,0.5814985379378758,0.029195510269924976,0.016977146536311608,-0.05903213584510594,-0.047391556028616035,0.43788078215698417,0.894073275524038,0.6718636223143379,0.6378193478552149,0.9229375742397429
654,0.4338739498618808,0.4910465829249802,-0.0004272577952171286,-0.0008279576005874034,0.49078901172006717,0.5973772191423792,0.008687232928850985,0.004980075267783102,0.5819451072821431,0.025552864330230775,0.014870364374022196,-0.0583916415163719,-0.04508129105660085,0.4394750255965092,0.8948727508029541,0.6721566194328252,0.6382428076309962,0.9200035309000372
655,0.4335660030855484,0.4907378491560818,-0.00030794677633244616,-0.0003087337688983949,0.4984734697669878,0.6019721570463871,0.007684458046920639,0.00459493790400789,0.582539422574284,0.022346286510113503,0.013017592840281034,-0.057729104214807064,-0.042861314948988316,0.44111357912477733,0.8956732067325962,0.6725619700209691,0.6385327378037338,0.9174912374624208
656,0.4337595919031977,0.4908777103044394,0.0001935888176493039,0.00013986114835756736,0.5049607016231187,0.6062929889263793,0.006487231856130871,0.004320831879992215,0.5829347476804407,0.019721852040540746,0.011496552843043606,-0.05611542411436478,-0.03973052015921899,0.4436397675660352,0.8949143819805518,0.6728976951460072,0.6385586223226235,0.9139799975391337
657,0.43426463210064137,0.4909521144612469,0.0005050401974436847,7.440415680753931e-05,0.5103715362408746,0.6102404536629848,0.005410834617755933,0.003947464736605566,0.5827667926388163,0.022104492646279585,0.012881764282380654,-0.054917504222802546,-0.0372226827514835,0.44582301638017546,0.8902148474299837,0.6732030254331296,0.6384371853684052,0.9117050170524038
658,0.4348795900057751,0.49118557658718764,0.0006149579051337173,0.0002334621259407199,0.5153294022399264,0.6141278597759353,0.0049578659990517915,0.0038874061129504645,0.5816925786842254,0.034286300674541643,0.019944086652916825,-0.05650067000770156,-0.03774947032728561,0.44525439424980146,0.8785530705781174,0.6734926275098443,0.6381596311447842,0.9124493786821435
659,0.4353936424004872,0.49155310914122285,0.0005140523947121389,0.00036753255403521035,0.5194675731924037,0.617594937094236,0.00413817095247726,0.0034670773183006487,0.5800731328659973,0.050215469658266634,0.029128644803008155,-0.059548448872464625,-0.04010955867011497,0.44342588659130694,0.8650493383226128,0.673899391791849,0.6379393356221733,0.9150237521921093
660,0.43592500965077646,0.49221553730797246,0.0005313672502892386,0.0006624281667496068,0.5229307263993193,0.6206334736365828,0.0034631532069155924,0.00303853654234687,0.5786940223905664,0.06516901810581437,0.03771292122289737,-0.06274361507309831,-0.043013038610863606,0.44126268246642475,0.8535298201580964,0.6744482763932347,0.6379376670840898,0.9185395169565906
661,0.43635273676262676,0.492928293831443,0.00042772711185029566,0.0007127565234705258,0.5259010506464251,0.6233652377650278,0.00297032424710586,0.0027317641284450023,0.5774983906880263,0.07812683806530868,0.0451181232522598,-0.06598053987854875,-0.04617711505694273,0.43879427796453,0.8443217418773838,0.6749676910169464,0.6379483760130586,0.9223303975030169
662,0.4366554109935552,0.4935043386613238,0.0003026742309284458,0.0005760448298808285,0.52844117238992,0.6258089752490958,0.0025401217434949386,0.0024437374840680093,0.5767724765460411,0.0881464922137373,0.050840470612963595,-0.06878903332718948,-0.04895436251446739,0.43662953416503775,0.8376060790135145,0.6753839688206931,0.6379655401108895,0.9256554282101243
663,0.4368750672508058,0.493994544603083,0.0002196562572506222,0.000490205941759192,0.530847528141247,0.6281562272666648,0.0024063557513269718,0.0023472520175689127,0.5760702378818965,0.09575494175602797,0.05516157207576218,-0.07112286182088023,-0.051391912196946714,0.43474993963265685,0.8328782215951857,0.6757277165494082,0.637960001394154,0.9285478408650355
664,0.43702360810637403,0.49434600866011924,0.00014854085556820218,0.0003514640570362326,0.5329602034700264,0.6302326047272311,0.0021126753287793454,0.0020763774605663254,0.5755849139856359,0.10165309562382611,0.05850998830101358,-0.0729260468568086,-0.0533393626646397,0.43314500412266027,0.8292810115294873,0.6759851610457216,0.6379198008194118,0.9308550443752964
665,0.4371918857426494,0.4946234013401546,0.0001682776362753602,0.0002773926800353488,0.5348112290039777,0.632050131799352,0.0018510255339513337,0.0018175270721209058,0.5753985282246379,0.10628146114350934,0.06115419631953931,-0.07420526998082379,-0.054787860594904765,0.43186774930428784,0.8264911435859899,0.6762239674624944,0.6379029668923394,0.9326970473510622
666,0.4374687780392196,0.4949099861546885,0.0002768922965701859,0.00028658481453391893,0.5363798543087507,0.6336271719047678,0.0015686253047729748,0.0015770401054158167,0.5753847868804811,0.10997917485605165,0.06328034408584045,-0.07501308831247583,-0.055869314315495584,0.4308678346227866,0.8242822684258125,0.6764372179832133,0.637904619066516,0.9341857288838324
667,0.4378348759678056,0.49519074552469244,0.00036609792858605106,0.0002807593700039357,0.5377014475102685,0.6349660376823135,0.0013215932015178122,0.001338865777545717,0.5754505154539625,0.11256195308331322,0.06477383392229734,-0.07551611385720092,-0.056691453153830826,0.4300984333328026,0.8228842986427721,0.6766344208884547,0.6379486887221882,0.9353678673585301
668,0.4382589630072169,0.4954823596894812,0.00042408703941126946,0.0002916141647887338,0.5388226078836434,0.6361056875990737,0.001121160373374952,0.0011396499167601881,0.5755227812344138,0.114054081194208,0.06564072202002624,-0.07565442939569075,-0.0572862337598928,0.42954243809425147,0.8224060512549515,0.6768267449676325,0.6380281273670155,0.9363782403677583
669,0.4386270011838052,0.4957808659468251,0.0003680381765883145,0.00029850625734390013,0.5397572985585914,0.6370747648401751,0.0009346906749480022,0.0009690772411014015,0.5755577791588837,0.11469573237632784,0.06601402100552092,-0.07560528477415616,-0.057600765427533035,0.4291200800712703,0.8229491368051153,0.6769631284013921,0.6380875890126266,0.9375596078061378
670,0.43895008257182233,0.4961261040587047,0.0003230813880171213,0.00034523811187964215,0.5406378044322724,0.6378985554600097,0.0008805058736809368,0.000823790619834619,0.5757046855203186,0.11366310044338178,0.06543637949602149,-0.07528463275722039,-0.05756362441827989,0.4289247871233161,0.8250346988652616,0.6770479108424983,0.6380821419787316,0.9386146088964344
671,0.4392710149166946,0.4964973051854494,0.0003209323448722934,0.000371201126744658,0.5413726492693475,0.6386160592165704,0.0007348448370750882,0.0007175037565606557,0.575802648786984,0.111555957882477,0.06423421603669949,-0.07456320431836828,-0.05707025451208742,0.4290502317182636,0.828312236439135,0.677135086372462,0.6380192547321445,0.9397898104612826
672,0.4395415153525315,0.4968193820529681,0.00027050043583687344,0.000322076867518728,0.5421679319070377,0.6393757709343213,0.0007952826376902422,0.0007597117177509105,0.5758255816571906,0.10880827237867592,0.06265458673156508,-0.07369260243757969,-0.05638884698551534,0.42932852952793277,0.8318924238957198,0.6771761026466919,0.6378868072059025,0.9406280884202151
673,0.43980336549752086,0.49717682062734175,0.00026185014498936177,0.00035743857437364746,0.5427575798838615,0.6401608635951805,0.000589647976823815,0.0007850926608592435,0.5758090528060943,0.10625597930485396,0.06118315479851192,-0.07294134713830018,-0.05578312204734877,0.429553598366333,0.8350998148116938,0.6771795035536909,0.6377535278555838,0.9412866592803132
674,0.44011015700114975,0.49749623729469067,0.0003067915036288893,0.00031941666734891516,0.5433123400389038,0.6409071972855431,0.0005547601550422998,0.0007463336903625883,0.5759134205802993,0.10364766204747522,0.059692079584912315,-0.07201936125456856,-0.05501641827866258,0.4300088890709062,0.8379680033616183,0.6771836661080172,0.6376225347048025,0.9415490997390751
675,0.4403874902796414,0.49778799667686824,0.0002773332784916649,0.0002917593821775699,0.5439687064653113,0.6418609008660282,0.0006563664264074287,0.0009537035804850769,0.576036081287267,0.10095237974260722,0.05815221322355554,-0.07092678593614796,-0.05411995270082269,0.43067840351060294,0.8405588904265615,0.6771943330230354,0.6374927971623081,0.9414467691998775
676,0.44068388113570545,0.49808952856275895,0.0002963908560640327,0.00030153188589071567,0.5446627565610727,0.6429894170685261,0.0006940500957614004,0.0011285162024978757,0.5761774738956158,0.09854790808217716,0.05678108473648617,-0.0699086656850447,-0.05332204876450104,0.43131600236491846,0.8426730349008361,0.6772655678990879,0.6373636800338939,0.9411563470610319
677,0.4410545176564798,0.49839518008800315,0.00037063652077434783,0.00030565152524419936,0.545588147248302,0.644056780249306,0.0009253906872292994,0.0010673631807799344,0.5764477811565164,0.09624009365264967,0.05547738844436524,-0.06889979838425288,-0.05254955601982035,0.43198920098463134,0.8444614111424982,0.6774481642345616,0.6372902769307379,0.9406353863678165
678,0.4416028289940787,0.4986046957048925,0.0005483113375989168,0.00020951561688936637,0.5467703937521384,0.6448761979092533,0.0011822465038364705,0.000819417659947308,0.576922683857639,0.08848354117953681,0.0510481620545263,-0.06436196096833312,-0.04830556486487564,0.43631005691903363,0.8479674398779893,0.6778526490742522,0.6374431258475944,0.9363880309378155
679,0.4421448385347004,0.4987233676358856,0.0005420095406216685,0.00011867193099307505,0.5475834044183268,0.6454064454595964,0.0008130106661883296,0.0005302475503430326,0.577598994123507,0.07900483889561302,0.045633115476995806,-0.05887660784615236,-0.04283952327103375,0.44134034299330466,0.8517161411117551,0.6782265443554439,0.6374931989569547,0.9306600743467504
680,0.4425072984977488,0.4986162878786173,0.00036245996304840045,-0.00010707975726831354,0.5482068053324517,0.6456913062594647,0.0006234009141249386,0.0002848607998683361,0.5784388727997493,0.06970940991733504,0.04032263249611894,-0.05399852352679743,-0.03748727342065193,0.4459415587610568,0.8552226711717771,0.6783350691553014,0.6374340892755701,0.9248688689660655
681,0.44272817953672183,0.498487162840385,0.0002208810389730531,-0.0001291250382322584,0.5490006240421579,0.6459454438072909,0.0007938187097061844,0.00025413754782621645,0.5792179386224726,0.060991687752331575,0.03532747965301101,-0.04938335707021441,-0.03221956896198328,0.45046339760648646,0.858144316084679,0.6782388872164756,0.6374766074962916,0.9190630721381094
682,0.4428604890848522,0.4983219808634756,0.00013230954813037155,-0.00016518197690940095,0.5497608365329113,0.6462336531694316,0.0007602124907534202,0.00028820936214069004,0.5797004456093117,0.054037200601972035,0.03132538926844295,-0.04567292203325987,-0.028618398422016935,0.45429579876411225,0.860276975733417,0.6781733267955748,0.637614353876611,0.914228971223567
683,0.44296276018293723,0.4982389783856218,0.00010227109808502721,-8.300247785381076e-05,0.5505568705656244,0.6467185007191718,0.000796034032713111,0.00048484754974020827,0.5797726481873735,0.05139563598600093,0.02979778398087803,-0.042863144361369475,-0.026453083368940547,0.45729762523629974,0.8591560510934987,0.6781039250528393,0.6377257879934837,0.91044666185765
684,0.44301070812932125,0.49817821006267554,4.7947946384019335e-05,-6.076832294626966e-05,0.5513796570023113,0.6474355010797556,0.0008227864366868731,0.0007170003605837527,0.5795089965795555,0.05270780354286674,0.030544646343039043,-0.04163581049563363,-0.025795692674917024,0.45865545149015485,0.8561477347063711,0.6780108143631076,0.6378635518354704,0.908730558672376
685,0.44289068066882864,0.49806514987622535,-0.00012002746049261104,-0.00011306018645018678,0.5520805169262525,0.6479882300264942,0.0007008599239411994,0.0005527289467386343,0.5786487902936119,0.056515785281416715,0.0327027907855853,-0.04230113321361865,-0.02685072682872896,0.4581334767476712,0.8528244649330916,0.677860058749724,0.6379808137310226,0.9091962210811798
686,0.44274953061999517,0.497965686455048,-0.0001411500488334716,-9.946342117733709e-05,0.5526958962014217,0.6484935015375773,0.0006153792751691922,0.0005052715110831496,0.5776046789805868,0.0624208128881934,0.036054553589992225,-0.04447561832435319,-0.029371317925285766,0.4561679370089505,0.8493402375885682,0.6777338125989676,0.6380365931774222,0.9115983787064236
687,0.4428285896858135,0.4979574170270356,7.905906581834321e-05,-8.269428012408486e-06,0.5533781186934899,0.6490851509962007,0.0006822224920681741,0.0005916494586233334,0.5767229417600314,0.0695757159815347,0.04012591159593112,-0.04758723993230367,-0.03284882339601714,0.45327318840489145,0.8461427439336187,0.6776134583154877,0.6380338088085029,0.9155393894345022
688,0.4430318346347206,0.49803546173078894,0.00020324494890711087,7.804470375333272e-05,0.5541269448670968,0.6498262944290549,0.0007488261736069424,0.0007411434328542521,0.5759376933104746,0.07694271159159591,0.044314207831116864,-0.051004108216209904,-0.03664695151661192,0.45017083375548467,0.8431888076746387,0.6776318848213558,0.6379834126332214,0.919939222517751
689,0.4432247523041403,0.49811074526510696,0.000192917669419701,7.528353431801582e-05,0.5548401392942043,0.6505630001325229,0.0007131944271074886,0.0007367057034679547,0.5750519715324812,0.08358020508560983,0.04806296171556904,-0.054352028932623725,-0.04036796306336568,0.4471889044333892,0.8408092307687242,0.6777000281760575,0.6378409967017966,0.9241878209171032
690,0.4434671929586511,0.4981460490105161,0.00024244065451078933,3.5303745409165366e-05,0.5553713137906975,0.6511633502642238,0.000531174496493203,0.0006003501317008997,0.5741864267773017,0.08936894700482638,0.0513144363455513,-0.05727393326385488,-0.043679797166425685,0.44456442712695315,0.8387443454802228,0.6777602274299251,0.6377341631019531,0.9279039595875802
691,0.4437021815816213,0.4979474068553596,0.00023498862297016698,-0.0001986421551565254,0.5556298364413945,0.6515401430293835,0.00025852265069703506,0.0003767927651596725,0.5733486010614134,0.09434428918339643,0.05409216622143378,-0.05976453815023257,-0.04652002372136881,0.4423126730746198,0.8369584636701518,0.6777762065853996,0.6376588895672615,0.9310899599498477
692,0.4438295352768847,0.4975366482018294,0.00012735369526339912,-0.0004107586535301855,0.5556765693798867,0.6520125042336956,4.6732938492222154e-05,0.000472361204312155,0.5726049602162837,0.09881586451456092,0.05658245416909784,-0.06186064937425518,-0.04897489755675519,0.4403646430053197,0.8352488418432957,0.6777073086403546,0.6375436620411759,0.9338496480636813
693,0.4438682109995719,0.4971170818476309,3.8675722687231406e-05,-0.0004195663541984862,0.5557815828713322,0.6526414633323688,0.00010501349144542704,0.0006289590986732208,0.5722057140833828,0.10254359030750923,0.058676028316582175,-0.06355929666454385,-0.051100041351364915,0.43864776596989224,0.8341251143097137,0.6776007332932141,0.6373189118862196,0.936454511551173
694,0.44378539535616146,0.49673135772326216,-8.281564341044989e-05,-0.00038572412436876924,0.5561443255312022,0.6533793941527298,0.00036274265987001897,0.0007379308203609991,0.5719212776267749,0.10571742673818954,0.06046204576752034,-0.06496834556478628,-0.05297068960526965,0.43715119819648207,0.8336809514889424,0.6774462609891054,0.6371221009782861,0.9391861438138682
695,0.4435180203534688,0.4962870909594456,-0.00026737500269263803,-0.0004442667638165365,0.5561196615529387,0.6533587662235342,-2.466397826350608e-05,-2.0627929195660144e-05,0.5716755604597568,0.10829777734248645,0.06191119255881189,-0.06618273187100544,-0.05463068522066064,0.4358849247747581,0.8338515868302986,0.6773235135186172,0.6370134690344121,0.941939448163567
696,0.4430137940921716,0.4958759576961746,-0.0005042262612972026,-0.00041113326327102406,0.5557712804602813,0.6529041711544017,-0.00034838109265733497,-0.0004545950691324796,0.5715226443659543,0.11051300460067019,0.0631606846262019,-0.06721946529845968,-0.05607019501438215,0.4347465746011747,0.8342278463537303,0.677281639418879,0.6369906738405899,0.944534205753826
697,0.44242051401818394,0.49536755167916485,-0.0005932800739876787,-0.0005084060170097437,0.5551466633620914,0.6520757760647681,-0.0006246170981899501,-0.0008283950896336156,0.5714463585982574,0.11234426546667509,0.06419872141032744,-0.06809952514157512,-0.057249333798138,0.43383676563259144,0.8346549916500438,0.6773157830824705,0.6370439430718472,0.946796137441838
698,0.44182109122195834,0.4946392987294275,-0.0005994227962256016,-0.0007282529497373291,0.5539611538047327,0.650862014150221,-0.0011855095573587437,-0.001213761914547029,0.5714812755067039,0.11393558430699388,0.06511205304536247,-0.06889180567127229,-0.05830564796249193,0.433058965994021,0.8351324003919253,0.6774116789308049,0.6371856855527062,0.9488692323080048
699,0.44119296517087286,0.4937848000504212,-0.0006281260510854758,-0.0008544986790063325,0.5517020983756741,0.6487498211142982,-0.0022590554290585763,-0.0021121930359228047,0.5716686961516053,0.11530546149868215,0.06591652283411074,-0.06956327555791923,-0.05921967607987099,0.43246811789012063,0.8356980397494221,0.6775672629941756,0.6374293257674357,0.9508103896186825
700,0.44067742489217415,0.49286487865955403,-0.0005155402786987118,-0.0009199213908671622,0.5212730987933735,0.6279549416029796,-0.03042899958230061,-0.020794879511318642,0.5718882771673027,0.11628947830419557,0.06650458940007084,-0.07004478952968761,-0.059847893322230526,0.43140593647727715,0.8364341042954363,0.6767339443122544,0.6370958775781357,0.9525374000957768
701,0.43908748204226866,0.49057189392484457,-0.0015899428499054902,-0.002292984734709458,0.45758837169579464,0.5846345472500515,-0.06368472709757883,-0.043320394352928115,0.570310774295461,0.11221237249794057,0.06399592504483118,-0.0687649265278322,-0.059348403006250564,0.42875728022033344,0.8380264000833579,0.6725816365590356,0.6341925166799407,0.9500783751625761
702,0.4371674032662072,0.4857695441721518,-0.0019200787760614846,-0.0048023497526927805,0.39456632097205824,0.5382667368389846,-0.0630220507237364,-0.046367810411066857,0.5685597709840018,0.09904498034802584,0.056312991343788525,-0.06488280041840669,-0.056365380816871334,0.4280953282707131,0.8461290409581336,0.6670687820089322,0.6299446129903252,0.9450642444694601
703,0.431834479011124,0.4759779134363139,-0.0053329242550831935,-0.009791630735837886,0.32824985796936024,0.4896690558225648,-0.066316463002698,-0.048597681016419814,0.5680715945890717,0.08306331925132941,0.047185912218963844,-0.06094214025479687,-0.052795025457263625,0.42807170458476296,0.8565124019574902,0.6617954304089854,0.6250009133240239,0.939509713854879
704,0.4271695769888038,0.4634907633201751,-0.004664902022320172,-0.012487150116138823,0.2725085063025624,0.4526933252742086,-0.055741351666797834,-0.036975730548356234,0.5700071215588642,0.06918486814058936,0.03943586754424691,-0.06372247921706926,-0.0545722813768649,0.4240392515875611,0.8701371685662392,0.6589100962644996,0.6210305747820337,0.9392738937548952
705,0.4216871570751212,0.4469650281547769,-0.00548241991368259,-0.01652573516539818,0.23822992004734272,0.4285846519997985,-0.03427858625521968,-0.024108673274410075,0.5751495602648325,0.058568240686581736,0.03368549787637236,-0.06816959659282917,-0.05779781524193469,0.4209308957710502,0.8872456633325522,0.6593265241669344,0.619929238512639,0.9457468319874007
706,0.4118459994156776,0.4286829229786703,-0.0098411576594436,-0.018282105176106622,0.21721270646962657,0.4145690588644954,-0.02101721357771616,-0.014015593135303095,0.5816389951420995,0.05038180203038438,0.02930402070640096,-0.07523361841261411,-0.06144117579846473,0.4190050781594463,0.9032734905163047,0.660864916484602,0.6208822552900476,0.9535625294830821
707,0.40419667476725935,0.4155036669945888,-0.007649324648418276,-0.013179255984081484,0.19282092614126145,0.4018714070381258,-0.024391780328365115,-0.012697651826369616,0.5865788478598591,0.044002509660981064,0.025810941419880593,-0.08227044316572257,-0.06476755946917395,0.4171532233152228,0.9173120279964204,0.6621822981585864,0.6222395302305302,0.9611946676750363
708,0.3980904499056335,0.40943522644760316,-0.00610622486162582,-0.006068440546985632,0.17153224958297195,0.3922294310371191,-0.021288676558289504,-0.009641976001006691,0.5896735380467664,0.03827449082509327,0.02256945442177125,-0.08593573091715241,-0.06769585599733272,0.41615871341528443,0.9286786456410199,0.6632737959538859,0.6234291454429669,0.9668204899909774
709,0.3985162433817592,0.4146270758720517,0.00042579347612570206,0.005191849424448558,0.17598118674730867,0.39411861739681625,0.004448937164336725,0.001889186359697148,0.5926801443133137,0.034376906200642696,0.020374509728042164,-0.08773578403993292,-0.06945091360773714,0.4173782566932912,0.9372473776217726,0.6661613025112898,0.6268629636901056,0.9715067457129908
710,0.40254401977780097,0.42517318757189876,0.004027776396041738,0.010546111699847038,0.1976858422922582,0.4039034824790977,0.02170465554494952,0.009784865082281435,0.5950287515736858,0.03306652207910117,0.01967553135161129,-0.08934828259963778,-0.06939246187183859,0.41847613367059006,0.9436647459164749,0.6694785481297335,0.6303735926433895,0.9766358029337839
711,0.40507036559951737,0.43196821654439566,0.0025263458217164025,0.006795028972496897,0.2102643808829852,0.41472824196432284,0.012578538590727023,0.010824759485225155,0.5962163854236229,0.028978215412876398,0.017277286849492285,-0.0876481574200698,-0.06968388100376022,0.4212002439295482,0.9496682176066391,0.6731626517837417,0.6338115031568429,0.9785483738696842
712,0.4091324847901495,0.4413559429775691,0.004062119190632152,0.009387726433173427,0.1863211301790817,0.4061007752947912,-0.023943250703903518,-0.008627466669531625,0.5958861956320067,0.02398275882886548,0.014290994919292572,-0.08346932867803006,-0.07040248474190296,0.4222895244522063,0.9521442274555229,0.6738784761133525,0.6329944512196346,0.9759935828071661
713,0.41407129929476105,0.4473828699795414,0.004938814504611533,0.0060269270019723264,0.16172206189558955,0.39416841834429456,-0.024599068283492148,-0.011932356950496659,0.5939915621718469,0.020218545607385608,0.01200964549017371,-0.07926900276593193,-0.07100129456604028,0.4212238208739992,0.9504554571767457,0.6719790024786834,0.62938466001106,0.9704822442356056
714,0.41856105770367086,0.4546371019773988,0.004489758408909805,0.007254231997857408,0.14121874043918808,0.38705945256351465,-0.020503321456401463,-0.007108965780779908,0.5917504273361104,0.01748260466787317,0.010345338783162225,-0.07435541205972838,-0.07028445538308331,0.420728006239757,0.94749101191063,0.6698908117318526,0.6257996834427727,0.9646853703758019
715,0.421381537283245,0.46174540213476245,0.0028204795795741533,0.007108300157363634,0.14177655550852525,0.39232373984763347,0.0005578150693371642,0.005264287284118818,0.5916730092902596,0.015797215710400506,0.009346786157780033,-0.0725421997799393,-0.07068398223927812,0.4228097839326292,0.9486286268890284,0.6709934828639351,0.6258184007208933,0.9640415736089194
716,0.4238025342524373,0.46756820704909163,0.0024209969691922906,0.005822804914329183,0.15831925040362085,0.4022997340860495,0.016542694895095605,0.009975994238416053,0.5921012329933062,0.014555952994540601,0.008618597715460098,-0.07025390823835656,-0.07007919497369912,0.4271785248183663,0.9503440398805346,0.6741714515636897,0.6281838819565548,0.9644638545694155
717,0.4268349934607028,0.47242227187582764,0.0030324592082655033,0.004854064826736004,0.17076367457794733,0.4109340214093108,0.01244442417432648,0.00863428732326127,0.5924065681244695,0.013561288816505217,0.008033796567130604,-0.06857555897721937,-0.06920707782458813,0.4296384916173642,0.9511524128433198,0.6764739707625054,0.6294101154401065,0.9642380735600969
718,0.4301871352069019,0.4762257695735607,0.0033521417461990777,0.0038034976977330825,0.1616648565382051,0.4137949321854197,-0.009098818039742246,0.0028609107761088937,0.5913800778011059,0.01270511274667563,0.0075135505646008564,-0.06542238830839743,-0.0698357583132268,0.42996124682036985,0.9499088915849002,0.6768297286292162,0.6285449346361833,0.9620799613280767
719,0.4338700040350353,0.480041438429411,0.003682868828133401,0.003815668855850274,0.150147092841764,0.41104180455844375,-0.011517763696441086,-0.0027531276269759375,0.5895829345455101,0.012127558778719287,0.0071502016936304804,-0.06266057420794931,-0.06968917371753083,0.4294054984594987,0.9477994816956681,0.676299630711435,0.6269715534775111,0.9593209864190523
720,0.4361030519543912,0.48233227787160915,0.0022330479193559127,0.002290839442198156,0.14072596992250902,0.4083298697235122,-0.009421122919254982,-0.0027119348349315398,0.5871398405768817,0.011674345560522464,0.006854473391244587,-0.06059666063616719,-0.06909210116739355,0.42857115170414084,0.944318178521855,0.6747789231375658,0.6252253005567332,0.9553286166192009
721,0.43824832404993247,0.48453560382269606,0.002145272095541273,0.0022033259510869097,0.1545277488336449,0.4148694322044511,0.013801778911135876,0.006539562480938899,0.5856825377123726,0.011322564619369375,0.00663142837968458,-0.05904387280060832,-0.06883384917130995,0.4294072382145366,0.9427455333235095,0.675103428935073,0.6252058745740737,0.95335948280479
722,0.43830509324202244,0.48711047187776935,5.676919208996711e-05,0.002574868055073287,0.20329566542695704,0.4341989486374184,0.048767916593312144,0.01932951643296732,0.5852288934190544,0.010909341350628026,0.0063844617665587714,-0.05954911489291209,-0.06693923725713127,0.4314239493260522,0.9431267917335111,0.6773515174653228,0.6271703193713203,0.9533448579076446
723,0.436811113235892,0.4872869727215773,-0.0014939800061304354,0.0001765008438079363,0.2642671670969306,0.4611415390169471,0.06097150166997356,0.026942590379528675,0.5846917643271118,0.010608093875268858,0.006202465124078577,-0.06077634633860776,-0.06476495801419062,0.43314303914027913,0.9435986803395865,0.6796300237282817,0.6291451377351299,0.9535352313823426
724,0.43521614589115576,0.4862355728517713,-0.0015949673447362422,-0.001051399869805958,0.31969257222898284,0.4879922948016032,0.05542540513205224,0.026850755784656122,0.5840739278303858,0.010362159109754333,0.006052266972037627,-0.06206695745597304,-0.06278598124279546,0.4344273933129608,0.9440268148311918,0.681665649526308,0.6309114403392212,0.9537690798873458
725,0.4345095013034776,0.48561276618319943,-0.0007066445876781624,-0.0006228066685718958,0.3505547186651409,0.5052850139622815,0.030862146436158033,0.017292719160678316,0.5837804107328604,0.010182265486542715,0.0059442071279249345,-0.06291659520978721,-0.06166390362245988,0.43565842670713684,0.9448112101133204,0.6832846146578119,0.6325017976740274,0.9544101812394608
726,0.4357396748429426,0.48550669572281363,0.0012301735394650293,-0.0001060704603857987,0.3230366923065507,0.496767435146765,-0.027518026358590186,-0.008517578815516513,0.5823203637461314,0.01001330530348074,0.005830951586623972,-0.06183570703671068,-0.06236046352111045,0.4353014828539472,0.943307824927009,0.6827780387319061,0.6322819956739345,0.952704832962725
727,0.43669599872892595,0.48459423562333265,0.0009563238859833234,-0.0009124600994809828,0.2840400793829903,0.4778787555264935,-0.03899661292356038,-0.01888867962027152,0.5800008754480435,0.009800757926621072,0.005684448177494573,-0.060150147451794915,-0.06322969135578049,0.4335818892078923,0.9398753649778891,0.6808019989602884,0.6303877149484258,0.948993654193919
728,0.4375282255834713,0.4839296322141009,0.0008322268545453704,-0.0006646034092317454,0.2557297719392071,0.46546795824424236,-0.02831030744378321,-0.01241079728225114,0.5786304349626461,0.009650538554859917,0.00558409532162238,-0.05941568713555807,-0.06375164048253808,0.43301047465817805,0.9389438061739901,0.6800818070099812,0.6297882575435799,0.947842854540386
729,0.43827024432777756,0.48342296127617235,0.0007420187443062387,-0.000506670937928555,0.26734158071831315,0.4681388492673282,0.011611808779106059,0.0026708910230858196,0.5782950842446832,0.009487493182946992,0.005486570669503189,-0.05965723501798493,-0.06312991632337957,0.43376159709425294,0.9406444034506224,0.6808083178004826,0.6309992552695982,0.9493108219969651
730,0.4382280596357618,0.48304292527171416,-4.218469201577868e-05,-0.0003800360044581841,0.29658181022667673,0.48019897013534446,0.02924022950836358,0.012060120868016277,0.5786161950481267,0.009371071783138478,0.00542225389868245,-0.0605323211078074,-0.06190618450629923,0.4348260773433395,0.9427928635114122,0.6821648828494304,0.6329236811538217,0.9512835919124939
731,0.43749833351874506,0.48276726926523067,-0.0007297261170167157,-0.0002756560064834934,0.32915114225695435,0.4954378112539101,0.03256933203027762,0.01523884111856566,0.5793451834871258,0.009336102973533633,0.005408826290256544,-0.06154452047295929,-0.060301435927742064,0.435972721284317,0.9448421566758286,0.6836182002741547,0.6349944629731604,0.9532339092164264
732,0.436616748227936,0.4821565661839895,-0.0008815852908090616,-0.0006107030812411707,0.3607894843309524,0.512066667451319,0.03163834207399807,0.016628856197408892,0.5800033538801909,0.00936427506599645,0.005431310944934586,-0.0622104838614599,-0.05873730876588234,0.43735369460279727,0.9464800668741168,0.6849830913558986,0.6369689877437626,0.9548465745716227
733,0.4355245965306174,0.48139559088640343,-0.0010921516973185774,-0.000760975297586064,0.38928482926347036,0.5290074584261639,0.02849534493251793,0.01694079097484491,0.5806238189575713,0.009371700994125867,0.005441432821337828,-0.06250344490254059,-0.05722100794378012,0.43856918828960845,0.9474430499451968,0.6859786889958867,0.6384862544752198,0.9557765801334447
734,0.4346749854725418,0.4809178014911068,-0.0008496110580756278,-0.000477789395296635,0.4123816271917391,0.5438415999870889,0.023096797928268742,0.014834141560924996,0.5813344209434695,0.00934795384277025,0.005434287334193124,-0.062454539272960595,-0.056071330680586104,0.4397150269470235,0.9488985240507904,0.6868535689365155,0.6396607345491439,0.9572274655455544
735,0.43484055316812786,0.48071457676808943,0.00016556769558606632,-0.00020322472301737005,0.3709191665761892,0.5253772527819792,-0.04146246061554992,-0.0184643472051097,0.5807020586994222,0.009323558687036925,0.0054142097239672235,-0.060458902967943005,-0.056540662980053245,0.43878484725964106,0.947876396124157,0.6848503654839041,0.6383358160359451,0.9561732944316522
736,0.435419206919844,0.47992950327733036,0.0005786537517161183,-0.0007850734907590695,0.31774161215806096,0.5030563539040289,-0.053177554418128214,-0.0223208988779503,0.5788363335963359,0.00929997364431301,0.005383162646816698,-0.057208577496839615,-0.058331944884936766,0.43628486072271305,0.9448722631476602,0.6815757679345569,0.6351354522405426,0.9531254752773292
737,0.4353712973438592,0.47876805461868954,-4.790957598477252e-05,-0.001161448658640818,0.28569197779766814,0.48553834972479315,-0.03204963436039282,-0.01751800417923577,0.5774603338611844,0.009373799324267124,0.005412997287339039,-0.054984814875941514,-0.05913449079443873,0.434329965051788,0.9431970857493495,0.6784868983776363,0.6326627807973234,0.9514985931558595
738,0.4334358708081375,0.4785579561232176,-0.001935426535721707,-0.00021009849547193316,0.2950767883834,0.4861628922833539,0.009384810585731873,0.0006245425585607589,0.5780610746517215,0.009435646184968597,0.005454379773716363,-0.05498079428466301,-0.05862126282334043,0.4342014363667976,0.9447758113708301,0.678480585533498,0.632841660864037,0.9531525516525888
739,0.4297214036102786,0.47733564273081464,-0.003714467197858895,-0.0012223133924029739,0.32624374404898543,0.4989960464701399,0.031166955665585416,0.012833154186785989,0.57880192296469,0.00952610786979321,0.005513729553405377,-0.0556052351061547,-0.05752273096671029,0.4345461821798797,0.9466782000807641,0.679416477408359,0.6337624759265192,0.955174123860595
740,0.42655110277974223,0.47594776778268705,-0.0031703008305363767,-0.0013878749481275876,0.3623950007396826,0.5154525480158586,0.03615125669069719,0.016456501545718705,0.579782955704276,0.009615890505696084,0.00557512941912116,-0.0564571133038916,-0.056233880645815394,0.4349973143060524,0.9485048862472897,0.6804351941553887,0.634756558063518,0.9571081273193833
741,0.4250280516587721,0.4748974537288606,-0.0015230511209701203,-0.00105031405382644,0.39008195759808506,0.529518651567089,0.027686956858402445,0.014066103551230391,0.5808376218349245,0.009790883366459675,0.0056869134102375575,-0.05701202622762073,-0.05534978447363599,0.435374942562676,0.9498571696992798,0.6814028279727811,0.6356735650073572,0.9586572304194964
742,0.4272530823733351,0.4764040504782347,0.002225030714562981,0.0015065967493740895,0.3631229609129689,0.5134593945496999,-0.026958996685116143,-0.016059257017389084,0.5809975240708463,0.009916955252169972,0.005761726447832129,-0.056683008312666844,-0.0553383593237018,0.43457121387261644,0.9494250345909166,0.6805687182090324,0.6352821739585132,0.9583461538439652
743,0.42930024051563653,0.4770638325262047,0.0020471581423014418,0.0006597820479700145,0.31304961374091983,0.4901292760162906,-0.05007334717204909,-0.023330118533409328,0.57936784077638,0.009946431175027567,0.005762642353306594,-0.05434903515982744,-0.0569291501432704,0.43192727935921726,0.9460491549350826,0.6775224630205986,0.6324493163619166,0.9549822920408799
744,0.4296141922478509,0.47610137399794095,0.0003139517322143792,-0.0009624585282637654,0.27444753318140197,0.4701207513358449,-0.03860208055951786,-0.020008524680445672,0.5772070608977287,0.009899050729811546,0.005713801977432038,-0.05259390861063819,-0.05776525529661255,0.42890201649295556,0.9420715534609213,0.6738669400276042,0.6290464841279086,0.9509184901113231
745,0.4292377778566861,0.476004030322993,-0.00037641439116481434,-9.734367494795837e-05,0.2754076132217969,0.4665538531912575,0.0009600800403949394,-0.003566898144587438,0.5771083342810996,0.010020021393766915,0.005782637856017807,-0.05227538653128182,-0.05785590092879058,0.42817164303826527,0.9421233896314929,0.6733482530911207,0.6284828533309812,0.9511126538779104
746,0.4270369981674226,0.4753022084290179,-0.002200779689263521,-0.0007018218939751075,0.3024781263331974,0.47575815773006647,0.027070513111400463,0.009204304538808994,0.5776110864327453,0.010114423397661372,0.005842203087363964,-0.052949821022780716,-0.05724500029146353,0.42814137112301703,0.9433728740082598,0.6737638786354273,0.6290307335115171,0.9524893194750885
747,0.4250539045139371,0.4734742447576358,-0.0019830936534854793,-0.0018279636713821046,0.33917159485821974,0.4923268813090153,0.036693468525022366,0.01656872357894884,0.5781568506653304,0.0101930011785785,0.0058931534602349464,-0.0538754076790429,-0.05653784683382272,0.4284900803044549,0.9446971776709572,0.6745085183664032,0.6300953162595501,0.9539221234294547
748,0.4239964655498158,0.4718817148398808,-0.0010574389641213044,-0.0015925299177549923,0.3752762440629635,0.50978556786248,0.036104649204743766,0.017458686553464664,0.5787022271050222,0.010259364344291397,0.005937116994723287,-0.05490257559142976,-0.0557554825844826,0.4293432962878809,0.9461269240795853,0.6755137159574434,0.6316842912055477,0.9554406100467862
749,0.42397685511876876,0.47059339168903624,-1.9610431047034638e-05,-0.0012883231508445392,0.4076510815708646,0.5263084177140128,0.0323748375079011,0.01652284985153285,0.5790112368134652,0.010331353007919349,0.005981969483071896,-0.05583615278187113,-0.05492186401545627,0.43013164992671404,0.9471736109618298,0.6763570053827949,0.6332194455828287,0.9565642200842479
750,0.4247799856804437,0.469615205192022,0.000803130561674914,-0.000978186497014255,0.43495566182523515,0.5410688250187129,0.027304580254370547,0.014760407304700074,0.579110013238182,0.010393328795715443,0.006018880776475549,-0.056717152054687775,-0.054133748730658765,0.43087013428198134,0.9478822187269688,0.6770545632821307,0.634717589274223,0.957339301526271
751,0.42592768963488015,0.46898774529079545,0.0011477039544364742,-0.0006274599012265347,0.4573261127112729,0.5543536766983634,0.02237045088603773,0.013284851679650544,0.5792036270336676,0.010455333621588018,0.006055767155470831,-0.05740119559076501,-0.05364853505081043,0.43154594675017277,0.9482794402123134,0.6776525051282658,0.636120759586767,0.9578060234938491
752,0.42695030442499776,0.4684943287947658,0.0010226147901176152,-0.0004934164960296306,0.474868362138143,0.5657356134631227,0.017542249426870105,0.011381936764759293,0.5793488758378642,0.01048854161680012,0.0060765247948718045,-0.057891688516103094,-0.053294851275271324,0.43231221356298566,0.9482223512565601,0.6781101613316335,0.6373855852208482,0.957803749500499
753,0.42775297615012786,0.46836643648673254,0.0008026717251300997,-0.00012789230803328389,0.48935259485914956,0.5749821507600775,0.014484232721006574,0.009246537296954793,0.579599267276512,0.010501906178842271,0.006086897126263654,-0.05803874754359864,-0.05287199743703495,0.4331770731349668,0.9479662380370514,0.6784586274177463,0.6383297762546765,0.9576133385311292
754,0.4297155612005995,0.4693007533424562,0.0019625850504716436,0.0009343168557236492,0.4329361653553136,0.5412990840544871,-0.05641642950383596,-0.0336830667055904,0.5786868138929256,0.010427946256506681,0.0060345149946245125,-0.05633440166472934,-0.05415958034511202,0.43221875321149594,0.9450261993445082,0.6762650599835014,0.6365423058608662,0.9546026305286763
755,0.4314618526560053,0.4696810662861752,0.0017462914554057796,0.0003803129437189856,0.367257141719268,0.5100984370282545,-0.06567902363604561,-0.031200647026232597,0.5766194150287908,0.010284525510683283,0.005930257083818871,-0.05320911862035447,-0.05690168220463889,0.4299186861297266,0.9409827354503072,0.6730090145735271,0.6329657134893995,0.9504076698262595
756,0.433041270415185,0.470680659425252,0.001579417759179691,0.0009995931390768265,0.3096430526401475,0.4796210422410416,-0.05761408907912047,-0.030477394787212952,0.5746748499450188,0.010190055803975315,0.005855968790080882,-0.05077309076916989,-0.058665151699140244,0.42787564570139736,0.9373011194398945,0.6700801800863907,0.629476822308501,0.9466253192421399
757,0.43317380287784646,0.4707451488238667,0.00013253246266148322,6.448939861469771e-05,0.2758759916059427,0.45993801531364625,-0.03376706103420479,-0.01968302692739532,0.5729606747573588,0.010151867163104098,0.005816620659819198,-0.049334925614770195,-0.05939178353252277,0.4264686490462173,0.9341179128076658,0.6676246736021774,0.6267002507031018,0.9433725962009842
758,0.43286709997606915,0.47223196876800233,-0.0003067029017773115,0.0014868199441356311,0.27875757710281546,0.45604100938642095,0.0028815854968727295,-0.0038970059272253055,0.5736541698086215,0.010246359916034672,0.005877867091193206,-0.04965807564720629,-0.05906045585586673,0.4273459882718822,0.9349232495169116,0.6686718497517744,0.6272846732955372,0.9442522582677622
759,0.4304608610555236,0.4729289749578316,-0.0024062389205455337,0.0006970061898292634,0.3043080087867651,0.46492445169920993,0.02555043168394966,0.00888344231278898,0.5748194726750762,0.010329072560686487,0.0059373520425564045,-0.05070473365456335,-0.05808538817168025,0.4285148968477775,0.9360891121392056,0.6703054943535162,0.6285842341494601,0.9454792347506296
760,0.4290253263866741,0.4738564934823246,-0.0014355346688494919,0.0009275185244930206,0.33139803533980394,0.47504808213178534,0.027090026553038826,0.010123630432575415,0.5762689990468911,0.01037762563277401,0.005980303935882039,-0.05192334870739655,-0.05694623509152186,0.4297602746855634,0.9375185716903808,0.6720425281381666,0.6301645129321594,0.9469652807302052
761,0.42945234120997794,0.4748522662639581,0.00042701482330381735,0.000995772781633486,0.30640585032691603,0.4604743564687901,-0.024992185012887913,-0.014573725662995252,0.5760730505796102,0.010373453431732241,0.005975866963463519,-0.05143819840706803,-0.05700218351234874,0.42964426442077175,0.9358778989968605,0.6712234224655906,0.6296289203121208,0.9452955734499964
762,0.43081637325303873,0.47519276044835146,0.0013640320430607922,0.00034049418439335843,0.26453486076675486,0.4436168843069232,-0.041870989560161165,-0.016857472161866893,0.5746133313313201,0.010357075704266954,0.005951313773279512,-0.04969691659796893,-0.058333797906063585,0.4282446357510454,0.9326451512107173,0.6692880275230685,0.6274353784893092,0.9419909338664932
763,0.431112565007659,0.47461843287661387,0.0002961917546202564,-0.0005743275717375873,0.23009581887646754,0.42760200025627054,-0.03443904189028732,-0.016014884050652656,0.5722492750060938,0.010329198115324886,0.0059108761328889765,-0.04900077086540071,-0.05897602407779945,0.42620411195625213,0.9282888153911688,0.6663177630285643,0.6245534506682114,0.9375437707337972
764,0.42990119930776227,0.47376824892635033,-0.001211365699896716,-0.0008501839502635389,0.2114129977967659,0.4243164186780627,-0.01868282107970165,-0.0032855815782078523,0.571092935929821,0.010301652956206268,0.005883201231689957,-0.04914947663177712,-0.05942145344558336,0.4252742532052184,0.9263156148755235,0.665276739128298,0.623337731098395,0.9354851529172633
765,0.42669832701262755,0.47167030781004066,-0.0032028722951347177,-0.002097941116309676,0.23763492108489281,0.43934718692390645,0.02622192328812692,0.015030768245843762,0.5713860584203088,0.010204563576182091,0.005830745359694136,-0.05032333778017167,-0.05887344355885758,0.425828652631452,0.9266680394217375,0.6662797388929141,0.6241626165136838,0.9357832035337766
766,0.42296303837565463,0.46905890093610725,-0.003735288636972922,-0.0026114068739334084,0.27747890953209836,0.46073403129038637,0.03984398844720555,0.021386844366479918,0.5723293979013792,0.010125071542481915,0.005794876099617063,-0.051548176013126966,-0.05795446660445706,0.42709794981799326,0.9277206767542588,0.6678684034381003,0.6257917354560403,0.936831966826742
767,0.41985486060361193,0.4664684283955367,-0.0031081777720426973,-0.002590472540570543,0.3180406270148005,0.4833683349881984,0.04056171748270215,0.022634303697812053,0.573459743727644,0.01010599771797542,0.00579538286146234,-0.052551774364500356,-0.056851167028157935,0.42867559552051115,0.9289338419079332,0.6696154883648742,0.6276313890077704,0.9380781286958335
768,0.4178331870496283,0.4641290339408254,-0.0020216735539836383,-0.002339394454711319,0.35539479396142715,0.5052812611811165,0.03735416694662663,0.02191292619291807,0.5744661876799212,0.010081015091846736,0.0057912023077569446,-0.05332637465596361,-0.05585379585545992,0.43027479634394206,0.9299044827158536,0.6712184274801949,0.6293565053201555,0.9390997693476254
769,0.41625940444602877,0.46228137761185206,-0.0015737826035995273,-0.0018476563289733239,0.38449631715175037,0.5234150517741983,0.02910152319032322,0.018133790593081844,0.5752883377954601,0.010083119900925249,0.005800701287595611,-0.05384807559954104,-0.05508735150575747,0.43170065339372476,0.9308914157170156,0.6726935530152278,0.6309380834874431,0.9401438387301149
770,0.4155355300399586,0.46134833154656885,-0.0007238744060701907,-0.0009330460652832162,0.40458254889970763,0.5387726134731714,0.02008623174795726,0.015357561698973066,0.5765133124775799,0.010118609463099022,0.005833513059238203,-0.05397399536538678,-0.054647164816668516,0.4332909305148946,0.9325405700598051,0.674386402296855,0.6328553407835645,0.9418856636460311
771,0.41716069469662276,0.460953821493535,0.0016251646566641798,-0.00039451005303386966,0.3637466371689824,0.5212839155392354,-0.040835911730725205,-0.017488697933936037,0.5761598289313405,0.010132606172798899,0.005838000639148459,-0.05215414137551102,-0.05548477713662046,0.43315254763066935,0.9312213261274682,0.6732666146808214,0.6319718192378191,0.9405951801087753
772,0.42141646176126124,0.4617454623567821,0.004255767064638483,0.0007916408632471228,0.3118534192304393,0.49707925556343324,-0.051893217938543124,-0.024204659975802123,0.5752211342600928,0.010153944641182324,0.005840763553715087,-0.04939580966968034,-0.05716981596487951,0.4320182670852742,0.9289939793889034,0.6714898177805325,0.6295983549960599,0.9383756123297918
773,0.42484265891912903,0.462964663120553,0.003426197157867794,0.0012192007637709112,0.26668528797219,0.4732936916335651,-0.04516813125824931,-0.023785563929868137,0.5740714799388571,0.010171759656089378,0.00583931711935359,-0.04728683383699712,-0.058075123080555846,0.43044457172478723,0.9265967650296708,0.6691498365809743,0.6269747356756804,0.9359828074184916
774,0.4263433147493082,0.4635758325835975,0.001500655830179165,0.0006111694630445141,0.23575237181132475,0.45529405009390406,-0.030932916160865243,-0.01799964153966105,0.5726136001453641,0.010183968860082118,0.005831479072739901,-0.045955483462732136,-0.05787743967073864,0.4286301780436682,0.9236402074515483,0.6662839815723699,0.6241292084902038,0.9330151868526758
775,0.42783527368994956,0.4650865349171325,0.001491958940641358,0.0015107023335349523,0.23048349074451505,0.45043996085705806,-0.0052688810668097,-0.004854089236845993,0.5732025956539464,0.010232793898233224,0.005865464023259149,-0.045719560363300375,-0.05717579152752068,0.4285533127170845,0.9245045176889772,0.6665167412110472,0.6240914491272808,0.9339036730282602
776,0.4282338158746839,0.4667631293676722,0.00039854218473434067,0.0016765944505397479,0.2484934586013319,0.45632615823977907,0.018009967856816855,0.0058861973827210035,0.5749156114454038,0.010410172978413413,0.005984970963136968,-0.04556086513195158,-0.05521901075901331,0.43011386911126853,0.9261511019716273,0.6686603830830605,0.6258651041014539,0.9357447660150267
777,0.42787589384582686,0.468253524041554,-0.0003579220288570384,0.0014903946738817897,0.27925970719451176,0.4698968490113683,0.030766248593179862,0.013570690771589233,0.5770878457270365,0.010662532189913273,0.006153217731472232,-0.04286604720613066,-0.05040113353717464,0.4353235920376796,0.9249120047205601,0.6713860257836392,0.6285327721821036,0.9347044506592914
778,0.42720777582116787,0.46942848778540086,-0.0006681180246589924,0.0011749637438468463,0.31297792632493093,0.48603112546882893,0.03371821913041917,0.016134276457460628,0.5792783651050601,0.011301333319558075,0.006546617888860943,-0.03910394764686524,-0.044274310965381376,0.44278611566039144,0.9205780321533601,0.674213769943867,0.6313911029238446,0.9309917565381592
779,0.4263076170516392,0.4703170644926993,-0.0009001587695286473,0.0008885767072984163,0.34377475302360366,0.5023514067529763,0.03079682669867273,0.016320281284147364,0.5810822463424206,0.026777195980107884,0.015559753190872322,-0.04033271421527662,-0.043555476885517766,0.44610084148017226,0.905118542514363,0.6770118670650942,0.6340747614842138,0.9315334919978105
780,0.4256032038907199,0.4711347103900552,-0.0007044131609192927,0.0008176458973559453,0.37009705443704005,0.5176870314117272,0.02632230141343639,0.015335624658750935,0.5817970718468245,0.04706197816088848,0.027380521089324122,-0.04475753306399802,-0.046806454429752634,0.446601666492376,0.8875335616369885,0.6795893982267502,0.6363991033670413,0.9343953294534535
781,0.4250691310254252,0.4717883751692985,-0.0005340728652947213,0.0006536647792432793,0.3919264912191236,0.5312423488889659,0.021829436782083544,0.013555317477238704,0.5821192865509024,0.06450058736794785,0.03754703590074395,-0.04962148720960182,-0.050470836943088,0.44588355336605995,0.8734413976427864,0.6817437412466875,0.638230472257088,0.9378038285658273
782,0.42459300832971536,0.47228404842097477,-0.00047612269570984633,0.0004956732516762652,0.4098455808072077,0.5429714218610445,0.01791908958808408,0.011729072972078591,0.582293227406255,0.07833341095973138,0.045613014681482496,-0.05408370087275755,-0.05398772142797086,0.4447217058685669,0.8631607200511882,0.6835584234252509,0.6397169793163684,0.9413859504029396
783,0.42414802187080775,0.47276732933737037,-0.0004449864589076147,0.0004832809163956009,0.4249306134110872,0.5534861082432144,0.0150850326038795,0.010514686382169902,0.5823457962887773,0.08791632834602738,0.05119770423745291,-0.05773923624964271,-0.05684595496171593,0.4436877844048153,0.8568386781958489,0.685183521717661,0.6407751920378887,0.9446603474827063
784,0.4238540382679273,0.47316694093286926,-0.00029398360288046543,0.00039961159549889436,0.4376772773018936,0.5627792478463399,0.01274666389080642,0.0092931396031255,0.5823840095960711,0.09472357974192659,0.05516549817339638,-0.06071068605185828,-0.05897859608673299,0.4427973325335234,0.8526983001212962,0.6864214157403312,0.6416025020941952,0.9473311600841473
785,0.42359721424008223,0.4734276194935074,-0.00025682402784504843,0.0002606785606381612,0.4483905292236858,0.5707299462254489,0.010713251921792177,0.007950698379109,0.5823800958954161,0.09829579853693049,0.05724551657805407,-0.0627126771241886,-0.06011152508786385,0.442314244373856,0.850684025856528,0.6872504258660525,0.6421750550559239,0.9488933495980061
786,0.4233421617214318,0.4734718373113508,-0.00025505251865043377,4.421781784336165e-05,0.45743389093995646,0.5774298887536556,0.009043361716270681,0.006699942528206715,0.5824064203984415,0.0959197023576271,0.05586425049578955,-0.06276175908336816,-0.05922483316947386,0.44328315510924476,0.8520091389959362,0.6876239045465077,0.6425393015555964,0.9478501299376512
787,0.42302674781731586,0.4733496189579998,-0.0003154139041159354,-0.00012221835335096687,0.4653629510239876,0.5834190614638477,0.007929060084031159,0.005989172710192059,0.5827898730734852,0.08763756605289517,0.05107428599643595,-0.060941102594686186,-0.05568624585074948,0.44605283450750244,0.8564156362068855,0.6878697570373886,0.642880133973352,0.9439851754171035
788,0.4224423942861836,0.4727216522629866,-0.0005843535311322867,-0.0006279666950131935,0.4733681195694395,0.5886317889343997,0.008005168545451913,0.005212727470552014,0.5836984980325283,0.07775397090076626,0.045384876030842174,-0.05864571385057065,-0.05098455085401942,0.44855719046483866,0.8611884097201098,0.6874591863307753,0.6432130667002535,0.9388840626107472
789,0.42212988163093035,0.4725483158885532,-0.0003125126552532276,-0.0001733363744333971,0.48222752201876673,0.5937609900166737,0.008859402449327203,0.005129201082273993,0.5847229309370956,0.06756545431274216,0.03950707047584302,-0.055656106054993555,-0.04554034448670895,0.45086117847743795,0.8651718336000318,0.6868124266703484,0.6438154701183058,0.9326855041579725
790,0.4225114544327538,0.4730598829907654,0.00038157280182343767,0.0005115671022121737,0.4898466955189639,0.5980641606286854,0.007619173500197196,0.004303170612011686,0.5857626470396957,0.056847200786192105,0.03329896680931696,-0.05101028799007143,-0.03829404605691341,0.45500756872451253,0.8683988264738624,0.6864154177541026,0.6446244446256917,0.9251888295104358
791,0.4231579399681314,0.4737166742246717,0.0006464855353776056,0.0006567912339062731,0.49545125014561203,0.6019094221081532,0.005604554626648106,0.003845261479467843,0.5865845405542148,0.05149069751008344,0.03020364714176835,-0.04656725523628712,-0.031148215675085553,0.4598241963192629,0.8669204410704802,0.6862596664995383,0.6452430706492576,0.9183349796562367
792,0.42398001785601946,0.4743326095799326,0.000822077887888073,0.0006159353552609437,0.5005254984155971,0.6056819243454621,0.005074248269985093,0.00377250223730885,0.5862888480498311,0.061626183494564266,0.036130744130735595,-0.04627082422870349,-0.028855858522013368,0.46185410390474174,0.8561070351646107,0.6860446268562362,0.64557669645724,0.9176491361053625
793,0.42468848711463114,0.47502609395202144,0.000708469258611677,0.0006934843720888262,0.5053469598159986,0.6095710912312973,0.004821461400401517,0.0038891668858351824,0.585893349931976,0.07423200761271202,0.04349203961238779,-0.048350633904147525,-0.029207494963671962,0.4611172216641408,0.8465927326245957,0.6857105966048102,0.6455548128689751,0.9207413674281405
794,0.4249723861408627,0.47567910196603547,0.00028389902623154883,0.0006530080140140226,0.5093111953317376,0.6127597635072448,0.00396423551573899,0.003188672275947546,0.585706409973103,0.08435230277439665,0.049405684430956075,-0.050547027758085304,-0.030024233874891147,0.4596583361061844,0.8398673136930158,0.6852910214021655,0.6453148011256206,0.9241443797145636
795,0.42520774763399893,0.4761684128739094,0.00023536149313624355,0.0004893109078739077,0.5124905167467234,0.6156555847049813,0.0031793214149857807,0.002895821197736459,0.5856015803959351,0.09209793083322597,0.05393269384713265,-0.05289881165079315,-0.031243351641702236,0.4576751349308352,0.8353866858371451,0.6848424218856675,0.6449870444802177,0.9274164309851798
796,0.42521054251162416,0.4762029635500048,2.7948776252229024e-06,3.455067609542395e-05,0.5148322737726425,0.6180850651918917,0.0023417570259191,0.0024294804869103848,0.5857157449910076,0.09842071886757854,0.05764656467407429,-0.05515113514683928,-0.03275634463228867,0.45538333200837433,0.8324967544000982,0.6844207702023315,0.6447291383465902,0.9308543575972492
797,0.4250227431685431,0.4762232355805366,-0.00018779934308105206,2.0272030531787166e-05,0.5165623238799371,0.6201640431247916,0.0017300501072945451,0.002078977932899906,0.5858806707028169,0.1032864230012697,0.060513518782478744,-0.056961158809894594,-0.03427287411848479,0.4530947439734512,0.8308342448586757,0.6839910850107889,0.6444421761200594,0.9340606494862899
798,0.42477429727661714,0.4762445377340348,-0.00024844589192596356,2.130215349821496e-05,0.5178192839481408,0.6218037885095179,0.0012569600682037496,0.0016397453847263321,0.5862820556280812,0.10706157955299174,0.06276828293911735,-0.05832642317633993,-0.035642807331755094,0.4509349908509841,0.8298169900667764,0.6836091341874747,0.6442039553772683,0.9368197357647269
799,0.42451969645459653,0.4763374703902477,-0.00025460082202061196,9.293265621290736e-05,0.5186965353820483,0.6230050328995934,0.0008772514339074888,0.0012012443900755176,0.5869880740383601,0.10806570461230075,0.06343327981997274,-0.05908459403435733,-0.03671138298481051,0.4490569025686146,0.8309201249610759,0.6833914872502252,0.6440460221805897,0.9389310965357927
800,0.4242257343903311,0.47637763214593903,-0.0002939620642654073,4.016175569132585e-05,0.5192121123913401,0.6237771199244841,0.0005155770092918344,0.000772087024890733,0.5876795682079757,0.1051018250276231,0.06176619515010376,-0.05931121323131842,-0.037328765753800286,0.44773082465407327,0.8350186362007087,0.6832959522370692,0.6439458506022203,0.9400755970615272
801,0.4237397639909192,0.47619007495565874,-0.0004859703994118947,-0.00018755719028029638,0.5188620324224299,0.623417107832041,-0.00035007996891023296,-0.0003600120924431849,0.5885466001427361,0.09775557762970527,0.05753371285895234,-0.05857391118949105,-0.03681996157679058,0.44717768357511045,0.8426570536081045,0.6831966770300989,0.6439061459348403,0.9403834003914943
802,0.422763700488853,0.4754924809992809,-0.0009760635020662489,-0.0006975939563778621,0.5173091591761145,0.622269939172343,-0.0015528732463153672,-0.0011471686596979946,0.5892553098737859,0.08808951667542364,0.05190721544520879,-0.05730544966617265,-0.036184739981215346,0.4469173580555067,0.8523081831376559,0.6829060718966489,0.6438560774627445,0.9403831267809948
803,0.42135224037533014,0.4742999358780753,-0.0014114601135228333,-0.0011925451212055904,0.5148727569584612,0.6203749540390889,-0.0024364022176532885,-0.0018949851332540346,0.5898024929210709,0.0788743227355351,0.0465202721768797,-0.05587408743385084,-0.03557853788805852,0.4465257880469694,0.86122643920197,0.6824423291825031,0.6436633109936578,0.9400925355252339
804,0.41994206298107695,0.4731383700596535,-0.001410177394253198,-0.0011615658184218058,0.5130550452010453,0.6185519840896571,-0.001817711757415963,-0.001822969949431874,0.5903616932453544,0.06951497566240115,0.04103897873796474,-0.05427276794494228,-0.034400695921933074,0.4464253001831356,0.8698029805538277,0.6820445126720341,0.6434901093725715,0.9393093995765045
805,0.4186774507064812,0.47216151438289133,-0.0012646122745957333,-0.000976855676762145,0.5115100916224965,0.6169446087536271,-0.00154495357854878,-0.001607375336029948,0.5909748980358573,0.06104444352959671,0.03607573379055907,-0.052623286421327034,-0.03293984398883025,0.44643944280279924,0.8770367177808368,0.681724322583889,0.6433211893298626,0.9380662941610509
806,0.4175168947550915,0.47125468314788804,-0.0011605559513896968,-0.0009068312350032914,0.5101887098020891,0.6155065166215403,-0.001321381820407419,-0.0014380921320867879,0.5914265815582508,0.053830513580974265,0.0318367966307206,-0.05079206868987579,-0.03130870999985944,0.4467963138149977,0.8825338344582648,0.6814523694070068,0.6431233750219248,0.9363395153604318
807,0.4164005304675681,0.4699998392914381,-0.0011163642875234303,-0.0012548438564499165,0.5089846867696401,0.6141738948821162,-0.001204023032448931,-0.0013326217394241668,0.5917488688986872,0.0476928893138311,0.02822221330596984,-0.04884420625169322,-0.02953650251563649,0.447366646375393,0.8866769255763991,0.6811491638863261,0.6428258756343315,0.9343312086943395
808,0.41530665902543284,0.4686270400075616,-0.0010938714421352413,-0.0013727992838765135,0.5079536829529806,0.6130095019300434,-0.001031003816659548,-0.0011643929520727125,0.5919052378276987,0.04247046309745292,0.02513848956035037,-0.04681603345265409,-0.02767246603670477,0.4480265808123218,0.889657862197585,0.6807971340726438,0.6424221154974099,0.9320727464131028
809,0.4142405252440386,0.4671669605143849,-0.0010661337813942517,-0.0014600794931767247,0.5069708647636713,0.6117571562819034,-0.0009828181893093424,-0.0012523456481400297,0.5919547208046759,0.03801701054044592,0.022504348860298087,-0.04488365734098923,-0.025825645217806562,0.4485328873802872,0.891765466861552,0.6803182272528336,0.6418793260765884,0.9297062065335919
810,0.41322403102542016,0.4658760999315401,-0.0010164942186184356,-0.0012908605828447772,0.5061046736715508,0.6105903992261107,-0.0008661910921204941,-0.001166757055792722,0.5920021576492857,0.03422350970909085,0.020260391590113058,-0.04312416054624581,-0.024127424927942318,0.4488946109692493,0.8931680237780868,0.6799147676474014,0.6413430004398021,0.9272919913041007
811,0.41264314339609515,0.46498744008883186,-0.0005808876293250109,-0.0008886598427082504,0.5053009515822414,0.609419073148975,-0.0008037220893093444,-0.0011713260771356593,0.5920289793320904,0.03079159169933196,0.018229514605765967,-0.04165306668764147,-0.02271264876731192,0.4494656963452322,0.894614196748051,0.6797473732307017,0.6410761723953002,0.9252761634334195
812,0.41247047821306954,0.4645394716000716,-0.00017266518302561096,-0.0004479684887602753,0.5051751738965795,0.6088875475769295,-0.00012577768566190972,-0.0005315255720454992,0.5922345348405774,0.027610367584495872,0.01635181320318127,-0.04033693214348893,-0.021251165047137838,0.44999799283326414,0.8960462992395193,0.6796174300924159,0.6409271367047389,0.9234896457451246
813,0.4126163902552353,0.4644062848318353,0.00014591204216574116,-0.00013318676823625974,0.5052260475243319,0.6087695398545679,5.087362775235693e-05,-0.00011800772236159052,0.5925906715674703,0.024619193061037575,0.014589104149489461,-0.03912687587093868,-0.019936706227140246,0.45043205086350074,0.897350344036914,0.6794269136266332,0.6408941475157791,0.9217605974908205
814,0.4131322615394377,0.4642763776428489,0.0005158712842024404,-0.00012990718898642228,0.504866117967327,0.6088047374784447,-0.0003599295570048122,3.519762387671488e-05,0.592979666158837,0.021918327184268765,0.012997122336487855,-0.03791641933311745,-0.018752506336970072,0.45079175515766895,0.898000443237954,0.6792301391353541,0.6407872341798466,0.9196648531585091
815,0.41372786461496786,0.4640097582759038,0.0005956030755301378,-0.0002666193669451089,0.5043038110263656,0.6089398958138704,-0.0005623069409614878,0.00013515833542576683,0.5932583179619344,0.019612975503527082,0.011635560857451101,-0.036760221955132594,-0.017785949637630888,0.4509961616850832,0.8980887634776896,0.6789160297233517,0.6405708871387981,0.9173981573980001
816,0.41437653187573587,0.4636641251925819,0.00064866726076801,-0.0003456330833219168,0.5044282037924904,0.6095315246084471,0.00012439276612485894,0.0005916287945766374,0.5935315129903732,0.017594036691020224,0.010442615216829373,-0.035374466590870235,-0.016702949757009214,0.4508399967974478,0.8978561722399029,0.678516941523058,0.6401608164120908,0.9150840807515076
817,0.4151053170988224,0.4631085654272108,0.0007287852230865588,-0.0005555597653710831,0.5045537696625553,0.6103288771569707,0.00012556587006484765,0.0007973525485236443,0.5939244731459695,0.01590756598867277,0.009447892748857219,-0.033629894147169596,-0.01574789653423446,0.45014091186425315,0.8977640465820802,0.6778277233915216,0.6394739868821908,0.9132285152055502
818,0.41585311374108536,0.46262826829414677,0.0007477966422629323,-0.00048029713306402266,0.5048019794077848,0.6111962120121116,0.000248209745229544,0.0008673348551408999,0.5943932563674442,0.01445667254296413,0.00859294866905027,-0.031086870224640583,-0.014680450080416428,0.44935484164583006,0.8978570280953461,0.677124173214783,0.6388588642769221,0.9117752608047446
819,0.41654446012092466,0.4621858648341475,0.0006913463798393082,-0.00044240345999929653,0.5046060078653315,0.6118133793940144,-0.0001959715424533215,0.0006171673819027612,0.5951594444742997,0.013240138232967776,0.007879993315496037,-0.02773102255764667,-0.013267348918951816,0.44818505227559136,0.8984452241692688,0.6762365108057228,0.6381601094609303,0.9110415664243253
820,0.41699362614620783,0.4616148746488726,0.0004491660252831653,-0.0005709901852749,0.5032710339474812,0.6123315375207482,-0.0013349739178503128,0.0005181581267338364,0.5963855883991236,0.012209847266024233,0.007281776946011293,-0.023683939349154248,-0.01168467050803791,0.4463985644749068,0.899374762330182,0.6749991211218981,0.6372608223707688,0.9108290957781074
821,0.41687278721116433,0.4606890258089632,-0.00012083893504349907,-0.0009258488399093712,0.5007467329301727,0.6123896583553852,-0.0025243010173084945,5.812083463696549e-05,0.5983102702563239,0.011348659337754393,0.006790019435418784,-0.019331728202728746,-0.009967406322457285,0.44404696662331383,0.9003940920977915,0.6734771277943948,0.6362003708912409,0.9108703609998245
822,0.4156250669875495,0.4590800950418335,-0.0012477202236148566,-0.0016089307671297015,0.4990564244234832,0.6133428251405721,-0.0016903085066894974,0.0009531667851869763,0.6001854325413443,0.010636535828106475,0.00638389385673359,-0.014929818950134559,-0.00807831626038039,0.4412649602566578,0.9010937905458701,0.6719288503352793,0.634956661982714,0.9107217838153412
823,0.41404477839458054,0.45725242465298277,-0.001580288592968937,-0.0018276703888507329,0.4980572860767961,0.6147914720921943,-0.0009991383466870785,0.0014486469516221678,0.602461921396918,0.009991229856535895,0.006019335536486869,-0.010911065233156084,-0.005839452416325501,0.43828571285052587,0.9021476876265647,0.6701951023192779,0.6337872622569707,0.9109707705684948
824,0.4122334747854638,0.45528608905198803,-0.0018113036091167434,-0.0019663356009947397,0.498417322947284,0.6170579579516199,0.000360036870487912,0.002266485859425571,0.6054498409575788,0.009471382036306026,0.005734446747529953,-0.0070003668306083695,-0.003422799626388635,0.4351285408451435,0.9031231264835312,0.6685821603651855,0.6326511706983565,0.911257042531545
825,0.4104279478543042,0.45341148654349683,-0.0018055269311595956,-0.0018746025084911966,0.49966865541471767,0.619428773097628,0.0012513324674336412,0.0023708151460081206,0.6091442481580953,0.009078296964621077,0.005529992379070025,-0.003009943404986168,-0.000498434596685657,0.4320420321253027,0.9041139244004596,0.6670221480070779,0.631682660682018,0.9116653841288006
826,0.4086974416329736,0.45191575672786216,-0.0017305062213305855,-0.0014957298156346721,0.5004752182332883,0.6214126988407629,0.0008065628185706664,0.0019839257431348845,0.6127206916166635,0.008735327467239346,0.00535231588722493,0.0008683033740804223,0.0025276003412016473,0.42910626796490964,0.9052400288400615,0.6656017851908115,0.6308427512727487,0.9122785908178198
827,0.40773597109103316,0.4509135291953547,-0.0009614705419404568,-0.0010022275325074492,0.5016414732013718,0.6233741626355752,0.0011662549680834244,0.0019614637948123237,0.616506013953395,0.008468026117721092,0.005220589027889472,0.004624020226551615,0.005602205873363226,0.4264537426776191,0.906277465382763,0.6644595814704997,0.630247411563583,0.9128493917137419
828,0.4070693107388171,0.44984543825389245,-0.0006666603522160752,-0.001068090941462263,0.5021358052070131,0.6244792670975086,0.000494332005641307,0.0011051044619333483,0.6201475469242015,0.008305673451117119,0.005150743016263748,0.00793038154777581,0.008457642819829095,0.4241028091973601,0.9070411056462445,0.6635398922432814,0.6298715289352992,0.9132496634057193
829,0.4061293626204659,0.4487602565671146,-0.000939948118351186,-0.0010851816867778474,0.5022623531097005,0.6249624708210104,0.00012654790268740168,0.00048320372350185714,0.6232967987935891,0.00821135091916224,0.00511810874168462,0.01079505791011454,0.010999628978382022,0.42210304241246893,0.9075828944010155,0.6627669658628007,0.6295649906956517,0.9135230494367788
830,0.40522416450226295,0.44769528976439893,-0.0009051981182029434,-0.0010649668027156722,0.5025711419584684,0.6250959411245122,0.0003087888487679491,0.00013347030350174816,0.6273025945888427,0.008091270454573016,0.005075674949673698,0.01414512304571556,0.014245240195685257,0.42011425330554614,0.908235200724037,0.6622982483671604,0.629405042512002,0.9139138936518221
831,0.40437455198679023,0.4466736178690808,-0.0008496125154727197,-0.0010216718953181547,0.5027084389518564,0.6248254643582561,0.00013729699338793644,-0.00027047676625602257,0.631008033176891,0.00797510780062926,0.0050323570876487506,0.017080610427084666,0.01787266350958269,0.41710386500879754,0.9096254793390544,0.6619129292546523,0.6290693803971604,0.9150772248116498
832,0.40364195271689995,0.44575928609961885,-0.0007325992698902772,-0.0009143317694619291,0.502590063709888,0.6242283993325894,-0.00011837524196833815,-0.0005970650256666987,0.6352227160765171,0.007868872233622454,0.004998486392700745,0.020442678001958717,0.021420256339661922,0.4133541633988669,0.9118025886938529,0.661540067198147,0.6286651676001865,0.9170989696026578
833,0.4027179301457803,0.4447680695244723,-0.0009240225711196759,-0.0009912165751465585,0.5020231604456569,0.6234194222149851,-0.0005669032642311445,-0.0008089771176043037,0.6397368126280081,0.007880745403685987,0.005041602945686899,0.02347360042049045,0.024671072701026833,0.40915443920542544,0.9140870788641687,0.6612009129157804,0.6282629484544276,0.9194182455524412
834,0.40174032625694145,0.44383668821188277,-0.0009776038888388294,-0.0009313813125895187,0.5015045932809348,0.6225943688780011,-0.0005185671647220946,-0.0008250533369840163,0.6439607710768452,0.007917657245530299,0.005098660664953862,0.025903475223347065,0.027208650326299513,0.4051473054175654,0.9159181217608423,0.6609620784312555,0.6280021302347374,0.9213421527581446
835,0.4007140484187748,0.4430176345852902,-0.001026277838166667,-0.0008190536265925696,0.5009406853606142,0.6218736203231858,-0.0005639079203205721,-0.0007207485548152981,0.6479179490425884,0.008029919873179728,0.005202729215206931,0.027921909753631857,0.02955336644018324,0.40163957278977647,0.917508439102189,0.66078620759658,0.6279852362661827,0.9231186785721552
836,0.3998519077939136,0.44230515798373465,-0.000862140624861174,-0.000712476601555545,0.5008186663232971,0.6211731630935452,-0.0001220190373171226,-0.0007004572296406275,0.6513252479341713,0.008116798791990894,0.005286675985625252,0.029466583833806282,0.031233564671114846,0.39859233035190417,0.9183802575558585,0.6605822307686147,0.6280122843278579,0.9241286504352283
837,0.39916626075097655,0.4416862459579679,-0.0006856470429370543,-0.0006189120257667491,0.5005978765718074,0.6204062226898964,-0.0002207897514896473,-0.0007669404036487748,0.65442567108553,0.008188710173621945,0.005358902150697448,0.030544747439133345,0.03264643058963773,0.3959162260170968,0.9188271878643393,0.6603436765144973,0.6281216361470343,0.9246803643656791
838,0.3987343898956691,0.4411514379375533,-0.00043187085530743685,-0.0005348080204146122,0.5004483931184558,0.619579726128242,-0.00014948345335163982,-0.0008264965616544551,0.6571692520576533,0.008267469796853819,0.005433126942807663,0.03139488495964032,0.03376055134286621,0.39364551731493475,0.9190103790922692,0.6600927106536654,0.6282845365595188,0.9249738954553289
839,0.3983748107824323,0.440476377396998,-0.0003595791132368076,-0.0006750605405552723,0.5002944519361868,0.6187599664372578,-0.00015394118226896847,-0.0008197596909841343,0.6593777036343376,0.008339537270365719,0.005498904934706719,0.0320256362807334,0.03456532478678793,0.3917822693257071,0.9191632769363958,0.6598473633187193,0.6284539162233155,0.9252258097963104
840,0.3980765835108883,0.43978587545343556,-0.00029822727154399375,-0.0006905019435624604,0.5004764831729936,0.6181551158233437,0.00018203123680682332,-0.0006048506139141319,0.6612331819622358,0.008399884626491591,0.005554282439690701,0.03248989929318979,0.03514491874982292,0.39053446965352806,0.9191810523351416,0.6596137628665566,0.6286316848394664,0.9253355062027794
841,0.3979844736055605,0.4390419110238061,-9.21099053278196e-05,-0.0007439644296294845,0.5005317950358117,0.617276527445041,5.531186281804157e-05,-0.0008785883783026804,0.6629338470160672,0.008465176431213741,0.005611851977214268,0.03282310852295907,0.035422032890828195,0.3896213951133271,0.9192283771559723,0.6593763449780449,0.6288323208975143,0.9254621121114937
842,0.39793894080340186,0.43820797350235274,-4.553280215863209e-05,-0.0008339375214533318,0.5005650606040718,0.61642667254803,3.326556826011018e-05,-0.0008498548970110598,0.6642910246341538,0.008543771975382034,0.005675551039767099,0.0329735354053843,0.03536921029675703,0.3891783792729429,0.9193184851090972,0.6592342802223307,0.6290227450223674,0.9256651221698097
843,0.3979375386503553,0.4372123266618896,-1.402153046559107e-06,-0.0009956468404631602,0.5013431459551203,0.6161837013685832,0.0007780853510485075,-0.00024297117944671598,0.6651758026533775,0.008653847778553719,0.005756330142139618,0.03280911255525501,0.034950310318051465,0.38910258760194644,0.9193045139946866,0.6592749656489466,0.629178491686316,0.9258063303273835
844,0.3985635150397144,0.43666982233310775,0.0006259763893590731,-0.0005425043287818343,0.5026595082698645,0.6164178157138932,0.0013163623147441905,0.00023411434530995479,0.6657955654894996,0.008797486209573834,0.005857327305789285,0.03244083501806981,0.03441843915695829,0.3896132280050428,0.9192664772312439,0.6595691071867792,0.6295134608266327,0.9259937351620934
845,0.39898035843865015,0.43633196888734893,0.0004168433989357734,-0.0003378534457588178,0.5034425564513428,0.6166220858102368,0.0007830481814783408,0.00020427009634360616,0.6661671576620835,0.008908062240815046,0.005934258503240689,0.0317464104603465,0.03387561686324464,0.3905191025143042,0.9194135654982322,0.659965788010346,0.6300287590602297,0.9263275192449719
846,0.3994003373076153,0.43629078974663577,0.0004199788689651651,-4.117914071316564e-05,0.503645721696622,0.6164889375872059,0.000203165245279191,-0.0001331482230308989,0.6662768102518258,0.009035657889352858,0.006020249317044767,0.030956694255328415,0.03333945789571848,0.39180351989784745,0.919637608037626,0.6605070719217616,0.6306056085360467,0.9267357481990697
847,0.399694858982975,0.4361838729448761,0.00029452167535970464,-0.00010691680175967111,0.5028145827587831,0.6155225719697802,-0.0008311389378389267,-0.0009663656174256907,0.6660247624500254,0.009172715478466587,0.00610925564756738,0.0301976573115101,0.03278997542419093,0.39324794550268416,0.9198597170931718,0.6610621760432623,0.6311585801381139,0.9271418559642082
848,0.3999932282356517,0.4361672904854858,0.0002983692526766779,-1.6582459390290794e-05,0.5015477738789555,0.6146544087888011,-0.0012668088798275523,-0.0008681631809791535,0.665634639659709,0.009284594696432053,0.006180147845145995,0.029553199849508265,0.032311061763517994,0.39462765658440224,0.9201456477678599,0.661529428149858,0.6316760826804144,0.9275776173112581
849,0.40024975467001045,0.43616759622677054,0.00025652643435875033,3.0574128473404016e-07,0.5000943865641458,0.6138862155626058,-0.0014533873148097065,-0.0007681932261952573,0.6650701828820572,0.009394011563657633,0.006247676988637943,0.028880376823242727,0.03159596671535474,0.39588036122007997,0.9207575387325444,0.6619320467153064,0.6321012804859434,0.9283417318267563
850,0.40051191735495467,0.43623003857741205,0.0002621626849442227,6.244235064151171e-05,0.4990924958219444,0.6131962994641939,-0.0010018907422014167,-0.0006899160984119579,0.6644203519457349,0.00952680951758112,0.006329806132591224,0.028044300553137468,0.030658967853661123,0.3970573145540274,0.9217257647756321,0.6621980906850755,0.6324488764363565,0.9294878139146396
851,0.4020396951570889,0.43709383486340636,0.0015277778021342558,0.0008637962859943116,0.4777847578122037,0.5997384286390622,-0.02130773800974073,-0.013457870825131613,0.6636061813281715,0.009716617737563826,0.006448007592250308,0.027377967542017212,0.028691278125703348,0.3980142570660061,0.9229269978579561,0.6622445453456653,0.6324210868991803,0.9309529825425481
852,0.40572450574789587,0.4401549189401796,0.0036848105908069417,0.003061084076773246,0.4209649795719459,0.5573297189550602,-0.0568197782402578,-0.04240870968400201,0.6619307037092559,0.00989056890364348,0.0065468712344736125,0.026933755263468365,0.026841976875614373,0.39815396518264096,0.9229887209496723,0.6599754539284536,0.6313020924497008,0.9312583108367899
853,0.4098127164250939,0.4434505741488762,0.004088210677198056,0.0032956552086965685,0.3616171338326048,0.5169361453737976,-0.0593478457393411,-0.04039357358126261,0.6594923308889709,0.010057697582767986,0.006632974422236027,0.026826989322442638,0.025049468517710182,0.3980651099422406,0.921418802313285,0.6566841266061166,0.6294059663861036,0.9299570998918182
854,0.4129004308943831,0.44653103704625896,0.0030877144692891823,0.0030804628973827852,0.31688694690255914,0.48751194224279043,-0.04473018693004566,-0.029424203131007187,0.6573605666734472,0.010221652661299332,0.006719311385770879,0.026362884905188302,0.023802568100229814,0.3979652085325018,0.9205205890314498,0.6536912842824489,0.6275093645413777,0.9293295712582559
855,0.4146342335590127,0.44907498747345503,0.00173380266462958,0.0025439504271960733,0.2883689067971052,0.4692149454390479,-0.028518040105453946,-0.018296996803742527,0.6556575513944087,0.010462684467298589,0.006859938078841306,0.02550172626519773,0.022894450681185577,0.3986262675823374,0.9197234384788076,0.6518232671779872,0.6263076404079588,0.9288755026807567
856,0.4162387412338733,0.45109429943378176,0.001604507674860589,0.0020193119603267307,0.27713680757979037,0.4624262317066516,-0.011232099217314828,-0.006788713732396312,0.6547590608285591,0.010719517784782705,0.00701870139729936,0.024198298552073703,0.02216323323014002,0.4000902169910135,0.9206138640869084,0.6515147980465971,0.6264065240671828,0.9301054549514761
857,0.4173164390565069,0.4528841876486215,0.0010776978226336165,0.0017898882148397188,0.28458285491281266,0.4665204777313974,0.007446047333022288,0.004094246024745785,0.6539611857337632,0.010937784048759782,0.007152886225826788,0.022658795368270757,0.022133699878043204,0.40193365312174933,0.921392319706871,0.6518759056632474,0.6270655410030938,0.9311726247000507
858,0.41803331234232566,0.454287364947352,0.0007168732858187643,0.001403177298730518,0.2996633818295348,0.4756496258063715,0.015080526916722126,0.009129148074974114,0.6534314727089909,0.011081202738114486,0.0072408066245530514,0.02159461326935156,0.02253824701982618,0.4039420998403023,0.9218861900672445,0.652722713950619,0.627861615387818,0.9318596247828231
859,0.41844787332401695,0.45522787371705015,0.0004145609816912921,0.0009405087696981451,0.31850570433750064,0.4876530083479918,0.01884232250796586,0.012003382541620311,0.653083754230089,0.011126030563085327,0.007266229809818477,0.02093721798911242,0.023096010013111484,0.4058885503127322,0.9222106672904621,0.6540260211726349,0.6284765508977012,0.9322663160840796
860,0.41849332145187895,0.4558665516212579,4.544812786200225e-05,0.0006386779042077406,0.3385523070588957,0.5006834638338369,0.02004660272139508,0.013030455485845083,0.6529735468818146,0.01106568585900215,0.007225600144032574,0.020486140859507337,0.023875538920814707,0.4078170609745942,0.9223737428918579,0.6554337108825757,0.6291404724463867,0.9323811564659937
861,0.4182939899252505,0.45609754888109455,-0.00019933152662843234,0.00023099725983666275,0.3568856977725788,0.5136389458369052,0.018333390713683062,0.012955482003068286,0.6529708626811678,0.01090389924952712,0.007119928499552261,0.020237995102083253,0.024531292286387167,0.40955052523986746,0.9224477149603058,0.6568203769778557,0.6298302587369083,0.9322788479113052
862,0.4179130986614331,0.4560442439557764,-0.0003808912638174067,-5.330492531813169e-05,0.37355224888516286,0.5258062464183838,0.016666551112584083,0.012167300581478635,0.6530013755161954,0.010658515209180857,0.006960025092555389,0.020345984331708342,0.025296338536806382,0.4112335711738297,0.9222993802569359,0.6581287867759033,0.6305380822661377,0.9318575401875471
863,0.4175830158751086,0.45586106632105544,-0.0003300827863245148,-0.0001831776347209768,0.38817349000249335,0.5366468916218158,0.014621241117330486,0.010840645203431976,0.6530928230670318,0.010439678186499471,0.00681807889873225,0.020745426787926326,0.026232180577554023,0.41287858074974976,0.9216986750051379,0.6592675417058661,0.6311834420309309,0.9309903658943319
864,0.4172836614933548,0.45553531847715095,-0.00029935438175382467,-0.0003257478439044892,0.4008264043681671,0.5457861347653361,0.012652914365673729,0.009139243143520326,0.6531483691214823,0.010243668325309612,0.006690635260497359,0.021916551800103778,0.027853668335257497,0.4148991808627042,0.9204704718723647,0.6602497988981594,0.6317874329200088,0.9295078786151482
865,0.41700045284629356,0.45518822347411525,-0.0002832086470612172,-0.0003470950030357023,0.4116758887309262,0.5535918762134866,0.010849484362759121,0.007805741448150494,0.6531284668256054,0.010062274250309524,0.006571957753883428,0.023689278030059623,0.029962932171928646,0.41719420899541676,0.9187329443407489,0.6610608298813876,0.6323730847287897,0.9275096934302306
866,0.416720143854717,0.4547798585225935,-0.00028030899157655,-0.0004083649515217447,0.42153539895306413,0.5604298564410489,0.009859510222137935,0.006837980227562324,0.6530234934855386,0.010336238992076948,0.006749806896107531,0.02580265130846635,0.03214736639824788,0.41930228903975647,0.9161710136483605,0.6616346455043203,0.6327613610632187,0.9251911195786707
867,0.41655712845439763,0.45446532786423116,-0.00016301540031937733,-0.0003145306583623442,0.43079831341328106,0.5664175477715495,0.009262914460216931,0.0059876913305005885,0.652987172392796,0.011173623367374283,0.007296232728043805,0.02796056649151957,0.03425144383203084,0.4212897757336712,0.9129757647763166,0.6621441224922866,0.6331202645168801,0.9228489108233533
868,0.41645504689964147,0.45417292754409355,-0.00010208155475616154,-0.0002924003201376091,0.4390355070107092,0.5717532468071864,0.008237193597428139,0.005335699035636909,0.6530142857063131,0.012259640993256457,0.008005720706227201,0.030325496141392586,0.03635744181844924,0.42335437536425574,0.9095004864191155,0.662563295859018,0.633413989041265,0.9205015492922081
869,0.4163398897990285,0.45381464461569737,-0.00011515710061299478,-0.0003582829283961808,0.44626963233281375,0.5763347626370231,0.007234125322104545,0.00458151582983668,0.6528014696375585,0.013592309943618416,0.008873079906963302,0.03266066433249014,0.038196261180969276,0.4253232462091893,0.9059854577497044,0.6628248668334007,0.633610774242066,0.9183831330560998
870,0.4161871869911855,0.4533627885247665,-0.00015270280784296375,-0.00045185609093084667,0.45266897762591457,0.5804085587650721,0.006399345293100822,0.004073796128049034,0.6525454400966342,0.0167484028122242,0.010929093884018547,0.033926700216124275,0.03880469450019317,0.42639382394345793,0.9012956697494073,0.6629672090064884,0.6336758986085083,0.9169892108130391
871,0.416046293804503,0.45281369697836654,-0.0001408931866825336,-0.0005490915463999824,0.45847140534586894,0.5841620852299444,0.005802427719954373,0.003753526464872259,0.6523051560962965,0.026712598021840055,0.017424765422374,0.03267610670852332,0.03735289411654773,0.42553908818145475,0.891901087397204,0.6632150035018648,0.6337211326785562,0.9178246192014565
872,0.4160660156413362,0.45234471234492735,1.9721836833241913e-05,-0.0004689846334391956,0.46406206006818496,0.5879091009107865,0.005590654722316013,0.003747015680842125,0.652111294023397,0.038900886526892844,0.02536770745170942,0.03007364678628431,0.03477169481962497,0.42352188031323373,0.8815340547698602,0.6635223578714875,0.6337314550677459,0.9197975009941095
873,0.41618439309250493,0.45188419590733897,0.00011837745116871634,-0.00046051643758837635,0.469108064130801,0.5917146176651147,0.005046004062616016,0.0038055167543281643,0.6514731642344396,0.05196015914165815,0.033850649290141074,0.02700572824983638,0.03141913796170181,0.42097467254222026,0.870842857685909,0.6637944430608826,0.633559178123128,0.9222531299980802
874,0.41634493198455697,0.4514211042199218,0.0001605388920520312,-0.0004630916874171498,0.4735036309470724,0.595371919319553,0.004395566816271401,0.0036573016544383385,0.6507550037295695,0.063514517798962,0.04133239026714532,0.023915182806988906,0.027847892244386434,0.4183053753608878,0.8615375576398798,0.6639432607674096,0.6332742481442011,0.9245530386908618
875,0.4164823481704264,0.4510040853747632,0.00013741618586943227,-0.000417018845158601,0.47725541053927967,0.5987592221309934,0.003751779592207294,0.003387302811440396,0.65029135374777,0.07393551000412175,0.04807962289061213,0.02084173818323039,0.024346631549453556,0.41562389335986755,0.8533575622372727,0.6641144060124341,0.6329542479183515,0.9268305942624884
876,0.4165316363690889,0.45059274286763185,4.928819866251155e-05,-0.00041134250713137366,0.48045693043239257,0.6017151293370789,0.003201519893112903,0.0029559072060855174,0.650125715433942,0.0824976808251679,0.05363386376810328,0.018221136870492743,0.021252167311816096,0.41327327067182473,0.8467441447443183,0.6643231323911605,0.6326536992714913,0.9288058011778231
877,0.41653110591921383,0.4502490882282761,-5.304498750802189e-07,-0.00034365463935576157,0.48325375596557263,0.6042412788861523,0.0027968255331800584,0.0025261495490733754,0.6502956159030054,0.0898640035939731,0.058438167564652636,0.015862124703433934,0.018337349451417788,0.4112155653103481,0.8416936476546992,0.6646664090987674,0.6324844399268674,0.931143213061905
878,0.4165309723389743,0.4499586485488871,-1.3358023953635723e-07,-0.0002904396793889652,0.48583521993236195,0.6064080473700345,0.0025814639667893213,0.0021667684838821977,0.6507458118116889,0.09638507959224853,0.06272218686579202,0.013748266890080891,0.015764070679194126,0.40938187323726904,0.8376619935586467,0.6650913413410207,0.6324272832884693,0.9336516682533945
879,0.416496981349514,0.4496424178287358,-3.3990989460275234e-05,-0.0003162307201513004,0.48802690230815465,0.6082301259935766,0.002191682375792703,0.0018220786235421116,0.651393400842639,0.10194225745894102,0.06640451377575547,0.011879432850471975,0.01352422253244077,0.4076934827950023,0.8342514492380554,0.6655566441967421,0.6323589006410446,0.9358166054144722
880,0.4164619921533261,0.4493385435251768,-3.498919618794005e-05,-0.00030387430355899303,0.48996336564095355,0.6097769365726822,0.001936463332798899,0.0015468105791055509,0.6521050868088554,0.10665728305485127,0.06955175682528045,0.010272763372817344,0.01160071987102523,0.406174889180019,0.8312866370370579,0.6659492687650668,0.6322804600233846,0.9375842467147222
881,0.41653172831632956,0.44916579970977494,6.97361630034865e-05,-0.00017274381540188788,0.49199208021640506,0.611099997209967,0.002028714575451507,0.001323060637284823,0.6528164480849702,0.11046227284354741,0.07211158860511749,0.008888596530842941,0.01002819676000588,0.4049307870611735,0.8289563384089041,0.6663126295235223,0.6322632445353884,0.9390767244765705
882,0.4165461989586438,0.44901308737160406,1.4470642314245996e-05,-0.00015271233817087948,0.4936939382372043,0.6122210489906474,0.0017018580207992517,0.0011210517806804488,0.6535520298146577,0.11366199939647945,0.07428403041836154,0.007665654429357161,0.008654794134773179,0.4038380629685163,0.8270870137327774,0.6666661364591564,0.6322862908359467,0.9404254629878315
883,0.41666231282898986,0.44885282563204026,0.00011611387034604626,-0.00016026173956379397,0.4953045544889225,0.6131926812772138,0.001610616251718211,0.0009716322865663818,0.6542495808493451,0.11640195641395994,0.07615593119387704,0.006496441446361812,0.007420021605878643,0.40284048467418054,0.8256727796841069,0.6669756069953072,0.632336962594268,0.9417664506851439
884,0.4168192641878608,0.4487399031499844,0.00015695135887094924,-0.00011292248205585498,0.49673431264318046,0.6140818989548483,0.001429758154257943,0.0008892176776345018,0.6550467017288366,0.11875621255268827,0.07779086534244711,0.005537180913991879,0.006358877733896414,0.4019719585600777,0.8244943911041804,0.6673058775311457,0.6324353995062013,0.942956420648692
885,0.4169982151037892,0.4486412356791657,0.00017895091592839973,-9.866747081871408e-05,0.49794064798396387,0.6148594248672477,0.0012063353407834043,0.0007775259123993239,0.6557957965999237,0.12065663916661694,0.0791261167973411,0.0047551201595045335,0.0054791596077339065,0.40118866416869536,0.8235602390262146,0.6675792856831573,0.6325241626313122,0.9439358993118494
886,0.4171794066581253,0.448548526730112,0.000181191554336102,-9.27089490537214e-05,0.49901147796872136,0.6155294682272088,0.0010708299847574931,0.0006700433599611255,0.6564003286519207,0.12216160163394359,0.08018691546116558,0.00412614537321473,0.00468114902127174,0.4004837587600504,0.8227930538328646,0.6677507672782431,0.6325932854568448,0.9446844990361191
887,0.41730303284167636,0.4483875106427023,0.00012362618355105104,-0.0001610160874096489,0.4998232636344206,0.6160826177975376,0.0008117856656992273,0.0005531495703288147,0.6567691472925412,0.12277183903421983,0.08063275603404169,0.0035055911668748414,0.0039100824553604,0.3998724774076759,0.8225269358345506,0.6678483054860299,0.6326764403387185,0.9450407880408868
888,0.41737700812778966,0.448009633273939,7.397528611330362e-05,-0.0003778773687633241,0.5006937726188012,0.6167255663514551,0.0008705089843806246,0.000642948553917555,0.6570567696677043,0.12294328826182674,0.08078071983764126,0.0029897841636589077,0.0032751369829057257,0.39935932507647676,0.8223867854664437,0.6679253563776445,0.6327348172455768,0.9450854681839426
889,0.4174612441103523,0.4476569133384154,8.423598256263043e-05,-0.00035271993552360437,0.5015341258512164,0.6173647528591885,0.0008403532324151586,0.0006391865077333136,0.6571621279454429,0.12305747849885072,0.08086871442990533,0.0026779404730125867,0.0027250220050367103,0.3988464220796622,0.8224143189859746,0.668010081012276,0.6327808751933336,0.9452376980251378
890,0.41748926708374345,0.44711192761674495,2.8022973391161887e-05,-0.0005449857216704435,0.5029205319895255,0.6181067567234313,0.001386406138309093,0.000742003864242835,0.6569457777812366,0.12329636822128638,0.08099902851873474,0.0025715725003364782,0.0022912318643774107,0.39831471613883523,0.8219669605242738,0.6680884447352856,0.6328092491686772,0.9450363463228282
891,0.4172977112401168,0.4466131067268934,-0.00019155584362667843,-0.0004988208898515367,0.5049484390020073,0.6190610145856368,0.002027907012481789,0.0009542578622054876,0.6566899902244546,0.12357136445897186,0.08114807811858475,0.002512788941872927,0.0020306301781186486,0.39777986289739686,0.8208673839247849,0.6681437513577082,0.6328354507132571,0.9442159896079021
892,0.4167722658852015,0.44619168602713966,-0.0005254453549152771,-0.0004214206997537606,0.5068770177745753,0.6199566643496762,0.0019285787725680237,0.0008956497640394412,0.6564705273996154,0.1205036774397572,0.07910711268247055,0.0024805028667553262,0.002208061206289461,0.39747681318713546,0.8220780660320981,0.6681519614735248,0.6329786556329228,0.9423740375179843
893,0.41596193811468873,0.4458127243673639,-0.0008103277705127643,-0.00037896165977574503,0.5077386536141028,0.6204464412097009,0.0008616358395274748,0.0004897768600247154,0.6562624468081492,0.11149995337853208,0.07317323222319003,0.003090840423802206,0.003708437979642749,0.39800072947728715,0.8278326247898579,0.6680542900905695,0.6332498017421503,0.9391562136905865
894,0.41512874356387425,0.4454035544811276,-0.0008331945508144867,-0.0004091698862362936,0.507794147386147,0.6202759802680337,5.549377204427941e-05,-0.0001704609416672831,0.6561231422373474,0.09810660183464957,0.06437001186997858,0.004660954542685362,0.006605633710051321,0.3998194582003021,0.8360640150763549,0.6679239298436871,0.6336348504180921,0.934021795359993
895,0.41437756315838675,0.44488613976860764,-0.0007511804054874949,-0.0005174147125199813,0.5077099283057223,0.6197261956020137,-8.421908042477444e-05,-0.000549784666019959,0.6563292641884371,0.0843870127625439,0.055385665993500685,0.006000459791399109,0.009350449108094695,0.40163302950237983,0.8438910894450282,0.6676885785857384,0.6340603116707818,0.9281432715688993
896,0.4137209330241291,0.4443441121902337,-0.0006566301342576519,-0.0005420275783739603,0.5074715852047326,0.618639462216532,-0.0002383431009896908,-0.0010867333854817085,0.6565195355039807,0.07219773346251032,0.04739922243724748,0.00686829068468185,0.011846428913732922,0.40341092094636455,0.8506479826478667,0.667347219947304,0.6345150331310376,0.9227045611027609
897,0.413117547418755,0.44373384457718273,-0.000603385605374096,-0.000610267613050941,0.5071371774765778,0.6174286045725211,-0.00033440772815473974,-0.0012108576440108543,0.656644320176985,0.062092647140871364,0.04077278406980689,0.008169146116947502,0.014851178279801766,0.40579412265581455,0.8556229573227616,0.6670197775544741,0.634991421608321,0.9175532168104353
898,0.41250359964632877,0.4430906487662508,-0.0006139477724262377,-0.000643195810931918,0.5065195881204624,0.6162336896786985,-0.0006175893561154444,-0.0011949148938226184,0.656806606271975,0.05541404659104956,0.03639631188126436,0.008910918171036751,0.01739635300622542,0.4077576013953444,0.8587465362425469,0.6667289870838381,0.6353665074003582,0.9139601926038696
899,0.4119347825778443,0.4423824458521656,-0.0005688170684844396,-0.000708202914085243,0.5061600282694316,0.6155364452980256,-0.00035955985103075516,-0.0006972443806728679,0.6566809629787109,0.05823051119867004,0.03823886816868525,0.007967093432242745,0.018499873096778977,0.40826494511827716,0.8546762887068463,0.6664055011687741,0.6354635468775066,0.9126523633866501
900,0.41141350781106456,0.4416417308032038,-0.0005212747667797668,-0.000740715048961782,0.5061085041442454,0.6153695722022029,-5.152412518627525e-05,-0.00016687309582275045,0.6563269259462734,0.06678115070736683,0.04383026735492087,0.00587513810522959,0.018229380507134494,0.40746504786147797,0.8470001982706165,0.6660909445704309,0.6353207338568998,0.9134856984221039
901,0.41097152996500036,0.44102329183253225,-0.000441977846064201,-0.0006184389706715421,0.5062975899375832,0.6155154900559842,0.00018908579333787312,0.00014591785378126332,0.6560203664923259,0.07572254659761676,0.049675532770700775,0.0031971777070354274,0.017072971670034083,0.40600012288773923,0.8406243643288717,0.6658978292774447,0.6350590855833464,0.9160220099963556
902,0.4106253563556281,0.4405426515997082,-0.00034617360937228003,-0.00048064023282407,0.5067959491956877,0.6158792262382624,0.000498359258104486,0.00036373618227825144,0.6557810958049192,0.08423035267464311,0.05523667297701226,0.0001572759163856388,0.015234414217512843,0.4041540380038514,0.8354989417246734,0.6657856326045724,0.6347146996808354,0.9193872203189216
903,0.41036487563504803,0.44023717482110675,-0.00026048072058004745,-0.0003054767786014323,0.5074587083146223,0.6164231246537022,0.0006627591189345416,0.0005438984154397808,0.6554758895681622,0.09119082538417117,0.05977338738914454,-0.002772778914064223,0.013274047580390464,0.40242155731756457,0.8318926188317644,0.6657316157623158,0.6344056255944904,0.9227353881426198
904,0.41021832575740885,0.4400598622684141,-0.00014654987763917937,-0.00017731255269265445,0.5082313477461433,0.6173103566378534,0.0007726394315210605,0.0008872319841511933,0.65504729267138,0.09703841577890286,0.06356475154109004,-0.005577591337583637,0.011238419688751057,0.4006875728271469,0.8292390900750295,0.6657609298338245,0.6341134301997784,0.9259394462442392
905,0.41014087357267104,0.4399709435268569,-7.745218473781401e-05,-8.891874155719792e-05,0.5090371369006159,0.6184228870260615,0.0008057891544726026,0.0011125303882081328,0.6546855944979615,0.10186723415059565,0.06669101074974576,-0.008003015977357888,0.00933127900782527,0.39918863708568286,0.8273527442272146,0.6658807039834097,0.6338209755282822,0.9288918194554627
906,0.4102353394161424,0.4399696950414641,9.446584347133635e-05,-1.2484853927907658e-06,0.5099367822098422,0.6196040905447632,0.0008996453092262602,0.0011812035187016567,0.6543299550976858,0.10572673689594039,0.06918017100574551,-0.009896745753050488,0.007765544032430484,0.3980083528987118,0.8259904763340836,0.6660490817365547,0.6335329068837965,0.9313978450207527
907,0.4106896485356793,0.4402473218518343,0.000454309119536922,0.00027762681037019066,0.5108612800865311,0.620770551747865,0.0009244978766889123,0.0011664612031018207,0.653992847868049,0.10882314277147005,0.07116955705506499,-0.011318672656781286,0.00656228182019144,0.3971820224853579,0.8250144354654305,0.666323968240423,0.6333946114014979,0.9335255375581357
908,0.4110924973949245,0.4405976053635872,0.0004028488592451862,0.0003502835117529246,0.5116263631995842,0.6217814834372367,0.0007650831130531222,0.001010931689371719,0.653459427819173,0.11131404207581296,0.07273921024310008,-0.01220083589825347,0.005688597914869268,0.39658515165823466,0.823962630173581,0.6666756325096536,0.6332623316604378,0.9349701732094483
909,0.41139601543444015,0.4408552706922638,0.00030351803951567113,0.00025766532867660397,0.5123654673238348,0.6227766858958773,0.0007391041242506002,0.0009952024586405983,0.6529920044821019,0.11329313560593143,0.07397951171337976,-0.012720168449652337,0.004943568544087015,0.3961454558622947,0.822937087983267,0.6670796062257363,0.6331437950123672,0.9359282472939405
910,0.4115995888964079,0.44093057284450815,0.00020357346196775428,7.530215224432757e-05,0.5130806350118825,0.6237291025407435,0.0007151676880476909,0.0009524166448662275,0.6525619374324421,0.11487796238546613,0.07496498570255099,-0.01292353999004173,0.004268227190234615,0.39588662226866284,0.8222486958281421,0.6675885021144128,0.6330584063024992,0.9368305834121974
911,0.4116746615999548,0.440954387018785,7.507270354689677e-05,2.3814174276826083e-05,0.5135080760848176,0.6245283821963306,0.0004274410729351308,0.0007992796555870152,0.6521519100713188,0.11618278804996811,0.07576882714419789,-0.01307741862033448,0.0036991957982422338,0.39578170242212485,0.8217892939701296,0.6680982945411825,0.6330359036727234,0.937680638682895
912,0.41171237474644073,0.44098591684083416,3.771314648592927e-05,3.152982204918109e-05,0.513888195015095,0.6252785881412573,0.00038011893027734,0.0007502059449266962,0.6518358634086487,0.11721490410469038,0.07640487822144282,-0.013205114102765057,0.0032098431790910675,0.3957716182394096,0.8214619637747633,0.6685882195094266,0.6330320874849125,0.9383903593146469
913,0.41177440513617125,0.44101703408222354,6.203038973051633e-05,3.111724138937788e-05,0.5142338220404589,0.6259471526628161,0.00034562702536389267,0.0006685645215588343,0.65148735636387,0.11788023382628615,0.076797481903042,-0.013275999872574037,0.002891963961310388,0.39586618873382406,0.8212720307961499,0.6688939593120249,0.6330363179399351,0.938870878060826
914,0.4115843176163796,0.44085985033429265,-0.0001900875197916596,-0.00015718374793088907,0.5141665821868301,0.6264741682086022,-6.723985362877549e-05,0.0005270155457861581,0.6509647866890981,0.11826216817598624,0.07698450708007112,-0.013353290092289425,0.0026806151988195844,0.3958367501213835,0.8208594534619092,0.6689156763799279,0.632792152957659,0.9388448952012145
915,0.41139032551066973,0.44067844994467714,-0.00019399210570986147,-0.00018140038961550475,0.514113879108522,0.6268385696831307,-5.270307830806953e-05,0.00036440147452843075,0.6505512108738419,0.11848784125937802,0.07708240860511593,-0.013427900809862574,0.0024991565893606703,0.395748083424602,0.8203591626996238,0.6687902123189605,0.6325348845450951,0.9385748088581356
916,0.4111593364107961,0.4404404035111705,-0.00023098909987362415,-0.00023804643350666677,0.5138802891012272,0.6269920849334073,-0.00023359000729483714,0.00015351525027662571,0.6500343263973015,0.11859962119090123,0.07709382487180261,-0.013545824561760272,0.0023009852025485766,0.39559896028218366,0.8197320533397507,0.6685280918370664,0.632230153162159,0.9380642143609589
917,0.4111088530841589,0.440304469301306,-5.048332663720734e-05,-0.00013593420986446336,0.5138048153917588,0.627238468144969,-7.547370946836551e-05,0.00024638321156167375,0.6495531848331413,0.11858513640002552,0.07702735302250904,-0.013734099726906345,0.002128728634750733,0.39548340841119267,0.8189910277107474,0.6683002400210734,0.6319827167882878,0.9373102736184442
918,0.41111376683576756,0.440252559399405,4.913751608659478e-06,-5.1909901901014965e-05,0.5137357579393568,0.6273856489111695,-6.905745240204375e-05,0.00014718076620057197,0.6489885298989101,0.11829288118794229,0.0767707230596691,-0.014081300385137108,0.0019829117664459397,0.39542467354670424,0.8185084561641289,0.6681027313113578,0.631836053653917,0.9365334424724314
919,0.41114499795003073,0.4402091243868492,3.123111426317493e-05,-4.3435012555770314e-05,0.5140100572355232,0.6275432448148,0.0002742992961664026,0.0001575959036304031,0.6485767863501599,0.11536915580503682,0.07482575631596168,-0.01431097172936013,0.002092384300855681,0.39559324937413115,0.8203425340952432,0.6679338596578502,0.6316233883892083,0.9354449598102585
920,0.4111778393521153,0.4402153010433665,3.284140208459352e-05,6.1766565172538535e-06,0.5144695011363336,0.6275880267578278,0.00045944390081043007,4.478194302781624e-05,0.6481717551636642,0.11034940487283194,0.07152536743768928,-0.014284500526434329,0.002483551172273086,0.3961435219480928,0.8239872158798722,0.6677881888816993,0.6315033693307283,0.9340719254785478
921,0.41135414802822673,0.4403229299716162,0.000176308676111403,0.00010762892824972559,0.5148034685668051,0.6275188486123402,0.0003339674304715379,-6.917814548756951e-05,0.6479915931379275,0.10525578953728773,0.06820486674925748,-0.014214636581906276,0.00286365581159664,0.3968687648884935,0.8278744900138828,0.667657619500633,0.631582181314076,0.9328601813770848
922,0.4118279049684927,0.44066114940626855,0.00047375694026596804,0.0003382194346523426,0.5143761367374478,0.6271898561987499,-0.00042733182935739134,-0.00032899241359030107,0.6482411347869813,0.10126641049038518,0.06564505285209156,-0.014178700723083868,0.0029651410297972494,0.3976808538751998,0.8313185974654091,0.6678257845728147,0.6319747215367306,0.932306657156454
923,0.4134052555704522,0.44189174381579327,0.0015773506019595152,0.0012305944095247212,0.4976176422260273,0.6164359348119414,-0.016758494511420474,-0.01075392138680853,0.6488292779526919,0.10115518700518804,0.06563244694574567,-0.013813160139130112,0.002118430199918046,0.3984892001905584,0.832568513468783,0.6679853683579857,0.6328818251580536,0.933436251790536
924,0.4162642020403672,0.444182642918819,0.002858946469914969,0.002290899103025712,0.4415069570887348,0.5706026145864815,-0.056110685137292504,-0.04583332022545983,0.6475984573733414,0.10399661759727699,0.06734804912804188,-0.013102458416591996,0.000896173785796838,0.3977937390992897,0.8292560038910234,0.665092822479945,0.6322570701285396,0.9329712507053723
925,0.41823541366071726,0.4459094600391603,0.0019712116203500774,0.0017268171203413396,0.3842023881029023,0.5287088894331851,-0.05730456898583247,-0.04189372515329648,0.6455736445456919,0.10749141065267284,0.06939362173240361,-0.012101541765735089,-0.0007066800890403366,0.3959959044457817,0.824059870170388,0.6606592223141646,0.6305155792646897,0.9312870150176538
926,0.4199320738511016,0.44763816176254506,0.001696660190384336,0.0017287017233847402,0.3383389626869896,0.4967087991464279,-0.045863425415912706,-0.032000090286757155,0.6441190370679708,0.11102344667717595,0.07151231556566978,-0.011191929136102766,-0.0020835057535085037,0.39377480736833465,0.818927138465917,0.6564404473635782,0.6285949539643528,0.9297109569357853
927,0.4215313149324888,0.4499576509057917,0.0015992410813872038,0.0023194891432466447,0.30989323272349784,0.47755067068319296,-0.02844572996349176,-0.019158128463234947,0.6449012465868259,0.11426082694471239,0.07368694973268661,-0.01034942170696103,-0.003150995726994268,0.3928522693344593,0.8171453619494903,0.6551985012877759,0.6284389182937896,0.9311814964040751
928,0.423011696569051,0.45187025315622875,0.0014803816365622224,0.0019126022504370455,0.29585992426512703,0.46924844625074236,-0.014033308458370808,-0.0083022244324506,0.6466132772191723,0.11707170132705669,0.07570011646471224,-0.009793576436458819,-0.0036644322148877795,0.3925807824623514,0.8166831687090462,0.6554536436509568,0.6290543546903805,0.9335426532550599
929,0.42420585125195287,0.4533425086623941,0.001194154682901849,0.0014722555061653653,0.30006194543236925,0.4739775540092647,0.00420202116724222,0.004729107758522366,0.6483235998886512,0.11924200615565664,0.07730740668878001,-0.00955296751711114,-0.0037070369602701008,0.39253701322701967,0.8165912738560893,0.656368710219232,0.6298126552910832,0.9356304327199124
930,0.4249957309619835,0.45452730017095466,0.0007898797100306387,0.0011847915085605454,0.31280098709455,0.48411026786614336,0.012739041662180761,0.010132713856878639,0.6502192721801002,0.12094246917319144,0.07863912428145675,-0.009446038723429596,-0.0033786087214131466,0.39285010291207545,0.8167011489175803,0.6577151681862788,0.6307391446638629,0.9374470242420303
931,0.42546919970763575,0.45514536132991207,0.00047346874565223906,0.0006180611589574059,0.32991233329041636,0.49775280479741774,0.01711134619586635,0.013642536931274374,0.6519993545743273,0.12232762299435909,0.07975753123893377,-0.009367491413857893,-0.0030762958372545584,0.39323311179883075,0.816345876370002,0.6592297607918044,0.6315970274583722,0.9384803175168935
932,0.425550015755642,0.45541085374633766,8.08160480062492e-05,0.0002654924164255945,0.3484235192906786,0.5121252309076041,0.018511186000262247,0.014372426110186354,0.6531689435154264,0.12343469281167518,0.08062370789695308,-0.009429401392088255,-0.002771847116615276,0.3937038406815713,0.8155050882051221,0.6608134455883391,0.6324567919438492,0.9387487532044159
933,0.4255969221795176,0.45561462245556417,4.69064238756145e-05,0.00020376870922650392,0.36622517041392577,0.525765989259316,0.017801651123247164,0.013640758351711857,0.6538420701202363,0.12433193083511478,0.08129344703927749,-0.00957289317586421,-0.002516897187140764,0.39415338662988303,0.8144556815021671,0.6622199303926429,0.6331636469934887,0.938597341133875
934,0.4252551615090156,0.4553952854317857,-0.00034176067050201153,-0.0002193370237784653,0.38265485417972067,0.5384251298187082,0.0164296837657949,0.012659140559392212,0.6540955882120331,0.12500242660297955,0.0817635357568074,-0.009797659207449088,-0.0023276206956922216,0.39444285868317014,0.8133043809714472,0.6633611339942077,0.6335222327772381,0.9381155145405095
935,0.42468406569832823,0.45502627656556716,-0.000571095810687372,-0.00036900886621854534,0.3976187715569628,0.5495195917817912,0.01496391737724212,0.011094461963083058,0.6541594681413996,0.1255175637428331,0.08210850274041592,-0.010120008424802653,-0.0021448546231978543,0.39466477033927305,0.8122196001855573,0.6642726648837468,0.6338718698551471,0.9375448428584631
936,0.4239537582470126,0.45446584365694487,-0.0007303074513156371,-0.0005604329086222881,0.4105539703172511,0.5591326055044029,0.012935198760288313,0.009613013722611696,0.6539800518059911,0.1258027548451755,0.08227249213098427,-0.010408294892207414,-0.002000114742332049,0.39472361525239796,0.8109608421189965,0.6649119085926075,0.6340254976044687,0.9365692949222922
937,0.42316865353810196,0.45374029616820244,-0.0007851047089106333,-0.0007255474887424285,0.42149919649436396,0.5673271496453762,0.010945226177112855,0.008194544140973314,0.6539195573466637,0.1259680463799395,0.08237296912859404,-0.010605469795377366,-0.0019505623393486888,0.39468748056062763,0.809550857159994,0.6654071258522646,0.634109909617785,0.9353224151580687
938,0.4222256229907661,0.4528895558529868,-0.0009430305473358547,-0.0008507403152156479,0.4312570652917653,0.5744178528714531,0.009757868797401315,0.0070907032260768554,0.6539092179927133,0.12594323702862956,0.08235544363686209,-0.010767417126272848,-0.0019049552116401352,0.39460696981192145,0.8084036482894061,0.6658329850982208,0.6341115335220473,0.9341489988514713
939,0.42137400045003115,0.45209095301427393,-0.0008516225407349531,-0.0007986028387128585,0.44017261372385047,0.5805349993735172,0.008915548432085196,0.006117146502064075,0.6538359944592277,0.12569571756255163,0.08218438449177716,-0.010948038001430488,-0.0018348905987550796,0.3944845999418044,0.8074682717618266,0.6661322538499372,0.6340027878361445,0.9329652610717732
940,0.4207277029478544,0.4513128114169924,-0.0006462975021767625,-0.000778141597281512,0.44840201272412394,0.5858599497819874,0.008229399000273474,0.005324950408470253,0.6536215469523756,0.12537596476222646,0.08194843203853298,-0.011147257094922688,-0.0017540536899363862,0.39434868531471323,0.8066604601760172,0.6664041713977439,0.6338027871601282,0.9318372252940205
941,0.4201425370655918,0.4504789396969669,-0.0005851658822625949,-0.0008338717200255252,0.4558090810432116,0.5906371508594127,0.007407068319087662,0.004777201077425297,0.6532986113224293,0.12512207950662574,0.08174208078745318,-0.011337581120132823,-0.0017302103683017787,0.39418106236846673,0.8059305852276681,0.6666262451729693,0.6335152120565981,0.9308527897701324
942,0.4195468297837135,0.449634608449953,-0.0005957072818782994,-0.0008443312470138853,0.4624839182991385,0.5948036846338046,0.00667483725592688,0.004166533774391912,0.6529658659349018,0.12493035935832848,0.08157526027996942,-0.011573592641434368,-0.0017461911704620308,0.39407905886811595,0.8052895520291881,0.6669059317574751,0.6332697148941752,0.9300192513452169
943,0.4192087738419564,0.4488465317846274,-0.0003380559417571205,-0.0007880766653255988,0.4683716299417417,0.5985589797223468,0.0058877116426032106,0.003755295088542221,0.6527491106526068,0.12477298287801689,0.08144545360709846,-0.01176492700951964,-0.0018163446070276373,0.3941010840822012,0.8048408567441622,0.6672712975514725,0.6331280470319721,0.9294137669767091
944,0.41888447887235625,0.448073436931587,-0.00032429496960012516,-0.0007730948530403903,0.47389646762439663,0.6019410872774824,0.005524837682654937,0.0033821075551355717,0.6526499374111179,0.12465012237375409,0.0813528945655188,-0.011956021685772028,-0.0018444276708647392,0.3942848838944555,0.8046067027876369,0.6677587376604168,0.6330711515269453,0.9290574038796692
945,0.4188288140258029,0.4475178942529241,-5.5664846553338254e-05,-0.0005555426786629236,0.47870390923107853,0.6048290615364577,0.004807441606681895,0.0028879742589752455,0.6526271593625268,0.12451743566542568,0.08126346032943295,-0.012198074839810731,-0.0018783796291763294,0.3944945507285486,0.8047453581257812,0.6682977268672894,0.6331543473869136,0.9290649233209257
946,0.41914626690209705,0.4472334796450545,0.0003174528762941442,-0.0002844146078695986,0.48290336227862735,0.6071928492722822,0.004199453047548818,0.002363787735824574,0.6527535296875195,0.12431343488216334,0.08114603340691173,-0.012438897451866614,-0.0017873616100403985,0.39479210294857575,0.8053563023739363,0.6688629633567262,0.6333757949459833,0.9294739670559321
947,0.4196594009818411,0.44728774871442967,0.0005131340797440709,5.4269069375167955e-05,0.48676427561905633,0.6091688473244776,0.003860913340428984,0.0019759980521953935,0.6530848331759775,0.12407540408125005,0.08103176457564519,-0.012702230102808207,-0.001635504728356241,0.3951263370784715,0.8064995046156682,0.669492787924123,0.6337975152872953,0.9303821882110741
948,0.4203089061504562,0.44757375468270244,0.000649505168615061,0.00028600596827277336,0.4901701484857463,0.6107481877735816,0.003405872866689974,0.0015793404491040164,0.6535656814201947,0.123678752291595,0.08083218801865574,-0.012812361830203704,-0.0013706910597763896,0.3954854106979335,0.808045554131306,0.6701861873323767,0.6343610317094895,0.9315352546914907
949,0.4208078643433275,0.4479742703432444,0.0004989581928713238,0.00040051566054194465,0.49321032337542897,0.611995026019819,0.0030401748896826675,0.0012468382462373917,0.6540847341760039,0.12316526317983285,0.08056051842669854,-0.012856658754208033,-0.0010265067939468913,0.39591421039123986,0.8097122495007966,0.670903391982119,0.6347901599937109,0.9326916178349985
950,0.42119838692803463,0.4484207618503318,0.0003905225847071203,0.0004464915070874209,0.49617731109574753,0.6129852534168645,0.002966987720318559,0.0009902273970454623,0.6544806874510716,0.12257792609337798,0.08022488533592066,-0.01304621093570094,-0.0006281482531825058,0.3964669612625522,0.8114413503691601,0.6716652359187245,0.6351169238629196,0.9338361005886529
951,0.42136935708740847,0.44866054419711365,0.00017097015937383997,0.00023978234678184718,0.49828647234981915,0.6135164065716999,0.002109161254071623,0.0005311531548354287,0.6544145103986977,0.1216864512219465,0.07963337939856513,-0.01322877880080169,-3.78597805734987e-05,0.39696945420107693,0.8131165424440333,0.672247425638797,0.6352990467007037,0.9346231078881151
952,0.42158530981109665,0.4487844543023356,0.0002159527236881842,0.00012391010522194712,0.5002364826014667,0.6139050872492373,0.0019500102516475382,0.00038868067753738966,0.654018328075679,0.12078897180512073,0.07899820138996538,-0.01313131172830454,0.0006062365170732665,0.39750701557574214,0.8148470229249537,0.6728039375565947,0.6353648141112345,0.9354586160810716
953,0.4217293490583562,0.4486450930968229,0.00014403924725953088,-0.00013936120551272246,0.5019100546851837,0.6141422991368373,0.0016735720837169898,0.00023721188759995293,0.6534847709068957,0.1198642358133257,0.07832945268040127,-0.01290848352666061,0.0011266756195338786,0.3979663981065962,0.8164101810928496,0.67328701448653,0.6351608449438447,0.9360986246089404
954,0.4215643523554552,0.44812157053513946,-0.000164996702900988,-0.0005235225616834205,0.5030016604068144,0.613890285138745,0.0010916057216306951,-0.0002520139980922709,0.6527175390937255,0.11900152772657527,0.07767438432608395,-0.012713287836286656,0.0015628628072977878,0.39822858644794884,0.8176079603997707,0.6735277341172988,0.6347858785403019,0.9364317340104676
955,0.4212318745469876,0.4475704061389123,-0.00033247780846762387,-0.0005511643962271551,0.5042864065989615,0.6135325787933968,0.0012847461921471348,-0.00035770634534815215,0.6522726595567716,0.11798511989296052,0.07695846794070592,-0.012552040323933202,0.0019178716116385955,0.3984485986417695,0.8189020675025007,0.6736156334173588,0.6345250372505911,0.9367074087748143
956,0.4210415078391304,0.4472598532712935,-0.00019036670785715915,-0.0003105528676188296,0.5059966171996052,0.6132264798369372,0.0017102106006436912,-0.0003060989564596106,0.6523391836390928,0.11623625610153784,0.07582546441454172,-0.012356652169557244,0.002300859302972671,0.3988315592173013,0.8210810016147067,0.6737005709040507,0.6345261825443451,0.9371379418641932
957,0.42102501483105237,0.44723227076755373,-1.6493008078044546e-05,-2.758250373974258e-05,0.5077901541694751,0.6131671359835852,0.0017935369698699466,-5.934385335204517e-05,0.652766418588337,0.11380495122429063,0.07428805042830057,-0.012021860943171281,0.002790686872110769,0.3995159054930847,0.8243448225440098,0.6739639802404433,0.6348311063219065,0.9379698516595739
958,0.42103319553405044,0.4472418806480293,8.180702998072942e-06,9.609880475547339e-06,0.5095059261781426,0.6131815445149411,0.00171577200866746,1.4408531355925014e-05,0.6533802775555534,0.1107594020595596,0.07236800885956218,-0.011506461672836503,0.0034715672560433238,0.4003597127068204,0.8281525867788723,0.6742792590531848,0.6352554823403247,0.9387327550512778
959,0.42105993086541266,0.4473078394201839,2.6735331362215398e-05,6.595877215459511e-05,0.5110208591633468,0.6131084103304247,0.0015149329852042204,-7.313418451637688e-05,0.6542997419598565,0.10750311431578063,0.07033925995669622,-0.01064571406542766,0.004256708270908044,0.4012190830460991,0.831925515360421,0.6744813248063094,0.635723090167859,0.9392484361105399
960,0.420751372142292,0.44688758668038586,-0.00030855872312063326,-0.0004202527397980105,0.5121666927488098,0.6128844866478924,0.001145833585462941,-0.0002239236825323232,0.6548864325218576,0.10458030016673615,0.06848821968825887,-0.009533035568120301,0.005197685331955994,0.40177484842360045,0.8351098535351912,0.6743564213770847,0.6360811777767796,0.9395058674710546
961,0.42032201126459584,0.44627036638377526,-0.00042936087769618325,-0.0006172202966105989,0.5129614230016177,0.6125831993558903,0.0007947302528079625,-0.0003012872920020726,0.6558266372824644,0.09879669437749619,0.06479350384821668,-0.00743575800167903,0.007060381415300641,0.4023855316730182,0.8401145801367855,0.6738394226685434,0.6363432773995754,0.9387316882290274
962,0.4195105906682331,0.4454288713030149,-0.0008114205963627441,-0.0008414950807603683,0.5127886639732341,0.6114462261205851,-0.0001727590283836511,-0.0011369732353052608,0.6588738383616813,0.091001101209286,0.05995824484890211,-0.004528899661824266,0.010340903838835095,0.4027570168254709,0.8469148687025786,0.6734133198621481,0.6368915732520726,0.9377549583708196
963,0.41855103835082647,0.4444218472180314,-0.0009595523174066312,-0.0010070240849834877,0.5122765782284241,0.6100274748408491,-0.0005120857448099869,-0.001418751279736008,0.6640201887913891,0.0834069068103239,0.055383870006697075,-0.0009375352739267258,0.015037147626108081,0.4021516979957823,0.8544366164651503,0.6729263082221634,0.6377435723175726,0.937694173361109
964,0.4171044617557884,0.44294034902535717,-0.0014465765950380516,-0.0014814981926742354,0.5116794364126284,0.6086954138902738,-0.000597141815795732,-0.0013320609505752534,0.6701196488702631,0.07569301275435641,0.05072337512888166,0.0031790405915305725,0.019543035555240146,0.3997569452861006,0.8627651798468794,0.6719107483875905,0.6384590110485613,0.9383105206774836
965,0.4154803947427942,0.4413139034756917,-0.0016240670129942236,-0.0016264455496654562,0.5108073347688411,0.6068018205000183,-0.0008721016437872597,-0.0018935933902555213,0.6775332777092997,0.06771632719604521,0.045880065119571906,0.00854549743936344,0.023834687651758755,0.3955410218888428,0.8720086876155329,0.6703328896778513,0.6390822751975813,0.939565398259074
966,0.41375387205856734,0.4395634991999814,-0.00172652268422685,-0.0017504042757103266,0.5091986071830678,0.6042857111605469,-0.0016087275857733507,-0.0025161093394714396,0.6858147278599409,0.05887692010257892,0.04037865893738164,0.014722171069456112,0.027414315145628667,0.390960529050257,0.8825812870581434,0.668599213481024,0.6399474955224881,0.9412735103596453
967,0.41130897429746865,0.4369468968282679,-0.0024448977610986855,-0.0026166023717135167,0.5064570755649668,0.6004008719256235,-0.0027415316181009786,-0.003884839234923332,0.6936417865694773,0.05017360435424475,0.03480250856290843,0.019882076155972025,0.029471336256685285,0.38608031498392853,0.8933817420393901,0.6667942767404142,0.6407661886831049,0.9433407780764239
968,0.40878022829431937,0.4340160837635192,-0.0025287460031492848,-0.002930813064748683,0.5025276582156619,0.594676840259382,-0.003929417349304853,-0.00572403166624158,0.6998615579027809,0.042639951889962543,0.029842063158608812,0.02381665602332854,0.030479883260370252,0.38112606862612775,0.9028302644282752,0.6648553628950318,0.6411847485078309,0.9452116534819488
969,0.40564818221548504,0.43101374630251527,-0.0031320460788343274,-0.0030023374610039233,0.4972594599802531,0.5886275506828254,-0.005268198235408805,-0.0060492895765565935,0.7051881580839237,0.036175211339333824,0.025510330652681486,0.026423385802175837,0.030491710939073928,0.3760538812429517,0.9112154892578436,0.6631814949339769,0.6411229476168818,0.9470770830592187
970,0.40241175622113884,0.42839699141330906,-0.0032364259943462037,-0.0026167548892062076,0.490616624574811,0.5824859076436623,-0.006642835405442138,-0.006141643039163092,0.7105182346649125,0.030900927369222956,0.021955672363888974,0.02784392362618786,0.029752576803055455,0.37100603060722437,0.9186990757696848,0.662069085481054,0.6408798572374244,0.9492207297107059
971,0.3993880367627488,0.4260386133564039,-0.0030237194583900284,-0.0023583780569051416,0.4841164869452043,0.5767239840823664,-0.0065001376296066615,-0.005761923561295901,0.7156899531912609,0.026807911236763772,0.01918615273819494,0.028577047016799716,0.02867967807152895,0.36629586716634366,0.9253141057616842,0.6615249791303477,0.6405739282028488,0.9516657344364793
972,0.39686616864972774,0.4239192416551405,-0.002521868113021075,-0.0021193717012634172,0.47801481272134455,0.5717366542337677,-0.006101674223859765,-0.004987329848598621,0.7206802953244374,0.023615436966735473,0.01701918008740256,0.02902706423346899,0.027392508411246488,0.3619321341164354,0.9309694880302295,0.6610385183960473,0.6402639629993538,0.9540243454943984
973,0.3948354380922657,0.42229807852391876,-0.002030730557462057,-0.0016211631312217367,0.472509222369115,0.5671123479326521,-0.005505590352229528,-0.004624306301115655,0.7257100248362921,0.020994529633511425,0.015235940621761847,0.02924983408558863,0.02625696006686633,0.3580268629428446,0.935952305955855,0.6606231970803664,0.6401964128858898,0.956260537872905
974,0.3931721535888228,0.4213264722095555,-0.0016632845034428856,-0.0009716063143632714,0.46752305337584443,0.5627140313485014,-0.00498616899327059,-0.0043983165841506855,0.7301096989282402,0.018905799898635105,0.01380330787199003,0.029006920002272053,0.025389758641091293,0.35464710442382785,0.9402483180343891,0.6603269014082802,0.6402468090462217,0.9583378964492711
975,0.39153544431030074,0.4205039232670238,-0.0016367092785220527,-0.0008225489425316979,0.4625347501582371,0.5586767106875558,-0.004988303217607348,-0.0040373206609456425,0.7338428651813116,0.01722331226294371,0.012639204818951031,0.028775279999381127,0.02483458950183562,0.3514988182111665,0.9434265585185346,0.6597870535092241,0.640302406136689,0.9596986020482404
976,0.3901519784588212,0.41980981847975873,-0.0013834658514795262,-0.0006941047872650596,0.45705892940079035,0.5548202561343022,-0.005475820757446737,-0.0038564545532535632,0.7368611077228043,0.015931770618788643,0.011739502146146228,0.028707573253342222,0.024583358664832407,0.34839295199392023,0.9458306177713736,0.6590638296748341,0.6402673576665221,0.9606891210025991
977,0.38902401761675554,0.41921284906255496,-0.0011279608420656784,-0.0005969694172037743,0.4507071827980602,0.5511204981795096,-0.006351746602730135,-0.003699757954792604,0.7395461488225279,0.01488945122802725,0.011011436313768412,0.028729147000230746,0.024598701719947293,0.3450592420797815,0.9480485464595089,0.6581136948850845,0.6401312017989957,0.9617495068601329
978,0.3880620677520403,0.41888002973239613,-0.0009619498647152613,-0.0003328193301588289,0.44260825999573244,0.5476312268097364,-0.008098922802327768,-0.0034892713697731725,0.7421709401940335,0.013599828601189908,0.010093397579422821,0.029590301915298562,0.025272888596228543,0.34186583518879965,0.9511961711026,0.6571778195480951,0.639918073376189,0.9634717277418142
979,0.38741263019194583,0.4188157827661225,-0.0006494375600944458,-6.424696627360671e-05,0.4348004299798051,0.5449922012300329,-0.007807830015927331,-0.0026390255797035245,0.7446156533119141,0.012389132343668037,0.009225141874048142,0.03072796880263722,0.025987468006671236,0.3390085390103101,0.9545503340257976,0.6562409424642659,0.6397080860709673,0.9654494402455562
980,0.38680623983345075,0.4190981302965971,-0.0006063903584950792,0.0002823475304745693,0.4122700469042272,0.5352410330015002,-0.02253038307557792,-0.009751168228532725,0.7461884055787934,0.011387593077256064,0.008497289921697808,0.033138438381352844,0.02688394317389823,0.33605257230637,0.9564136510519112,0.6544872158844899,0.6388786052614146,0.9661479527763139
981,0.38548113693027075,0.41950514626889035,-0.0013251029031799977,0.0004070159722932565,0.37295348351163604,0.5099814154325722,-0.03931656339259115,-0.025259617568927917,0.7440887264217914,0.010631630657041213,0.007910876515384668,0.03402471963713815,0.027171759529854414,0.33231061340472,0.9544803984987068,0.6499145032386465,0.6344578774377201,0.9633270755701634
982,0.38658609757507895,0.42032925272553756,0.001104960644808195,0.0008241064566472112,0.3272900100460277,0.4815157877380572,-0.04566347346560834,-0.02846562769451505,0.7415957374272153,0.010179736964481309,0.007549249540989599,0.03361578243520059,0.02640365624680857,0.32853773647657314,0.9516570898851292,0.6446386570173097,0.6295804478962591,0.9600017783443425
983,0.38697400901384654,0.4207859262547465,0.00038791143876759637,0.00045667352920891746,0.2806687488221606,0.4573189802257334,-0.046621261223867116,-0.02419680751232378,0.7399367323289521,0.009855595778600712,0.007292517335572825,0.03426026299478975,0.025110898067620006,0.32584970622613485,0.9483252168835463,0.6399617397443246,0.6256931924670244,0.9563362795611541
984,0.38733228467084696,0.4218289126032054,0.0003582756570004175,0.0010429863484588964,0.26690437960337476,0.44762090659107573,-0.013764369218785821,-0.009698073634657689,0.7411684902898208,0.009741865842803437,0.007220363999316596,0.03456738298913677,0.02499139360473444,0.32511661588544294,0.9482446276473617,0.6380350384462773,0.6248183385540311,0.956155684769909
985,0.38808962868539876,0.42318472677624774,0.0007573440145517973,0.001355814173042369,0.2681650275024567,0.44477166689374764,0.0012606478990819237,-0.0028492396973280876,0.7434657425429041,0.00971075855382167,0.007219616318871886,0.03461855306703796,0.025145716026112798,0.3250608570817036,0.9496872810752525,0.638163255691589,0.6252874021244365,0.9575938520574185
986,0.3893264569363044,0.42325949525987533,0.0012368282509056527,7.476848362758526e-05,0.2758093713242555,0.44542213405615144,0.007644343821798794,0.0006504671624038005,0.7460039202796104,0.00972802572520805,0.0072571453275861045,0.03579381840691832,0.025960289564631586,0.3253766426748337,0.9510603636285492,0.6388927567751183,0.6264250282443602,0.9589585893829049
987,0.39032157358679354,0.422895081788423,0.0009951166504891251,-0.0003644134714523295,0.28573586990889477,0.448733045907075,0.009926498584639287,0.0033109118509235813,0.7480707240261795,0.009694111397427188,0.007251880931863795,0.0372043928818925,0.026565050481055643,0.32600747434367905,0.9520095516496183,0.639713961824992,0.6277140087236065,0.9598181774246148
988,0.3912349743399092,0.4226169734834482,0.0009134007531156896,-0.0002781083049748223,0.298564558616791,0.4542543395277149,0.012828688707896219,0.0055212936206398555,0.7495981002710894,0.009704432454549628,0.007274424132139507,0.03824687794197198,0.0269184095611695,0.32655302189752666,0.9529620760330795,0.6405506092812533,0.6288726523568419,0.9607233148879373
989,0.39169990766700913,0.42187661530866555,0.0004649333270999034,-0.0007403581747826293,0.31368867512349546,0.4612056359438786,0.015124116506704477,0.00695129641616371,0.7505511105134162,0.009723494992571477,0.007297979964746164,0.038679956219478145,0.02763289773091403,0.32716844046232174,0.9540197598574681,0.6417945365795032,0.629850605880748,0.9617352611432454
990,0.3920828307374001,0.4212420119027866,0.0003829230703909503,-0.0006346034058789529,0.32811979237249467,0.4688749116057079,0.014431117248999203,0.007669275661829289,0.7509311979507189,0.009742582105713608,0.007316008851776757,0.03874884204498882,0.02845256710634364,0.32782846121668846,0.955164952161036,0.6432448836450927,0.6305976739828322,0.9628470569709824
991,0.39232998458201146,0.4202804863387156,0.0002471538446113808,-0.0009615255640709752,0.3418591031392363,0.47675512384207824,0.01373931076674162,0.007880212236370365,0.75112915552857,0.009687326125401362,0.007276433091902579,0.038846941020231736,0.02894579500453814,0.3287394823454983,0.9566132081948471,0.645005960728279,0.6314908231727255,0.964174453730256
992,0.39261060295719113,0.4198283753786688,0.00028061837517967536,-0.0004521109600468254,0.3539118189554861,0.4846406735311353,0.012052715816249837,0.007885549689057081,0.751121418055865,0.009840230385120547,0.007391207800868155,0.038481595508557016,0.02858983476640498,0.32972524031343686,0.9575592411953381,0.6464847243919887,0.6324368758403348,0.9652576639935244
993,0.39294042455450945,0.41958866893091895,0.00032982159731831384,-0.0002397064477498434,0.3650575721210446,0.4922728864438473,0.011145753165558492,0.007632212912711989,0.750723568652671,0.010032047689310156,0.007531294642212702,0.03723472767457715,0.02885893657147504,0.33105854521594796,0.9589890352670303,0.647697847559809,0.6334333761524856,0.966906301527668
994,0.39345482370914403,0.41936309351848083,0.0005143991546345816,-0.00022557541243811707,0.3757766359235303,0.5002978693634593,0.010719063802485662,0.008024982919612011,0.7497192563477246,0.010230997342471753,0.0076703757192934695,0.034528266623761156,0.02996018660531089,0.33299953715661273,0.9600665664432145,0.648592391555416,0.6343336433033063,0.9682545783808773
995,0.39383898200286743,0.4191062069334863,0.00038415829372340227,-0.000256886584994509,0.3864489810098467,0.5080064268521842,0.010672345086316426,0.007708557488724899,0.7490007110418152,0.010549437866893743,0.007901536463394863,0.030630081903130085,0.032336962075970546,0.3361580315502032,0.9593754164708247,0.6493029075290034,0.635369527560621,0.9679718028155563
996,0.3942887343271927,0.41891423651545173,0.0004497523243252588,-0.0001919704180345927,0.3957242604428509,0.515292558297815,0.009275279433004213,0.007286131445630728,0.7494146301277053,0.014578755311728841,0.010925532519661588,0.025442017411019327,0.034157198169880165,0.33857568079750905,0.9548603926732607,0.6499688815040714,0.6364100836439851,0.9682134655648008
997,0.39479102249665726,0.418955734781142,0.0005022881694645709,4.149826569027626e-05,0.4039697178725309,0.5215471661626286,0.00824545742967997,0.006254607864813688,0.7503804645853007,0.02290445831047002,0.017187058068085147,0.020862931542777463,0.035741563235651704,0.34014329683572886,0.9463240415542157,0.6502959980147587,0.6372553575912565,0.9685874773568923
998,0.3953934021288675,0.4192485832682284,0.0006023796322102148,0.00029284848708638345,0.41150381363415783,0.5270473948266797,0.007534095761626947,0.005500228664051088,0.7519773994345502,0.03514001537570949,0.02642449737831613,0.01665309349624287,0.03644371603586709,0.34053092906738214,0.9347514974528537,0.650566277016499,0.6379961466477243,0.9695798751497923
999,0.395990525709475,0.41977614599966434,0.0005971235806075392,0.0005275627314359488,0.41794101978612513,0.531792088072274,0.006437206151967301,0.004744693245594234,0.7540103086503365,0.048740490270315545,0.03675083211248935,0.01280457445527529,0.036326740786255904,0.33982042458566575,0.922664834177088,0.6505346379286226,0.6385458887392915,0.9712349072637184
1000,0.3968075162460383,0.42059351146196516,0.0008169905365633112,0.0008173654623008231,0.4231465132545377,0.5360008369395308,0.005205493468412592,0.004208748867256862,0.756387852852678,0.06135724789021031,0.046409876988625684,0.009762195602916302,0.036153771724981555,0.33869121351377096,0.9119486305144527,0.650551731546516,0.6391018425856994,0.9731900720421447
1001,0.3975941795508033,0.42147084212950453,0.0007866633047649563,0.0008773306675393666,0.4274750644521802,0.5393946245295325,0.004328551197642472,0.00339378759000164,0.7591119125816636,0.07303344690331226,0.05544055956120474,0.007322014748457478,0.0361961183320032,0.33734841975733626,0.9023332447099166,0.6506486126441281,0.6396614259113861,0.9752709513864395
1002,0.39835690549612907,0.4223702874801622,0.0007627259453257818,0.0008994453506576683,0.4312229664415672,0.5422523034163118,0.0037479019893870147,0.0028576788867793468,0.7617831604467049,0.08449607687228929,0.06436768848512026,0.005477626276954118,0.036023288384117426,0.3363222995593332,0.8941817192962443,0.6510659713077968,0.6404009299458822,0.9785885910259671
1003,0.3990579473718399,0.42336725838739864,0.0007010418757108505,0.0009969709072364386,0.4343868711866405,0.5447017724761866,0.003163904745073276,0.0024494690598747537,0.7642794604287506,0.09607018705050856,0.07342447072225182,0.004058466153777413,0.03551908922528731,0.33547950513999814,0.8875691036785208,0.6516498890357273,0.6412257402290822,0.9835460239723779
1004,0.39968966228098596,0.42425803346626906,0.0006317149091460417,0.0008907750788704205,0.4371997827924539,0.546779163056945,0.0028129116058134285,0.002077390580758398,0.7672276870821603,0.10889229027155745,0.08354518000612624,0.0029244310090555357,0.03500008297272704,0.33482206380848656,0.8797896898780381,0.6524482534684387,0.6422234647155787,0.988575810982999
1005,0.400153070820896,0.4249298003596511,0.0004634085399100596,0.0006717668933820531,0.43967934272006354,0.5487412356505993,0.0024795599276096203,0.0019620725936543293,0.7698808634046447,0.12169850546489505,0.09369335046236828,0.0017318764774225156,0.03435437921377275,0.33439787201138893,0.8714875486582148,0.6531890742004365,0.6432621903200874,0.9930686040127737
1006,0.4003680766383011,0.42539556805684814,0.0002150058174050784,0.00046576769719702815,0.4420747057550916,0.5506318218708438,0.0023953630350280752,0.0018905862202445167,0.7718833616502493,0.13333340547597744,0.10291783723907322,0.0005276275296188139,0.03346881403186425,0.33408018570466813,0.8638991413098152,0.6538245536152759,0.6441259736963381,0.9971034013895759
1007,0.40042633767130675,0.4256867114122948,5.826103300565766e-05,0.0002911433554466658,0.4442449777308426,0.552377057414092,0.0021702719757509814,0.0017452355432482358,0.7725483669812909,0.14265788181378916,0.11021011363225282,-0.0004779669522764252,0.03215603530510938,0.33436497631761614,0.8573801902329641,0.6542632017978757,0.6450489174006042,0.9998948858798118
1008,0.4001760923708008,0.42560216595191935,-0.00025024530050593574,-8.454546037545141e-05,0.4460797424760034,0.5541458173237092,0.0018347647451608107,0.0017687599096171125,0.7722801117221347,0.14993311700388945,0.11579036435061164,-0.0011670465603196166,0.030754051250148563,0.3347599757355428,0.8519853550976761,0.6544667906472452,0.6458202997714464,1.0017563740854623
1009,0.39977214709019937,0.4254431758941228,-0.00040394528060144763,-0.00015899005779657083,0.44785780325054547,0.5557306550602082,0.0017780607745420673,0.0015848377364990895,0.7713649513541814,0.15516554017610265,0.1196892593497847,-0.0016335192561387317,0.029438638693192302,0.33513297787325164,0.848212912211888,0.6544155375489729,0.6464763175223963,1.0031941152130202
1010,0.399089072970558,0.4252289941502665,-0.0006830741196413581,-0.00021418174385628985,0.4501161895763851,0.5570251211151633,0.002258386325839634,0.0012944660549550902,0.7704311936945646,0.15884495620310005,0.1223791092199152,-0.0016401434354856156,0.028586077960632766,0.33569301071889535,0.8457353626844933,0.6545557810845607,0.6470537094445641,1.0043719730806417
1011,0.3986833007607652,0.42612669678604875,-0.0004057722097928207,0.0008977026357822604,0.45125161085510335,0.5573121048685437,0.0011354212787182405,0.000286983753380321,0.7694916915567348,0.16107818772673843,0.12394832714674123,-0.001412867306939124,0.027750070491805078,0.33679399051194764,0.8448683797600629,0.6550003319490032,0.6479932373658459,1.005716297040783
1012,0.3980013482774344,0.4267947605595739,-0.0006819524833308055,0.0006680637735251294,0.4508018592052303,0.5572607213491148,-0.0004497516498730425,-5.1383519428904734e-05,0.7686600665147106,0.1632392296145269,0.12547547709331236,-0.001274619966340868,0.026676026593011305,0.3379306550910641,0.8448670056990197,0.65567476991139,0.6492000818792452,1.0078614883969321
1013,0.39774386463724154,0.4273317566684731,-0.000257483640192846,0.0005369961088992348,0.45017184903740964,0.557141472002728,-0.0006300101678206604,-0.00011924934638674056,0.7677276135359974,0.164796080715882,0.12651850176808968,-0.0010263033534698364,0.02530343690491517,0.3388945276208547,0.8455574394854221,0.6564375216129176,0.6502111177898445,1.0100972448470906
1014,0.3975108165446464,0.42761125585875315,-0.00023304809259516723,0.00027949919028003034,0.44923857381315474,0.5565221549519624,-0.0009332752242549036,-0.0006193170507655665,0.7664565683210874,0.16624097234931906,0.12741648518121987,-0.00040359585585528034,0.024106534551611478,0.33973218406715416,0.8459637869661595,0.6571528871877991,0.6509845175570065,1.0119385191536023
1015,0.39718463775730367,0.42776012920426887,-0.00032617878734270134,0.00014887334551572096,0.448808158360298,0.5562142637610668,-0.0004304154528567139,-0.0003078911908956927,0.7648090349974852,0.1679844773707105,0.12847604603245,4.776968174170609e-05,0.02310315516966028,0.34032636472315697,0.8455903422201749,0.657681853727754,0.6514604038328643,1.0133073199178289
1016,0.3966343378081686,0.42771455881197046,-0.0005502999491350802,-4.5570392298410756e-05,0.44955606742757087,0.5567737887078896,0.000747909067272845,0.0005595249468228758,0.7627485230613918,0.17076471693662323,0.13025053563440603,-8.255038779226423e-05,0.021801991891672267,0.34092652564166787,0.8433507916534236,0.6580966081470994,0.6516159233827707,1.0138590942935104
1017,0.396622756416399,0.4280463669562804,-1.1581391769599492e-05,0.0003318081443099419,0.4525211650385066,0.5586782080212663,0.0029650976109357186,0.001904419313376704,0.7596816219936376,0.17414884196942282,0.1322976747356448,-0.0011235135995241697,0.01943801671800776,0.34236734432332305,0.8400011204992394,0.6585967432108808,0.6514914598919248,1.013915852684044
1018,0.39715640999431445,0.42877117861090536,0.0005336535779154605,0.0007248116546249572,0.45880087595540087,0.5625213526776819,0.006279710916894277,0.0038431446564155536,0.7546479041846629,0.17886904694470512,0.1349831514003298,-0.003148073098180114,0.01456590599903631,0.3449386170603661,0.8348381747158045,0.6590330143153896,0.6509499388035902,1.01350054101722
1019,0.3979655528627041,0.42944325484451845,0.0008091428683896229,0.0006720762336130948,0.46634833086297345,0.5661956045615895,0.007547454907572582,0.0036742518839075755,0.7474991115634034,0.18592348464747266,0.13897763959275788,-0.009018269217490379,0.006980389673968884,0.34784182012685216,0.8295452130586671,0.659379440505613,0.6499412604535085,1.0152840257872358
1020,0.39891177967287467,0.430451035147548,0.0009462268101705917,0.0010077803030295596,0.4740045384112096,0.5698982000208558,0.007656207548236149,0.0037025954592663224,0.7375768798889025,0.19440719770881518,0.1433902543140129,-0.020028260831193443,-0.0040302978726542,0.3510201721696219,0.8247084727024444,0.6600854001121037,0.6488124158162206,1.018958626061132
1021,0.39976594503798635,0.43155254106242696,0.000854165365111681,0.001101505914878953,0.4807108298283608,0.5737388890720899,0.006706291417151178,0.0038406890512341363,0.7255804796346618,0.2012317467172837,0.14600982730084747,-0.031533567672992716,-0.015502880341003408,0.3545070204210564,0.8227378693243081,0.6611421868422603,0.6475448201012804,1.0238398711767012
1022,0.4003895495761883,0.43227167984775994,0.0006236045382019273,0.0007191387853329734,0.48708747245566164,0.5774087388030552,0.006376642627300866,0.003669849730965291,0.7134179164322245,0.20356642892102061,0.14522793757638305,-0.04055134892681978,-0.025027972619592963,0.35899109684697883,0.8217399740006727,0.6620272311189221,0.6460798980817714,1.0252149788891782
1023,0.4007291333890583,0.43267223588132003,0.0003395838128700257,0.0004005560335600955,0.49197368573371375,0.5801324713377376,0.0048862132780521095,0.002723732534682388,0.7001222819147873,0.19234499514922365,0.13466501691876315,-0.04439085067350589,-0.029951056539368495,0.3660802867549161,0.8296093901614551,0.6626311647438695,0.6445675066833453,1.0218887088951387
1024,0.4011263785545577,0.4332961511944171,0.0003972451654993825,0.0006239153130970787,0.49571686973490653,0.5827480874080302,0.0037431840011927786,0.0026156160702925924,0.6878619562048094,0.16663029415568828,0.11461864010091456,-0.04482386491438213,-0.033003701634607044,0.37427175850851535,0.8475770977059942,0.6627616357507886,0.6431900810882814,1.01415138834902
1025,0.401396492671857,0.43387511868950984,0.0002701141172993249,0.0005789674950927304,0.49785034479335055,0.5847320519940948,0.002133475058444023,0.001983964586064646,0.6766526999411031,0.14059834655675846,0.09513625080488551,-0.0445963025643119,-0.03610906419449353,0.38111718543781226,0.8647505295743579,0.6625834772903354,0.641861539546449,1.0053023042147256
1026,0.40171691999971904,0.43450738090592206,0.0003204273278620273,0.000632262216412216,0.4990408244260429,0.5863296020794588,0.001190479632692365,0.0015975500853639968,0.6667645922355753,0.11758416398433567,0.07840095715237659,-0.04455685143206328,-0.04016406563574222,0.3866387702778736,0.8788971491789619,0.6621520247194013,0.6408548342712747,0.996448298393476
1027,0.40204665176111565,0.4352457103888465,0.0003297317613966122,0.0007383294829244602,0.499705504438167,0.5873859092922427,0.0006646800121241081,0.0010563072127838247,0.6579836085169091,0.09859922027465058,0.06487667075326817,-0.04418234786628125,-0.043891746219540964,0.39140459180684944,0.8885961846776275,0.6617381411417094,0.6403990515705827,0.9871769146535792
1028,0.40238698869651723,0.4361285145657404,0.00034033693540158616,0.0008828041768939032,0.5000840924958949,0.5879229123549253,0.00037858805772789106,0.0005370030626826727,0.6504646311642714,0.08276297996045842,0.05383439123403558,-0.043913250879288664,-0.0465357509193893,0.39554673323888684,0.8949942273737674,0.6613187229768377,0.6402886823008426,0.9777485500421623
1029,0.4027459955579388,0.4369356788377074,0.00035900686142154026,0.0008071642719669758,0.49991790740566244,0.5878767568489178,-0.00016618509023247352,-4.615550600750584e-05,0.6439627793294398,0.06942428423616273,0.04470665502967636,-0.044034469119270156,-0.04841001023831029,0.39947749078805195,0.8995133342251131,0.6611477651430223,0.6405890947312213,0.9689325046809814
1030,0.40311405637546605,0.4376808499881322,0.0003680608175272715,0.0007451711504248282,0.4998351147100606,0.5880764294657189,-8.27926956018521e-05,0.00019967261680109427,0.6379635842298144,0.05766486224306673,0.03678808220070534,-0.04474563773007143,-0.04943791990798854,0.4037139074492628,0.9025209548115982,0.6610965211063975,0.6410196537961862,0.960174169452692
1031,0.40346865669216236,0.43834263393225,0.00035460031669631853,0.0006617839441177553,0.5001780833939788,0.5883770796279906,0.0003429686839182544,0.000300650162271654,0.632917651780751,0.046102097551750404,0.029178831324620975,-0.04536821555195285,-0.048924426762191574,0.4100475699461344,0.905318306272612,0.661562734912807,0.6416328760303004,0.9513911206825599
1032,0.4036891882573311,0.43883400688095753,0.00022053156516871342,0.0004913729487075469,0.5011269864544585,0.5889321937252561,0.0009489030604796778,0.0005551140972654967,0.6281372344665019,0.04372964354297426,0.027468217359289775,-0.04750053811369379,-0.04842683565881273,0.41759631967363436,0.8997872511939453,0.6624409065204538,0.642076641058884,0.9434318944859083
1033,0.40402076123078295,0.4395198917131305,0.00033157297345187686,0.0006858848321729671,0.5029439672948446,0.5895983941920862,0.0018169808403860621,0.0006662004668300803,0.6235198988547271,0.05316592055537913,0.033150009407208456,-0.05473717682836333,-0.0518865848125035,0.42259170392228124,0.8863455743404631,0.6634240915874731,0.6422502956161898,0.939327556083029
1034,0.40448346870798785,0.44019409071803767,0.00046270747720489336,0.0006741990049071722,0.5046502886817938,0.590372115639012,0.001706321386949261,0.0007737214469258902,0.6194924296998955,0.06334987476978914,0.039244767842320775,-0.06178157582092,-0.05593809869068987,0.42622768355046525,0.8738204582637075,0.6643033852888953,0.642307933725527,0.9368815083611368
1035,0.40482611571972404,0.44083389833428943,0.0003426470117361968,0.0006398076162517641,0.5060105755142207,0.5911868241274898,0.001360286832426838,0.0008147084884777556,0.6160440445924577,0.06954446671753595,0.0428424545556964,-0.06633902542198522,-0.058880856207202174,0.4287401411459079,0.8662053412444066,0.6649692641178213,0.6422520495574575,0.9353668837731759
1036,0.4049369508907969,0.4413955917605139,0.0001108351710728539,0.0005616934262244744,0.5068865914214274,0.5917252278243539,0.0008760159072067619,0.0005384036968640871,0.6139655434057288,0.06568411014598484,0.04032778037890133,-0.06951803533702558,-0.06069450588138205,0.4306109377781,0.8673352233815237,0.6653401488878726,0.6419290025996361,0.9326052692537462
1037,0.40504067847667546,0.44182522339975905,0.00010372758587856579,0.0004296316392451427,0.5074621404006452,0.5917647281070986,0.0005755489792177437,3.950028274468664e-05,0.6129851498984207,0.05710461993355391,0.035004284009861886,-0.0702937735335823,-0.06112303297648005,0.43221467706582206,0.873357055994062,0.6657082420572921,0.6415124184204983,0.9300445497979248
1038,0.40512899978608685,0.44214368863392955,8.832130941138772e-05,0.0003184652341705063,0.5078906060804115,0.5913694916821252,0.0004284656797662878,-0.0003952364249734108,0.6125104254578837,0.04819671873960564,0.029520992700869806,-0.07006367373067736,-0.06090110454774996,0.43346084702236354,0.880186743729492,0.6659933734443285,0.6409534753980791,0.9279535558277661
1039,0.4052884969010036,0.44235544514960934,0.00015949711491675123,0.00021175651567978404,0.5082807743985267,0.5906033336783825,0.0003901683181152249,-0.0007661580037426896,0.6118192812827716,0.043861748543215326,0.026835463469515656,-0.07108523824799255,-0.06192328292337965,0.4329424838441377,0.8848484349393899,0.6661455475955557,0.6401801759093907,0.9282536683665917
1040,0.4060287382277183,0.44305696893738833,0.0007402413267146857,0.0007015237877789904,0.5068606988752988,0.5893689115357923,-0.0014200755232278706,-0.0012344221425901747,0.6111754361995385,0.04841680267006702,0.02959116049126519,-0.07493547202092242,-0.06584800013574568,0.4295862773644953,0.885161878514845,0.6665964925834573,0.6397584811851652,0.9331299401469662
1041,0.40943749180533534,0.44378962944404504,0.003408753577617052,0.0007326605066567127,0.4696383874299773,0.573320587239998,-0.03722231144532151,-0.01604832429579428,0.6089309937935747,0.06022530010960889,0.03667305184726043,-0.0787669712201334,-0.07255764026025475,0.42355314151766765,0.8774254746226293,0.6653197601392112,0.6379869514128252,0.9372688448975972
1042,0.41278365755710406,0.44470943052343137,0.003346165751768715,0.0009198010793863287,0.42187634832281373,0.5520888145117565,-0.04776203910716359,-0.021231772728241505,0.6060788049881071,0.0732627777897833,0.04440301681294109,-0.08160418632612332,-0.0778899736749981,0.4173169633960563,0.8666262167000608,0.6629215604468788,0.6356212104254603,0.9395765333648375
1043,0.4148950464322037,0.4459501193471247,0.0021113888750996512,0.0012406888236933256,0.3869920186021221,0.5344139682364266,-0.03488432972069161,-0.017674846275329892,0.6034103562777473,0.08647018808903773,0.05217700700221008,-0.08443486819384768,-0.08065877508651252,0.4121078184717328,0.8554880744866565,0.6607601379868715,0.6335597216089575,0.9416995874967352
1044,0.416256879854915,0.44760660601398333,0.0013618334227112894,0.0016564866668586364,0.36458253540613555,0.523368007040304,-0.022409483195986568,-0.011045961196122667,0.6022430068271368,0.09994927164046682,0.06019374988293701,-0.08718515113313183,-0.08217844883510178,0.40859116838934784,0.8459546547501102,0.6602870112045173,0.6330436921975221,0.9456945922756167
1045,0.4169002028368341,0.44874239078234573,0.0006433229819191033,0.0011357847683624023,0.35432776745613026,0.5202589413570193,-0.010254767950005295,-0.0031090656832846175,0.6013169725928476,0.11330891534150594,0.06813457394093361,-0.08963250318198007,-0.08243608867337597,0.405823221089218,0.8367273582692868,0.6603891211066382,0.6326529826081977,0.9498568182328176
1046,0.41721383417043506,0.4496016986756837,0.00031363133360096107,0.0008593078933379905,0.35605827810932555,0.5213011274927741,0.001730510653195294,0.0010421861357547968,0.6009260499378184,0.1252820108899377,0.07528522393235701,-0.09205129076096809,-0.08198389729512387,0.40381071765608456,0.8291931938460045,0.6612164181419448,0.6327408033881253,0.9543180273886775
1047,0.41792053194287493,0.45003353393646767,0.0007066977724398682,0.0004318352607839415,0.36226746696021395,0.5264387485968032,0.006209188850888392,0.005137621104029044,0.6007153512399291,0.13499777193108126,0.08109523398218732,-0.09383460400658553,-0.08166214718814203,0.4025900974147949,0.8237267405706862,0.6627921182392392,0.6330347960691851,0.9585774463175559
1048,0.4186739939698411,0.450140906298194,0.0007534620269661896,0.00010737236172631004,0.3707162399904583,0.5321206811596586,0.008448773030244328,0.00568193256285543,0.6013048099910183,0.14241985480004843,0.08563774372949154,-0.09515189014759694,-0.08081010534657308,0.4019102688359171,0.81993158524839,0.6647323234829854,0.6339495223480865,0.9621955109198359
1049,0.41947809231615185,0.44978059951646343,0.0008040983463107332,-0.0003603067817305461,0.38167617096252066,0.5389805787139289,0.010959930972062382,0.0068598975542703,0.6020890868400395,0.14794825080248697,0.08907802722525052,-0.09590274364397312,-0.07920745950245359,0.4017653259483669,0.8172637154459975,0.6665878201873356,0.634820117364658,0.9650367982999237
1050,0.42040479506336703,0.4493677862471638,0.0009267027472151801,-0.00041281326929965,0.3936586594894625,0.5459888999283026,0.011982488526941837,0.0070083212143736695,0.6034153651816764,0.15168129746266099,0.09152682549966207,-0.09581954903805943,-0.07688435350655584,0.40239268627353886,0.8154617788621411,0.6682824144033056,0.635858184482553,0.9669436947900901
1051,0.42109553741030087,0.44860169904109926,0.000690742346933837,-0.0007660872060645252,0.4050641624146116,0.5521758180418405,0.01140550292514908,0.006186918113537887,0.6047580439232262,0.1543075061042804,0.0933187055542959,-0.09536923876875822,-0.07428267456011861,0.40313133821470004,0.8136407471296185,0.6694350708183142,0.6367445736774614,0.9677170731902236
1052,0.42155409639176156,0.44785012289245285,0.0004585589814606883,-0.0007515761486464045,0.41591154645619627,0.5578370032864087,0.010847384041584696,0.0056611852445682675,0.6060281373258634,0.15609018066931737,0.09459504144588389,-0.09464233333446863,-0.07134011258745489,0.4038786166250384,0.8120089517443291,0.670155264968244,0.6374943288374271,0.9678314961879738
1053,0.4216810300906201,0.4470217337774719,0.00012693369885852235,-0.0008283891149809541,0.4259182318469988,0.5628744174341543,0.010006685390802517,0.005037414147745611,0.6070589659183147,0.157004476220966,0.09531097497924625,-0.09347579250496547,-0.0680285366235101,0.40463484665457755,0.8108179336591425,0.6705612177328679,0.6379598375919445,0.9675196006942779
1054,0.42149350458363166,0.44609580118813963,-0.0001875255069884174,-0.0009259325893322679,0.4345136673027656,0.5671879248983217,0.008595435455766798,0.004313507464167365,0.6076844922502099,0.15719067277743648,0.09552233417322538,-0.0921196233518051,-0.06501085135726856,0.40526517410694846,0.8100900731812646,0.6707904697923014,0.6382686663760897,0.966947642678271
1055,0.42104644114607587,0.44537739851672115,-0.0004470634375557947,-0.0007184026714184832,0.4411206619218788,0.5706616369718104,0.006606994619113238,0.0034737120734886773,0.607815220264541,0.1565995624119834,0.09518359752077042,-0.09034779559798602,-0.06250977679159075,0.40589659294573927,0.8101276927579978,0.671101779749693,0.6385841171521703,0.9663673889328981
1056,0.42075452612953673,0.44515218222825365,-0.0002919150165391349,-0.0002252162884675002,0.4349582244632339,0.568798364716733,-0.00616243745864492,-0.0018632722550774306,0.6082884338657335,0.1555343613770294,0.09460975309434023,-0.08811138552440147,-0.060644719902006504,0.4067881711031053,0.8107294053491415,0.6718215807082171,0.6392655242555374,0.9658874768991904
1057,0.42107358156564756,0.4447564146405292,0.00031905543611082665,-0.0003957675877244715,0.38724966578629316,0.5353925055537542,-0.04770855867694074,-0.03340585916297878,0.6053299366487435,0.1534557169837575,0.09289133944016544,-0.0849188702226258,-0.059642523672734725,0.40565486788427524,0.8076736136015634,0.6682449316253849,0.6372551835989055,0.9607573514168166
1058,0.42212914306715144,0.4446182233374709,0.0010555615015038766,-0.0001381913030582549,0.3312512147304377,0.5027568668072592,-0.055998451055855436,-0.032635638746495,0.6014090053340202,0.15122191956682246,0.0909462242313839,-0.08065866502130964,-0.05988809532762539,0.40348912846296975,0.8029362545164117,0.6633027033694865,0.6340580156106841,0.953799812900407
1059,0.42228813682599986,0.44453467515114287,0.0001589937588484247,-8.354818632805294e-05,0.2808756365025893,0.47677255545954295,-0.05037557822784844,-0.025984311347716227,0.5975774299259399,0.1492554166686415,0.08919166829537208,-0.07623940737683488,-0.060710066373623243,0.4009220887971693,0.7982982898100345,0.6582535558367044,0.6301666650983432,0.947214773293945
1060,0.4214241531942745,0.4445511922160328,-0.0008639836317253513,1.651706488992044e-05,0.24504658901823786,0.4556114199146837,-0.03582904748435142,-0.021161135544859266,0.5936524775212608,0.14751581573685835,0.08757312948575575,-0.073096620206489,-0.06178415778894629,0.3980019786530953,0.7944734390489046,0.6533122237980391,0.6261210676679267,0.9416896922323037
1061,0.4201742191447761,0.44546380766038396,-0.0012499340494984135,0.0009126154443511725,0.21425445352181635,0.43995051177039207,-0.030792135496421513,-0.015660908144291608,0.5899677787171012,0.1437565596266014,0.08481173815891853,-0.07007107954977411,-0.06302273163818106,0.3958412327330296,0.7944417463779486,0.6498814195385627,0.6230144795647172,0.9379265266908574
1062,0.4185700628957526,0.4470985792590198,-0.0016041562490234917,0.0016347715986358424,0.22298610635559146,0.4419886349953392,0.008731652833775111,0.0020381232249471193,0.5876606259049715,0.1348859260728054,0.07926714774171653,-0.06743632732502745,-0.06342862840589643,0.3965537014281232,0.8008964229582849,0.6495426213337252,0.6224953955204451,0.9355377705414093
1063,0.41665339186298117,0.4486153041350703,-0.0019166710327714331,0.0015167248760504792,0.24714177243351676,0.45405187044423,0.024155666077925297,0.012063235448890819,0.586641699288863,0.11809363468785772,0.06927865052848307,-0.06413290720906477,-0.062512160973431,0.4013862441852475,0.8159801611018821,0.6522299262728066,0.6247080754782046,0.9338571517077434
1064,0.4157313992137722,0.450208561773693,-0.000921992649208947,0.0015932576386227248,0.280802789672865,0.4712419544288972,0.03366101723934822,0.017190083984667204,0.5861317157964107,0.09932262661753939,0.05821614155674461,-0.0624300182951412,-0.06147901763933738,0.40756884963246787,0.8330238506215556,0.6562232258975546,0.6280909287044358,0.9321598166530559
1065,0.4164892966877444,0.4519243400198017,0.0007578974739722022,0.0017157782461086901,0.31326566633363134,0.4885691998390754,0.03246287666076636,0.01732724541017816,0.5849550014160232,0.08271713743920793,0.04838580324788126,-0.06177610583119289,-0.060952567519729946,0.41368601295869306,0.8475051807723085,0.6604412260508516,0.6314259204970156,0.9300445921150304
1066,0.4183254477160798,0.4535420704879515,0.0018361510283353977,0.0016177304681497806,0.3421093814260334,0.5054689610915484,0.028843715092402078,0.016899761252473,0.5826215321693818,0.0693155333364579,0.04038472223562497,-0.061710276263577654,-0.06049445148554017,0.41994773441137245,0.8590854598018748,0.6646490345019536,0.634507328165816,0.9282048244240547
1067,0.420409758974398,0.4550324314824263,0.00208431125831815,0.0014903609944748042,0.3664131476769248,0.5198985847847809,0.024303766250891368,0.01442962369323253,0.5794841882890028,0.05907824481088003,0.03423490873977181,-0.06233832208547224,-0.05964268844797467,0.4255191508174333,0.868633147077252,0.6682871967758169,0.6368854345493171,0.9274800242088362
1068,0.42160222474258274,0.45610385986098,0.0011924657681847695,0.0010714283785537293,0.3870995031629579,0.5317918898681783,0.020686355486033092,0.011893305083397365,0.5760851168453218,0.05111833778194158,0.029448513594048445,-0.06331236772475918,-0.05858886118492361,0.4299408296355733,0.8757779679115879,0.6706296291184175,0.638160974989973,0.9266265897893278
1069,0.4220188408512705,0.4567781599193454,0.0004166161086877618,0.0006743000583653846,0.40330362785859253,0.5407182461470615,0.016204124695634647,0.008926356278883274,0.5721315901116915,0.04471400931204065,0.025582297247966797,-0.06419348832666716,-0.05737037071459832,0.43336152676048123,0.8809514621720772,0.6718935718442643,0.638659598696215,0.9253492797459196
1070,0.42227231972005563,0.457050257426672,0.0002534788687851286,0.0002720975073265963,0.4153821891703485,0.5477241175303655,0.012078561311755998,0.0070058713833039965,0.567901384743446,0.03936060225852389,0.022352940526951724,-0.06515778931238361,-0.056070567295188,0.43645678257969966,0.8846226645711626,0.6725597524585125,0.6389791058234352,0.9236072989844287
1071,0.4220540547010799,0.4570978286512623,-0.00021826501897576067,4.757122459031482e-05,0.4241088875114278,0.5535610781144763,0.008726698341079253,0.005836960584110762,0.5631942631922484,0.03474662617357716,0.019569100526244283,-0.06605539719666022,-0.05512474694676031,0.4395081607363614,0.8870348215026029,0.6729758711082213,0.6390337757556329,0.9213210475055795
1072,0.4216648497463601,0.45720066184120156,-0.00038920495471977956,0.00010283318993925539,0.4310367974855277,0.5597733801766314,0.006927909974099922,0.006212302062155062,0.5587483294169938,0.030802354868424125,0.017210764324841386,-0.06703846262036055,-0.054518482542931325,0.4419753524739589,0.8892572734629961,0.6732445577622669,0.6391914803627912,0.9194932458239611
1073,0.42116139609661274,0.4573220447237507,-0.0005034536497473541,0.00012138288254914809,0.4368961785252063,0.5656740403777423,0.005859381039678591,0.005900660201110908,0.5548610109795279,0.027079038757050294,0.015025102821090744,-0.06822757110515436,-0.05449867282208695,0.443839827542247,0.891522644693814,0.6733662400951965,0.6392515583514368,0.9179035890915515
1074,0.42073508324581976,0.4575883842108459,-0.00042631285079297587,0.00026633948709520183,0.4415476928945268,0.5708611227340589,0.004651514369320486,0.005187082356316597,0.5515319579433877,0.023800527277125942,0.013126751409238278,-0.0694249622041632,-0.05473252554907295,0.4451995773214064,0.893956426957762,0.6734363862760395,0.6392819090888482,0.9169009909062026
1075,0.4206797077555908,0.4578942072723992,-5.5375490228937174e-05,0.00030582306155330086,0.446516054787624,0.5752119206507817,0.0049683618930972395,0.004350797916722882,0.548587336500124,0.02116981879658091,0.011613494507806582,-0.07056117569306296,-0.055202753755469694,0.44623907205404834,0.8968955990815602,0.6736308360879514,0.639351409665101,0.9170439836842156
1076,0.4206890514215409,0.4581370288562776,9.343665950067859e-06,0.00024282158387839425,0.45115262187002947,0.5786287150934698,0.004636567082405452,0.0034167944426880537,0.545676783247771,0.01874783880716233,0.010230260373140069,-0.07161028776359574,-0.05521286770150532,0.4487493578462618,0.9029574432023122,0.6744067911069097,0.6397128855092138,0.9205203431282375
1077,0.42064995670263255,0.4586731215840369,-3.9094718908339043e-05,0.0005360927277592853,0.45562237629671903,0.5820062235186253,0.004469754426689565,0.0033775084251554954,0.5432834143392985,0.016888177864447206,0.00917506693216624,-0.07332833499632392,-0.055905844733910436,0.4537960287497616,0.9103552154695552,0.6760928350734836,0.6408181821685071,0.9259444524759399
1078,0.42078744106482124,0.4594412982273033,0.00013748436218868898,0.0007681766432663939,0.45989283985859875,0.5848055144935378,0.0042704635618797115,0.002799290974912494,0.5411380047426272,0.015555727384174012,0.008417795278992172,-0.07573917910492625,-0.057395731456010624,0.45902940316824187,0.9200571560758516,0.6777838203694238,0.6422737911221552,0.9342795698854848
1079,0.4207660993564347,0.4599832483957473,-2.134170838652416e-05,0.0005419501684439942,0.4634726674258881,0.5869297287212669,0.003579827567289362,0.0021242142277291265,0.5386436772963455,0.014479160074760057,0.0077991080268311865,-0.0779278805115156,-0.05845741987379817,0.4630450420279113,0.9303803509512408,0.6788791766123459,0.6436282437972979,0.9435622255463966
1080,0.4209245159057789,0.4605972060870352,0.00015841654934417582,0.0006139576912879141,0.4668449014998827,0.5887683994459623,0.0033722340739946177,0.001838670724695346,0.5357794632129447,0.013629398241502319,0.007302351673747564,-0.0797080100048955,-0.05911366823123073,0.4665831865973911,0.9383865399590362,0.6798678676036395,0.6448500275506345,0.9508123538962499
1081,0.4211691514907386,0.46147230940639816,0.00024463558495968485,0.0008751033193629687,0.4700518677560943,0.5909524194216208,0.0032069662562115853,0.0021840199756585355,0.5325713920503801,0.01305419508312778,0.006952290847518589,-0.08007385248672183,-0.059609271427675914,0.4692993442896565,0.9450229546994618,0.6808385595155318,0.645796800565186,0.9570031170644622
1082,0.42087671054263426,0.4619061627429362,-0.0002924409481043222,0.00043385333653805924,0.4733337700749132,0.5940913783168239,0.0032819023188188634,0.0031389588952031033,0.529337148054851,0.012839489747436929,0.006796418885387763,-0.07837826828879012,-0.06041897992694302,0.4703438745428231,0.9514535334905154,0.6811609423419248,0.6461974954136475,0.963352309365588
1083,0.4203710638505543,0.4619514171718113,-0.0005056466920799751,4.5254428875096675e-05,0.4767083450976825,0.5972238740182519,0.0033745750227693327,0.0031324957014280397,0.5263521650421636,0.01298182122917626,0.006833009710167247,-0.07585049973324799,-0.06100278832706209,0.4699994850594784,0.9577509881223583,0.680916753189775,0.6459931985561758,0.9699047800525361
1084,0.4198538215146246,0.4618520029475004,-0.0005172423359297018,-9.941422431092306e-05,0.479682140461375,0.6000183121673561,0.0029737953636924663,0.0027944381491041836,0.5234310337673432,0.013073886471341785,0.006843277911051313,-0.07255682533744803,-0.06095406101808752,0.46887357058416995,0.9634673771637832,0.6805098845436327,0.6455070137515119,0.9757928043658807
1085,0.41921204431415643,0.46170640102348637,-0.0006417772004681521,-0.00014560192401402716,0.4820329403000913,0.602211481212195,0.002350799838716333,0.002193169044838905,0.5198671344337429,0.01327398996232019,0.006900711124213664,-0.06912332928023154,-0.06012743362512097,0.46704360009411144,0.9682518424754594,0.6798526490421449,0.6444827496062171,0.980838434262143
1086,0.41876783399480544,0.4616638671619604,-0.00044421031935099053,-4.253386152597294e-05,0.48421788397358556,0.6041027958881594,0.002184943673494255,0.0018913146759643729,0.5164443401088777,0.013510957495943374,0.00697765752823157,-0.06646577975156086,-0.058823383037872254,0.4650211312069593,0.9718493524922986,0.679240121506363,0.6432390859942629,0.9847199174814968
1087,0.4183686287465036,0.46147370213378525,-0.0003992052483018371,-0.0001901650281751488,0.48588541326764945,0.6059259161080724,0.0016675292940638853,0.0018231202199130436,0.5125557004078564,0.013770315327543168,0.007058053617545928,-0.06412191347648784,-0.05703965226480794,0.46314660920543,0.9739584521947416,0.6785338892260053,0.6418036684689645,0.98712251759653
1088,0.41792554514619085,0.46117715908930973,-0.00044308360031275473,-0.0002965430444755168,0.48767657365824413,0.6077311299992202,0.0017911603905946816,0.001805213891147739,0.5089186950616029,0.014034835073356688,0.007142589950937502,-0.06221119600864982,-0.05535991045114848,0.4615936502655553,0.9751185122497895,0.6778127458361259,0.6403905637441056,0.9885823609634208
1089,0.41756111689973924,0.46092888311177205,-0.0003644282464516091,-0.00024827597753768194,0.48937661537464044,0.6093617872546265,0.0017000417163963166,0.0016306572554063425,0.5053892024670532,0.014387539567789803,0.00727130714762846,-0.06057407292580804,-0.05391410008247928,0.46060541762155405,0.9759877989040676,0.6772701933708821,0.6392394892165671,0.9898383117176075
1090,0.41735161753591304,0.4608127393810261,-0.00020949936382619327,-0.00011614373074592121,0.4908637380503723,0.6107331131320634,0.0014871226757318667,0.0013713258774368242,0.5022891078339267,0.014836570775343326,0.007452247898062109,-0.05903621099664108,-0.052668110022178694,0.4604980132792554,0.9768610881778329,0.6770314421184244,0.6385718651057053,0.9911989678676613
1091,0.41723481868826584,0.4607330999685121,-0.00011679884764720372,-7.963941251404316e-05,0.4921078326194677,0.6117849991947226,0.0012440945690954108,0.0010518860626592685,0.4993891844393239,0.01520764876560311,0.007594535314294227,-0.05747140555714536,-0.05147758749388991,0.46066191058070977,0.9775507063779646,0.6769499254393738,0.6381213980618734,0.9922879345154133
1092,0.41724206308411027,0.4606897832600294,7.2443958444301515e-06,-4.331670848267688e-05,0.49312954325986685,0.6126619215702138,0.0010217106403991316,0.0008769223754911959,0.49685052628482224,0.015503574830009513,0.00770295931358635,-0.0556554046713354,-0.05033344324582561,0.4610016520323245,0.9776889397556567,0.6769013742655597,0.6378708183620008,0.9927422792346714
1093,0.41736905141358066,0.46056069687732115,0.00012698832947038996,-0.00012908638270825445,0.49365318598800595,0.6132407319556957,0.0005236427281390954,0.0005788103854819093,0.4947388205222299,0.015754116379816257,0.007794172956120237,-0.05372564980369515,-0.04914671019975277,0.4615575287859575,0.977952330590759,0.6768032956888893,0.6378031403847999,0.9932790164569383
1094,0.4173063478891516,0.4603239317423276,-6.270352442905303e-05,-0.000236765134993544,0.4937693546371005,0.6132338756742451,0.00011616864909452795,-6.856281450584589e-06,0.49304236916961625,0.01595825311050185,0.00786809492141023,-0.051856646075103645,-0.04809424222224509,0.46216257483560524,0.9782292087036635,0.6765214870974335,0.6378325805892708,0.9937809129262364
1095,0.41712899936560766,0.46003684687904234,-0.00017734852354395203,-0.0002870848632852696,0.49370066700326826,0.6131072422676266,-6.868763383222065e-05,-0.00012663340661855926,0.49170531532900064,0.016159580125486017,0.007945751441186354,-0.05005064952943326,-0.0471689454656173,0.4626637360964286,0.9785350608303196,0.6763268132458462,0.6378245091964877,0.9943066956617801
1096,0.4167043150273929,0.4595337946928154,-0.0004246843382147425,-0.0005030521862269266,0.4938214447878507,0.6130149651932834,0.0001207777845824709,-9.227707434322774e-05,0.4904968599555736,0.016308769221534763,0.007999400092902906,-0.04825328139214377,-0.046144025165085575,0.46292405438668,0.9784040322014376,0.6759458243996037,0.63765213282342,0.9943408267629502
1097,0.41628850500443454,0.4589929352506538,-0.0004158100229583739,-0.0005408594421615898,0.49406527926923816,0.6129534947827487,0.00024383448138742825,-6.147041053461422e-05,0.48955561769036354,0.016505652920415555,0.00808043511083679,-0.04678570420798029,-0.045249470091555784,0.46298468200554715,0.9778837700095797,0.6755668780500547,0.6374133707988442,0.9940355721343689
1098,0.4160603373504225,0.4584405459855188,-0.00022816765401201256,-0.0005523892651350115,0.49451490524282726,0.6128723472729863,0.0004496259735891073,-8.114750976240259e-05,0.48885426456398384,0.016656646538007074,0.008142672693439676,-0.04561109663160239,-0.04442470995195839,0.4629699736342943,0.9768398504692821,0.6752847142934232,0.6372453551858714,0.9931568879111806
1099,0.41594470339902173,0.4577968015679179,-0.00011563395140079535,-0.0006437444176009,0.4951127948194358,0.6128161721579373,0.0005978895766085568,-5.617511504907302e-05,0.4882611538586779,0.016772120897919247,0.008189175102275298,-0.04454793536186423,-0.04354897031066286,0.46292427196836,0.9757405391710566,0.6751543451754876,0.63711368223786,0.9921856818062184
1100,0.415953563149312,0.45710910192745574,8.859750290246549e-06,-0.0006876996404621694,0.49617086910651853,0.6130138801246787,0.001058074287082711,0.00019770796674145608,0.4879577400408952,0.016862236657140033,0.00822805889125279,-0.04366981101956582,-0.04283628294411436,0.46281986789291096,0.9742490518862744,0.6749375521608415,0.6370279831658793,0.990795145935976
1101,0.4159227053339067,0.4564609680656423,-3.085781540529409e-05,-0.0006481338618134491,0.497267431250659,0.6131856032266534,0.001096562144140445,0.00017172310197466345,0.4877659273675414,0.01695833266256686,0.008271696857764192,-0.04285856431191564,-0.04226840064913079,0.4626724991053318,0.9721235174303344,0.6746974289162353,0.6369397164059105,0.9887743635602196
1102,0.41574527721141585,0.45570412522896914,-0.0001774281224908303,-0.000756842836673155,0.49832537056639703,0.6133135283228395,0.0010579393157380546,0.00012792509618608783,0.48764348418932046,0.01702395719968829,0.008301621803545864,-0.04214042642006988,-0.041829081236757305,0.46248625193288867,0.970070225188342,0.6744937965729222,0.6367939901153272,0.9867969261093972
1103,0.41542884799789837,0.45489726254999213,-0.00031642921351748843,-0.000806862678977005,0.49968078627225077,0.6135298826409749,0.0013554157058537353,0.00021635431813538109,0.48806656591678943,0.017056648650392407,0.008324779932846263,-0.041536974628144034,-0.04155355193885794,0.4622446633662163,0.9680620379007366,0.6743304299730708,0.6366353381521088,0.9848281428009485
1104,0.414948356182267,0.45422055666323846,-0.00048049181563136756,-0.0006767058867536702,0.5014197663093078,0.613748704299351,0.0017389800370570807,0.00021882165837616707,0.4893057896617632,0.017080719279454117,0.0083576948350242,-0.041081447827983245,-0.04163791752993266,0.4619633742674666,0.9664843434734542,0.6742588213841272,0.6365612893371323,0.9832735035487425
1105,0.41446537962520447,0.4536679694218544,-0.00048297655706253106,-0.0005525872413840727,0.5027610772350395,0.6138589298431577,0.0013413109257316425,0.0001102255438066857,0.4905997715309314,0.017062194783466572,0.008370708862584949,-0.04096447154477457,-0.04189227097596784,0.46147239370173915,0.9649336308643595,0.6740863218525538,0.6364277245330545,0.981687438868693
1106,0.41416425332267714,0.4532690058597512,-0.0003011263025273214,-0.00039896356210317174,0.5040502215231674,0.6139975157664356,0.0012891442881278747,0.00013858592327786745,0.4918080627599511,0.016858037669313847,0.008290918848079525,-0.04133508629324537,-0.042393647545770276,0.4611022383122865,0.9627030726990201,0.6736636594724924,0.6360592967041605,0.979225751393133
1107,0.4140983429015889,0.45314318481814586,-6.59104210882222e-05,-0.00012582104160535623,0.5051976077089376,0.6140966905595472,0.0011473861857702605,9.917479311161159e-05,0.49285723365901263,0.016493294107584548,0.008128839307788613,-0.04304143307277659,-0.044157968555510324,0.46110283359141896,0.9594458430919646,0.6732060882600617,0.6357234571559286,0.9755659285996744
1108,0.4143562632733512,0.4532738897296442,0.0002579203717622547,0.00013070491149835828,0.5063851041873145,0.6142872301066754,0.0011874964783769038,0.0001905395471282212,0.4936802205978489,0.015936065132322454,0.007867320149986637,-0.04408971089782949,-0.045459216515859054,0.4617912290750349,0.9554386359850335,0.6728805263156489,0.6355062434004123,0.9709631153579701
1109,0.41471803069082047,0.45355606863103143,0.0003617674174692942,0.0002821789013872089,0.5075480532242718,0.6144643527568492,0.0011629490369572393,0.0001771226501737777,0.49470662944192356,0.015307208101410523,0.007572577326014906,-0.045350626054193176,-0.04649115910895834,0.462647167698143,0.951817085383481,0.6728299580127952,0.6354298470055152,0.9666699988561533
1110,0.4154197790751236,0.45398555427617066,0.0007017483843031469,0.00042948564513922705,0.508745362410656,0.614647841034432,0.0011973091863842766,0.00018348827758285502,0.49609165983798315,0.014657221247867735,0.007271325217467259,-0.04653904918791623,-0.0471088266696334,0.4636297103876816,0.9486393995054496,0.6728925166163959,0.6355058790709928,0.9627986495823595
1111,0.416066963060333,0.4543793303071201,0.0006471839852093542,0.00039377603094942204,0.509838404089133,0.6149174981539691,0.0010930416784769026,0.00026965711953708116,0.4983912770818014,0.013922894328370173,0.00693904908499138,-0.047987251238179755,-0.04733859916827747,0.4653319744751756,0.9459325951389639,0.6732715862056715,0.6357674873576857,0.9593098719800988
1112,0.4168953483352196,0.4550026692524795,0.0008283852748866005,0.0006233389453594307,0.5089937231027873,0.6142357374354538,-0.0008446809863456028,-0.000681760718515334,0.5022504237870277,0.0133525979831191,0.006706347995679379,-0.047915101306953145,-0.04657665835641791,0.46997040777844384,0.9414494209584082,0.6744203468718981,0.6365898734618295,0.9542186045629237
1113,0.41967970013036443,0.4561790810284828,0.002784351795144857,0.0011764117760033055,0.4641975901890396,0.5881690187061173,-0.04479613291374773,-0.026066718729336524,0.5056866685497481,0.02216491010379865,0.01120849954909459,-0.04897295713137726,-0.048516615586982365,0.4717415157904382,0.9268757339624049,0.6739958669738095,0.635756766821955,0.9486836819412676
1114,0.4226509482095188,0.45870498928061054,0.002971248079154387,0.0025259082521277287,0.3954849162804916,0.5459419520911766,-0.06871267390854802,-0.04222706661494069,0.5072884863961601,0.04281448615391685,0.021719295876849832,-0.0530382117965576,-0.053382111216508134,0.46914219269852275,0.9022845037321162,0.6705953914939995,0.6327126199089723,0.9449218956840093
1115,0.42393249237374653,0.46001776686691237,0.0012815441642277103,0.0013127775863018276,0.33672824205373614,0.5123023322165139,-0.058756674226755456,-0.033639619874662685,0.5077788536387987,0.06209240010302231,0.03152920774399429,-0.05732770769736677,-0.05847811564631119,0.4644832008776979,0.8797372374538971,0.6656769717773419,0.6282522784024415,0.9417149692935549
1116,0.42433919205567755,0.4614317163308168,0.000406699681931022,0.0014139494639044403,0.3022250647132987,0.4953513602945713,-0.03450317734043745,-0.016950971921942615,0.5097801314777417,0.07926980315582886,0.04041017067499314,-0.06161466531157618,-0.06432918803175956,0.4611892684670653,0.8640607257270171,0.6638812569434449,0.6267492525937106,0.943235448369552
1117,0.42428548222383883,0.46304893322289925,-5.370983183872191e-05,0.0016172168920824403,0.28188520954794943,0.48874263459188566,-0.020339855165349252,-0.006608725702685614,0.5127285665444015,0.09257040466479542,0.047463490888215734,-0.065553814085918,-0.06925083004405058,0.4592448589019754,0.8537952755342083,0.664205183540333,0.6268774634339703,0.9462776413216665
1118,0.42401823229308927,0.46437982794773336,-0.00026724993074955794,0.0013308947248341085,0.27762718464433933,0.4919952251193806,-0.0042580249036101026,0.0032525905274949363,0.5155977496252298,0.10326779382406724,0.05324464210445127,-0.06894753384575801,-0.07366007204575052,0.4575988836410824,0.8470132990328354,0.6655112300950935,0.628027057396241,0.9501996095202704
1119,0.4241596822848437,0.4652997943672802,0.00014144999175441653,0.000919966419546836,0.2871035864787403,0.501532635174167,0.00947640183440096,0.009537410054786422,0.51877117186216,0.11170433774111639,0.05794899019204546,-0.07217732943759714,-0.07785647984726479,0.4562635867217101,0.8434055891632868,0.6672370360228792,0.6299621626001375,0.9550344342167467
1120,0.4246727426890398,0.46610804212209817,0.0005130604041961306,0.0008082477548179701,0.3051628898448662,0.514634919853523,0.018059303366125934,0.013102284679356035,0.5228660891839872,0.11872096358090414,0.062075165931701926,-0.07547519365694823,-0.08168977809009233,0.4553248127491707,0.8426636861123539,0.6697418339231486,0.6326581075914942,0.9613136219583012
1121,0.42505757596428817,0.4669433573414146,0.000384833275248353,0.000835315219316457,0.3255428696256268,0.5265639603239116,0.02037997978076056,0.011929040470388563,0.5270936076634445,0.12428379942863685,0.06550919621496014,-0.07787089315496583,-0.08400157920134067,0.4547201744218562,0.8427470460275472,0.6722277840976971,0.6354093623334798,0.9669636422941639
1122,0.4254005878908772,0.4677173143531337,0.0003430119265890319,0.000773957011719062,0.34556882445546333,0.5372790790557193,0.020025954829836545,0.010715118731807638,0.5311376323225363,0.12856274105206889,0.0682845098872912,-0.07960044074933129,-0.08546193229491345,0.45439955123562525,0.8429252452760475,0.6743657861501935,0.6378364407739536,0.971423219558464
1123,0.42535982288203705,0.4678716027420906,-4.0765008840149e-05,0.00015428838895692465,0.3649368675850569,0.5482437310767814,0.01936804312959356,0.010964652021062116,0.5348736068969784,0.1316429032496215,0.07041231448351501,-0.08055756728306576,-0.08622723669407972,0.4544457954608372,0.8426752979879051,0.6760941202837073,0.6399466772000945,0.9742499058939711
1124,0.42512659817188125,0.4677126041832142,-0.00023322471015579938,-0.0001589985588764109,0.38456308799948613,0.559239834659424,0.01962622041442924,0.01099610358264258,0.5378928569851132,0.1321614205673472,0.07108868409218148,-0.07980238164505939,-0.08514474044362969,0.4549032844760859,0.8423329925909532,0.6770137855078687,0.6415789611392788,0.9744174935211957
1125,0.42449913583993065,0.4670068419626864,-0.0006274623319506012,-0.0007057622205278169,0.4031391131489376,0.570076367944614,0.018576025149451447,0.010836533285190075,0.5402849109579126,0.13038377457932374,0.07044438603894648,-0.07772880819778455,-0.08282878409978933,0.4557504526449791,0.8423805108434559,0.6775422133442328,0.642609026240304,0.9726797065191661
1126,0.4235870107074134,0.46576301051644187,-0.0009121251325172608,-0.0012438314462445144,0.41930630026952637,0.579983647069599,0.01616718712058879,0.009907279124985013,0.5421157766679587,0.1251867087285211,0.06786568983086776,-0.07464199242801015,-0.07951282677434376,0.45714483652193355,0.8449845888591607,0.6777682141581299,0.6434243906055792,0.9700893929018997
1127,0.4220944551304436,0.4644808285758643,-0.0014925555769698118,-0.0012821819405775536,0.43262493083909576,0.5880657506873704,0.01331863056956939,0.008082103617771397,0.5436518066288013,0.11979621625082987,0.06512742939205822,-0.07214511879905225,-0.07689632147638024,0.4580728414889272,0.8481246785264732,0.6777398303798773,0.6439052485094903,0.9678408203761554
1128,0.42069967502474936,0.4630188757791638,-0.0013947801056942155,-0.0014619527967005275,0.44451940863365136,0.5948979015455463,0.011894477794555602,0.0068321508581759005,0.5456049601071669,0.11448804108919507,0.062465243091217953,-0.06976440896899548,-0.07487808717174385,0.4588949961040772,0.8516853120649711,0.678027926475343,0.6443625149536513,0.9660929616005978
1129,0.41914623608693924,0.4612728592714062,-0.0015534389378101254,-0.0017460165077575751,0.45465501265573594,0.6007940236907705,0.010135604022084577,0.00589612214522417,0.5481231781642814,0.10989500618827577,0.06023600005630109,-0.06784058533434612,-0.07345496865736786,0.45933324126025993,0.8551259815889078,0.6787335420737235,0.6445919474826508,0.9649405497650861
1130,0.41789149638859413,0.4596035656940207,-0.0012547396983451087,-0.0016692935773854889,0.4628303299894965,0.6058343242795,0.00817531733376059,0.005040300588729507,0.5506986011300529,0.10469190597626675,0.057653686170769124,-0.06569494087049776,-0.07142080548966824,0.46029822500096257,0.8589594096134182,0.6798896353777156,0.6448083730072415,0.9635732433774162
1131,0.4171443776045291,0.45804044678541916,-0.0007471187840650262,-0.0015631189086015573,0.46942188390092965,0.6099980912715416,0.006591553911433123,0.004163766992041573,0.553343682044125,0.10001044369290368,0.05534014715589796,-0.06345349819309741,-0.06914298466902935,0.4610371040660494,0.8613289707897366,0.6811240848098058,0.6446016599737583,0.9612626682854655
1132,0.41681171777505654,0.45673896010363646,-0.0003326598294725591,-0.0013014866817827042,0.47495392205975273,0.6133971357290547,0.005532038158823083,0.003399044457513156,0.5557502911228257,0.0955934850949553,0.053126107170966906,-0.06127531675259592,-0.06681529469104601,0.4613779867005845,0.8621165923242933,0.6821207942051591,0.6442269300243925,0.9576345070484108
1133,0.416577987527768,0.4555688064686982,-0.00023373024728856606,-0.0011701536349382757,0.47950399455994547,0.6160723728355422,0.004550072500192737,0.002675237106487427,0.558096722790662,0.09367816613763831,0.05228147751845511,-0.06072874371400783,-0.0658237615816524,0.460155427820587,0.8616094697102703,0.6829531941694145,0.6440366619956738,0.9552058808165271
1134,0.4164578190042837,0.4546308805716017,-0.00012016852348428753,-0.0009379258970964588,0.4833275072086012,0.6180515278395697,0.0038235126486557136,0.0019791550040275663,0.5599864364873665,0.09453805183367024,0.05294002675879494,-0.06181315103445738,-0.06618907327072315,0.4574663439938774,0.8599064239031469,0.6835994114851942,0.6439724253056581,0.9543521130052465
1135,0.41654827799570737,0.45397816657960804,9.045899142368086e-05,-0.0006527139919936809,0.48680090654308483,0.6197597697187552,0.003473399334483651,0.0017082418791855014,0.5615312371004055,0.09739695005825993,0.054691429856021115,-0.062111785703056484,-0.06690384006486048,0.45411314163383226,0.8571826216608934,0.6841100538420847,0.6439261878976228,0.954481100336239
1136,0.41669190826369046,0.45341363120678824,0.00014363026798308587,-0.0005645353728198077,0.48931352584725346,0.6212660941257567,0.0025126193041686284,0.0015063244070014914,0.5633434904538701,0.09921460626763437,0.05589190259881557,-0.059630091285395696,-0.06688529881614046,0.4512847781761266,0.8547550461338945,0.6840524607920219,0.643836816930257,0.9538661495250288
1137,0.41686611316302935,0.4531490596129882,0.00017420489933889227,-0.0002645715938000559,0.4905438718577349,0.6224056303099771,0.0012303460104814423,0.0011395361842203577,0.5657748687528907,0.09120295091258833,0.051600337582446,-0.0509575879688072,-0.06216034303835822,0.45291122273285017,0.857824536506715,0.6838534990098731,0.6440841212186176,0.9489241510954974
1138,0.41692003649623216,0.45290921792828,5.392333320280995e-05,-0.00023984168470819744,0.49060942905080585,0.62302276396421,6.555719307094199e-05,0.000617133654232882,0.5684274018633372,0.08015338082774953,0.04556137801448029,-0.04159304819708768,-0.05705204077483416,0.4544240935358718,0.863346109671258,0.6834048953276576,0.6441490655524553,0.9434077282033007
1139,0.41668858585245605,0.4527264396010531,-0.0002314506437761099,-0.0001827783272269068,0.48985668966929785,0.6235050775348419,-0.0007527393815079941,0.00048231357063188707,0.5703792982604194,0.06803350464937827,0.03880490264010936,-0.03361936080062505,-0.05265994221380435,0.4555606480040659,0.8691703109168039,0.6826602045065755,0.6440898664988232,0.9371250939579495
1140,0.41651084996576165,0.4527089977604853,-0.00017773588669439677,-1.744184056778897e-05,0.4887146808081704,0.623584641011289,-0.0011420088611274748,7.95634764471087e-05,0.5713006099083598,0.057675599549297275,0.032950105199343854,-0.02746078814836738,-0.049100515005813083,0.4565009242822778,0.8740874869120706,0.681833350669163,0.6445240124962858,0.9316852157908552
1141,0.41644648226543807,0.45271180648281895,-6.436770032358652e-05,2.8087223336581424e-06,0.4880000342228803,0.6237394738642914,-0.0007146465852900796,0.0001548328530024401,0.5716462707542301,0.04948253671981149,0.028286507583339494,-0.022582715549146346,-0.046085336924834505,0.4573347790237869,0.8779688596075167,0.6810368437479323,0.6450371541639387,0.9273640755612387
1142,0.41634558303380736,0.452598991891129,-0.00010089923163070225,-0.0001128145916899359,0.48736290173109115,0.6236103023957295,-0.0006371324917891497,-0.0001291714685619505,0.5719867968869682,0.042378384242781154,0.024239876260273557,-0.018316004113569373,-0.0429695889329185,0.4587309471938569,0.8804222913501625,0.6801091050306968,0.645330280985202,0.922700828711947
1143,0.4164176364056736,0.4524666859412055,7.205337186622085e-05,-0.00013230594992352795,0.48616975089403386,0.6226922570062,-0.0011931508370572885,-0.0009180453895294427,0.5719783636791363,0.03671748304139142,0.021001605868431503,-0.014715586187098286,-0.0403482596579517,0.46403841527634404,0.8810002264235789,0.6803056994426201,0.6458795607458147,0.9175994711170461
1144,0.4165525420698052,0.45236169214406186,0.00013490566413160154,-0.00010499379714362655,0.4846864617590604,0.621335110507351,-0.0014832891349734756,-0.0013571464988489934,0.5711182413659218,0.050525633952309024,0.028856111206741038,-0.019086369058741882,-0.04470317507562618,0.4670179421342622,0.8711359318438423,0.6812382025830866,0.6470252365097344,0.9215083029885971
1145,0.41650131169655014,0.45207363267055384,-5.12303732550512e-05,-0.00028805947350801775,0.4834719236914688,0.6197136601332656,-0.0012145380675915862,-0.0016214503740854536,0.5706288802009576,0.06982863279204024,0.03984623453608579,-0.02698795706818482,-0.05247350661297339,0.4666439995210642,0.8597990883168846,0.6823012517892549,0.648036593287933,0.9294491052316121
1146,0.41630065696137974,0.4516777509836901,-0.00020065473517039134,-0.0003958816868637194,0.4824926969983685,0.6176622102648804,-0.000979226693100299,-0.0020514498683851246,0.5710204567129941,0.08585752306025987,0.04902640203011601,-0.03487075140756035,-0.06046622673583728,0.46422540163308545,0.8530542887064563,0.6833575928712529,0.648915192159138,0.9387193902084122
1147,0.4157734688059868,0.45067574992604786,-0.0005271881553929325,-0.0010020010576422544,0.48138742160466136,0.6151595176836591,-0.0011052753937071391,-0.0025026925812213774,0.5717839698858699,0.0980931899156754,0.056088113548753454,-0.04164677015439206,-0.0677549569858489,0.4613322433556607,0.8481720064643788,0.684009581846578,0.649252458438794,0.9460630155244238
1148,0.4152881874258926,0.4498169795321202,-0.00048528138009423794,-0.000858770393927677,0.4806007369728232,0.6130242469801446,-0.0007866846318381748,-0.0021352707035144913,0.5735087153287254,0.0951630965655298,0.054576865258000436,-0.044877427232827775,-0.07135959963349647,0.4588654952895929,0.8548759342570208,0.6841808621155591,0.649179369136989,0.9498765812835057
1149,0.4149472365531558,0.449384077656664,-0.00034095087273677827,-0.0004329018754561931,0.47998386171021457,0.6111910284733718,-0.0006168752626086182,-0.0018332185067727602,0.5760222873605423,0.08314339452756025,0.04789244829468525,-0.04445176893383624,-0.0711719188436585,0.45654427018557364,0.8660848578602693,0.6839575322903665,0.6486933426481516,0.9491198569111892
1150,0.414597220787482,0.4491266570084073,-0.00035001576567378345,-0.00025742064825667876,0.4792980333927308,0.6094881392443476,-0.0006858283174837609,-0.0017028892290241737,0.5791658503614237,0.07057835349480228,0.04087657211892632,-0.043334528824035254,-0.07032630484940952,0.4540656837825879,0.8768258786442684,0.6836000134925846,0.6480812385091984,0.9473245239516566
1151,0.41420312151784705,0.44895033387045824,-0.0003940992696349621,-0.00017632313794907484,0.47943374689393387,0.6083708792678465,0.0001357135012030608,-0.0011172599765011393,0.5820208978223006,0.060530589509462725,0.03523006805201063,-0.04231065369603645,-0.06939871226957302,0.4520132444852091,0.884654844687544,0.6830725278927785,0.6474027275649278,0.9451141324094553
1152,0.4138218773643384,0.4486299369564854,-0.00038124415350865304,-0.0003203969139728424,0.48002342738147646,0.6074544507499783,0.0005896804875425987,-0.0009164285178682174,0.5839456059984128,0.056307979554111695,0.032880797243271996,-0.04344279550618678,-0.07050621654476623,0.44846281162401114,0.8893152335524473,0.6825560429149725,0.6467100769925455,0.9455426478854193
1153,0.4130088711696229,0.4482600569590544,-0.000813006194715471,-0.00036987999743098854,0.4818004074458608,0.607522845212673,0.0017769800643843148,6.839446269468752e-05,0.5844794303469856,0.06051503605199025,0.03536979379909455,-0.045981184183009664,-0.07255611816965327,0.4449828250908482,0.8867948903399557,0.6819539028178546,0.6457460030308707,0.9472205264915156
1154,0.41123225117053425,0.4471069954422498,-0.00177661999908868,-0.0011530615168046099,0.48146528119105814,0.6062129882264324,-0.00033512625480264235,-0.0013098569862405318,0.5835821374389273,0.07252941761619654,0.04232687255966056,-0.05053343542527655,-0.07627198088410485,0.44106844518827687,0.8788266746017083,0.6809442349217331,0.6444460482526184,0.9512654775415269
1155,0.4090275000779037,0.4458174305058706,-0.002204751092630519,-0.0012895649363792172,0.4823161865768455,0.6055126649869923,0.0008509053857873594,-0.0007003232394401371,0.5822422019605554,0.0896831928850966,0.052217339704271865,-0.05729246456124907,-0.08179628345180656,0.4358363189237411,0.8694475031622708,0.6796876637764648,0.6428937449576706,0.9590481059037687
1156,0.4074689414623686,0.44511126575438936,-0.0015585586155351105,-0.0007061647514812197,0.48517349069368243,0.6065269136437562,0.002857304116836934,0.0010142486567639164,0.5808209842896506,0.1067421574844256,0.06199808497530497,-0.0642989151456097,-0.08754807763119118,0.43033658673918596,0.8614035765880375,0.6784265728537393,0.641271071724042,0.968072125320624
1157,0.4062562596111302,0.44419295119053775,-0.0012126818512384063,-0.0009183145638516077,0.4876647988555081,0.607480049547688,0.0024913081618256894,0.0009531359039317566,0.5794897179289172,0.12312219156705352,0.07134804406198196,-0.07100601231390179,-0.09247788597753519,0.42559532491044405,0.8531663503758842,0.677382641124516,0.6400395805461832,0.9762216835036104
1158,0.40526982600805467,0.443368443791257,-0.0009864336030755427,-0.0008245073992807495,0.4895687468643017,0.6079629521920412,0.0019039480087935656,0.0004829026443532447,0.5783524057196217,0.13825784154907053,0.0799617552695072,-0.07710940225004032,-0.0967976597854668,0.42115692257953863,0.8457641464755451,0.6764087641848351,0.6389853139134976,0.9839648761351428
1159,0.4051334556132936,0.44326936081687535,-0.00013637039476105395,-9.908297438165903e-05,0.45759438597464475,0.5825654773621556,-0.03197436088965694,-0.025397474829885636,0.5763346707540331,0.15271756213849227,0.08801642589344653,-0.08215235922930089,-0.10062464040226099,0.41604637180760135,0.8362747588399027,0.6735904474018216,0.6364553183232959,0.9889438045172033
1160,0.40584065766892224,0.44329228920937497,0.0007072020556286307,2.292839249962153e-05,0.40607172321447316,0.54733635454386,-0.05152266276017159,-0.0352291228182956,0.573265983955083,0.1665996502959492,0.09550591245348004,-0.08573404046455702,-0.10414743685408397,0.41030439478824493,0.8241949081252605,0.6688124737750286,0.6323857846753054,0.9907516647354285
1161,0.4068169637662423,0.44309794283135856,0.0009763060973200788,-0.00019434637801640786,0.35385582873836224,0.5161036221915287,-0.05221589447611091,-0.03123273235233126,0.5699589088995332,0.17929333499444813,0.10218983358639415,-0.08800434930624873,-0.10719915727824955,0.4047809471234782,0.8121850464971836,0.6636744922463508,0.6278951871805358,0.9914368081408568
1162,0.4060630281370598,0.4426596544830507,-0.0007539356291825228,-0.0004382883483078359,0.3200230116644565,0.4966998011126808,-0.03383281707390573,-0.019403821078847916,0.5672727927647304,0.189704246318239,0.10761405760827578,-0.08968098993548693,-0.10878475491277503,0.40007551704959937,0.8026995029240335,0.6592707928559307,0.6240519553478168,0.9923603446456045
1163,0.404855985277997,0.4422048530516403,-0.0012070428590628124,-0.00045480143141041207,0.29737514507627444,0.48640691780928635,-0.022647866588182075,-0.010292883303394451,0.5660412681604958,0.19751080078614539,0.1117992641523848,-0.0903998640823873,-0.1088788918081467,0.39719686094055034,0.7960119035673836,0.6565081404723362,0.6216998654771277,0.9934758135225928
1164,0.40477565687253925,0.4425524534443357,-8.032840545774134e-05,0.0003476003926953797,0.29682239786263137,0.48634056576528617,-0.0005527472136430678,-6.635204400018413e-05,0.5667403122985388,0.20186817614848931,0.11440683319353129,-0.08945826861960077,-0.10749063922285891,0.3966709482191472,0.7931196266943729,0.6558120858987894,0.6214061149713938,0.9949362268889023
1165,0.40519557620956126,0.44324546585089875,0.00041991933702201223,0.0006930124065630539,0.30717429391400997,0.4922483986518687,0.010351896051378595,0.005907832886582531,0.5685229799290886,0.20409838956358228,0.1160346246334158,-0.08757130345705219,-0.10464591131498878,0.3975699911026756,0.7918158975373897,0.6560851901536313,0.6221943455412965,0.9958466490384674
1166,0.4057022236650978,0.4438652393321828,0.0005066474555365241,0.0006197734812840583,0.3264728117801116,0.5026965328157451,0.01929851786610165,0.01044813416387641,0.5708819050227325,0.20194388676134897,0.11528611078201387,-0.08503431311519949,-0.10072004691053993,0.39855676332510365,0.7935680772829661,0.6567885652713762,0.6234103932452324,0.9954363287645814
1167,0.4059986754951686,0.44390111741533184,0.00029645183007082077,3.58780831490324e-05,0.35071593278904084,0.5178531866613418,0.024243121008929225,0.015156653845596724,0.5733057292970105,0.19783094481686922,0.11341761409575185,-0.08149538441458348,-0.09565460489108027,0.39989990609328124,0.7957615292278354,0.6577740002538338,0.6247870094224922,0.993517909346973
1168,0.40589009789017205,0.4433986190993776,-0.00010857760499655145,-0.0005024983159542251,0.37704727294686546,0.5347068168854582,0.026331340157824623,0.016853630224116345,0.5757964812399523,0.19304516226687252,0.11115472515366082,-0.0778531134958528,-0.09050086264010439,0.4017648437652395,0.7981627083030974,0.6591368905077691,0.6262914060218303,0.9911386005582872
1169,0.40606444879317694,0.4428725948560472,0.00017435090300488287,-0.0005260242433304252,0.4023296250526539,0.5513234111437486,0.02528235210578844,0.01661659425829043,0.5783920485022266,0.18820956128425245,0.10885891369890413,-0.07482400693821728,-0.08604289145956397,0.4037851332705408,0.800794030016277,0.6608523695713413,0.6280900856907404,0.9889436468236685
1170,0.4059627570575991,0.4425029311182517,-0.00010169173557783573,-0.0003696637377955114,0.4244589350417867,0.5664638220220355,0.022129309989132817,0.01514041087828688,0.5810468833283934,0.1829628474209998,0.10630999225886031,-0.07260903272904488,-0.08211615793286267,0.40598027959535515,0.8031135567642548,0.6630300876814065,0.6301127167148247,0.9860266169100409
1171,0.4059310218105515,0.44248683327742283,-3.1735247047581794e-05,-1.609784082884369e-05,0.44231089921344857,0.5793680214424484,0.01785196417166185,0.012904199420412876,0.5836044069696016,0.17821240974179653,0.10400554770198481,-0.07065992256208296,-0.0791177879131186,0.40811899604997837,0.8043538986865395,0.6652596780939589,0.6321839480637012,0.98252486696313
1172,0.40619571222860373,0.44278491711831486,0.0002646904180522158,0.0002980838408920272,0.45676101803576397,0.5901465923664173,0.014450118822315394,0.010778570923968944,0.5859873921813977,0.1738198552580393,0.10185624369200647,-0.06907532880702744,-0.07679052379785536,0.4100732974209934,0.8052259052391358,0.6674648244811806,0.6341902841760598,0.979011045600879
1173,0.4065846912136876,0.4431355391842881,0.0003889789850838876,0.0003506220659732495,0.46733719313767735,0.5984720786372862,0.010576175101913388,0.008325486270868931,0.5882011327922692,0.1701129889728341,0.10006065281649981,-0.06795419335749332,-0.07488220205047524,0.4117912459992312,0.8066989365298464,0.6695212440608249,0.6360747664252373,0.9767817255336402
1174,0.4067203686676227,0.4432238422848467,0.00013567745393505692,8.830310055857327e-05,0.47569598090027954,0.6049497361001247,0.008358787762602182,0.00647765746283846,0.5899417711481003,0.16735347346815485,0.09872880454558988,-0.06874682463686208,-0.07315298403665063,0.4129948138818127,0.8078255281256203,0.6712369499152152,0.6374298428316483,0.9751507603437353
1175,0.4072826759157847,0.4437905363493309,0.0005623072481620306,0.00056669406448423,0.4836292197968872,0.61093603224233,0.007933238896607686,0.00598629614220525,0.5915489732678403,0.16748995514301207,0.09907851099752542,-0.07168722527920407,-0.07182394007300082,0.41415944528733717,0.8081938846513296,0.672775096515139,0.6388863026361514,0.9756512039244501
1176,0.40794230836216683,0.4446546686240776,0.000659632446382119,0.0008641322747466873,0.4907997134479218,0.6162049277601735,0.00717049365103456,0.005268895517843597,0.5926045977717168,0.16956297369492518,0.10048379782345733,-0.07451535672341544,-0.07115327741521933,0.4149493146313665,0.8079682461889414,0.6737513966870925,0.6401332003975798,0.9774884193937015
1177,0.40849723614508726,0.44563510447101845,0.0005549277829204335,0.0009804358469408525,0.4971147589377859,0.6209316076678559,0.006315045489864113,0.004726679907682385,0.5929164865096179,0.1716668792670039,0.10178412290506274,-0.0763353348817924,-0.07038045622047343,0.4166627877803979,0.8074567473996629,0.6746201165952678,0.6413122773549592,0.9790692400996788
1178,0.4090168682595446,0.4466311479612413,0.0005196321144573246,0.0009960434902228643,0.5023898488533513,0.6251022562644889,0.005275089915565356,0.004170648596632964,0.5930234056162593,0.1741985931156906,0.10330384294302791,-0.07760688447404504,-0.06998509249830501,0.4187072678482971,0.8067624115266677,0.6756480403313184,0.6423528421892024,0.98089357346414
1179,0.40952613768123985,0.44769261103809393,0.0005092694216952687,0.00106146307685262,0.5066674939973395,0.6283253173115071,0.004277645143988207,0.003223061047018194,0.5935042624910134,0.17688083581373237,0.10497953000842326,-0.07863383594394702,-0.07007889976843026,0.4208430119655568,0.8063249532851493,0.6767743036149552,0.6434587378488229,0.9831255140982308
1180,0.4100000986641562,0.4487103026385635,0.0004739609829163549,0.0010176916004695502,0.5100833947663175,0.6309485352613681,0.0034159007689780196,0.0026232179498609787,0.5938757541110706,0.18005478924570809,0.10693017374460478,-0.07955182114546566,-0.07125387124222793,0.4231351305371829,0.8065380408854315,0.6778569612763045,0.6445410127038087,0.9865000608428187
1181,0.41041175634534244,0.4495476542211963,0.00041165768118622825,0.0008373515826328171,0.5126235688029482,0.6321153595515813,0.00254017403663076,0.0011668242902131976,0.5941396701553774,0.18389888832570392,0.1092616248517743,-0.08000853684399578,-0.07327349199185564,0.42583592731895437,0.8063911605522521,0.6789752098622646,0.6455662798788651,0.990190982466766
1182,0.41068734084724645,0.45019075122545227,0.00027558450190401373,0.0006430970042559658,0.5141062171516289,0.6323939233534969,0.0014826483486806152,0.00027856380191559893,0.5942303986096893,0.1875683938737442,0.11145884145817421,-0.08049665387666478,-0.07568181005699619,0.42846405879738014,0.8068019858324799,0.6799848125169217,0.6466062282658259,0.9942696394923947
1183,0.4109197811672283,0.4506913685606645,0.00023244031998187475,0.0005006173352122278,0.5146177831718878,0.6320380067696763,0.0005115660202589245,-0.00035591658382061464,0.594105279910175,0.18979309598677313,0.11275708041624057,-0.08059586183992239,-0.07763549174090441,0.43129643186826105,0.8075043226204931,0.6809223271659336,0.6477082459111969,0.9971960123109842
1184,0.41123410088260715,0.45137183232494654,0.0003143197153788191,0.0006804637642820466,0.5138131730689235,0.630539454180464,-0.0008046101029642871,-0.0014985525892122764,0.594424240850278,0.19084047420630568,0.11344020400359031,-0.08046614264012074,-0.07863647397554284,0.4333779606950236,0.8083142525327163,0.6816993755643743,0.6486757232762628,0.9990550367816542
1185,0.4114627044536162,0.4517594152259463,0.00022860357100906725,0.0003875829009997722,0.51307304676314,0.628763715100159,-0.0007401263057834617,-0.0017757390803049278,0.594461100810976,0.18872106799139513,0.1121873338243878,-0.07989492806611734,-0.07917856116181898,0.4339903544485439,0.8109215828892923,0.6816154246459548,0.6486799828567349,0.9995568995501883
1186,0.4119697776790818,0.45213314979027136,0.0005070732254655597,0.0003737345643250456,0.5121501608867127,0.6264288025106022,-0.000922885876427304,-0.00233491258955687,0.5945831493180027,0.18282569998197212,0.1087050804715493,-0.07901189751175268,-0.07890155070334044,0.43365349609289255,0.814630901113219,0.680901485664472,0.6482798486507566,0.9973926843404434
1187,0.4130986332691558,0.4526920031646751,0.0011288555900740294,0.000558853374403756,0.5112160387656557,0.6242254643905797,-0.000934122121057035,-0.002203338120022491,0.5945932163357406,0.1756188889811538,0.1044218000486136,-0.07779722143838684,-0.07767436330069122,0.4330443333736336,0.8178487199351924,0.680136876012297,0.6478641095172296,0.9934245096554063
1188,0.4140505041350559,0.4528329786254502,0.0009518708659000952,0.0001409754607750724,0.5102474362940328,0.6225672805166289,-0.0009686024716228925,-0.0016581838739507804,0.5944433268604888,0.1688989615210723,0.10040086058986791,-0.07605448578406988,-0.07569450885444184,0.4323882277317355,0.819655483173252,0.6795344995381202,0.6473568284744871,0.9885260206725197
1189,0.4146628068425317,0.45276257701379036,0.0006123027074758092,-7.040161165983161e-05,0.5095072806852209,0.6221251368124107,-0.0007401556088119099,-0.0004421437042182452,0.5941787031489673,0.16305570829870114,0.09688422929795855,-0.0744716645128639,-0.07349419282950537,0.4318266033823164,0.820333571272956,0.6791733093696465,0.6468202385820826,0.9833685885561593
1190,0.41519480190165403,0.45229024788777183,0.0005319950591223255,-0.0004723291260185225,0.5075083966588164,0.6212977888350688,-0.0019988840264044683,-0.0008273479773418524,0.594459560868425,0.1587693217184377,0.09438194126812016,-0.0734931425797327,-0.07203558955713082,0.431344707419721,0.8218391189343481,0.679634565038726,0.6460140111139929,0.9805888836978457
1191,0.41549752341767443,0.4516199285921362,0.0003027215160203989,-0.0006703192956356574,0.5049351186057588,0.6205339021435892,-0.002573278053057626,-0.0007638866914796427,0.5943780318612069,0.15730060294597142,0.09349602278960766,-0.07327481678680862,-0.07200228605801288,0.43109374641217957,0.8225097289503565,0.6805316960749668,0.6451784654555909,0.9797860386836733
1192,0.4150606926144724,0.4506904148917796,-0.00043683080320200407,-0.000929513700356599,0.5023563293431696,0.6193603968524571,-0.002578789262589143,-0.0011735052911320265,0.5943267450113056,0.15749869890598364,0.09360568906430893,-0.07356127768454959,-0.07229963364059579,0.430768873869825,0.8230598367204449,0.6811260576732295,0.6445735252007,0.9805243074712462
1193,0.4140911244260529,0.4497936934727109,-0.000969568188419534,-0.0008967214190686579,0.4994428432050257,0.6175360963170038,-0.0029134861381439614,-0.0018243005354533492,0.5940091714194486,0.1581030573104006,0.09391466607183267,-0.0740520688518481,-0.07225645215263701,0.43055349603042326,0.8235470244364008,0.6815419573062833,0.6446751945965119,0.9815979998621482
1194,0.4132672788193053,0.4487948410968337,-0.0008238456067475863,-0.0009988523758772128,0.4964793303722618,0.6150897196865127,-0.002963512832763915,-0.002446376630491076,0.5934290389235205,0.1580913257751126,0.09381598351687025,-0.07404361271873267,-0.0720472046421786,0.4300658037999406,0.8239296368296138,0.6811567909009736,0.6446961082234174,0.9819498814168346
1195,0.4132527268722721,0.44830262752761385,-1.4551947033203394e-05,-0.000492213569219857,0.4950355257519252,0.6133809426696026,-0.0014438046203365529,-0.001708777016910079,0.593637467372134,0.15557718786056066,0.09235644778242193,-0.07204982045565969,-0.07039237624522167,0.42925680767960406,0.8263659552013934,0.680512072806948,0.6445837840289063,0.9818588710785638
1196,0.41353179860647615,0.4479547551654243,0.0002790717342040505,-0.00034787236218952744,0.4957717437497563,0.6122902011173765,0.000736217997831079,-0.0010907415522261044,0.5949636489477511,0.15037373261527828,0.08946690466267943,-0.06873850132490186,-0.06702279617505583,0.4281421037621509,0.829908936664264,0.6796928600776979,0.6443415368237442,0.9801957626474554
1197,0.41359488626432533,0.447542258954821,6.308765784918124e-05,-0.000412496210603297,0.49708857733322315,0.6114114161710684,0.0013168335834668476,-0.0008787849463081088,0.5955760152679815,0.14586151349798834,0.0868716189900888,-0.0658260063529579,-0.06382362854897558,0.4263433831826553,0.8321088397410514,0.6784705613127773,0.6439230878042687,0.977877052239798
1198,0.413473988033261,0.4471320442189413,-0.00012089823106431474,-0.00041021473587971036,0.49842086261920526,0.6106735988182805,0.0013322852859821155,-0.000737817352787884,0.5955922877494286,0.14252769242263136,0.08488839439764191,-0.06363974577473855,-0.06136826352818966,0.424302347149056,0.833596288298017,0.6772524726269338,0.643390355160094,0.9760215317640905
1199,0.41346729429277745,0.44689592926325256,-6.6937404835654135e-06,-0.00023611495568875984,0.4998072879163531,0.6102716097044991,0.0013864252971478308,-0.0004019891137814202,0.5957295485224202,0.13966534302635208,0.08320277174531768,-0.06187887484842336,-0.05936622494087465,0.4226408955581948,0.8354779112758957,0.676355184918408,0.6430104513127006,0.9750299468198678
1200,0.41348425408762113,0.4467179024553539,1.6959794843673937e-05,-0.00017802680789863468,0.501072342664319,0.6101788029035166,0.0012650547479658991,-9.280680098255889e-05,0.5958429603776215,0.13707087222312864,0.08167271428697166,-0.060394509001509056,-0.05781054359332239,0.4212776699305239,0.8369082925875684,0.67554677554799,0.6426391916802993,0.9738565204913261
1201,0.41360034929026723,0.4465478313240553,0.00011609520264610484,-0.0001700711312986325,0.5022332040419877,0.6103750604267728,0.0011608613776686871,0.00019625752325624912,0.5958440817566759,0.135109330822407,0.08050409516063606,-0.05927386647584324,-0.056643320347538044,0.4200877912149731,0.8375690006733029,0.6748146533962074,0.6424010970625064,0.9725474738382983
1202,0.4138843711170384,0.44648900524151514,0.0002840218267711747,-5.88260825401532e-05,0.503978697449132,0.610947935573558,0.0017454934071443606,0.0005728751467851678,0.5960463988722756,0.13384699680708295,0.07977902044673077,-0.0586108659228199,-0.055993723292535366,0.41896006505764366,0.8377681156860106,0.6741915189331478,0.6421372767216722,0.9714776872550535
1203,0.41404207310979524,0.44642454282329486,0.00015770199275683128,-6.44624182202791e-05,0.506135663667141,0.6119420610270135,0.002156966218008982,0.0009941254534555632,0.5964779417492743,0.13320259036752596,0.07945240693809359,-0.05806932141313581,-0.055448920654289933,0.4180941195902582,0.8378556240261096,0.6736479903839648,0.6421073829414451,0.9709151085371334
1204,0.41405580496919137,0.44630729602576374,1.3731859396126644e-05,-0.000117246797531112,0.5084682936352168,0.6129906663622191,0.0023326299680758167,0.0010486053352055658,0.5968533838206053,0.1328920921148466,0.07931709486174576,-0.05740778389729565,-0.05498526196122769,0.41734474156451296,0.8378665211123981,0.6731135252151095,0.6421192484000402,0.9706106135978804
1205,0.4140263322887961,0.4462052396317927,-2.9472680395270512e-05,-0.0001020563939710395,0.5106528472784427,0.6140993352793461,0.002184553643225895,0.0011086689171270203,0.5971613091240643,0.13281673746085043,0.0793130168157086,-0.05669998184400333,-0.05459424006995574,0.4168015135665829,0.837782785334516,0.6727504016064122,0.6421880416643345,0.9704472460119415
1206,0.41395485814474386,0.4461425094569991,-7.14741440522304e-05,-6.273017479357934e-05,0.5124420128276663,0.6151968657212493,0.0017891655492235925,0.001097530441903194,0.5974045700911944,0.13273310612666397,0.07929536420246858,-0.05603129076560495,-0.05429268454385915,0.4167291794633223,0.8374632713283261,0.6727856703074072,0.6424484171676771,0.970040940524637
1207,0.4138780935913038,0.44637639297591775,-7.676455344007849e-05,0.00023388351891862058,0.5138422619589132,0.6166960929859694,0.0014002491312469223,0.001499227264720071,0.59756262223077,0.13233704756410358,0.07907967316068386,-0.055409950065371104,-0.05395454411506738,0.4171761637341032,0.8370751898500389,0.6730819005195329,0.6429094273264213,0.9692566612393889
1208,0.4139578432723733,0.44674591263090724,7.974968106949643e-05,0.0003695196549894919,0.5148983910886714,0.6189067683121182,0.0010561291297581654,0.0022106753261488254,0.5979076747190384,0.13142105587575376,0.07857765792779274,-0.05449184281826753,-0.05357157457415027,0.4179487043293446,0.8367110108498834,0.6736233216885434,0.6433123213508208,0.9679810130987239
1209,0.4140962026224851,0.44717729174338317,0.00013835935011180522,0.000431379112475927,0.5137708917883366,0.6193044904420479,-0.0011274993003348444,0.0003977221299297229,0.5983129102406974,0.13072308994035411,0.07821331237786971,-0.05405644086500554,-0.05348213891921378,0.41848703631099105,0.8367260107261401,0.674104756826047,0.6437259113921591,0.9673046311881331
1210,0.41454889373270704,0.4476715475673939,0.00045269111022194775,0.0004942558240107475,0.4735328055926743,0.5995674702800867,-0.04023808619566227,-0.019737020161961216,0.5973482364042767,0.13004192228385006,0.07768031293487984,-0.05288691620318924,-0.054770699707924156,0.4171174031596277,0.8341311747107577,0.672144417831615,0.6419617874316268,0.9640367522610709
1211,0.4153491713612312,0.44752471286007917,0.0008002776285241375,-0.0001468347073147469,0.41268036636406447,0.5651374372822874,-0.060852439228609834,-0.03443003299779934,0.5953644513040333,0.12959373070026925,0.07715550037080846,-0.051584649219350666,-0.056594607231400675,0.41413879372556206,0.82999184828172,0.6684503071723075,0.6387856147914137,0.9594587692085617
1212,0.41529291499092835,0.44727026739582637,-5.625637030282071e-05,-0.0002544454642527949,0.3555985865201794,0.5321987910778472,-0.05708177984388507,-0.0329386462044402,0.5931088524192996,0.12814114703630744,0.07600164866639704,-0.05019178484486672,-0.058144535038846486,0.41085816254849633,0.8263839000855341,0.6639322140077437,0.6348991406322271,0.9544103924872028
1213,0.415032833116136,0.4474119979085402,-0.00026008187479237277,0.00014173051271382242,0.31659403815677106,0.5096019353110732,-0.03900454836340833,-0.02259685576677395,0.591821201804012,0.12701436621191087,0.07516979485790798,-0.04919830844817163,-0.05938374838528665,0.4082460939611374,0.823789815463257,0.6603404485015398,0.6319234437877912,0.9506976905406305
1214,0.41417380119500047,0.447581359164334,-0.0008590319211355113,0.00016936125579380956,0.297044005617866,0.4994578076230383,-0.019550032538905082,-0.01014412768803491,0.591668014350781,0.12647558836150044,0.07483156022969571,-0.0493967710033089,-0.060670559773618224,0.4072516104670391,0.8235381341510595,0.6591762257241605,0.6307894886913119,0.9499150097312022
1215,0.4131561739927331,0.4476093207297163,-0.0010176272022673905,2.796156538231731e-05,0.296290555674878,0.49863768975607065,-0.0007534499429879826,-0.0008201178669676734,0.5920158510033842,0.12559934975773931,0.07435680593229974,-0.05030520651176163,-0.061644054812511555,0.4079634957550988,0.8254084753899137,0.6596575932047795,0.6311857879043716,0.9509193491294121
1216,0.4120609890688721,0.44730879762094505,-0.001095184923860959,-0.00030052310877126676,0.30866151750493015,0.5063084237164827,0.012370961830052152,0.007670733960412013,0.5926856723031189,0.12394318624519274,0.07345935066712274,-0.0510901760403013,-0.06240289905485325,0.4096052962261084,0.8286846228531187,0.6612148024173463,0.6322573175793347,0.9525487232158001
1217,0.4107822691205975,0.44698650135690665,-0.0012787199482746092,-0.00032229626403840195,0.3263824493164185,0.5160549005050517,0.017720931811488372,0.009746476788568992,0.593346551036563,0.12245229005704429,0.07265664397187604,-0.05171391927151612,-0.06260803516495218,0.41155906171501,0.8319340068108221,0.6631468306273428,0.633629515116874,0.9543129155041004
1218,0.40952398125211914,0.44630096941103264,-0.0012582878684783694,-0.0006855319458740072,0.3441890368368689,0.5276946916974297,0.01780658752045039,0.011639791192378013,0.5939297910625815,0.12119184819219653,0.07197944907527938,-0.052118445788758606,-0.06284512677324122,0.4135887675673456,0.835048038265919,0.6652732061845157,0.634975867491403,0.956171028506837
1219,0.40807767234601144,0.44519602224364985,-0.0014463089061076961,-0.001104947167382797,0.36245096007888095,0.5398459370276368,0.018261923242012035,0.012151245330207172,0.5942697788584161,0.11999272837020646,0.07130805215318059,-0.052386627694005095,-0.06289722274301415,0.41551604821241284,0.8388050420371256,0.6671955792940076,0.6361208068999692,0.9587309836639092
1220,0.40667326978239327,0.4439755453208199,-0.001404402563618179,-0.0012204769228299495,0.3797501065574321,0.5513915167552272,0.01729914647855113,0.011545579727590405,0.5946660885038889,0.11638303765629907,0.06920904577127218,-0.050958861720643,-0.06092080894095162,0.41950728450789565,0.8441074000909378,0.6690736448005042,0.6372860110127015,0.9604299216442045
1221,0.4055334672755744,0.44300537705501597,-0.0011398025068188877,-0.0009701682658039279,0.39570464328804583,0.5611853210990003,0.015954536730613755,0.009793804343773083,0.5948175974080423,0.11246410212244717,0.06689562701912674,-0.05065180826208663,-0.058834975274619256,0.42390330269085774,0.850937434749111,0.6708383277166013,0.6384315322792987,0.9633460921104525
1222,0.40469650280172803,0.44211974406621707,-0.0008369644738463466,-0.0008856329887989012,0.40943125063540714,0.569432881825546,0.013726607347361308,0.008247560726545644,0.5950441868106818,0.11125828188923906,0.06620359387273586,-0.05183898357233569,-0.05756562843629893,0.4275398021951151,0.8557536345733286,0.6728125117948796,0.6396414920658372,0.9669548381076989
1223,0.40407229195962024,0.4413594078247894,-0.0006242108421077863,-0.0007603362414276837,0.42113863389857203,0.576812234546133,0.011707383263164894,0.007379352720586985,0.5951934628025283,0.11065697989547073,0.06586231104725497,-0.05296859980692835,-0.056756674607234575,0.4305452905202378,0.8596951848612098,0.674833813709896,0.6407783775787337,0.970290569697235
1224,0.4033100760342429,0.44022636128328974,-0.0007622159253773408,-0.0011330465414996493,0.4309039635261325,0.5827890186856151,0.009765329627560493,0.005976784139482105,0.5958678197732955,0.1100603165367746,0.06558140085832666,-0.05330999027881158,-0.055321052686754496,0.4330948377451062,0.8631664034831663,0.676783071967076,0.6417695019041926,0.9731535528555079
1225,0.40237115584556726,0.4393087790538267,-0.0009389201886756404,-0.000917582229463032,0.43942692067792044,0.588124530942673,0.008522957151787913,0.005335512257057973,0.5968262543173841,0.10949156020047411,0.06534743775381534,-0.05346699091358979,-0.053400311326680897,0.43451392522618815,0.8659817735828942,0.6785194181492095,0.6424506535114631,0.9753854662394453
1226,0.40159756412684705,0.43887611187082975,-0.0007735917187202124,-0.0004326671829969486,0.44704058929920776,0.5929851426740568,0.007613668621287317,0.004860611731383746,0.5979417190623718,0.10958203635166201,0.0655236711944681,-0.0536969811234496,-0.05203727060351135,0.43489680761026106,0.8679281978679086,0.6800326571209766,0.6428450196187714,0.9774110040605913
1227,0.4009879192921565,0.4385701900741287,-0.0006096448346905592,-0.00030592179670108077,0.4541916363178906,0.5970605781534153,0.0071510470186828545,0.0040754354793585135,0.5989014905082126,0.10896844941169963,0.06526136677103567,-0.05367582535471401,-0.05107376590197202,0.4350303722724649,0.8692427764617121,0.6810684973529854,0.6431578270110783,0.97810454499523
1228,0.40091092733674366,0.4388171858818722,-7.699195541283066e-05,0.0002469958077435108,0.461480186104032,0.6005515290745311,0.007288549786141407,0.003490950921115843,0.5987202223529235,0.107347708436793,0.06427124386435351,-0.053225186113289406,-0.04958703067347421,0.43595688045983094,0.8707793183400901,0.6821041859300502,0.6437814605507554,0.9780138694399066
1229,0.40087114602782603,0.43926684426475565,-3.978130891763021e-05,0.0004496583828834666,0.46835242732041177,0.6032040339965882,0.006872241216379749,0.002652504922057042,0.5975014866571338,0.10709756353201573,0.06399095342773624,-0.05463292126928197,-0.05034754899495995,0.4371321183064078,0.870699843968614,0.6834099733473995,0.6444035232096156,0.9776800803592858
1230,0.40117474169085215,0.4400352047881426,0.00030359566302612384,0.0007683605233869684,0.47446677312051055,0.6046326299538188,0.006114345800098786,0.0014285959572306606,0.5954960526457189,0.10430040031766485,0.06211047667853771,-0.05650324145566794,-0.05097210484716916,0.4402622626938129,0.872224485447644,0.6849570938735614,0.6446920545126943,0.9764044036306316
1231,0.4022947879665297,0.4409333436341904,0.001120046275677522,0.0008981388460477802,0.47906314089293506,0.6049620056051117,0.004596367772424503,0.0003293756512928736,0.5925643329619404,0.0940473512365898,0.05572910595234716,-0.05526406230298916,-0.04757580030405826,0.4488895842164921,0.8784009791294656,0.6863569141651867,0.6453248382959814,0.9723315154942247
1232,0.40322939316855405,0.44186045989902106,0.0009346052020243745,0.000927116264830663,0.48217082296415315,0.6041320975867418,0.0031076820712180875,-0.000829908018369907,0.5882910553177837,0.08274038753606648,0.048675429900994945,-0.05455004315910275,-0.04428695662404309,0.4575426925440784,0.8869879205089508,0.6874191735808579,0.645873887177739,0.9696125390875425
1233,0.4034531298563941,0.44235734613997646,0.00022373668784003709,0.0004968862409553965,0.4839649275276335,0.6024119591745164,0.0017941045634803365,-0.0017201384122254026,0.580939148468323,0.0708787200667061,0.041176223280076876,-0.05519612559308641,-0.04230357890595396,0.4632343795349561,0.8981893412739813,0.6875678513989871,0.6457125774926522,0.9689612198163438
1234,0.4033446928620584,0.44282110119503715,-0.00010843699433571441,0.00046375505506068837,0.48480273454806005,0.6008028514572314,0.0008378070204265731,-0.0016091077172849522,0.5738952270210955,0.057934603081361356,0.03324839218775494,-0.05727064674083862,-0.04179939532157621,0.466320916546475,0.9130902375884111,0.6873256666791056,0.6452729073382436,0.9709314492034931
1235,0.4033094571983914,0.44343109137825654,-3.523566366697706e-05,0.0006099901832193888,0.48566706773473634,0.5995432781930945,0.0008643331866762805,-0.0012595732641369484,0.5665691743738396,0.04697083076690088,0.026612224807256373,-0.060170607509819674,-0.043088316603433964,0.467104076403139,0.927642323814373,0.6867881228646012,0.6445398141703889,0.9745246178301638
1236,0.4032968213048181,0.444088412755697,-1.263589357330952e-05,0.0006573213774404563,0.4860091932638406,0.5985392853062721,0.00034212552910428684,-0.0010039928868224024,0.5573892372543063,0.03847396850154172,0.021444975957220547,-0.06102280374357327,-0.045577060935446945,0.4667279670435809,0.9418522308950282,0.686551298286654,0.6439520884312607,0.9802307729694565
1237,0.403804889211014,0.44486168437488915,0.000508067906195897,0.0007732716191921618,0.4864933624333344,0.5985694762731687,0.00048416916949378663,3.0190966896603832e-05,0.5465394927467154,0.03189843193909748,0.01743375281140996,-0.06052307037153178,-0.04783060056910015,0.4664917196088439,0.9542413779540322,0.6863705852308537,0.6436683392377887,0.9860313436714855
1238,0.4042891550188179,0.4455248052334591,0.0004842658078039186,0.0006631208585699544,0.486180325997292,0.5990005153365632,-0.00031303643604241316,0.0004310390633944783,0.5355970954781308,0.02711727816658141,0.014523935423293536,-0.05881132527491051,-0.048748773955666916,0.4675852886889709,0.9644623709788329,0.6862782421641447,0.6436579825064492,0.9914568241562037
1239,0.4052838329808101,0.4465517188542898,0.0009946779619922075,0.0010269136208306828,0.4862037083002534,0.5998025710561504,2.338230296139443e-05,0.0008020557195872469,0.5262033422718982,0.023560555056118627,0.012397642816310693,-0.05658069535846143,-0.04895642737685229,0.46928679132361106,0.972177724119525,0.6862495467002111,0.643811402828715,0.995594549020654
1240,0.4058166395959186,0.4471583501188331,0.0005328066151085165,0.0006066312645433003,0.48623702553550635,0.6006084811649469,3.331723525296093e-05,0.0008059101087964926,0.5176664201725325,0.021061041389840177,0.010902593901384103,-0.05405718822580898,-0.048356482305486406,0.47184082165008406,0.9785998388379922,0.6864081031696575,0.6440268781199925,0.999499330007138
1241,0.40734346024879475,0.4482018333653558,0.0015268206528761263,0.0010434832465227029,0.4874870288564149,0.6020703252288013,0.0012500033209085215,0.0014618440638544117,0.5097415236697569,0.018864102216388588,0.009615816206443957,-0.05189963547373436,-0.04790439496295597,0.47449402343872477,0.9822193136514032,0.6867835892125491,0.6444990781087682,1.0008959686899952
1242,0.4080692282705629,0.4486215764269433,0.0007257680217681584,0.0004197430615874853,0.4877430486724643,0.6029725611777028,0.00025601981604944646,0.0009022359489014864,0.5038404539336193,0.01723530390457564,0.008683843342965273,-0.050029766887198415,-0.04650905335657406,0.4767740861529107,0.985759090011821,0.6870776450807331,0.64464210779611,1.002788082410767
1243,0.4084898856521015,0.44878561670878064,0.00042065738153856946,0.0001640402818373632,0.4883179321280556,0.6040593488620065,0.0005748834555912574,0.0010867876843037028,0.49869064350716613,0.016292036950663474,0.008124686390968897,-0.04953450436696154,-0.04588032545950854,0.4790866787559782,0.988227143948465,0.6881036171469411,0.6453353385572466,1.0043005432018084
1244,0.408581622749379,0.44873709279376445,9.173709727750001e-05,-4.852391501619646e-05,0.48878072907106374,0.6050234070075534,0.0004627969430081591,0.0009640581455468977,0.49459140269329993,0.01600599946813725,0.007916429728454216,-0.050394516505993955,-0.04649993172859083,0.4807962586295747,0.9898872629806829,0.6890491498826194,0.6461332184588545,1.0056738102017457
1245,0.408493291499497,0.4485712417041618,-8.833124988200103e-05,-0.00016585108960265327,0.488746225397948,0.6058939864570565,-3.450367311574887e-05,0.0008705794495030839,0.49100259321808915,0.016141267919634123,0.007925404406368306,-0.051631543269937394,-0.047369446715717814,0.482582502831639,0.9907515618126207,0.6899237343016438,0.6470662823405674,1.006676821640895
1246,0.4081776050809853,0.4481460189948682,-0.000315686418511707,-0.0004252227092935712,0.48860772764079474,0.6070367552678683,-0.0001384977571532442,0.0011427688108117673,0.4887425633580417,0.01638921882009532,0.008010108817569247,-0.05222378044600939,-0.04781899639034157,0.484661854665845,0.9897157329415611,0.6910974747547575,0.6477468255714117,1.0058918008737912
1247,0.40773466022475374,0.44749373696893685,-0.0004429448562315308,-0.0006522820259313722,0.4886738252278591,0.6087700709291121,6.609758706438429e-05,0.001733315661243795,0.4862200501509232,0.01665097488836429,0.008096037845282247,-0.0525951942643003,-0.04821801554695333,0.4865521809190122,0.9888083169189578,0.6924179795836581,0.6478618065780711,1.005244519463255
1248,0.40729763160714777,0.44696062355983246,-0.00043702861760597234,-0.000533113409104391,0.4886994348314863,0.6103537702482449,2.5609603627185784e-05,0.0015836993191328252,0.48367006726199335,0.01690461754751145,0.008176257506243135,-0.05290937502757648,-0.04844029548713029,0.48793515288849915,0.9883196206241166,0.6934491042461484,0.6478518031442528,1.0050084386651896
1249,0.4068886593944408,0.44649834193000726,-0.0004089722127069706,-0.0004622816298252008,0.48875855854784517,0.6117769189496147,5.912371635885538e-05,0.0014231487013698363,0.48147162802780813,0.017152557777170282,0.008258469917815217,-0.053203222185886606,-0.04859848803927082,0.48890260426854815,0.9878947032787383,0.6940767870077851,0.6478329135571361,1.0048279768663744
1250,0.4065329159367012,0.4460664329779127,-0.00035574345773958793,-0.0004319089520945507,0.4889906625720287,0.6134794301320395,0.0002321040241835548,0.0017025111824248151,0.47938834550139037,0.0172815984234007,0.008284596875813496,-0.05345611613752747,-0.04947741695832051,0.49069149642544024,0.9866571860288106,0.6945410243807447,0.6478674949698056,1.0037166678572764
1251,0.4061635158272869,0.4456421917748094,-0.00036940010941433066,-0.0004242412031033038,0.48931741537125234,0.6149015994670208,0.00032675279922361744,0.0014221693349812936,0.4771152575654273,0.01749458059399426,0.008346931326102697,-0.053487628822118244,-0.04999891825668216,0.49346196388567687,0.984110538649879,0.6947253156410881,0.6480706121894367,1.001382684755096
1252,0.4057995268586244,0.44527216141341197,-0.00036398896866246533,-0.00037003036139743317,0.4895881775044129,0.6160763275074908,0.0002707621331605736,0.001174728040469919,0.4752420992027143,0.018037867213045747,0.008572353879467675,-0.053800498279727646,-0.0501322177722195,0.4964575849261991,0.9808938408491337,0.6947769818653674,0.6483199527348295,0.9987165693451419
1253,0.4055731421964801,0.4450357560323194,-0.00022638466214430775,-0.000236405381092597,0.48994918353987543,0.6172002766582512,0.00036100603546251886,0.0011239491507604171,0.47368277596217523,0.018527274530129863,0.00877605083044522,-0.053901266898121275,-0.049746745441520045,0.4994498131716704,0.9773415432384889,0.6946817275363768,0.6486743736382058,0.9956577819286266
1254,0.405639618327178,0.4448784887444074,6.647613069787894e-05,-0.00015726728791198852,0.4893395652265321,0.6172393153340785,-0.0006096183133433297,3.903867582732978e-05,0.4722715204964831,0.01966070676846451,0.009285191879578231,-0.053930194291724964,-0.049344545535672725,0.5023172383537607,0.9736805273908493,0.6949413680110335,0.6494899568382054,0.9931400405791639
1255,0.4056698043664142,0.4443274718716821,3.018603923621299e-05,-0.0005510168727252962,0.4875811654700513,0.616063073061716,-0.0017583997564807885,-0.00117624227236246,0.47118428062799983,0.020407048327202193,0.009615480385793592,-0.05359155842972706,-0.04865852483256938,0.5052565373127849,0.9707350605343071,0.6954792935247363,0.6503486291845705,0.9909426756264871
1256,0.4058481846884821,0.4436513961526173,0.00017838032206790588,-0.0006760757190648059,0.48497849016819333,0.6136671689467631,-0.002602675301857982,-0.0023959041149529403,0.47043710207718104,0.021121280015209028,0.009936233762515612,-0.05304058077310074,-0.047724671487875674,0.5078859824807417,0.9672242428061101,0.6959842797524796,0.6511775326743111,0.9881481490927722
1257,0.4062477266192912,0.4426916291711982,0.0003995419308090997,-0.0009597669814190857,0.4826750524238851,0.6110572740838278,-0.0023034377443082454,-0.0026098948629352803,0.47061022564018756,0.021767399583481156,0.010243960829582191,-0.0522860640615893,-0.0467640657689176,0.5102981274816367,0.9633613999174536,0.696440971644562,0.6518443735706547,0.9849387803963008
1258,0.40759648247186947,0.44230433623516835,0.001348755852578265,-0.00038729293602984827,0.48098058424210705,0.608687292635836,-0.0016944681817780416,-0.0023699814479918313,0.47113132554306475,0.021485498395038133,0.010122491338807705,-0.0510630886666974,-0.04527832718293754,0.5118732414420528,0.9606381547652036,0.6966037071986456,0.652420574971512,0.9819340054995797
1259,0.40919685352810814,0.44287853345424877,0.0016003710562386697,0.000574197219080419,0.48166619335380534,0.6071312093022397,0.0006856091116982932,-0.0015560833335962476,0.4706053667685019,0.02019147815059504,0.009502217980658971,-0.05007894451314967,-0.043995522863717426,0.5082935532849424,0.9601327589174738,0.6956692172219694,0.6519139326118947,0.980104922854222
1260,0.41128249172172654,0.4435232630903903,0.0020856381936184,0.0006447296361415389,0.4839414939025785,0.6048817085341059,0.0022753005487731737,-0.002249500768133794,0.4704676430380508,0.01948356193927954,0.009166385463558718,-0.04926978143930703,-0.04257789529709493,0.5061586750954498,0.9585122143126769,0.6952956572819549,0.6513854160628089,0.9777278507710484
1261,0.4126559961619112,0.44364990275735455,0.0013735044401846364,0.00012663966696424556,0.48740105449421023,0.6034157705972114,0.0034595605916317163,-0.0014659379368945347,0.4736933474131216,0.02056877175927316,0.009743290346826585,-0.051470948768452054,-0.044901043001456864,0.5056967422877588,0.9560985383169184,0.6967320980455894,0.6523745666849422,0.9763696930745316
1262,0.4136820359923872,0.44293655853850694,0.001026039830476,-0.0007133442188476113,0.4903014385804494,0.6024506678055447,0.0029003840862391606,-0.0009651027916667276,0.4801867840630619,0.02664404942588683,0.012794120408233868,-0.05742060803471517,-0.0512797880327495,0.505134036686253,0.9530691592958168,0.6998691899882566,0.6546128024145247,0.9794336334932113
1263,0.4146696023458223,0.4428980873967268,0.0009875663534351098,-3.847114178012756e-05,0.4929749695837384,0.6023388771408423,0.002673531003288987,-0.00011179066470234922,0.48603774983191306,0.047731916883828156,0.023199513477379738,-0.0710609745141074,-0.06522109246905423,0.4984670265511303,0.9435799463361678,0.7023388924825855,0.6566769085384817,0.9911392777005888
1264,0.4154055789262132,0.4429304390622714,0.0007359765803909291,3.2351665544605446e-05,0.49457316506175397,0.6020108407763586,0.001598195478015596,-0.0003280363644837525,0.49201257878855365,0.0816248366218721,0.040160446359521665,-0.08730176628921252,-0.08143541315281705,0.4900103667333816,0.9249378273037601,0.7048838741542967,0.6590886522615897,1.0064824655405744
1265,0.4159142083212397,0.44313938798712454,0.0005086293950264942,0.0002089489248531251,0.49541192382079896,0.6013901428158005,0.0008387587590449885,-0.0006206979605580809,0.49834846761569346,0.11167075920331174,0.0556509517264515,-0.09916423424259863,-0.09327232470340854,0.4836468286272663,0.9063877815953821,0.7071521666582663,0.6612996609299601,1.0180258437225629
1266,0.4170178324649086,0.4434158940038707,0.0011036241436688798,0.0002765060167461697,0.4966756326286488,0.602369378753019,0.001263708807849817,0.0009792359372184922,0.5059383243748018,0.13590603693817677,0.06876007260092107,-0.10695637777776343,-0.10160594245145005,0.4796090003570821,0.8916142082102272,0.7098021404686797,0.6638598136096896,1.027512412194505
1267,0.41679111267736496,0.44335474760998916,-0.00022671978754362776,-6.114639388155041e-05,0.4961762495783723,0.6010810244745711,-0.0004993830502764696,-0.0012883542784478674,0.5131626160589401,0.15408837800851868,0.0790723951631303,-0.11235956454574023,-0.10730658617757341,0.47596014796686736,0.8833565372368243,0.7100063927724175,0.6646289888888933,1.037444113522797
1268,0.4159223979562163,0.44326351709812,-0.0008687147211486335,-9.123051186915587e-05,0.49552043005578017,0.5990184418602865,-0.0006558195225921382,-0.0020625826142846027,0.5205541318974346,0.1669269586837963,0.08689451806792252,-0.11624424379238349,-0.11222961116591508,0.4714252630809297,0.8786818256347773,0.7085437200011631,0.6645031565685763,1.0456066006757436
1269,0.41466085804011216,0.44285323392366693,-0.0012615399161041707,-0.0004102831744530744,0.49391616077945977,0.5980328261559217,-0.0016042692763204025,-0.0009856157043648395,0.5274858482158139,0.17529745502831323,0.0924669267556833,-0.11914805100974463,-0.11641315725757795,0.4659101443962819,0.8762489769313656,0.7067174004485198,0.664274560629489,1.0515438837945532
1270,0.41375940169450004,0.44240098559507524,-0.0009014563456121172,-0.00045224832859169783,0.4935568998603056,0.5986487024970405,-0.0003592609191541696,0.0006158763411188151,0.5335914936394562,0.17870646342717086,0.09535624874312897,-0.11935034542919415,-0.11775759043128824,0.46087240670694396,0.8748520140240096,0.704365953476723,0.6635121593398253,1.053557388792496
1271,0.41320073630777,0.4424803646792758,-0.0005586653867300506,7.937908420058148e-05,0.49371184512217775,0.5991045410944975,0.00015494526187215252,0.0004558385974570145,0.5392161587077461,0.1784291164748253,0.09621186278717231,-0.11774854597324805,-0.11658187235950494,0.4575167519593038,0.8738664788436514,0.7028410441524054,0.663267802479373,1.0522954467644399
1272,0.41256395982330496,0.44223338029897413,-0.0006367764844650292,-0.0002469843803016847,0.4936921515123405,0.5993532495312371,-1.969360983722357e-05,0.00024870843673963083,0.5444621628663097,0.176174282384927,0.09592023082871735,-0.11603725300639955,-0.11476771926536375,0.4551994056687239,0.8743246394784728,0.7019459821565833,0.6633221616273128,1.0504971537045869
1273,0.4124482395477102,0.44203439080113793,-0.00011572027559475506,-0.00019898949783619946,0.4928859709387874,0.599068934716072,-0.0008061805735531391,-0.0002843148151651098,0.5496126762554445,0.1769133139363436,0.09723379993777344,-0.1154618001752864,-0.1140311866963379,0.45273684697155375,0.8730547552431134,0.7013527233638486,0.663371979858494,1.0499634183403619
1274,0.4127045934522785,0.4421416909035456,0.0002563539045682961,0.0001073001024076703,0.4889463198547328,0.5963367599584601,-0.003939651084054585,-0.0027321747576118938,0.5549615097567969,0.18062605256984593,0.10024050683557227,-0.11601357773343035,-0.11447240236190491,0.45071349208727834,0.8713019694586974,0.701318569146507,0.6639078720083001,1.0519199380433462
1275,0.41274268722907137,0.44226578647142123,3.809377679286907e-05,0.00012409556787562614,0.44565606538332714,0.5686323639691893,-0.043290254471405665,-0.02770439598927088,0.5578431830980808,0.18649595977361705,0.10403549983504616,-0.11704310840604984,-0.11564812956943259,0.44691317228623045,0.8662253748334448,0.6985552471094201,0.6620093379714009,1.052708565795535
1276,0.4129241523301117,0.44246019397709785,0.00018146510104033453,0.00019440750567661924,0.385175951201374,0.5356738712458344,-0.06048011418195315,-0.032958492723354826,0.5589211595815521,0.19214332101885465,0.10739296778970865,-0.11729860083648994,-0.11711730580672892,0.4416130086414981,0.8590212034246305,0.693801160980348,0.6579313183957778,1.051145809763534
1277,0.41262456350390014,0.44235528081684816,-0.0002995888262115609,-0.00010491316024968667,0.3414577725026468,0.5117180436681521,-0.043718178698727184,-0.02395582757768233,0.5600205964498488,0.1969213498604375,0.11028001180255155,-0.11788864539607306,-0.1185280618047955,0.4372828264467898,0.854034270983896,0.6899171505049962,0.6545999020368963,1.0509307842376718
1278,0.4121748644679658,0.4431821603419328,-0.0004496990359343367,0.000826879525084645,0.318969729114277,0.5004877899699646,-0.022488043388369794,-0.011230253698187531,0.5628212962251189,0.200222252219813,0.11268934752746784,-0.11841803282680932,-0.1197682293726539,0.4360343152895796,0.8541910142269943,0.6894756229656867,0.6543535150145536,1.0543824340998695
1279,0.412151162018926,0.44423686557372666,-2.3702449039819662e-05,0.001054705231793851,0.3055955718289112,0.49592713125917987,-0.013374157285365784,-0.004560658710784704,0.5658053608405776,0.2026472811884376,0.11465891805618594,-0.11879431627096941,-0.12075186220844744,0.4359054309171091,0.8564380800711919,0.6903166079089241,0.655264653840404,1.059048321847423
1280,0.4123937195852602,0.4450260521104354,0.00024255756633423387,0.0007891865367087303,0.30369858900132984,0.49300078973601524,-0.0018969828275813838,-0.0029263415231646217,0.5684142610666321,0.20450713594984812,0.11624477256378618,-0.11907345103719101,-0.12167497389913473,0.43608675408804054,0.8589389532931013,0.6916155096890434,0.6564327616916249,1.063403462098525
1281,0.41271876726319123,0.44567531270934163,0.00032504767793101186,0.0006492605989062428,0.31094630023416603,0.49347493888892935,0.007247711232836185,0.0004741491529141051,0.570557291996887,0.2055793393550276,0.1172947911529136,-0.11955675414295225,-0.12241505057242921,0.43628154849169115,0.8619604069836894,0.693005631922445,0.6576722366049869,1.0674933523078889
1282,0.4127362646639025,0.44645465282218016,1.7497400711274924e-05,0.0007793401128385335,0.3251759939725416,0.4979820688350597,0.01422969373837557,0.004507129946130339,0.5722564778528405,0.20688012917178764,0.11838849405758788,-0.11971795338697737,-0.12300012175356043,0.4364548857067388,0.8635557632288059,0.6942622622478737,0.6589646253596558,1.0703858595528208
1283,0.41258849509474077,0.4473847945825688,-0.00014776956916173756,0.0009301417603886364,0.34230752725290803,0.5047111714109642,0.01713153328036643,0.006729102575904533,0.5738465293760538,0.2077013386911505,0.11918869235467701,-0.11891696117280283,-0.12298153945381808,0.4367438819498882,0.863946352582815,0.6955431577269662,0.6603899781817557,1.071594576586191
1284,0.41289358179494406,0.4482454080094683,0.0003050867002032942,0.0008606134268995258,0.359958462754993,0.5131629979388564,0.017650935502084963,0.008451826527892226,0.5757387443148387,0.2075657999190785,0.11950367300811532,-0.11741188213760251,-0.1224005519700984,0.43728419623850445,0.8641518328059988,0.6969458729274525,0.6618264434696922,1.0716657620373027
1285,0.413277659406054,0.4490057076303673,0.0003840776111099231,0.0007602996208989632,0.3768529035844229,0.5216311931474855,0.016894440829429924,0.00846819520862907,0.5780815478686447,0.20703456731205208,0.11968286313406619,-0.11560777229564259,-0.12160901290152418,0.4382319687949834,0.8639351763407659,0.6986142096653148,0.6633473314014089,1.0709216310297938
1286,0.41387573293545027,0.4496324203182599,0.0005980735293962813,0.0006267126878926055,0.39136194492591375,0.5294379914936487,0.014509041341490836,0.007806798346163157,0.5811014550991546,0.20660700077045158,0.12005962878138156,-0.11402594391642618,-0.1210483441036746,0.4396029649898035,0.8642147524150712,0.7006371016654278,0.6651130584191572,1.0707758140648884
1287,0.41451929433807744,0.4499935509882693,0.0006435614026271685,0.0003611306700094241,0.4033242879661968,0.5371228746422692,0.011962343040283041,0.0076848831486204805,0.5834261930226532,0.20596206533727604,0.12016366368680992,-0.11253154058439103,-0.12034624091266612,0.44113397270579163,0.8644281379131654,0.7026576679845705,0.6667557261315796,1.0703464040851383
1288,0.41496364510851236,0.4496644301933505,0.00044435077043492033,-0.0003291207949188135,0.4132994622263746,0.5443584993834535,0.0099751742601778,0.007235624741184332,0.5848534083410964,0.20502016555286087,0.11990674260224654,-0.11107524954145412,-0.119441280515298,0.44263285239744327,0.8643405439363226,0.7042855396422044,0.6680805923271639,1.069318467626462
1289,0.41533603545157544,0.44927046764964035,0.00037239034306307817,-0.00039396254371015793,0.4215802226191699,0.5507568263614504,0.008280760392795294,0.006398326977996915,0.5858943809458533,0.20383631289429868,0.11942655035749039,-0.1096209435763779,-0.1183347158517656,0.4440133819552272,0.8640857649281336,0.705621013848698,0.6690853265608503,1.0678796012367506
1290,0.4155996500396885,0.44876678293066413,0.00026361458811308136,-0.0005036847189762161,0.4284990607623575,0.5564903855073379,0.006918838143187611,0.005733559145887468,0.5866449558188966,0.20244760053736852,0.11876486367288619,-0.10832513212505464,-0.11711422024338275,0.4451455694392407,0.863970779138527,0.706682629737812,0.6698464179520255,1.0663740008912233
1291,0.4158678106542552,0.4482047329405582,0.0002681606145666926,-0.0005620499901059506,0.4345073427941577,0.5618866751496508,0.006008282031800205,0.005396289642312979,0.5871873804609677,0.20107189846315085,0.11806688134289123,-0.10723230740653532,-0.11594328968730437,0.44616932439709184,0.8636413614558701,0.7076165883685133,0.6705215565748139,1.064666942027503
1292,0.41608701746229293,0.44762517468093665,0.00021920680803771964,-0.0005795582596215265,0.43963520843577564,0.5665458334260354,0.005127865641617935,0.004659158276384523,0.5875969095998443,0.19963218466885174,0.1173032547680827,-0.10633132676734144,-0.11473548375276306,0.4471924095438012,0.8634220312090456,0.7084374010625856,0.671241923790275,1.0630058291715723
1293,0.4162646664077865,0.44687329722197977,0.00017764894549354704,-0.0007518774589568844,0.44398591803463944,0.5702768129468867,0.0043507095988638,0.0037309795208513297,0.5877130546715763,0.19818607329588273,0.11647654253008816,-0.10556640556270468,-0.11347570581321009,0.4482597180612719,0.8633236597650416,0.7091012988386267,0.6720202003931715,1.061459315099784
1294,0.41617279071769037,0.44589699339898564,-9.187569009611041e-05,-0.000976303822994129,0.4476312014910064,0.5728869884741669,0.0036452834563669434,0.0026101755272801563,0.5876573951006431,0.19669027023343397,0.11558649184702136,-0.10506269607620412,-0.11215024170654944,0.44928482981774254,0.8632228611048806,0.7095748404432364,0.6728055982383966,1.0598604622924506
1295,0.4159423796928137,0.4448595354075976,-0.00023041102487664222,-0.0010374579913880466,0.450652983781566,0.5747639643756808,0.003021782290559605,0.001876975901513922,0.5874084151852362,0.19459915059694827,0.1143091786485465,-0.10431790959365404,-0.11038770929175573,0.4507234088033705,0.8632004050604727,0.7098337266376467,0.6735085083249632,1.0577425399658467
1296,0.4157083263049167,0.44396764217954615,-0.00023405338789700414,-0.0008918932280514436,0.4534259112966684,0.5761263353133451,0.0027729275151024413,0.0013623709376643367,0.5869869735523483,0.19232168664719174,0.11289032479351815,-0.10348192926908624,-0.10859476988565087,0.45219755802479905,0.8635658334713069,0.7098533038666727,0.674175886053668,1.0558249912488824
1297,0.415319051842311,0.44322613682477074,-0.0003892744626057265,-0.0007415053547754069,0.45575866822612343,0.5769446601678371,0.0023327569294550043,0.0008183248544919586,0.5865396378698654,0.19010557420280133,0.11150445464995391,-0.1025352067679124,-0.10695645294188583,0.4529050893067384,0.8640513068969435,0.7094413707923714,0.6744057825530428,1.054089876916845
1298,0.41490901161606564,0.44265128307967133,-0.0004100402262453562,-0.0005748537450994129,0.4580845082465235,0.5777368857079932,0.002325840020400094,0.0007922255401561218,0.5860392341244844,0.18759082973934554,0.10993558618922263,-0.1015723818819682,-0.10546642685971448,0.45316623406905765,0.8648980242525284,0.7087563159751471,0.6743353243280142,1.052417729741499
1299,0.41459832827398385,0.44217806823955697,-0.0003106833420817856,-0.00047321484011436654,0.4600924464310023,0.5784057314478867,0.0020079381844787525,0.0006688457398934533,0.5856439110768973,0.18468258338798813,0.10815823044312659,-0.1004659568992118,-0.10409798761023595,0.45311256799966004,0.8661149088034843,0.7079941747882901,0.6740955718155126,1.0507222935171308
1300,0.41461969042066943,0.4418648724137266,2.1362146685577343e-05,-0.0003131958258303924,0.4624562594788469,0.5794007087075291,0.0023638130478446095,0.0009949772596424822,0.5852526773280282,0.18175639673661192,0.10637341781159743,-0.09896260853159773,-0.10284590293731057,0.4530740727239542,0.8674126573340959,0.7073512830567805,0.6737800233410751,1.0490908993836412
1301,0.41481167543893116,0.44154233332646464,0.0001919850182617311,-0.0003225390872619305,0.46474104521587545,0.5806451265348728,0.0022847857370285607,0.0012444178273436357,0.5848357584228456,0.17879103327707982,0.10456338954580521,-0.09744804459332113,-0.10163457398279181,0.4530202907146459,0.86880083310404,0.7067207329170456,0.6734155312542335,1.0475112194147935
1302,0.4148678923114237,0.44103654243937856,5.62168724925205e-05,-0.0005057908870860772,0.4670330179691908,0.5821874211277246,0.00229197275331533,0.0015422945928518228,0.5844842496654995,0.1759870170871217,0.10286163963303577,-0.09590573753807503,-0.10039488695701715,0.45292253494447515,0.8699376179442154,0.7061263971922219,0.6730247486841858,1.0458417891304768
1303,0.4147446356000734,0.44043866631623896,-0.0001232567113502725,-0.0005978761231396068,0.4690408606380688,0.5835796348535797,0.002007842668878046,0.0013922137258550737,0.5839544646935728,0.17323413336712667,0.10116084561705546,-0.09446466500554598,-0.099198802079774,0.45293387425349557,0.870926095243717,0.7055342855344278,0.6725259350227474,1.0440740050046755
1304,0.4145681940074581,0.43988673558381913,-0.00017644159261531733,-0.0005519307324198253,0.47069281564616766,0.5848361892527945,0.0016519550080988377,0.0012565543992147932,0.583451142325883,0.17078017694402162,0.09964188932460584,-0.09313260824877834,-0.09809075645515689,0.45306357736553143,0.871735000639731,0.7050431387471752,0.6719547894046913,1.0424239553462538
1305,0.41444992975650813,0.4394601691541048,-0.00011826425094996207,-0.0004265664297143368,0.4717802602062687,0.5858359138066969,0.001087444560101014,0.0009997245539024036,0.583053105515184,0.16829118010743388,0.09812269519245448,-0.09170493304575984,-0.09682118886526017,0.4534176284685809,0.8723657841199602,0.7046186488407806,0.6714829268659197,1.040560350405353
1306,0.41511659015814173,0.4397033794736423,0.0006666604016336009,0.00024321031953750127,0.4701669245446152,0.5848116963839837,-0.0016133356616535033,-0.0010242174227131917,0.5826399172903668,0.16560898775037367,0.09649040692541908,-0.09014915318647573,-0.09548760676552577,0.45387339890353856,0.873635878086537,0.7041431554873904,0.6711194231154674,1.039139735581673
1307,0.41595084148332623,0.4392995202861767,0.0008342513251844985,-0.000403859187465605,0.41358137983549537,0.549873647300962,-0.056585544709119806,-0.03493804908302167,0.5789523616719281,0.16031473774480232,0.09281459602816909,-0.08607024691801775,-0.09394367211506673,0.45103661368717013,0.87085218861446,0.6983848318205207,0.6655462847417769,1.0310631665555385
1308,0.41683553555990593,0.4390063565026039,0.0008846940765797062,-0.00029316378357280293,0.3453176148092274,0.5068778923892022,-0.06826376502626796,-0.042995754911759776,0.5735385235987531,0.1540223602428378,0.08833775709487249,-0.081731768766402,-0.09227201863478572,0.44634541430525576,0.8658963039485091,0.6905005774650633,0.6577274543585406,1.0198170605636658
1309,0.41589467269393715,0.43866537132237,-0.0009408628659687834,-0.00034098518023389923,0.2967889238872805,0.47969271762620014,-0.04852869092194689,-0.027185174763002085,0.5686284675744306,0.1468574375181683,0.08350731964786373,-0.07769662619855672,-0.09021790363021896,0.44237720594880875,0.8623466392480063,0.683563921400585,0.6506644129173584,1.0091024643870241
1310,0.41630058797300157,0.4398499236355588,0.00040591527906441716,0.0011845523131888136,0.2681345099733803,0.46621199440160627,-0.028654413913900223,-0.013480723224593871,0.5665429418286088,0.14000763299004468,0.07932033627264008,-0.07434550075452258,-0.08842548858618593,0.44141164310809466,0.8635662361595268,0.6806435108677243,0.6476730471633326,1.0034690882830413
1311,0.41770405410448597,0.44234525176688055,0.0014034661314843988,0.00249532813132175,0.2604237655889407,0.462305071126992,-0.007710744384439583,-0.003906923274614282,0.56571515211886,0.1340138431607643,0.07581366166972484,-0.07161938470535466,-0.08695391933835657,0.4422322292532401,0.8675284773398111,0.680333608684424,0.6474414961117978,1.0014342177389652
1312,0.41985695320632727,0.4449200265741963,0.002152899101841299,0.0025747748073157717,0.2683865248501155,0.46571355528600494,0.00796275926117479,0.003408484159012959,0.5654900727100799,0.12766228836380536,0.07219175672918347,-0.06921720145448164,-0.08573353208952024,0.443559683221726,0.8729795585347268,0.6809046740473789,0.6483411509783371,1.0005336747322424
1313,0.421547093696469,0.4470631544960977,0.0016901404901417116,0.0021431279219013555,0.28648298064426764,0.47537215118213055,0.018096455794152144,0.00965859589612561,0.565275332940467,0.12209729575784964,0.06901858951064911,-0.06745907671294099,-0.08494092803109886,0.4445460070867732,0.8779118357209579,0.6814831479372266,0.6493712197454784,0.9998998863568804
1314,0.42295104678722995,0.4487908125317233,0.0014039530907609676,0.0017276580356256344,0.3071780119872938,0.48693562135266466,0.020695031343026138,0.011563470170534107,0.5650355509914138,0.11662122348918508,0.06589513727150449,-0.06636042017713077,-0.08444818468534965,0.44535380260657426,0.8827762183088931,0.6819464063037594,0.6504036648352384,0.9992864279633233
1315,0.4240496456532908,0.44999674436311676,0.0010985988660608403,0.0012059318313934475,0.32862616854374405,0.5004847348546859,0.02144815655645027,0.01354911350202126,0.5647167008244685,0.10964782887713967,0.061919960176064194,-0.06534069041498332,-0.0838939722724852,0.4463131694584127,0.888912721424749,0.6822863626218992,0.6512281695598611,0.9984494166862886
1316,0.42480544726412617,0.45081366609417045,0.0007558016108353827,0.000816921731053688,0.34904576895023537,0.5148210958530719,0.020419600406491323,0.014336360998385977,0.5649019564874538,0.10199998089746383,0.05761998877066023,-0.06462989336376744,-0.08354470095078109,0.44703135505454694,0.8955315787189482,0.6823344469856273,0.6519185623681145,0.9974225344202723
1317,0.42509671046870906,0.45136257440140726,0.00029126320458289223,0.0005489083072368062,0.36826811177362334,0.52965629542395,0.019222342823387972,0.014835199570878088,0.5658432677416558,0.09368341387232294,0.053010129038709185,-0.06404498060445778,-0.0832657961809284,0.4475078604132916,0.9023008621293443,0.6822045047087848,0.6523951523106393,0.9958758848696724
1318,0.4250598808997139,0.4517141925211216,-3.682956899514478e-05,0.00035161811971434753,0.384949671660213,0.542691895301814,0.016681559886589648,0.013035599877864068,0.5664339576175791,0.08488741878269265,0.04808311657302142,-0.0632586743184558,-0.08288184668848025,0.44798152009973524,0.9088784892141136,0.6818106257575209,0.6525682559455284,0.9936554751648807
1319,0.42497605382863995,0.45205520932741916,-8.382707107396081e-05,0.00034101680629755604,0.3997661701211127,0.5540407063489192,0.014816498460899719,0.011348811047105167,0.5661440642020202,0.07663737224670691,0.043387793393513764,-0.06273832326468856,-0.08241666892109543,0.4483098522738521,0.9146400697527084,0.6810265437840035,0.6524761748498323,0.9911617589810675
1320,0.4248134480788025,0.45254339353987566,-0.00016260574983745224,0.00048818421245649946,0.4132572837286428,0.5640405531951252,0.01349111360753008,0.009999846846206029,0.5663204396590376,0.07038136558945203,0.03985840590442193,-0.06410566911224073,-0.08241106737193496,0.4484367422202948,0.9186951232017203,0.6800646684745371,0.6525435864010932,0.9889514495135501
1321,0.4242049029281546,0.45300353639926383,-0.0006085451506478989,0.00046014285938816846,0.4250482097639549,0.5720496874058474,0.011790926035312121,0.008009134210722135,0.5656312375377501,0.07012266642717986,0.03966357059065259,-0.06729495005174858,-0.0833261821345911,0.44838341844868024,0.9176363944443618,0.6790960716910138,0.6524026619314598,0.9876150131713123
1322,0.4232485561419502,0.45345574009833667,-0.0009563467862043762,0.0004522036990728395,0.43636218407457,0.5784185449916901,0.011313974310615094,0.006368857585842713,0.5642442481114419,0.07614201279018154,0.04296269275648778,-0.07204573285914967,-0.08499610368703767,0.44843934253007034,0.9114377055796177,0.6786576708731248,0.6526277481943961,0.9874154107588902
1323,0.42185165830841875,0.4538831179107771,-0.0013968978335314741,0.0004273778124404548,0.4473918855199438,0.5844431049470772,0.011029701445373796,0.006024559955387088,0.5625541844236875,0.07900656716234544,0.04444547495412853,-0.07448612383759194,-0.08473962824262118,0.4506471522163844,0.9058567050941568,0.6786862032828398,0.652831125882086,0.9846852152420335
1324,0.4206117573260972,0.45467140659362165,-0.0012399009823215734,0.000788288682844529,0.45703799441374277,0.5901277317610982,0.009646108893798966,0.005684626814021043,0.5622726128476658,0.07498763989498013,0.04216349621503034,-0.07229498120865696,-0.08040734414104282,0.45528248171781877,0.902712465918945,0.6790187032594069,0.6531754415811055,0.9775240267271864
1325,0.4192874668748128,0.45585038858322485,-0.0013242904512844045,0.0011789819896032006,0.4654207113314938,0.5947252596904216,0.008382716917751054,0.004597527929323331,0.5628101830380746,0.07004688852091186,0.03942310214970201,-0.06979340953051451,-0.0756230030383023,0.45848342754426175,0.901022725244763,0.6791211007237995,0.6534032782073498,0.9708978068999559
1326,0.4178058482981512,0.45700942253551896,-0.0014816185766615697,0.0011590339522941084,0.47185314276176743,0.597599292416034,0.006432431430273611,0.0028740327256124854,0.5642866162362159,0.06481147959650403,0.03657225051477381,-0.06735941330018773,-0.07106293184334167,0.4607101723930978,0.9004787840434308,0.6788876865402356,0.6535151399905283,0.9651232775219847
1327,0.41618637520752344,0.4578110759444338,-0.0016194730906277655,0.0008016534089148597,0.47784340803314224,0.6008952550016327,0.005990265271374806,0.0032959625855986108,0.5659384257762651,0.05880854085230794,0.03328201303215433,-0.06524309310711254,-0.06698554594112345,0.4623472822167382,0.9003534750567139,0.6782690413590786,0.6533124730841863,0.9589998990968082
1328,0.41517864867467397,0.4584888515371623,-0.0010077265328494733,0.000677775592728469,0.48248145884268734,0.6028319947025966,0.004638050809545102,0.0019367397009639742,0.5668467069765779,0.05234406352666148,0.02967106003986086,-0.06278849684116271,-0.0631025115126493,0.46356153244641923,0.8997617742964221,0.677276087588051,0.6525006195553126,0.9519420221568733
1329,0.4144617423998281,0.45913613751124405,-0.0007169062748458854,0.0006472859740817571,0.4876896106063662,0.6050539018014306,0.005208151763678837,0.002221907098833964,0.5669835682908758,0.048500553651358254,0.027499016973330168,-0.06058482459361908,-0.06064474952201315,0.46434142375421095,0.8972139473926322,0.6766723940025396,0.6513395542707715,0.9455386498333914
1330,0.41351296911332874,0.45922842792597013,-0.0009487732864993381,9.229041472608168e-05,0.4923995031001342,0.6071225977050263,0.00470989249376802,0.0020686959035957075,0.5667328430565841,0.04982434112046464,0.028237090496621996,-0.060067701102328,-0.060513952145547285,0.46415987297454425,0.8931933243813899,0.6765635779166442,0.6502883958563697,0.9428356905780961
1331,0.41295560640675333,0.4591535098411259,-0.000557362706575415,-7.491808484422213e-05,0.4962380393464239,0.6093106288565104,0.0038385362462897143,0.0021880311514841377,0.5660756897861849,0.05513005314810358,0.031207782863761774,-0.0605429295453458,-0.061538219106844184,0.4628875736794759,0.8878411823040172,0.676563950812854,0.6491324696279469,0.9427962898035055
1332,0.41264447865515974,0.45878026425916274,-0.0003111277515935873,-0.0003732455819631664,0.49997213011566966,0.611683695049575,0.003734090769245746,0.0023730661930645436,0.5653644778156132,0.06187960356062097,0.03498452975448763,-0.06150016924426168,-0.06311811934164373,0.4607791761506323,0.8823289204806587,0.6764073309534435,0.6478667010795535,0.944048118858474
1333,0.41250353092011266,0.45841822084258554,-0.00014094773504708114,-0.00036204341657719574,0.5028250505685014,0.6136601503661913,0.0028529204528316976,0.001976455316616277,0.5645280529585641,0.07000719074344879,0.039521023083497954,-0.06334803105717114,-0.06530635420918204,0.4586195102480211,0.8757831813975515,0.6763240194565304,0.6467930640058489,0.9456384297322833
1334,0.4125506623185303,0.45817787874473637,4.713139841766578e-05,-0.0002403420978491777,0.5054759045561898,0.6154501229040578,0.002650853987688495,0.0017899725378665021,0.5632759541910756,0.07981112531403295,0.044955687766325414,-0.06625666610508464,-0.06849795991222421,0.45681879063679365,0.8678134389184633,0.6764249634834847,0.6460292877184479,0.9474774395577595
1335,0.41261196608612916,0.45804419943176117,6.130376759883038e-05,-0.00013367931297519897,0.5079817317265113,0.6169249561127389,0.0025058271703214396,0.0014748332086811367,0.56175084906248,0.09255952440753325,0.05199539142475114,-0.07067782969382591,-0.0726132868253007,0.45502320809164826,0.8583276101380981,0.6766417897902306,0.6455597059512093,0.9507380406759749
1336,0.4124892217554393,0.45794045786171655,-0.00012274433068987234,-0.00010374157004461315,0.5090208061097732,0.617309275544485,0.0010390743832618954,0.00038431943174610517,0.5601276379190687,0.10450442478309205,0.05853581660584434,-0.07570332175135543,-0.07697220977680928,0.4530297137816917,0.8496134821945329,0.6768668432242824,0.6451739053230643,0.9539642784592959
1337,0.4125312392778467,0.4578549540909725,4.201752240740042e-05,-8.550377074406645e-05,0.5098808930290061,0.6175165523967588,0.0008600869192328942,0.00020727685227384107,0.5586359941800892,0.11447820889799785,0.06395164803968897,-0.0807203776485716,-0.08116637458666877,0.45078158054347395,0.8422864319247833,0.6770673316224369,0.6447641837744933,0.9566071832012624
1338,0.412605293567759,0.4578753170102011,7.405428991230645e-05,2.0362919228633647e-05,0.5108503298669124,0.617793289211622,0.0009694368379062901,0.0002767368148631766,0.5572278926368067,0.12078094881556395,0.06730251357917072,-0.0841606314779244,-0.08418959919460944,0.4487805432771334,0.8380241667155729,0.6771151760578258,0.644303772217883,0.9586514502413912
1339,0.4126048630999557,0.4579927452062513,-4.304678032918119e-07,0.00011742819605015109,0.5115105411244344,0.6181727686384945,0.0006602112575220254,0.0003794794268724422,0.5561219473045003,0.12285822874230516,0.06832415741055248,-0.08511477282104217,-0.08503148034278876,0.4480580210809029,0.8358965471484782,0.6769202640368434,0.6436902004259507,0.9586119068072727
1340,0.41253790150464975,0.45786532191347884,-6.69615953059477e-05,-0.0001274232927724328,0.5121120877537393,0.6185978905455871,0.0006015466293048943,0.0004251219070926515,0.5557355925146882,0.11400430141005967,0.06335624799334261,-0.08207736670443806,-0.08207012405129857,0.44993531382938534,0.8402673088126613,0.6762194855577105,0.6427756094423952,0.9541623550100609
1341,0.412358610812272,0.45748096108774466,-0.00017929069237776485,-0.00038436082573417574,0.5117412186095678,0.6186311377536345,-0.00037086914417150396,3.3247208047426646e-05,0.5561460854169546,0.10082778273688538,0.05607497667039,-0.07810127747648865,-0.0777239906125257,0.45222231319729006,0.8469262707356284,0.6753249836497274,0.6418015957535136,0.9476791067461444
1342,0.412041907507751,0.4569759005945899,-0.00031670330452099327,-0.0005050604931547409,0.5110899359012097,0.6185457892490042,-0.0006512827083581252,-8.534850463037813e-05,0.5569298025282926,0.08763407246257987,0.04880602667133469,-0.0738626403182585,-0.07251383861162053,0.4543441731547978,0.8532248086564835,0.6745542827669672,0.6410919305055073,0.9408043598502226
1343,0.41167403782846257,0.45650734467149123,-0.00036786967928842396,-0.0004685559230986902,0.5104077615341974,0.6184885088000306,-0.0006821743670122338,-5.728044897357343e-05,0.5577818494579918,0.0757227826628538,0.042236793759792154,-0.06914262295010613,-0.06667456185726867,0.4562112084298181,0.8578572095021816,0.6739580494242461,0.6406718487814946,0.9335284109543507
1344,0.41125468571828916,0.4559273719282397,-0.0004193521101734099,-0.0005799727432515556,0.5098804808434503,0.618554932752736,-0.000527280690747145,6.64239527053967e-05,0.5588112747034811,0.06620746595627966,0.03699747844591597,-0.06438909804016575,-0.06088572680780235,0.4576274977875873,0.8608048239954539,0.6735965414933174,0.640554106918986,0.9269510352632971
1345,0.41091314266569273,0.45539041496371896,-0.0003415430525964269,-0.0005369569645207184,0.5094912048265477,0.6187764273258186,-0.0003892760169025289,0.00022149457308262566,0.559999727645516,0.05928256515996281,0.03319822034370673,-0.059898567555692755,-0.055735830491533724,0.458610182813036,0.8623469100322236,0.6733822907949378,0.640672507487396,0.921552632403694
1346,0.41047601416871915,0.45470746742642604,-0.00043712849697358225,-0.0006829475372929217,0.509143348486254,0.6189745407700746,-0.0003478563402937729,0.00019811344425602062,0.5613500346748758,0.056043708413542156,0.03146013766125052,-0.05735402232710081,-0.05267901218583063,0.45859695982721355,0.8624522208276849,0.6734381024219334,0.6409421871466825,0.9184000052545724
1347,0.4101106421862495,0.45390835378674077,-0.0003653719824696644,-0.0007991136396852672,0.5088654307414433,0.6192154310378231,-0.000277917744810674,0.00024089026774842814,0.5622866912521556,0.05546205313306579,0.031185574346242813,-0.056010528076919315,-0.05089625305053693,0.4579413073135571,0.861177265028571,0.6736175527273714,0.641219112049904,0.9165228046171461
1348,0.40985356813150353,0.45322309265835503,-0.0002570740547459538,-0.000685261128385739,0.5086323863367735,0.6196896655709145,-0.00023304440466975773,0.00047423453309147767,0.5630250777887691,0.058653533351793616,0.033023410177979766,-0.0566123315245791,-0.05099712700778199,0.4558840543828731,0.8581026862120891,0.6738663848075571,0.6414351142656085,0.9166133943081637
1349,0.4096899544301698,0.45256060402266185,-0.00016361370133372022,-0.0006624886356931814,0.5085304212547592,0.6202042266902713,-0.00010196508201432142,0.0005145611193567712,0.5635745732861431,0.0636784742584769,0.03588756895773377,-0.05800673598924814,-0.05192311855899717,0.45339154627755546,0.8540603170935402,0.6741710162038471,0.641611290904243,0.9175752498886923
1350,0.4098368574768537,0.4520593875556285,0.00014690304668391052,-0.0005012164670333275,0.5085385031289215,0.6206637157457067,8.081874162235714e-06,0.0004594890554353581,0.5640682166596827,0.07189135532639546,0.04055162859220746,-0.06067268094732887,-0.054179129081892416,0.4499174393302343,0.8482041821870678,0.6744574980773246,0.641706341080136,0.9199124018862708
1351,0.4102204245211747,0.45172569760412024,0.0003835670443209649,-0.00033368995150828695,0.5087279159748334,0.6210585130245568,0.000189412845911896,0.00039479727885016747,0.5645487341373353,0.08166824986515633,0.04610570708058561,-0.06382788572890925,-0.057012983705322665,0.44629310676023476,0.8415005432202525,0.6747142555279414,0.6418807076195253,0.9229669034344699
1352,0.41097638625988686,0.45149640492408605,0.0007559617387121742,-0.00022929268003418768,0.5088443052446562,0.621477391401364,0.00011638926982282527,0.00041887837680720796,0.5649472526181397,0.091417655677786,0.05164615341595628,-0.06737696480059056,-0.060284842675394336,0.44265362294845,0.8352615326453119,0.6749567126888536,0.6421293545948354,0.926461168524491
1353,0.41155668801861234,0.45127359672020523,0.0005803017587254766,-0.0002228082038808199,0.5090332194347441,0.6218909985969441,0.00018891419008792987,0.00041360719558003467,0.5652693805420098,0.09971306913022496,0.05636474481918486,-0.0706238744307851,-0.06315043329200871,0.43951417291494654,0.8302483051114183,0.6751759160233941,0.6423372426268331,0.929731675270858
1354,0.41206700168526644,0.4510418670490857,0.0005103136666541053,-0.00023172967111950715,0.5093157224896113,0.6223263432868845,0.0002825030548672114,0.0004353446899404423,0.5654298891577036,0.1065272929878928,0.06023371546641445,-0.07333903243539484,-0.0656434732610305,0.43697854093546956,0.8264939033004053,0.675387611710737,0.6424823621342967,0.932785886893763
1355,0.4124719348857962,0.4506614032098206,0.0004049332005297557,-0.0003804638392650994,0.5096780190040407,0.6228267376253385,0.0003622965144294277,0.0005003943384539467,0.565373881431799,0.1119141668155388,0.06327334687970701,-0.07561511843102195,-0.06783773237417458,0.43494794399112047,0.8238317937807907,0.6755600491423844,0.6426518616399148,0.9355078285076193
1356,0.4127564740836963,0.4501592419695541,0.0002845391979001133,-0.0005021612402665299,0.5100639290843291,0.623392637049168,0.00038591008028832086,0.0005658994238295634,0.565276876695568,0.11618153057009802,0.06567473273037566,-0.07781523567061238,-0.0698453715157237,0.4333008914855604,0.8219165085763646,0.6756944448329963,0.6427910209412979,0.9378600720574968
1357,0.41287896996772044,0.44962818275365213,0.00012249588402413192,-0.0005310592159019634,0.5103761501182625,0.6240071830406717,0.00031222103393346856,0.0006145459915036788,0.565011545641454,0.11997176091446454,0.06778543006760858,-0.08000151805375506,-0.07182813787864252,0.43185473312601647,0.8205435309446453,0.6758310246369454,0.6429582337619745,0.9402823091686859
1358,0.41166389824514327,0.44865917494951957,-0.0012150717225771768,-0.00096900780413256,0.5107228983816866,0.6246885628210241,0.00034674826342406817,0.0006813797803524313,0.5644716436431049,0.12539309187075645,0.07078084466977674,-0.08392966903059113,-0.07560214605055322,0.4290319621778576,0.8195928688062617,0.6758340424444325,0.6429914902773751,0.9447763516673122
1359,0.40923531783770195,0.4461128664297125,-0.0024285804074413164,-0.0025463085198070834,0.5104873388230663,0.6233088124161957,-0.00023555955862031297,-0.001379750404828406,0.5638161944004282,0.1320509088558399,0.07445244089821745,-0.08849011205454885,-0.08018792353020822,0.42552215402458515,0.8187380566180422,0.6757877561057652,0.6425088011375993,0.9506043242705425
1360,0.4067420521073243,0.4430846125244312,-0.0024932657303776695,-0.003028253905281275,0.509804803110744,0.6207314056948152,-0.0006825357123222409,-0.002577406721380515,0.5629180479079517,0.1394790489479612,0.07851527395784397,-0.09344951562718641,-0.08465262058130828,0.42219240194974383,0.8180596353911169,0.6755045058806809,0.6419868057496285,0.9573811321175368
1361,0.40391440333022244,0.43949387536109175,-0.0028276487771018433,-0.0035907371633394636,0.5080938651862585,0.6169397739590029,-0.0017109379244855116,-0.0037916317358123175,0.5619651628768597,0.1461378966869464,0.08212440691416154,-0.09753585715746138,-0.08831090756797169,0.41912524554610475,0.8179169901585753,0.6750424499816143,0.641306123610964,0.9639224188666387
1362,0.400872761988677,0.4349970746653996,-0.0030416413415454424,-0.004496800695692138,0.5039855813831848,0.6107102451810261,-0.004108283803073709,-0.006229528777976778,0.5610772147942544,0.1496885064676975,0.08398681029560745,-0.10014655852746916,-0.09044657685272797,0.4165854072226639,0.8195277291129369,0.6742149767010049,0.6400298002825872,0.9691099554967296
1363,0.39765127665561734,0.42982005534397816,-0.0032214853330596593,-0.00517701932142145,0.49541202605072315,0.602668621973585,-0.00857355533246168,-0.008041623207441173,0.5602275977420929,0.1477301587814328,0.08276251196818005,-0.10037366849578139,-0.09123843744464705,0.41510366592088793,0.8251523332331354,0.6732617153461622,0.6386759940215604,0.9728117380459774
1364,0.3927078507508663,0.42350970794540327,-0.004943425904751053,-0.006310347398574889,0.4722198885624061,0.5897283978611207,-0.023192137488317055,-0.012940224112464205,0.559451068126622,0.13784687801525594,0.07711858314355512,-0.09812783982036559,-0.09036278804799211,0.41481850626342215,0.8370950792277727,0.6720599194127237,0.6373302520384628,0.9749022238525881
1365,0.3871283532753891,0.41597811748789215,-0.005579497475477202,-0.007531590457511117,0.4418248028079633,0.573389477074394,-0.030395085754442774,-0.01633892078672672,0.559141880471017,0.12176365552827599,0.06808315932510538,-0.09353695547001195,-0.08797355756103613,0.4157625686713453,0.8538473600450782,0.6706410586574727,0.636345161612082,0.9755938732040262
1366,0.379458107222439,0.4067769033273952,-0.0076702460529500804,-0.009201214160496962,0.4033374980268128,0.5559304602300815,-0.03848730478115053,-0.017459016844312503,0.5579355760633602,0.10560860163176027,0.05892279598866208,-0.08777658803248446,-0.08486685473115949,0.416589075786465,0.869140621835764,0.6683552758756554,0.6345722133196798,0.9747430158181639
1367,0.37057858891177275,0.3972894652974628,-0.008879518310666246,-0.009487438029932405,0.3614215352731132,0.5358512385806967,-0.041915962753699576,-0.020079221649384804,0.5562863643194235,0.09081075893495696,0.05051678692901481,-0.08161146252125948,-0.08094481149674665,0.41700713504809156,0.8825681776538182,0.6655917582636743,0.6320779594207717,0.9733772879538102
1368,0.36200365357200104,0.3887468774465099,-0.008574935339771717,-0.00854258785095291,0.3225113543370847,0.5181707178700145,-0.03891018093602849,-0.017680520710682268,0.5544579684930512,0.0781964805867195,0.04335666176941881,-0.07606639103247277,-0.07736014483482175,0.4173454198897381,0.8940180044397713,0.6629092192489339,0.6295820960276095,0.9722140083921973
1369,0.3535914393504603,0.3814751907599154,-0.00841221422154076,-0.007271686686594503,0.28703241785112354,0.5028185497795014,-0.03547893648596118,-0.015352168090513096,0.5527767274349095,0.06740054701213524,0.037257453804690886,-0.07135699109139186,-0.07429991973511432,0.41764116678483515,0.9037930091492196,0.6604230861512047,0.6271888806379148,0.9711934036289284
1370,0.34667497295511013,0.37588367412979345,-0.0069164663953501515,-0.005591516630121918,0.25573642603399366,0.4892739783851482,-0.03129599181712989,-0.013544571394353166,0.5511631748028669,0.05793537978854063,0.031931847857661906,-0.0674426787569456,-0.07157428904119253,0.4180483735627728,0.9126805627914689,0.6581941015685515,0.625139874867586,0.9706158231929503
1371,0.3411113273393125,0.3713894199951859,-0.005563645615797641,-0.004494254134607578,0.2287202634836335,0.4780698944698909,-0.027016162550360157,-0.01120408391525729,0.5497045412159408,0.04967316187747826,0.027305562660604348,-0.0640126457552887,-0.06904082718466464,0.4186525141850066,0.9206650719812685,0.6561972379884152,0.6233304573698887,0.9703380036273985
1372,0.336658245059749,0.3677349116158012,-0.004453082279563481,-0.003654508379384691,0.20618066117328168,0.4686812714833295,-0.02253960231035182,-0.009388622986561401,0.5484204845383207,0.0424922722258841,0.023303632523253587,-0.060868285276587504,-0.06621308331869755,0.41934243970520413,0.9274246589950186,0.6543691153112888,0.6216627775893,0.969916648082473
1373,0.3327942397221439,0.3643560458770428,-0.0038640053376051142,-0.0033788657387583965,0.18364347335320064,0.45568782371720973,-0.022537187820081045,-0.01299344776611977,0.5470133519165635,0.036246509055927204,0.019827324413956814,-0.05813707476733673,-0.06315815427950969,0.4196084829043464,0.9327331792209097,0.6523375390864043,0.6197404534123231,0.9689791167744991
1374,0.3294343299429311,0.3612705160424249,-0.0033599097792127997,-0.003085529834617906,0.15758880025731675,0.4370067815008195,-0.026054673095883885,-0.01868104221639022,0.5449546599440513,0.03095321568620655,0.016868099128451566,-0.055872063530088535,-0.06030061169653595,0.4189857922915721,0.9355469478173595,0.6494251984485976,0.6167195667531676,0.9664987807343324
1375,0.3267339066229613,0.35872640399522765,-0.0027004233199697802,-0.0025441120471972334,0.13492640537365133,0.4216297732919553,-0.02266239488366542,-0.015377008208864229,0.5431085435264325,0.026684724935158707,0.01449270209393752,-0.05392922985351456,-0.057499358443895594,0.4184272140078321,0.9373052638318847,0.6468886756496182,0.6140642689832634,0.9639875138981934
1376,0.32397564548910635,0.35626125533833913,-0.0027582611338549667,-0.002465148656888516,0.1139128200428893,0.4094806624323847,-0.02101358533076203,-0.0121491108595706,0.5413669190661503,0.02298217681069194,0.01244179025343782,-0.05278249173173669,-0.05487017754887636,0.41827488608622115,0.9387294174079536,0.6446987870507018,0.6120152386658098,0.9617072194776803
1377,0.3221987750529933,0.3544444094845727,-0.0017768704361130205,-0.0018168458537664578,0.10414051675097924,0.40360519003301537,-0.009772303291910062,-0.005875472399369308,0.540568408137378,0.019998945545193204,0.010810798157791198,-0.05192639993859204,-0.05274785671175985,0.4190384463856551,0.940990403893155,0.6435943843438937,0.6113703757909073,0.9609833841948126
1378,0.322083235991714,0.3535674980263873,-0.0001155390612793128,-0.0008769114581853588,0.10949411493283871,0.40383278044864646,0.005353598181859473,0.00022759041563108484,0.5414788049686962,0.01765620934320326,0.009560463135434828,-0.051612052080663134,-0.051412521889903244,0.42105278928688017,0.9450370764993281,0.6443791461512889,0.6127708631645081,0.9626850920686233
1379,0.3225054995341324,0.352992828436985,0.0004222635424183663,-0.0005746695894023324,0.12221534327345104,0.40737915783929646,0.012721228340612331,0.003546377390650002,0.5427629695339603,0.015905600719992793,0.008632971079004785,-0.05156488034279424,-0.05057883018546547,0.4234031386267674,0.9490644151965806,0.6457392040326293,0.6148396621350183,0.9649599147701672
1380,0.3230753510555248,0.35238631490941,0.0005698515213924393,-0.0006065135275749589,0.13843376329418317,0.4133552244774896,0.01621842002073212,0.005976066638193167,0.5443507376666994,0.014463204919813203,0.007873056267124954,-0.051674722867230766,-0.05001081359807021,0.4259774788246936,0.9534281025257114,0.647504349710423,0.6172302405361538,0.9678795604127299
1381,0.32411567036464606,0.35267789360837365,0.0010403193091212404,0.00029157869896362376,0.15684354305982237,0.42064807679139804,0.018409779765639206,0.007292852313908416,0.546385858329527,0.013119767478817719,0.007168455414997634,-0.0522016934687877,-0.049573294982034874,0.4285490190605557,0.957973741207162,0.6498642867948196,0.6201301421826882,0.9710807033838753
1382,0.3253587743227797,0.3530144243129396,0.0012431039581336512,0.0003365307045659627,0.17503260324073686,0.42852831410538694,0.018189060180914485,0.007880237313988903,0.548248927582979,0.012006519107823488,0.006582561224868774,-0.052636036147982526,-0.04920385765836222,0.43069470771682816,0.9617382995117363,0.6519524096876897,0.6227107063308354,0.9737326665745415
1383,0.3265902837989993,0.3533640783816525,0.0012315094762195833,0.0003496540687129013,0.1915848192943765,0.43614200216081594,0.016552216053639657,0.007613688055429002,0.5500090370599238,0.011024445250626454,0.006063544516416906,-0.052982033663752835,-0.04935924250555618,0.4327546220185448,0.9650508893138308,0.6540146492104106,0.6251760255833633,0.9760635475531501
1384,0.3278535224949033,0.3539198638523989,0.001263238695904001,0.0005557854707463616,0.20648833165996955,0.4428492993166736,0.014903512365593036,0.006707297155857661,0.551841746544955,0.0100835217384028,0.005564508247444222,-0.0533319141548263,-0.049625935423984704,0.43484291316257495,0.9687876576854085,0.6561093121554374,0.6276150019662776,0.978859394012859
1385,0.32905870931854553,0.3544470087478701,0.0012051868236422347,0.0005271448954712321,0.21887541652517195,0.44854866756872536,0.012387084865202402,0.005699368252051751,0.5535881879753056,0.00932256154605974,0.005160859953571475,-0.05365563112875935,-0.04965906519500147,0.4369465741060875,0.9717760310998296,0.6579928400375723,0.6298105351499287,0.9810873437819472
1386,0.3301163249241012,0.3549617412504022,0.001057615605555673,0.0005147325025320892,0.22918632377398804,0.4536110425557123,0.010310907248816087,0.005062374986986917,0.5553075875013477,0.008636001133315353,0.004795636955000253,-0.05404629565911804,-0.04959260023275001,0.43904508466095077,0.9743439505829404,0.6595918667217536,0.6318329835641524,0.982968693548597
1387,0.33103219778994913,0.35548383463350863,0.0009158728658479331,0.0005220933831064367,0.23752191363995306,0.4579349867262149,0.008335589865965026,0.004323944170502636,0.5570203225470514,0.008107719319811921,0.004516164430642596,-0.05443253086780235,-0.049211646061646845,0.44130669134026973,0.9765624304852051,0.6609691182694377,0.6337359637349762,0.9846580689405979
1388,0.33181842919772764,0.35597794919709996,0.0007862314077785038,0.0004941145635913302,0.2445661961855435,0.4617294272200371,0.007044282545590447,0.0037944404938222154,0.5586152995608319,0.007748571556557937,0.004328470621235154,-0.05495006349063573,-0.04835827682414032,0.443888944652461,0.9781870288622714,0.6621569608030662,0.635528217291533,0.9859233721542645
1389,0.3325285546218526,0.35648564431384877,0.0007101254241249633,0.0005076951167488075,0.2511753148000418,0.46508660788935746,0.006609118614498283,0.0033571806693203365,0.5600061084864585,0.007782251866940806,0.0043581085832669975,-0.056314351631083726,-0.04794826618033731,0.4475324993907704,0.9790800503216593,0.663609395642735,0.637513777529026,0.9868515333894987
1390,0.3332455800244604,0.35687440110759705,0.0007170254026078182,0.00038875679374827943,0.25712996186726683,0.4680315639842146,0.0059546470672250384,0.0029449560948571207,0.5612579226545433,0.008355572658598537,0.004689631352954114,-0.05693773135082491,-0.04626612456574114,0.4532590976643473,0.9787246288574191,0.6652413264232143,0.6398208759985643,0.9870733313757255
1391,0.3339846653827128,0.35725495570795085,0.0007390853582524004,0.0003805546003537996,0.2642781288541113,0.47141246853812024,0.007148166986844451,0.0033809045539056615,0.5615471567611081,0.009710561890466785,0.005452938420144394,-0.057130332902588926,-0.04435776165878396,0.46043951224671503,0.9761653374577232,0.666914965604455,0.6422768870932565,0.9858734254379097
1392,0.3344727584777418,0.3574770684516798,0.00048809309502900744,0.00022211274372896384,0.2720086844079406,0.4751360049337749,0.0077305555538293436,0.0037235363956546474,0.561327533896076,0.013039593489122167,0.0073194828562562755,-0.056312316565953154,-0.042165531258290326,0.46681737875284957,0.9716269808658509,0.6682484472188456,0.6445317512298524,0.9846663915492877
1393,0.33484505968277944,0.35767459379489097,0.0003723012050376173,0.0001975253432111579,0.2781874567137024,0.47859716580132944,0.006178772305761748,0.003461160867554547,0.5610948587576585,0.015593458617293908,0.008749409460413918,-0.05343764068249129,-0.03928234838480772,0.47340910544680975,0.9673424849818528,0.669376008146391,0.6467460183709787,0.9829339604430274
1394,0.33480913617136215,0.3574727410681309,-3.5923511417290666e-05,-0.0002018527267600989,0.28317363327402645,0.48238369696710354,0.004986176560324074,0.0037865311657740985,0.5601666316893062,0.016615140371373335,0.00930724721687721,-0.05023936803804603,-0.036998480016057676,0.4787975142173101,0.964178997727781,0.6700011038160149,0.648275237791881,0.9807870099136723
1395,0.3347550172924042,0.35724863444363364,-5.4118878957953864e-05,-0.0002241066244972334,0.28626610634796695,0.48560062409923,0.003092473073940505,0.003216927132126457,0.5590521066948736,0.01689265838177149,0.009443876256006166,-0.0473760884341804,-0.035261451037434215,0.4830652772597997,0.9618539575111305,0.6704822517218981,0.6494299163977209,0.9787318485047674
1396,0.3344298762850728,0.35677897872019254,-0.0003251410073313865,-0.00046965572344109807,0.2874455926809962,0.48802275293445746,0.0011794863330292227,0.002422128835227466,0.5579328331842188,0.016943922233050634,0.009453570536739016,-0.045200507142530245,-0.03429124593989122,0.485755129395989,0.9603153917856566,0.670552100293418,0.6500510618574327,0.9772373653385995
1397,0.33382349808124573,0.35629494236023485,-0.0006063782038270848,-0.0004840363599576958,0.287360998875004,0.4898643762499872,-8.459380599218358e-05,0.001841623315529728,0.556862276144108,0.01726017105893016,0.009611538142512508,-0.04338207180288423,-0.03365766984518177,0.48746439111902634,0.959041786036704,0.6703369127182137,0.6501545022746069,0.9762709207969782
1398,0.33324680743478746,0.3558520501983487,-0.0005766906464582666,-0.00044289216188614366,0.287857383405218,0.4914341768716607,0.0004963845302140002,0.0015698006216735005,0.5562533661977087,0.017529396422428758,0.00975078576739007,-0.04191267793170075,-0.03326095786985168,0.48873550317411874,0.9582540058866873,0.6702437582179769,0.6501757544479891,0.9757448286236048
1399,0.3327662003888687,0.35551435377162305,-0.00048060704591873504,-0.00033769642672565325,0.2890985377675958,0.4929823748667179,0.0012411543623778165,0.0015481979950572322,0.5559456731424285,0.01720219018918802,0.009563483204252212,-0.04068488469299766,-0.03282071881093918,0.48967348588132403,0.9581710533732165,0.670204610058404,0.6501674957220149,0.9753337078941314
1400,0.33241374227296994,0.35529051188405153,-0.0003524581158987905,-0.00022384188757151868,0.2905141892898361,0.4943401023023708,0.0014156515222402688,0.001357727435652878,0.5558199108836254,0.01659253895943704,0.009222463525767378,-0.039748117171284486,-0.032345253819556136,0.4901565927089811,0.9585871089607259,0.6702129487450603,0.6501711178497315,0.9751434614762177
1401,0.33200961524832867,0.35502412981895964,-0.0004041270246412654,-0.0002663820650918858,0.2910156146328633,0.49527267546426423,0.0005014253430272175,0.0009325731618934352,0.5555752562414453,0.015609203675509603,0.008672087331746159,-0.03890969379375321,-0.03213537124359584,0.4899441651012833,0.9594947633109595,0.6699775276346179,0.6499279418040809,0.9750700782719135
1402,0.3316479416343723,0.35475329300369945,-0.0003616736139563925,-0.0002708368152601892,0.2908524284210273,0.49598517981388207,-0.00016318621183597504,0.0007125043496178374,0.5553270338800886,0.01466763381635778,0.00814533358127725,-0.03801755885546552,-0.03177246646496888,0.48944099391615997,0.960540178881349,0.669668262731782,0.6496143166676159,0.9751735716042522
1403,0.33142892563124837,0.3545795724160512,-0.00021901600312390634,-0.0001737205876482517,0.29094510095641785,0.4964957367414855,9.267253539052556e-05,0.0005105569276034339,0.5552747443946007,0.013808145400705159,0.007667314407940038,-0.03725971422101935,-0.031044420330337358,0.4888466766196977,0.9615508665481551,0.6694721216361875,0.6493744802031389,0.9753247191505438
1404,0.33134395046910264,0.3545516448261916,-8.497516214572842e-05,-2.7927589859588764e-05,0.2912032232698616,0.49689770066736116,0.0002581223134437427,0.0004019639258756591,0.5554566272190515,0.013051670233662245,0.007249636727565321,-0.036668246528037955,-0.03043624715369259,0.4884039762185766,0.9627041381573752,0.6694634475630787,0.6492948764143077,0.9757218000885051
1405,0.3313281511702706,0.35460289040986775,-1.579929883205322e-05,5.1245583676140516e-05,0.2913960540249088,0.4971005590897231,0.00019283075504722413,0.00020285842236195117,0.5556841010231006,0.012360709498781836,0.006868649745838285,-0.03623131881373432,-0.029895384451117037,0.48795069854035095,0.9638294392083,0.6694360682874074,0.6492727312341245,0.9761565652764838
1406,0.33140545959083545,0.35478987823443564,7.730842056485887e-05,0.00018698782456788576,0.2916155601003414,0.49761418065072477,0.00021950607543258505,0.0005136215610016537,0.5557228516021911,0.011824206698999659,0.0065709818647018215,-0.03602458451185512,-0.02954688144441387,0.4873870302365613,0.9648356345249629,0.669286831045534,0.6491246773316417,0.9766264281992958
1407,0.3316942262312454,0.35515564149249595,0.00028876664040994315,0.0003657632580603143,0.29365229012491956,0.49838350356562094,0.0020367300245781594,0.0007693229148961755,0.5558592450848429,0.011386640882229097,0.006329369604848075,-0.0362567215927017,-0.02947936031492093,0.48685973042806685,0.9659480927665137,0.6694701679721918,0.6491225462129484,0.9773017169551526
1408,0.3321495882857854,0.3556379389161731,0.00045536205453999834,0.0004822974236771693,0.2966646683701293,0.49947529633905985,0.0030123782452097236,0.0010917927734389044,0.5558913757337375,0.01101916129285867,0.006125456730519155,-0.03666752353858896,-0.029724683976679687,0.48642457644358006,0.9671532370348648,0.6697942142321329,0.6492618889281364,0.978139841055719
1409,0.33270539031031,0.35608216223940625,0.0005558020245245987,0.0004442233232331283,0.3005999705952707,0.5008247695092085,0.003935302225141435,0.0013494731701486629,0.5555470254254866,0.010651008513210831,0.005917136097295812,-0.03697745057312857,-0.03002359126203456,0.4861385344707687,0.968181603898147,0.6701368839272664,0.6494703416027717,0.9788030670217294
1410,0.3333505670127201,0.35641317468636174,0.0006451767024100996,0.00033101244695549203,0.30540654869613026,0.5022706068575973,0.004806578100859549,0.0014458373483887677,0.554984553329083,0.010305352717770723,0.005719311574970637,-0.03720888610966005,-0.030437603728668074,0.48588634679062526,0.9692033148532145,0.6704563092891859,0.6496760428419396,0.9794820181589885
1411,0.3341538919364628,0.35676985625435914,0.0008033249237426876,0.0003566815679973967,0.3107046703271289,0.5038312121717778,0.005298121630998631,0.0015606053141805631,0.5541334935434298,0.010118594960758464,0.005607052375356031,-0.03679399271008002,-0.030567856050344098,0.4860752603823658,0.9701542539835882,0.6707618919181714,0.6499466177155225,0.9802489171144285
1412,0.3350294178180878,0.3571413981621782,0.0008755258816250389,0.0003715419078190729,0.3160253962037876,0.5052740296432849,0.005320725876658716,0.0014428174715070963,0.5536212593883598,0.010084352374574666,0.0055829118617280234,-0.03596561056607659,-0.030154123773461036,0.4873442864875372,0.9697293353342169,0.6712240267546262,0.650409005801811,0.9797882098488209
1413,0.3357970817760139,0.3574967855195049,0.0007676639579261013,0.00035538735732670856,0.320310251113253,0.50630256342765,0.0042848549094653965,0.001028533784365071,0.5536013734303552,0.016489273056885773,0.009128484211160115,-0.03677401609768019,-0.03138394298587078,0.4878451692670978,0.9633442474869821,0.6718984117440944,0.6509282110662968,0.9798067477134894
1414,0.33631307062620136,0.3578217592303392,0.0005159888501874432,0.0003249737108342865,0.32397641322797593,0.5069761585911264,0.003666162114722926,0.0006735951634764259,0.5538491022378794,0.03640406472268297,0.02016235856446762,-0.04223880574437571,-0.036263549150618274,0.4855795123224804,0.947117587346747,0.6726833282536222,0.6515621564033803,0.9835029274183471
1415,0.3366377804194375,0.3581533691926282,0.00032470979323612204,0.0003316099622889812,0.32692811036821917,0.5075269595205727,0.002951697140243237,0.0005508009294462601,0.5540003496113408,0.06416827422672434,0.03554924635556168,-0.053448907463538184,-0.04633806267151327,0.48032437488536706,0.9281428542946638,0.6733986047623473,0.6521087181014942,0.9922883523860686
1416,0.33690906702640955,0.3584516280387876,0.0002712866069720654,0.000298258846159416,0.3290849596821482,0.507955551824889,0.00215684931392901,0.0004285923043163553,0.5542239088301661,0.09105867987584793,0.050466897493707225,-0.06619945468544283,-0.057608589316907925,0.4747707272292182,0.9114832633770511,0.6741857316720793,0.652297942925434,1.0025098174474862
1417,0.33710164976582496,0.3583532830168127,0.00019258273941541448,-9.834502197492156e-05,0.31883832837397574,0.5044828648939579,-0.010246631308172438,-0.003472686930931168,0.553256305592233,0.11508154019783672,0.0636695877717192,-0.07839436986457438,-0.06824657221197208,0.46873557561013185,0.8957990711158017,0.6737638064684054,0.6510809178379249,1.0108334852880114
1418,0.3365141367596562,0.35753538974140914,-0.0005875130061687717,-0.0008178932754035473,0.28187861525990093,0.4805318149011808,-0.03695971311407481,-0.023951049992777085,0.5492239682422595,0.13422046480788516,0.07371709630110723,-0.0878338278603827,-0.07692523084686678,0.4610411449103498,0.878431944279161,0.6696748046053027,0.6462611161013418,1.0125937616337746
1419,0.33700302311444413,0.3567523344382994,0.000488886354787943,-0.0007830553031097365,0.24002448921479105,0.4571822923779659,-0.04185412604510988,-0.023349522523214872,0.5447312748692831,0.1491548067052945,0.08124928800945656,-0.0946985383478512,-0.08481324545052375,0.4535266958795597,0.8625265038031198,0.6654064469358763,0.6405425615777032,1.0116062153937044
1420,0.3380317178094087,0.35619965803915543,0.0010286946949645825,-0.0005526763991439698,0.20302391198963313,0.4375913000151095,-0.03700057722515793,-0.01959099236285644,0.5405494890850351,0.16083577004272318,0.08693969332319221,-0.09998790504184016,-0.09133751293003904,0.4465118726481035,0.8488206141722657,0.6613006935968466,0.6349720446053155,1.0095683986078705
1421,0.3392563583528887,0.3558154476192728,0.0012246405434799823,-0.0003842104198826246,0.172784176961323,0.4221395820984754,-0.030239735028310122,-0.015451717916634078,0.536933029537313,0.16962799479010995,0.09107887313699328,-0.10410159081728255,-0.09646167389695237,0.4402592141161961,0.8378626199820314,0.6576917996419526,0.6299854050017565,1.0073947900046667
1422,0.34016847113951015,0.35588123800845217,0.0009121127866214551,6.579038917936542e-05,0.15116705375482667,0.4111307172591444,-0.021617123206496336,-0.011008864839331,0.5338664331194231,0.1762869997163623,0.09411371174389908,-0.10755953636704992,-0.10037291423878643,0.43455917539479966,0.8293302692472511,0.6544744840640447,0.625764966378816,1.0055175345912122
1423,0.34123223061967384,0.35742394618406453,0.001063759480163684,0.0015427081756123617,0.13588514932785792,0.40308050401164763,-0.015281904426968751,-0.008050213247496774,0.531779439423208,0.18116683696929217,0.09634079900560591,-0.11075274927753846,-0.10354295680029107,0.42897536599390873,0.8238495863026142,0.6515790354600633,0.6222062511695668,1.0049159263833731
1424,0.34276652510878736,0.35940065800938387,0.001534294489113519,0.0019767118253193328,0.12383801806201393,0.39790615832778414,-0.012047131265843988,-0.0051743456838634905,0.5310471275838361,0.18505669801791408,0.09827382792256265,-0.11346402391804102,-0.10625570766973876,0.42443957681379824,0.8212151400444897,0.6498106690796495,0.6200226762434403,1.0061711065807224
1425,0.3443997649664678,0.36245066061583103,0.0016332398576804352,0.0030500026064471664,0.11429868048086626,0.39493845438323805,-0.009539337581147667,-0.002967703944546096,0.5310827051795315,0.18820119294828186,0.0999503986689885,-0.1157744870350669,-0.10857554095151581,0.42076905656573704,0.819847693289771,0.648683222963553,0.6187704975912435,1.0079472771066327
1426,0.3456401843146934,0.3650817682586217,0.0012404193482256076,0.0026311076427906754,0.10540108281127664,0.39143850406481845,-0.008897597669589627,-0.003499950318419598,0.5302526465914211,0.18929527536842286,0.10037432075135808,-0.1164889538090653,-0.10931868262841803,0.41554796339408945,0.8161408167491944,0.6453394050172443,0.6151607098417614,1.0053359995315705
1427,0.34900323806117267,0.3703727073347425,0.003363053746479272,0.005290939076120771,0.09539005100433093,0.3880807811524143,-0.010011031806945708,-0.0033577229124041597,0.5292834301940107,0.18702326597097121,0.09898831573920244,-0.11412049405369273,-0.10766158464358913,0.41162495247608405,0.812293446411558,0.6423048150465794,0.6111568210711362,0.9992229007807675
1428,0.35482571015430214,0.3782094783598805,0.0058224720931294716,0.007836771025138023,0.08656428151584232,0.38540044132748474,-0.008825769488488608,-0.002680339824929545,0.5286115240376394,0.18153532755298593,0.09596166616445598,-0.10968726141663332,-0.10449561361303893,0.40949355638767904,0.809400530938939,0.6398154136586284,0.607795892263672,0.9908554191503653
1429,0.36189512917024,0.3870397953472596,0.007069419015937883,0.008830316987379072,0.08062399231746575,0.385173770019398,-0.0059402891983765665,-0.0002266713080867344,0.5278975585631915,0.17430139742581993,0.0920132821552429,-0.10531571615098206,-0.10077509633228235,0.40865271490121147,0.8076147678564973,0.6375234457825453,0.6050088389813896,0.9818493104539354
1430,0.3685650182741179,0.3958095652348599,0.006669889103877891,0.00876976988760031,0.09127427744543169,0.3915046832024691,0.010650285127965939,0.006330913183071107,0.5284652516356426,0.16774744642219586,0.08864869648474222,-0.10150249817270848,-0.09772395920181796,0.40938238944033273,0.8081223528004395,0.6373779688088715,0.6041803709813254,0.9758154557274454
1431,0.37551346422812143,0.40454982202472606,0.006948445954003513,0.008740256789866174,0.12578533049758187,0.4057933700341883,0.03451105305215017,0.014288686831719188,0.5309198182216401,0.1628942877211211,0.08648380562624117,-0.09928366768594764,-0.09526255124836414,0.41180865560197605,0.8110493573138293,0.6402942011890154,0.6061923610098923,0.9738976513714743
1432,0.3824449034842077,0.4122926057799455,0.006931439256086247,0.007742783755219418,0.17050095657890219,0.424179050640172,0.04471562608132032,0.018385680605983667,0.5339441327952759,0.15926456356371713,0.08503837927704704,-0.09875465923042319,-0.0935828377837577,0.4147989205366447,0.8140863487536492,0.6442963570554479,0.609333262433959,0.9733102131452546
1433,0.38919727913028695,0.4191089766307691,0.006752375646079278,0.00681637085082365,0.21742397185646709,0.4454551945974837,0.0469230152775649,0.0212761439573117,0.5366828114019899,0.15715548018031103,0.08434264493039903,-0.09920741475388384,-0.09287900949791612,0.4175286742739903,0.816351860949364,0.6483959718676046,0.6126309146879669,0.9734684879754375
1434,0.3948241192346731,0.42496279874125287,0.005626840104386133,0.005853822110483742,0.2612414734858109,0.4674514010605053,0.04381750162934381,0.02199620646302164,0.5391506747385162,0.15582886519516925,0.08401523781371278,-0.10029227609848836,-0.09295873996902373,0.42001850361427223,0.8183921776851724,0.6523661802298268,0.6158506963511478,0.9741817183820127
1435,0.39910810215173903,0.42953026630207297,0.004283982917065943,0.004567467560820104,0.3002000908434424,0.48859580200954283,0.03895861735763151,0.021144400949037523,0.541106890297021,0.15510834808315227,0.08393019589038242,-0.10158915289785109,-0.0934068959874931,0.4221366724720187,0.8199435314185543,0.655906373055745,0.6187638412351111,0.9750097807889454
1436,0.4022277086482651,0.4327460461194036,0.003119606496526095,0.003215779817330622,0.33259815805517917,0.5083815104148597,0.03239806721173677,0.01978570840531685,0.5427723266762753,0.15507186511480175,0.08416871703039047,-0.10264387130319091,-0.09427032999620905,0.42425983579544785,0.8210414001805205,0.6593978783697173,0.6215549504194562,0.9760659549555608
1437,0.4032725023455993,0.4329186599721173,0.0010447936973341787,0.0001726138527137211,0.3570222324610619,0.5242131027736436,0.024424074405882734,0.015831592358783952,0.543748718167995,0.15639685723616917,0.08504059064766989,-0.1045535643938385,-0.0957542997000572,0.42673917975513764,0.8222242283152432,0.6629843308517218,0.6244649879938923,0.9785639859274208
1438,0.40108112611193925,0.4292427332826841,-0.0021913762336600584,-0.0036759266894332288,0.37071390851027763,0.5284794632157536,0.013691676049215729,0.004266360442109929,0.544302869973904,0.15972615821972855,0.08693940632890412,-0.10749705429782457,-0.09803508785116759,0.4274530136504381,0.8232114831891179,0.665421163954901,0.626437919252471,0.982865610047813
1439,0.39670028003019175,0.4211938407267945,-0.0043808460817474915,-0.008048892555889586,0.3657267687177178,0.5219444175492446,-0.004987139792559825,-0.006535045666508976,0.543566430370469,0.16478380162756476,0.08957094283357087,-0.11152885476169319,-0.10063386071213348,0.42672215340492464,0.8233848205532934,0.6659761222552043,0.627702311224255,0.9880902920723293
1440,0.3914298139944442,0.412568859678968,-0.005270466035747545,-0.008624981047826497,0.35971025788468924,0.5158987582288653,-0.0060165108330285655,-0.00604565932037926,0.5427593740208523,0.1700291195347412,0.0922848984839928,-0.11511074077691036,-0.10306945737489645,0.42556086537788207,0.8236813997122966,0.6663106686293725,0.6290180945351714,0.9936243930459817
1441,0.38646976740745503,0.4063512637347163,-0.004960046586989175,-0.006217595944251697,0.3527612056955667,0.5109038696842697,-0.006949052189122562,-0.0049948885445956215,0.5424265426582531,0.17435354694269034,0.09457399166832695,-0.11777565026189271,-0.10504504307441435,0.4247718015117435,0.8246113110555855,0.6666579167905171,0.630123851903448,0.9988705594898103
1442,0.38226101828362924,0.4020640271539199,-0.004208749123825795,-0.004287236580796383,0.34689516114319774,0.5077742756320109,-0.005866044552368943,-0.003129594052258766,0.5426182766441792,0.17785001393362274,0.09650466806180562,-0.11986644780899477,-0.1066656477783607,0.4239141304706558,0.8263772527626718,0.6670605247103305,0.6310906213879651,1.0041254506873156
1443,0.37801126266552265,0.39840019087171613,-0.004249755618106588,-0.0036638362822037918,0.3167916636270988,0.48927913135506845,-0.03010349751609892,-0.018495144276942488,0.5407956576774349,0.17936208208471527,0.09699823514339766,-0.12086438933139795,-0.10685272608679353,0.42103748376820094,0.8249505094267419,0.6642016451518036,0.6288988024262994,1.0042109995659776
1444,0.37647869022917757,0.3968083342965626,-0.001532572436345081,-0.0015918565751535385,0.2723743106782838,0.4637724985533988,-0.04441735294881499,-0.02550663280166965,0.5377587912927405,0.17827094483981293,0.09586676781967261,-0.11995523199709747,-0.10609743763281869,0.41677267105821064,0.821281367031682,0.6593885673159309,0.6241387454420142,0.9994623761243043
1445,0.3766455067692495,0.3978934390614248,0.00016681654007194568,0.0010851047648622325,0.2291157075089079,0.4405695352689709,-0.043258603169375937,-0.02320296328442789,0.5358166767021512,0.17316436918042,0.09278435681747706,-0.11606286917515539,-0.10200177949288894,0.414147034330587,0.8179966442064284,0.654565776474282,0.6192815729424421,0.9910914448694325
1446,0.3773866879254097,0.3997831106436787,0.0007411811561601755,0.0018896715822538934,0.19710856749696112,0.42512773557862377,-0.032007140011946766,-0.015441799690347147,0.5352710509331132,0.16639801361106277,0.08906803961877605,-0.11065447594099831,-0.096273630000358,0.4133478354321722,0.8150650300433178,0.6507399936070938,0.6152491150844205,0.9814083089921688
1447,0.37873839160843153,0.40245839767110436,0.0013517036830218432,0.0026752870274256435,0.17333869889638331,0.41573593258481273,-0.02376986860057781,-0.009391802993811038,0.5369003111213537,0.16278531606687005,0.08739948684229043,-0.10695389677058535,-0.09409973755943389,0.4139880979882667,0.8137242571706081,0.6497733817172671,0.6138169670298498,0.9764596017334232
1448,0.3814200326784995,0.40598156908141275,0.002681641070067964,0.00352317141030839,0.17729783397423035,0.41955882682874973,0.003959135077847037,0.003822894243937003,0.5415075059276658,0.16686017760495958,0.09035603861350902,-0.10698557212435968,-0.09640413685592927,0.41616695229709944,0.8115299506617486,0.6520380668894278,0.6152446739547981,0.97831941236804
1449,0.38414099099655286,0.4097501535310517,0.002720958318053357,0.0037685844496389564,0.19990797388933326,0.4319689305435639,0.02261013991510291,0.012410103714814158,0.5471107834687334,0.17604036642350143,0.09631358279608478,-0.10976076119110702,-0.1005706255308868,0.4186401571583143,0.8096395690825279,0.6559970320576207,0.6183483277284519,0.9855714651922295
1450,0.3863519107828823,0.4134144562950175,0.002210919786329424,0.0036643027639657877,0.23190934498365431,0.4494471093033009,0.03200137109432105,0.017478178759737006,0.5532253554837075,0.1846224439661958,0.10213781719346954,-0.11320614763005299,-0.10440605430309939,0.4211924258822975,0.8103908098435638,0.6606909239492109,0.6222060004385332,0.9948682290406948
1451,0.3875645410048567,0.4166123032987307,0.0012126302219744312,0.003197847003713228,0.2648540408953646,0.4685859447358957,0.03294469591171026,0.019138835432594814,0.5588347872133471,0.19172772785922726,0.10714412400110979,-0.1159867231104894,-0.10719287100260161,0.42347981304448884,0.8125268299221109,0.6651163613226825,0.6259307085085427,1.004084193339111
1452,0.38823789246414125,0.4192045303597013,0.0006733514592845435,0.0025922270609705644,0.29670631900730776,0.48720715891417643,0.03185227811194319,0.01862121417828072,0.5638051343400385,0.19718262496199265,0.1111725763562177,-0.11815356764681949,-0.10915068559424275,0.42554010095913225,0.8150283604490779,0.6691384915827054,0.6293277021391402,1.012025992678183
1453,0.3885243212325711,0.4213637743319794,0.000286428768429825,0.0021592439722781243,0.32538952598522386,0.5044338253512637,0.028683206977916098,0.017226666437087257,0.5680411016873238,0.2013033974979271,0.11434860368812377,-0.11998529499171351,-0.11062254214146028,0.42721397746027934,0.8170535550498567,0.6725178370728047,0.6321864560661502,1.0181667403694696
1454,0.3887600095108952,0.42320125398165503,0.00023568827832409767,0.0018374796496756218,0.35069505400336326,0.5196996278621977,0.0253055280181394,0.015265802510934012,0.5713695364459308,0.20431832622236032,0.11674126734107848,-0.12147463195280457,-0.11173576848101763,0.4286203455876068,0.8190143875337554,0.6754025237084997,0.6346306802347964,1.0231438747883217
1455,0.3889089984058832,0.4247434241376187,0.00014898889498804468,0.0015421701559636403,0.37264454961344856,0.5331678674697222,0.0219494956100853,0.013468239607524524,0.5735381214399841,0.20664423029416895,0.1185183436493291,-0.12197602348268358,-0.11272449841459178,0.42970349326490465,0.8206950900188003,0.6777480655659035,0.6366534781321401,1.0271533777924349
1456,0.38925906399878424,0.4261109387344002,0.0003500655929010166,0.0013675145967815272,0.39205708288370866,0.5453099722704966,0.0194125332702601,0.012142104800774378,0.5746238189417641,0.2083481469887176,0.11972180789209691,-0.12190727321538583,-0.1134195527335531,0.430434570010608,0.8223176923251007,0.6795537212167021,0.6383498077393764,1.030483328841024
1457,0.38946984335309665,0.42707116881883006,0.00021077935431240702,0.0009602300844298584,0.40902005432134303,0.556107009840383,0.016962971437634367,0.01079703756988637,0.5753221573805624,0.20943129291721801,0.12049046326413436,-0.12173725814538565,-0.11434215736046392,0.4306071540830756,0.8240537706467046,0.6808794405185024,0.6397884181605858,1.033307795262167
1458,0.38939964551644174,0.42771964182308914,-7.019783665490609e-05,0.0006484730042590758,0.42373166840342236,0.5654875738622344,0.014711614082079327,0.00938056402185139,0.5756766203396103,0.2093512402787089,0.12051861446755284,-0.12135782171724245,-0.11501914891572806,0.43072675056929166,0.8262543357237315,0.6819421946162826,0.6410971028683641,1.0354376397364455
1459,0.3893789449933224,0.42816451977692804,-2.0700523119365766e-05,0.00044487795383890694,0.43677366493773473,0.5735326293481128,0.013041996534312372,0.008045055485878416,0.5758662912167363,0.20842293153517438,0.12002374058768062,-0.12074598410488217,-0.11518920121389647,0.4307585737747399,0.8285841361139236,0.6827568810865043,0.6422250280540854,1.0368500297820837
1460,0.3897296435470651,0.4284088695979739,0.000350698553742701,0.000244349821045875,0.4484140389828563,0.5806243292131361,0.011640374045121582,0.007091699865023338,0.5759166080254746,0.20752971280493115,0.11951980826311685,-0.12041132103577042,-0.11560002875080538,0.43046103688117326,0.8301949884426624,0.6833753290423912,0.6431328523225708,1.0375777629825353
1461,0.39038915594801477,0.42878087986546726,0.0006595124009496911,0.000372010267493339,0.4591123717610191,0.5871800438439718,0.010698332778162789,0.006555714630835707,0.5755954960384787,0.206681713466747,0.11896506338497496,-0.12041471582745898,-0.11624075716825684,0.4301588671843383,0.8317645766109744,0.6840397327165739,0.6441030533774741,1.0383101595243214
1462,0.39121973327807064,0.4293027799936263,0.0008305773300558705,0.0005219001281590585,0.4688100370008146,0.5934356285253832,0.009697665239795483,0.006255584681411408,0.5750510950889915,0.2047177878959756,0.11772318811377668,-0.12037321907947719,-0.11676306314434164,0.43008839224126866,0.8337976664335623,0.6846704972986678,0.6450546404221229,1.0383916475892372
1463,0.3923692217748189,0.4299934724154181,0.0011494884967482855,0.0006906924217917609,0.47680642099711396,0.5990498730905007,0.007996383996299372,0.005614244565117499,0.5742774476266826,0.20239394619318746,0.11623027883491584,-0.1201352979060177,-0.11701758506521094,0.4303447497624975,0.8355893176184666,0.6854212115976817,0.6460528351688526,1.0378712561800296
1464,0.39373956275226124,0.43102168409692276,0.0013703409774423192,0.0010282116815046871,0.4819158440614087,0.6030013175340829,0.005109423064294738,0.003951444443582197,0.5735458765540733,0.1999638215338206,0.11468842530071742,-0.11968012267539846,-0.11679584271617603,0.43078234081534306,0.837603273625908,0.6860657831175209,0.6469861718982142,1.0374644703989138
1465,0.39485914648182296,0.4316609197342159,0.001119583729561724,0.0006392356372931229,0.48375591021224285,0.6041518587985722,0.001840066150834152,0.0011505412644893243,0.57259923035632,0.19682338071760977,0.1127009163150323,-0.11928586439919006,-0.11612375464760788,0.4309886817052435,0.8398361485765046,0.6862232900357921,0.6475409615069226,1.0365634013086633
1466,0.39620606720737145,0.43235657286202145,0.0013469207255484839,0.0006956531278055622,0.48531780039477945,0.60341457260109,0.0015618901825366072,-0.0007372861974822564,0.5718572303947441,0.19287118350966206,0.11029478082479179,-0.11878679677100304,-0.11464292103841703,0.4311754651343163,0.8429526806502925,0.6862665775617062,0.6478256812749325,1.035735317803284
1467,0.3972532572360131,0.43303856482057096,0.0010471900286416758,0.0006819919585495104,0.4862842512495451,0.6017480282232058,0.0009664508547656547,-0.0016665443778841604,0.5713507573877672,0.18855591688548207,0.10773156592246506,-0.1181465693484017,-0.11288870193336337,0.43139278442412277,0.8468936922276826,0.6862427744877986,0.6477871805052202,1.0353703925561706
1468,0.3980115635733745,0.433738500646013,0.000758306337361403,0.0006999358254420329,0.4865098270380254,0.5997429693620663,0.00022557578848031445,-0.0020050588611395526,0.5710733841967359,0.1844823406228785,0.10535295458404219,-0.11788050427036913,-0.11126873141702324,0.43138117028413847,0.8501458597880577,0.6860850555510432,0.6473646368748206,1.034556712183393
1469,0.399093607832922,0.4344150766107362,0.0010820442595474988,0.0006765759647232028,0.4875724226024806,0.5983046049706607,0.0010625955644552043,-0.0014383643914055444,0.5704753804594964,0.18085930450737955,0.10317578054848726,-0.11740922648056293,-0.10953337649224744,0.43157203108165426,0.8519468238210756,0.685758921216564,0.646847140851029,1.0327421931729852
1470,0.40021183850076064,0.4349083979865374,0.0011182306678386156,0.0004933213758012145,0.48851516409843837,0.5971688280654498,0.000942741495957744,-0.001135776905210939,0.5697284744426216,0.17785322319827504,0.10132804552745632,-0.11667533817457958,-0.10794790291934198,0.431926897064413,0.8526984106078178,0.6854427501858007,0.6464134489852797,1.030494043749239
1471,0.40130991942156424,0.43578916794182393,0.0010980809208036013,0.00088076995528652,0.4889265322522644,0.5964935286353175,0.00041136815382603054,-0.0006752994301323367,0.5696652688311648,0.1747999202427594,0.09957744355675768,-0.115302070370735,-0.106353958438957,0.4327138721762914,0.8539815371863061,0.6857007511371973,0.6462220565203513,1.0287291118919406
1472,0.4023160324726152,0.43663192014083435,0.001006113051050972,0.0008427521990104214,0.48896042601123485,0.5960688966711671,3.3893758970449106e-05,-0.0004246319641503238,0.5700145909592848,0.1714758847795541,0.09774375632199898,-0.11319931689758524,-0.10436380088039926,0.4335888541471377,0.8557300051178939,0.6862753884273899,0.6462419753334461,1.027158622523526
1473,0.40348536935830537,0.43764251737382104,0.0011693368856901531,0.0010105972329866875,0.4890255078480887,0.5962371607860868,6.508183685383084e-05,0.00016826411491965843,0.5705755682723475,0.16801673005437737,0.09586624123003797,-0.1107405301309082,-0.1021907814091842,0.43450822340784817,0.8570789522507457,0.6869420625786188,0.6463441484603699,1.0250528810312958
1474,0.4045896395795546,0.43852217359745654,0.0011042702212492594,0.0008796562236355054,0.48917526916992754,0.5967775644221148,0.00014976132183885937,0.0005404036360280307,0.5711487555585165,0.16495690742833374,0.09421493239847423,-0.10841413622862849,-0.09977277968772261,0.43502482711286933,0.8576873953472901,0.6874264532107485,0.646294009432161,1.0226045716826333
1475,0.4056390503772705,0.4393017492561518,0.0010494107977158662,0.0007795756586952418,0.4893538413488211,0.597441044420164,0.0001785721788935546,0.0006634799980491657,0.5716432188788275,0.16254954339236755,0.09292034421209663,-0.10649820123469966,-0.09788051575301956,0.435177217432601,0.8578424044825462,0.6878315809260183,0.6462337769724185,1.0203540295265432
1476,0.4066217546993334,0.4399874472613634,0.0009827043220629328,0.0006856980052116213,0.4895930002537149,0.5980637955521904,0.0002391589048937881,0.0006227511320263668,0.5719753944252784,0.16048793299291442,0.09179514877411989,-0.10460916422472769,-0.09601317160845584,0.43517497507036096,0.8577382873788386,0.688045582631868,0.646058888746826,1.0181896333953544
1477,0.4075078001487693,0.4405831254525782,0.0008860454494358794,0.0005956781912148101,0.48993400722686614,0.5987060475286002,0.00034100697315125883,0.00064225197640988,0.5722321577316618,0.1589497850886733,0.09095617849227544,-0.10301400649211236,-0.09444760583774586,0.43505136689176316,0.8573319759023494,0.688133181186016,0.6458164527256572,1.0162452194678782
1478,0.40827787980206426,0.44112472541832076,0.0007700796532949528,0.0005415999657425452,0.4904193792532848,0.5993320325401333,0.0004853720264186845,0.0006259850115331034,0.5724837044809474,0.15789675488448998,0.09039331916179295,-0.1018467886104059,-0.09323284892614275,0.4348890389932259,0.8570950874554975,0.6881525131422218,0.6456864720071804,1.0149546020995208
1479,0.4089528278256567,0.44161630958880266,0.0006749480235924143,0.0004915841704818957,0.4908898076629531,0.5999423325299723,0.0004704284096682665,0.0006102999898389694,0.5726858361181844,0.1571204992298196,0.08998068447273579,-0.10094815931291415,-0.09223598127097414,0.4348992173489078,0.8567520074675552,0.688185625557059,0.6456686858113663,1.0138335853432758
1480,0.40956778138624694,0.4421229352527196,0.0006149535605902701,0.0005066256639169597,0.4912885674562576,0.6006981960728326,0.00039875979330450395,0.00075586354286028,0.572891108650735,0.15652979787996174,0.08967452944432674,-0.10027694127948694,-0.09142477212193686,0.43501605858701387,0.8566456217847529,0.6882408917794514,0.6457505158596173,1.0131343643738204
1481,0.40999947640207585,0.4425440858272144,0.00043169501582890346,0.00042115057449476634,0.4917005276480382,0.6013271057318716,0.0004119601917805804,0.0006289096590390564,0.573091187711042,0.15608877105222788,0.08945309919067818,-0.09973229940728001,-0.09079638761175583,0.43516185202536395,0.8566202780096659,0.6883164921680854,0.6458461688755911,1.0126655886238147
1482,0.4102661959359868,0.442857898588612,0.00026671953391094183,0.00031381276139763603,0.49212498699207435,0.601847607369888,0.0004244593440361766,0.000520501638016313,0.5732893495777309,0.1557233030076338,0.08927451109534229,-0.09932811902363269,-0.0903286926074632,0.43539424557353823,0.8571673070678957,0.6884519295357484,0.6460206961470282,1.012844695927306
1483,0.4103414214281127,0.443029945237933,7.522549212590768e-05,0.00017204664932096714,0.49264403241377464,0.6022915291641971,0.0005190454217002816,0.00044392179430918777,0.5734295246233474,0.15520952811560196,0.0890017259243437,-0.0988476278595027,-0.08994725169925641,0.4356121653063636,0.8580995806872678,0.6885088026713247,0.6461326969101681,1.0132605096449248
1484,0.4103718940037814,0.4431594926022232,3.0472575668683e-05,0.00012954736429021674,0.4932520247858825,0.6027032871233432,0.0006079923721078462,0.00041175795914605295,0.5735807163613786,0.15463909247307747,0.08869800143818125,-0.09839507764494637,-0.08963378365779462,0.43579359841511,0.859228095875469,0.6885177075401641,0.6462201070094925,1.0138159060775016
1485,0.4103345622445933,0.44326381779255464,-3.7331759188075075e-05,0.0001043251903314335,0.49399141452324563,0.6031748439098144,0.0007393897373631497,0.00047155678647115007,0.5737429743451951,0.15408756178355754,0.08840665600729732,-0.09797719593920078,-0.08941527387627947,0.4359319545131356,0.860518778741215,0.6885315088745012,0.6463221695166836,1.0145518629112105
1486,0.4103503136921589,0.4433964898892499,1.5751447565603982e-05,0.00013267209669526325,0.4948598039132397,0.6037490594730988,0.000868389389994062,0.0005742155632844081,0.5739871450220544,0.15357831800106592,0.08815198028672101,-0.09760131363999641,-0.08929045389874961,0.4359741537568808,0.8619124545586409,0.6885281374456997,0.6464191225556751,1.0154329915037663
1487,0.41035635459826136,0.44352573199665235,6.040906102455779e-06,0.00012924210740244968,0.4956804350045501,0.6043362295596392,0.0008206310913104198,0.0005871700865404117,0.5741962008762104,0.15298143507290063,0.08784135882345018,-0.09718454689782696,-0.08935365554067055,0.4359811744458835,0.8632451201982293,0.6885402706663274,0.6464821381488389,1.0161661445482049
1488,0.41031221381737615,0.4435876167176473,-4.414078088521567e-05,6.188472099494247e-05,0.49618609521977103,0.6047885994163481,0.0005056602152209155,0.00045236985670893404,0.5743863245122898,0.15200042383342297,0.08730696476999007,-0.09666648394666201,-0.08949827095421704,0.4359650315918627,0.8647325749026168,0.6885381500147412,0.646453915933946,1.0166711385499074
1489,0.4102428599215902,0.443629080205809,-6.935389578593965e-05,4.146348816169709e-05,0.49642094148193305,0.6050580986271601,0.0002348462621620251,0.00026949921081198536,0.57450223044356,0.1506462368802985,0.08654659909566037,-0.09610727993996675,-0.08964702801702272,0.43600833345387013,0.8664287990523499,0.6885634108497332,0.646424792233593,1.0170126697178292
1490,0.4101899049452627,0.4436520781429044,-5.295497632751278e-05,2.2997937095425858e-05,0.4964518011760217,0.6052777186652257,3.085969408866962e-05,0.00021962003806563768,0.5746027860607185,0.1490944728624661,0.0856700994930272,-0.09557155508926855,-0.08983651538905715,0.43611241977081966,0.8680882118584937,0.6885800438674642,0.6464015135240399,1.0171197423744496
1491,0.4100746628610521,0.44360117265219057,-0.00011524208421059834,-5.090549071384842e-05,0.4960503224483826,0.605408051129387,-0.0004014787276391263,0.00013033246416127575,0.5745454323013477,0.14718433702167338,0.08456408854210459,-0.09495002185179781,-0.09004412356019684,0.4362535096818215,0.8700149653276573,0.6885018965210415,0.6463409638329183,1.017137249633964
1492,0.4097565182889848,0.44342001821178106,-0.0003181445720673026,-0.00018115444040950335,0.49530682324413533,0.6056108072338553,-0.0007434992042472666,0.0002027561044682935,0.574103348340117,0.14522252604758543,0.08337273845832865,-0.0941541159455758,-0.09026309988257583,0.436388297387926,0.8712660545886933,0.6882741490772708,0.6461413497798042,1.0164274829482687
1493,0.4094248118945065,0.4431935319074948,-0.00033170639447827055,-0.00022648630428628858,0.49448208675805483,0.6057870046244519,-0.0008247364860805018,0.00017619739059659967,0.5735724288070841,0.1431619378953728,0.08211374043137791,-0.09318592377406403,-0.0908258409537506,0.43612735328718144,0.8724933577625025,0.6879922423480236,0.6458204537136021,1.015596910905793
1494,0.40921141745856,0.4430309585263945,-0.0002133944359465345,-0.00016257338110026165,0.49372738763588536,0.6060462067952812,-0.0007546991221694666,0.0002592021708293091,0.5730368035586495,0.14067586334662702,0.08061244707000453,-0.09212106731402858,-0.09207508365929429,0.4351309883319916,0.8745883299006457,0.6877006608325078,0.645365161439102,1.0152130225788163
1495,0.4093474068365029,0.44307880292513735,0.00013598937794290222,4.7844398742835637e-05,0.49296104052960305,0.606447494491661,-0.0007663471062823168,0.0004012876963798151,0.5727915058920066,0.13198042838801644,0.07559726832464407,-0.09046846409296885,-0.09296370461604225,0.4345516141539117,0.8824924070222708,0.6875275836821814,0.6449935792375765,1.0144308576546326
1496,0.41018705962679164,0.44333201374460063,0.0008396527902887474,0.0002532108194632787,0.4922205823865574,0.6067577459308273,-0.0007404581430456303,0.00031025143916629805,0.5727606315656366,0.12070189863466396,0.06913329569316158,-0.08823381142952394,-0.09314524064275344,0.4347597136646931,0.8922348285048907,0.6873891885157248,0.6447742107607434,1.0128981366841028
1497,0.411609315721876,0.4436702907851508,0.00142225609508434,0.00033827704055017227,0.49153970048321227,0.6070173475114469,-0.000680881903345143,0.00025960158061955063,0.5726942601560958,0.11053677013526793,0.0633037737926617,-0.0861343173411825,-0.0931097583431189,0.43540820856088813,0.9008163740757167,0.687402409578305,0.6446996177711454,1.0113092255633336
1498,0.4132298948374733,0.4440235864514886,0.0016205791155973204,0.00035329566633779397,0.49114338684597,0.6072741017445222,-0.00039631363724229596,0.0002567542330753625,0.5723479851602397,0.10524970884880278,0.06023945879831412,-0.08521899754600562,-0.09379620625348066,0.435300976480503,0.9056502614829142,0.687338140079518,0.6446497287530851,1.0108472194181992
1499,0.4145738663711247,0.44431486585487334,0.0013439715336514002,0.00029127940338474767,0.49094497703879053,0.6076027099576388,-0.0001984098071794449,0.00032860821311653243,0.5715165693741517,0.10461036598254847,0.05978655748732056,-0.08460666149084063,-0.09453401989960519,0.43525979700683015,0.9061446180657883,0.6873199127533061,0.6445998072455499,1.0106841140253067
1500,0.41566501474721834,0.4446268485078269,0.0010911483760936425,0.00031198265295356853,0.4908774667269167,0.6080954422733077,-6.751031187385292e-05,0.0004927323156689312,0.570502387133401,0.10627812178118998,0.06063192217622318,-0.08418062768084851,-0.09523376086020781,0.43521979395958127,0.9046758278478548,0.6872412292787478,0.6445674396347851,1.0108601357449505
1501,0.41623024550848065,0.4447789592184897,0.0005652307612623031,0.00015211071066278947,0.4911234756217707,0.6088412526887321,0.000246008894854044,0.0007458104154244305,0.5695551407523829,0.1086081898350955,0.061858352848389336,-0.08390076396055483,-0.0958131976389295,0.43509115756004246,0.9023569874718214,0.6870583799794747,0.6445385226684831,1.010850053215185
1502,0.41631434543260765,0.4448526975653497,8.409992412700129e-05,7.373834685997505e-05,0.4912235056788485,0.6095131626059187,0.00010003005707776014,0.000671909917186575,0.5689891826367361,0.11074122578969377,0.06301055954626811,-0.08388058171121682,-0.0965812960651985,0.4344399899409948,0.900061288365954,0.6868471099506984,0.644556704979632,1.0106685591049116
1503,0.41621232169429556,0.4447553509695491,-0.00010202373831208478,-9.73465958005737e-05,0.49122185550471936,0.6100083607927792,-1.6501741291197192e-06,0.0004951981868605015,0.5689425390420282,0.10754501127295017,0.06118693177493582,-0.08340187097746639,-0.0963991432367336,0.43393075395089337,0.9013887168343083,0.6865549272788193,0.64455564777767,1.0087966408954436
1504,0.4163712285639403,0.44480095499312894,0.0001589068696447593,4.560402357983717e-05,0.49139476607324306,0.6104992242645667,0.00017291056852369868,0.000490863471787506,0.5691257581608093,0.10174538075221784,0.0579059169599662,-0.08245154976385183,-0.0953270229615276,0.43371778083123397,0.9041881767584582,0.6863301834761668,0.6446023645256002,1.0057949440973302
1505,0.4167501258695866,0.444895458944716,0.0003788973056462752,9.450395158705494e-05,0.4918400473220963,0.6109747004736238,0.0004452812488532354,0.00047547620905707966,0.5692062241293373,0.0958897012623573,0.05458101478843654,-0.08154989101198228,-0.09418419806331121,0.43377730345783094,0.9072843402189025,0.6862766969109616,0.6447050546018315,1.003027921920034
1506,0.41710722644027054,0.4450126842351283,0.00035710057068394363,0.0001172252904123039,0.4922544109875578,0.611390239030305,0.0004143636654614924,0.0004155385566811942,0.56913289339018,0.09194321165313618,0.05232790607573511,-0.0810452583114929,-0.09343700692344958,0.43378221625758845,0.9093592743040149,0.6862123588184359,0.6448320001715927,1.0011436991501905
1507,0.41750239238154013,0.4452995990676054,0.0003951659412695929,0.00028691483247711425,0.4926756069840287,0.6114622474117511,0.0004211959964708911,7.200838144616473e-05,0.5688785641130704,0.09251032449237094,0.05262714056285418,-0.0813069741230333,-0.09318887768829072,0.4335629773443262,0.9076401187876515,0.6860123328414088,0.6449085523310456,0.9999753793591021
1508,0.4180733122259673,0.44631278174674965,0.0005709198444271424,0.0010131826791442422,0.4917340973423441,0.6100528930520739,-0.0009415096416846014,-0.0014093543596772617,0.5686555796795698,0.09701303232396043,0.05516700213265456,-0.08268549653553608,-0.0932210576904931,0.4333290079252769,0.9037774014744158,0.6857610801092376,0.6451087874464708,1.000603167194752
1509,0.4187898962079804,0.4478831415480622,0.0007165839820131303,0.0015703598013125375,0.4776401334183751,0.6006901708261407,-0.014093963923969,-0.009362722225933151,0.5685607943492904,0.10324211854813552,0.05869942093203154,-0.08438510175513272,-0.09351694920299708,0.4330535002187611,0.8990293061604441,0.6852169132504506,0.6453526821029794,1.0020793486513064
1510,0.41945779368406727,0.44889736358741333,0.000667897476086865,0.0010142220393511425,0.43160814340715914,0.5773225806212069,-0.04603199001121594,-0.02336759020493384,0.5667866142847904,0.10949950067126947,0.062062851251343955,-0.0851233810787359,-0.09428607275857832,0.43095813599615024,0.89127283131398,0.6818366453705611,0.6433398889889222,1.0005741872483516
1511,0.41918561532557913,0.44934126131768576,-0.00027217835848813987,0.0004438977302724245,0.3900633574983951,0.5586332380238822,-0.04154478590876404,-0.018689342597324687,0.5644382283180561,0.11501386306316973,0.06491822109939104,-0.08582488116272918,-0.09498818701558182,0.42850856492564404,0.8833080814019216,0.6779273357701727,0.6406431551628662,0.9981181209906572
1512,0.41826428536916205,0.44958555381483994,-0.0009213299564170829,0.000244292497154186,0.36174276291369833,0.544791960843024,-0.028320594584696768,-0.013841277180858258,0.5625547673107819,0.11942756643306308,0.06718454684524475,-0.08670165727933177,-0.0958907338654916,0.42678577712646715,0.8772494770601715,0.6750506988239172,0.6386800978783858,0.996469195259834
1513,0.4178503503178908,0.4504745744391848,-0.0004139350512712414,0.0008890206243448717,0.34722483337744203,0.5363656447844364,-0.014517929536256302,-0.008426316058587568,0.5621854963512136,0.12266542329007923,0.06896072187746491,-0.08745634309071318,-0.09639031239227136,0.4267240332162422,0.8744184890460306,0.6741928344484871,0.6384680090409763,0.9968779333493075
1514,0.4175185821329286,0.45132164072485464,-0.00033176818496222227,0.0008470662856698286,0.34304942334107796,0.5323423599881205,-0.004175410036364069,-0.0040232847963158624,0.5621533181725722,0.1251643621822616,0.07036156151771196,-0.0881605728368329,-0.09662962565582965,0.4270495881262565,0.8725202696129273,0.6739893458968745,0.6387553221910366,0.9974872268077268
1515,0.417116402037763,0.4519439865849064,-0.00040218009516557185,0.0006223458600517762,0.3460274844007858,0.5325386391916593,0.002978061059707826,0.00019627920353881834,0.5623431122178125,0.1271173374811017,0.07148355917596473,-0.08875435410252455,-0.09679829044398212,0.427452148675036,0.870762526863759,0.6741087425871265,0.6391715871831376,0.9976891451963101
1516,0.4164736652190321,0.4522950295566301,-0.0006427368187308935,0.0003510429717236696,0.35437608872053056,0.5356063119274243,0.008348604319744768,0.0030676727357649147,0.5626162561079227,0.12798277533588182,0.07200518990577522,-0.08917308847005367,-0.09684262088030382,0.4278463309269345,0.8697137835893082,0.6743591669363589,0.639590899974887,0.9975146389925266
1517,0.41569883462287943,0.4524072231870677,-0.0007748305961526869,0.0001121936304376292,0.3663432047278062,0.5406247840760533,0.011967116007275624,0.0050184721486290496,0.5630741005570111,0.1278379593312626,0.07198224396749446,-0.08951174255594724,-0.09683601089568857,0.4282236517200886,0.8695452468429721,0.6747695953785462,0.6399739168233168,0.9972127960856355
1518,0.41478732824666587,0.45236233827406697,-0.0009115063762135667,-4.488491300075337e-05,0.37863200225436827,0.5462136327592718,0.01228879752656209,0.005588848683218517,0.5636948299097072,0.12178597450147163,0.068650124181995,-0.08839633587249607,-0.09533878702993412,0.430036877363561,0.8733256750063213,0.6752360089594416,0.640363071855059,0.9949661885967368
1519,0.4138192614544827,0.45231149333225784,-0.0009680667921831421,-5.084494180912502e-05,0.39003162495483257,0.5513659293402624,0.011399622700464296,0.00515229658099059,0.5644468907773332,0.10894037254260948,0.06149105456180028,-0.08417748224718563,-0.09079697584899533,0.4347819363620797,0.8809774090599707,0.675792579604608,0.6408500756871235,0.9898056785293342
1520,0.41293491023229795,0.4522516002618905,-0.000884351222184776,-5.989307036735614e-05,0.40011489759912067,0.5559358609443041,0.0100832726442881,0.004569931604041733,0.5653243175115715,0.09749004165210126,0.055113491261148825,-0.08023550467506495,-0.08660405896185189,0.43911208971399346,0.8876403472639417,0.6763193092164265,0.6413599129707789,0.9850392346086613
1521,0.41212947625221596,0.4520455228440883,-0.0008054339800819821,-0.00020607741780220845,0.4089947309601529,0.5600086217589451,0.008879833361032208,0.004072760814640919,0.5661217363800849,0.08864038462265181,0.050181248455974214,-0.07701135341312107,-0.083096683585286,0.4426325500746016,0.8924521422493196,0.6768067388796988,0.6418268021117793,0.9810109321651895
1522,0.4113825360222213,0.4517365381719946,-0.0007469402299946637,-0.00030898467209367064,0.417342090945114,0.5637145124234174,0.008347359984961111,0.0037058906644723555,0.5668221815614833,0.08263146574577793,0.04683734767964483,-0.07509167696266465,-0.08100444175794838,0.4445819705948829,0.8959417115466007,0.6771582300448044,0.6422093579321271,0.978494520708056
1523,0.4107256646340609,0.45133507441002274,-0.000656871388160396,-0.0004014637619718653,0.4247299324957783,0.5669560496605296,0.007387841550664298,0.0032415372371121798,0.5673489242107853,0.08034218755996615,0.045582053680887934,-0.07485640983234093,-0.08056993514356511,0.44478528845319176,0.8973696355736925,0.6773827356594413,0.6424454436170104,0.9776307479465434
1524,0.4101157059295068,0.45087919203940985,-0.0006099587045541033,-0.0004558823706128923,0.43095485181905396,0.5698260287383444,0.006224919323275679,0.0028699790778148326,0.5674510675253667,0.08216399357882626,0.046624045868452334,-0.0752743419145746,-0.08082989334713508,0.4442758435248128,0.8955519454545029,0.6774550316386988,0.6425826320680085,0.9776276382195384
1525,0.40974520855799,0.450615203131549,-0.00037049737151678697,-0.00026398890786083484,0.42640320171649904,0.5671735912030572,-0.004551650102554927,-0.002652437535287211,0.5673724911191225,0.08512729748786116,0.0482988868379264,-0.07594994595553398,-0.08135010684175509,0.4435967172198897,0.892851616853869,0.6771100849786965,0.6422733326750507,0.9778841082773723
1526,0.4112522794347145,0.4511685116945029,0.00150707087672447,0.0005533085629538803,0.3774706077970147,0.5370697638608831,-0.048932593919484346,-0.030103827342174094,0.5652638629456628,0.08751510922912624,0.049469128708967525,-0.07595317100480038,-0.08206164328452137,0.4403550369015648,0.8872999778222929,0.6733859951217005,0.638959819219742,0.974716505797376
1527,0.41371995359668245,0.45291180509538814,0.00246767416196797,0.0017432934008852485,0.32418359335699004,0.5076044464687393,-0.05328701444002465,-0.029465317392143864,0.5626709879912822,0.08090033720311664,0.04552027266290552,-0.07272374192620132,-0.07979020079393485,0.43845815210011063,0.8865744807210154,0.6685032750554695,0.6347708817426806,0.9673849727520268
1528,0.41490140607096104,0.45414804784409823,0.0011814524742785881,0.0012362427487100924,0.28375371891078044,0.4873301039974614,-0.0404298744462096,-0.02027434247127785,0.5602504838221081,0.07202678550541657,0.04035304142756083,-0.06898058338815628,-0.07698839671323317,0.4372917263979309,0.8876699788052229,0.6639912683215323,0.630870178552482,0.9596084981734114
1529,0.4160300854830089,0.4555614967297768,0.0011286794120478616,0.0014134488856785699,0.25789855500461817,0.4753246132726247,-0.02585516390616227,-0.012005490724836698,0.5592488237428007,0.0634944942644021,0.03550922123151088,-0.06522531791256224,-0.07397986307530137,0.43813728471423113,0.8909841496738155,0.6616886543191981,0.6290377335737155,0.9543849127862167
1530,0.41720890449222325,0.45688668125018783,0.0011788190092143491,0.0013251845204110269,0.2525455641141254,0.4751072252488473,-0.0053529908904927925,-0.0002173880237774095,0.5585368471699873,0.05616771175512048,0.03137173663645763,-0.06182456567259335,-0.07092894938017137,0.43956035610932803,0.8942161172395346,0.6603234261597959,0.627996029773398,0.9502779525720677
1531,0.41807942210726595,0.45818140450426104,0.0008705176150426985,0.0012947232540732045,0.2697115436275472,0.48423072986143084,0.017165979513421803,0.009123504612583544,0.5580919246153995,0.05218610854363663,0.029124645755306308,-0.0598587558799758,-0.06845681058471184,0.4405621216427161,0.8959826822456978,0.6598936819205947,0.6277161283128911,0.9480524210989218
1532,0.4189225565775769,0.45947000760084733,0.0008431344703109245,0.0012886030965862938,0.2961850353738747,0.4969188095124112,0.026473491746327515,0.012688079650980344,0.557822549267884,0.05412190766267679,0.030190420503635393,-0.06069401673988237,-0.06804988759436964,0.4394268950959883,0.8947985015260165,0.6598331791103885,0.6279138071993945,0.9487970346985174
1533,0.4196284949414158,0.4606822708842767,0.0007059383638389205,0.0012122632834293823,0.32353088421890785,0.5107868511502378,0.02734584884503316,0.013868041637826622,0.5574762799374874,0.059060088423727494,0.032924598387238664,-0.06258204560570599,-0.06863774693900984,0.4374884276314164,0.8917802909548969,0.660021851609933,0.6284331498621458,0.9507175556809572
1534,0.42030278459754983,0.4616130036867699,0.0006742896561340306,0.0009307328024931727,0.3487871863471849,0.5245839573758996,0.025256302128277064,0.01379710622566177,0.557225911284028,0.06655242469447223,0.03708473549853893,-0.06487286013699746,-0.06990573396177341,0.4354626552095001,0.8867817631483388,0.6604246931752183,0.6292972070585459,0.9532148164037237
1535,0.42101543494480886,0.4623682179562068,0.0007126503472590362,0.0007552142694369213,0.37271814008998994,0.5386206662736241,0.023930953742805017,0.01403670889772457,0.5571909914249552,0.07442108323988689,0.04146675715335169,-0.06701277028803816,-0.07153665125739339,0.43347392275005137,0.8822185120393755,0.6610561740868179,0.6304140429008251,0.9565221789512461
1536,0.42165539636184074,0.46302373366458655,0.0006399614170318757,0.0006555157083797392,0.3942950443438422,0.5522132655919015,0.02157690425385228,0.013592599318277387,0.5574193772581825,0.07288721106367248,0.04062874380119802,-0.06328924687139864,-0.06778087155006829,0.43650333753165127,0.881263474372093,0.661579585121126,0.6314620170025822,0.9540430309276854
1537,0.42225267657206383,0.463433139676825,0.0005972802102230945,0.00040940601223843354,0.41370507121358857,0.5651557553674441,0.019410026869746355,0.012942489775542576,0.5581888498495061,0.06742479773431335,0.037635770298651956,-0.05879969325663433,-0.06313342077076266,0.439907106824365,0.88289684800745,0.6620177513533311,0.6326068690242317,0.9502226563726283
1538,0.42239484296843344,0.4626464044309435,0.00014216639636960293,-0.0007867352458814647,0.4320431104565871,0.5765835390585673,0.01833803924299854,0.011427783691123183,0.5590557987998456,0.06078673713232245,0.03398317788394676,-0.05497221044046303,-0.05874047837816123,0.44228298462149385,0.8858236063413201,0.6622395857640339,0.6334512345472685,0.9465159756128629
1539,0.42192517713113065,0.46103674898126296,-0.00046966583730279066,-0.0016096554496805582,0.4486570917852166,0.5863949493422642,0.016613981328629512,0.00981141028369692,0.5597811321320878,0.054150772306263896,0.03031258062742731,-0.05159954611412289,-0.05467597098883418,0.4437847940218809,0.8893045363254124,0.6622040255531862,0.6340834888187061,0.9433608332347716
1540,0.42149960757267424,0.45928003390172595,-0.00042556955845640676,-0.001756715079537008,0.46245425937334683,0.5946794746710561,0.01379716758813021,0.00828452532879187,0.5605105835225372,0.04794430091895616,0.026873288084664236,-0.04878085355576459,-0.0515001086555064,0.4448868275284737,0.8928756593915087,0.6621375776110421,0.6348047581994337,0.9407223952475646
1541,0.42115441242536694,0.45792824344655336,-0.00034519514730729783,-0.0013517904551725857,0.47319480282720267,0.6013145236984666,0.010740543453855833,0.006635049027410522,0.5615886195494205,0.04236532605041998,0.02379188497341646,-0.04618285852057943,-0.04860541767470032,0.4463178752989753,0.8959249248452558,0.6621986055235077,0.6354787435844246,0.93818758562008
1542,0.42067054860571745,0.45686559996893755,-0.0004838638196494882,-0.00106264347761581,0.482861494882358,0.6069652421908728,0.009666692055155357,0.00565071849240617,0.5629940726009387,0.03776373787484846,0.021260760582795253,-0.04402639776506778,-0.04638053578401486,0.4475869914327398,0.8980130441431161,0.662292523462563,0.636042247858955,0.9356678546283803
1543,0.42015234856178124,0.4557425418740172,-0.0005182000439362122,-0.0011230580949203595,0.4939560741104635,0.6131769525240187,0.011094579228105472,0.006211710333145937,0.5638172856088086,0.03476398082733072,0.01960053330702227,-0.042052862686068955,-0.044597220707263054,0.449243302792032,0.8985816832292743,0.6627330148898485,0.6368520349125926,0.9332306145045121
1544,0.41893675963511545,0.45457116223978933,-0.0012155889266657893,-0.0011713796342278648,0.5034913322310222,0.6206650130746104,0.009535258120558665,0.007488060550591702,0.5631410382850982,0.03586018913938001,0.02019434414505046,-0.04117285387051565,-0.04432479472019062,0.4514652796548609,0.8968383449743078,0.6637747719601479,0.6386170257076484,0.9325754481703125
1545,0.4175049447722952,0.4538364706911882,-0.0014318148628202354,-0.0007346915486011185,0.5093922462576097,0.627099307168688,0.005900914026587545,0.006434294094077586,0.5620104869396872,0.038776665672996535,0.02179289275677824,-0.04122241830897456,-0.044399316525202966,0.4535394334911158,0.8945351184674066,0.6648794558219321,0.6407720278139607,0.9331821765005469
1546,0.4160893691162162,0.45346587118026876,-0.0014155756560790267,-0.0003705995109194449,0.5140967512241851,0.6326092086143568,0.0047045049665753735,0.005509901445668763,0.5609483402837363,0.04414496289704926,0.0247630436689869,-0.043261316068592105,-0.04616084125882979,0.453477675551125,0.8916501868377352,0.6656164879086349,0.6425855512460066,0.9356644585205367
1547,0.4150230008151375,0.45326556686737035,-0.0010663683010787017,-0.00020030431289841388,0.5178540185573536,0.6371703355638593,0.0037572673331685014,0.004561126949502503,0.5600417347508616,0.04830647709286952,0.027053643230793404,-0.044966133481072014,-0.04767341379150541,0.4531973326742686,0.8889500427857446,0.6661328534340014,0.6439253729927454,0.9371259804065314
1548,0.4143509721093489,0.4530973581540067,-0.0006720287057885854,-0.00016820871336364895,0.520991577280138,0.6410272684295439,0.003137558722784428,0.00385693286568467,0.5594114555521138,0.05130132045709474,0.028698546348648803,-0.04611614934600193,-0.04886509175297177,0.4529607823248505,0.8866898602933871,0.666526304076013,0.6448635866000976,0.9378620989058649
1549,0.41383598765504515,0.4529942690761816,-0.0005149844543037574,-0.00010308907782508037,0.5232192337197012,0.6445487021781121,0.0022276564395632414,0.00352143374856817,0.5589942452094551,0.05400781080485028,0.030190055436272335,-0.04739863889396699,-0.05012117368785545,0.45244356959810367,0.8847622706729247,0.6668210153206534,0.6455553048738268,0.938641198976588
1550,0.4134962618975962,0.4528492931345405,-0.00033972575744894984,-0.00014497594164114558,0.5255197515278073,0.6476621730110786,0.0023005178081060285,0.003113470832966536,0.5586537787031468,0.05595273161097657,0.03125820494323507,-0.04843312903892538,-0.05111787806320584,0.4519991349062621,0.8833542800080503,0.6669738483363967,0.6460133227726944,0.9391752392685075
1551,0.41330215742180226,0.4525554084303138,-0.00019410447579393253,-0.000293884704226699,0.5283103643063813,0.6504957176910429,0.002790612778574064,0.002833544679964217,0.5583291597746411,0.05700221606757542,0.031825999402301935,-0.04925184161377667,-0.05189632666374739,0.45168844814732373,0.8824721290353484,0.667008117126705,0.6462816563311314,0.9393347712050285
1552,0.4133401947216822,0.4522337753941334,3.8037299879944975e-05,-0.00032163303618037986,0.5314783513497678,0.6532297213002565,0.0031679870433865,0.002734003609213609,0.558073142657178,0.05752514140177414,0.032103236443886636,-0.04999555057629838,-0.05268609535184088,0.4514177977956225,0.8818920046805735,0.6670432277576608,0.6462665637637962,0.9392668106560534
1553,0.41334362025846566,0.451776672045056,3.4255367834523653e-06,-0.00045710334907739236,0.5349664267067311,0.6556798544592246,0.0034880753569632716,0.0024501331589681374,0.5579019513399215,0.05766371689468292,0.0321707001770564,-0.05098064366326895,-0.05356506028335201,0.4512072006902823,0.8814924129670177,0.6671047202042609,0.6460317588311676,0.938992738552958
1554,0.41362294600015964,0.4515749425564666,0.00027932574169398094,-0.00020172948858943052,0.5386446275502575,0.6577550822767918,0.0036782008435264357,0.0020752278175671934,0.5579691541669465,0.057673800028290825,0.032180201419379044,-0.05195068381068261,-0.05437100095611229,0.451146163989127,0.8814725962639967,0.6672167494232333,0.6459217288066172,0.9389693652047219
1555,0.4140479002354335,0.4514989789596379,0.00042495423527383336,-7.596359682865428e-05,0.5418087003549804,0.6591896242104762,0.0031640728047228617,0.001434541933684419,0.5582247265603292,0.057299401664476175,0.031985942826222684,-0.05263000385014853,-0.05491467414701321,0.4512851227900089,0.8817662292257958,0.6673431718637213,0.6458475450633374,0.9388766502809623
1556,0.4143948939485779,0.45154758382869853,0.00034699371314445004,4.86048690606089e-05,0.5444437356586347,0.659889166015275,0.002635035303654276,0.0006995418047988089,0.5585245082754803,0.05670631145870553,0.03167186472358974,-0.053041993630093646,-0.05516484165407568,0.4516093250403347,0.882325381480003,0.6674910925513685,0.6459356259744689,0.9388313029867322
1557,0.41472383976904376,0.45175340342183623,0.0003289458204658313,0.0002058195931377016,0.5466005548554966,0.6599573016838843,0.0021568191968619477,6.813566860930376e-05,0.5588256694008196,0.056149175007951954,0.031377600310122516,-0.05335990712347957,-0.05529085508080309,0.45197907353916356,0.8832392818136942,0.6677339898711816,0.6461650348070628,0.9391788211906789
1558,0.4148253073081922,0.45188842778482724,0.00010146753914846984,0.00013502436299100973,0.5480230014902405,0.6590913537896851,0.0014224466347438902,-0.0008659478941992482,0.5589021942663397,0.05565845417733514,0.03110763216918513,-0.05366543994603508,-0.05532274555662575,0.4521365613470089,0.8837939950628231,0.6677548777902693,0.6462500149075413,0.9392374752634652
1559,0.41508235176792063,0.4521482005640643,0.00025704445972840606,0.0002597727792370552,0.54884329022965,0.6576337286102669,0.0008202887394094249,-0.001457625179418165,0.5589064536283384,0.05523551111656389,0.030871483632507385,-0.054010930844425924,-0.0551804687191641,0.4522316057448024,0.8841616824951261,0.6676907988555943,0.6463023757015133,0.9391785291218973
1560,0.4152925598065893,0.4525957773420654,0.00021020803866866888,0.00044757677800111306,0.5484154471634066,0.6554855880656603,-0.00042784306624332746,-0.002148140544606658,0.5589551978770725,0.05490379984470162,0.030688764306398376,-0.05435358270404323,-0.05499880125506047,0.4524073758716384,0.8845785999159435,0.6676880718587264,0.6464851530465262,0.9392623832347716
1561,0.4155613988074525,0.4532993364005805,0.0002688390008632191,0.0007035590585151019,0.5476518665577348,0.6527387210145434,-0.000763580605671832,-0.002746867051116819,0.5589804660723263,0.05461632835794872,0.030529460680685388,-0.05476789193127996,-0.05471059060443568,0.4526464267074504,0.8849537837171666,0.6676825599159412,0.6468434448702164,0.9393493225268582
1562,0.4158122561732729,0.4540848517918133,0.0002508573658203672,0.0007855153912327828,0.5467640624217461,0.6497726000990265,-0.0008878041359886568,-0.0029661209155169566,0.5590967620171408,0.05390902398378834,0.030140360752840444,-0.054816104178268064,-0.053871641879375105,0.4532341247978964,0.8851873797285728,0.6676912081628377,0.647276967628742,0.9388762737641501
1563,0.41604348360391835,0.45463468047417277,0.00023122743064546425,0.0005498286823594767,0.5458039519639422,0.6471800974191956,-0.0009601104578039754,-0.0025925026798309103,0.5594243062645522,0.051203255283925754,0.028644345565696932,-0.05393119044722423,-0.05182344891118992,0.45464942438444433,0.8860571402627356,0.6676553093720592,0.6477776118292903,0.9370459803404533
1564,0.41572254567916994,0.45454879843314033,-0.0003209379247484101,-8.58820410324368e-05,0.5444937067491022,0.645713465681331,-0.0013102452148399113,-0.0014666317378645433,0.5596921212865863,0.04662314698973194,0.02609460803973939,-0.05238670231870825,-0.05013429109769246,0.4550726870608156,0.8873513650179482,0.667028791611699,0.6477352988147824,0.933768931353398
1565,0.41514723439984563,0.45430775413024854,-0.0005753112793243087,-0.0002410443028917908,0.5423621233657402,0.6445170500002012,-0.0021315833833620568,-0.0011964156811298254,0.5597715328465248,0.040263984479010834,0.022538632310324578,-0.05038693320577865,-0.04989229519930675,0.4533968049709545,0.8912724034347896,0.6662215651420714,0.6474631073930304,0.931346392803304
1566,0.41438821908969603,0.45366115617767017,-0.0007590153101496022,-0.000646597952578376,0.5401517844558394,0.6437431724317005,-0.0022103389099007442,-0.0007738775685006694,0.5596016011284213,0.03435111945469477,0.019222941447400853,-0.04830189300731489,-0.050730331119463956,0.4505143835437101,0.8964884379170739,0.6653837171655657,0.6468921154460642,0.9306563490889859
1567,0.4137255327046117,0.4530388739697563,-0.0006626863850843212,-0.0006222822079138823,0.5378043958560381,0.6430287181580787,-0.0023473885998013255,-0.0007144542736218229,0.5591882597714934,0.029404369446024977,0.01644257818020078,-0.04653141290973709,-0.051933273525423984,0.4475004575172839,0.9012557035702217,0.6645456659311948,0.6460624775724756,0.9304743288221318
1568,0.41311572680735104,0.45249079027959,-0.0006098058972606735,-0.00054808369016629,0.5355478490547689,0.6423642513880433,-0.002256546801269188,-0.000664466770035399,0.5588203793249988,0.025498584130353576,0.01424912845597458,-0.0452250400003949,-0.05295423512045735,0.44476044588464575,0.904945986545454,0.6637542345163605,0.6450934331232953,0.9302479152222798
1569,0.4125724252967039,0.451951410437856,-0.0005433015106471317,-0.0005393798417339668,0.5334737292374715,0.641700725962562,-0.0020741198172974373,-0.000663525425481315,0.5584272827731659,0.022617591421058392,0.012630280120135305,-0.04451315258790481,-0.05391271696294232,0.4423952662161381,0.9076363268139297,0.6629885879211139,0.6441849911905297,0.930041367193798
1570,0.41214122309739254,0.45157856686210646,-0.0004312021993113646,-0.0003728435757495707,0.5317161550456331,0.6412801181890739,-0.001757574191838418,-0.00042060777348806866,0.557623609408358,0.019489973295414156,0.01086806925626135,-0.04427551332627118,-0.05429517391336416,0.4411277923069423,0.910265197580633,0.6622838396531872,0.6433659594707114,0.9295199256222211
1571,0.4116649483086589,0.45117810032423933,-0.0004762747887336327,-0.00040046653786712794,0.5304840071364842,0.6404223449834145,-0.0012321479091488285,-0.0008577732056593845,0.5566227018648814,0.016792033401872766,0.009346827001955754,-0.04462327503505875,-0.053213778939529506,0.4425027890398097,0.9125739049183851,0.6619125573998121,0.642706947885031,0.9290988882916694
1572,0.4112321257526925,0.4514422529803399,-0.0004328225559663834,0.00026415265610058025,0.5296457591543996,0.6395893895633871,-0.00083824798208465,-0.0008329554200274814,0.5557165307129937,0.014902337200919349,0.008281475128810086,-0.04474247637401735,-0.051817485615828184,0.44561959479462643,0.9134679694389961,0.6618601036688292,0.6424600468521783,0.9280670409361641
1573,0.41105446762906217,0.4524424267944745,-0.00017765812363035316,0.0010001738141345862,0.529461024817847,0.6395921325480851,-0.00018473433655263882,2.7429846980453476e-06,0.5532830364914422,0.02601394676061036,0.014393075454837215,-0.04885790043137095,-0.054751061714886556,0.44569179579180074,0.906445245817169,0.6625159060911068,0.642550719898563,0.9322442737688074
1574,0.4110270337736419,0.45341211368545825,-2.743385542025578e-05,0.0009696868909837564,0.5294795793106954,0.6398817084547007,1.8554492848488202e-05,0.0002895759066156023,0.5498541626876888,0.052316343498175905,0.028766359249071026,-0.059833703834436834,-0.0644851379316209,0.4394018067177752,0.8916964751764757,0.662946530753141,0.6424302150685007,0.9439043162022219
1575,0.41086023642368996,0.45386673518121706,-0.0001667973499519526,0.0004546214957588113,0.5295357228202637,0.6400530767556902,5.6143509568284955e-05,0.00017136830098951616,0.5470565668926488,0.08000954971879065,0.04376974958778831,-0.0737062530649398,-0.07709245591766277,0.42928304739495404,0.8790158420496327,0.6627719661245742,0.6417884885571007,0.9589744681192236
1576,0.41060881035742935,0.4541630540540732,-0.00025142606626060715,0.00029631887285613834,0.5298025865022281,0.6403094880607425,0.00026686368196437993,0.00025641130505227316,0.5444602001730321,0.10545300943829913,0.05741496662762499,-0.08769080748091158,-0.08977984493811493,0.41783382520827467,0.8691931364874951,0.6618533963722467,0.6405562045784424,0.9746264781265361
1577,0.4101358632140668,0.45429052630004224,-0.0004729471433625454,0.00012747224596904028,0.5302338556122034,0.6404592320110813,0.000431269109975263,0.00014974395033884313,0.5423026540635247,0.12970103990845153,0.07033721817715241,-0.1020672581667013,-0.1029193355258927,0.4047509849504383,0.8606914897130452,0.6599185448633158,0.6385025680496418,0.9903849124088353
1578,0.40951236144150394,0.45394528800867084,-0.0006235017725628733,-0.00034523829137139694,0.5308557373984293,0.6407493906319115,0.0006218817862259085,0.00029015862083014987,0.5404539259026186,0.15201615153228631,0.08215772589623152,-0.1160489475557095,-0.1159064402243823,0.3905501861522397,0.8533645616042985,0.6571568405808859,0.6360339005589492,1.0053756687207513
1579,0.40864161083965356,0.45313546188600407,-0.0008707506018503786,-0.0008098261226667791,0.5312092686452442,0.6409901062101382,0.0003535312468149199,0.0002407155782266912,0.5389338540784951,0.17282350102396013,0.09314043548218158,-0.12840936290668986,-0.1284759233259941,0.3757538737682539,0.8472283123323882,0.6537522303526144,0.6332416252884066,1.0200441401743798
1580,0.40761748304479484,0.4520049012448937,-0.0010241277948587202,-0.0011305606411103897,0.5314921959191388,0.6416018590523724,0.00028292727389456207,0.0006117528422342478,0.5377216581872107,0.19073781181870328,0.10256385245015329,-0.1370799065136307,-0.13908629935951378,0.36246727311652854,0.8422321990207258,0.6500397548982165,0.6302556062299157,1.032957045367735
1581,0.4064122485691375,0.4505541298332675,-0.0012052344756573463,-0.001450771411626195,0.5319561853821905,0.6427037037266823,0.0004639894630517061,0.0011018446743098487,0.5368833928229161,0.2055411580181194,0.11035163428151906,-0.1438984012987343,-0.14854897826672656,0.3501609259496529,0.8386214070477254,0.6462483502813681,0.6271523331261651,1.0441449373452498
1582,0.40490326409353133,0.4488123101097429,-0.0015089844756061566,-0.001741819723524607,0.5320132614557932,0.6437641118972104,5.7076073602724264e-05,0.0010604081705281043,0.5365738864823576,0.21691911556180765,0.11639313288931478,-0.1490778900859501,-0.15639963600536075,0.33909479489768624,0.8364441066984233,0.6425511949801647,0.6241613320439101,1.0533409563493965
1583,0.4035191949401313,0.4469992941790679,-0.0013840691534000582,-0.001813015930674955,0.5314430707020078,0.6443955148044059,-0.0005701907537853934,0.000631402907195544,0.5367131466840794,0.22562388902461097,0.12109530744549848,-0.15345043857377527,-0.16310641608201173,0.3292847088362521,0.835516521107351,0.6392603713345493,0.6215196919363208,1.0611138863900222
1584,0.4021140197569694,0.4451649138683948,-0.0014051751831618553,-0.0018343803106731227,0.5304068017052511,0.6445600431431441,-0.001036268996756684,0.00016452833873814576,0.5369749944186786,0.23200704275401468,0.12458198048793115,-0.15691888907908483,-0.1682942703763053,0.321023932138395,0.8352643677335164,0.636302530934443,0.6191600984217178,1.067240320275389
1585,0.4007730134877183,0.44338808640870003,-0.0013410062692510993,-0.001776827459694763,0.5292387733057918,0.6446069732116816,-0.0011680283994592866,4.6930068537509584e-05,0.5373561641880653,0.23694744161940565,0.12732516834277935,-0.16002856241524036,-0.17252837505600643,0.31393523584455224,0.8348418494336051,0.6337885808099729,0.617156109125008,1.0717545225267864
1586,0.3994244938952703,0.4418178658129165,-0.0013485195924480275,-0.0015702205957835447,0.5275681607641037,0.6444930398633888,-0.001670612541688099,-0.000113933348292794,0.5378813353890841,0.2411126426676298,0.12968999021725577,-0.16274159817472184,-0.1761208339609305,0.30780032428374837,0.8344258064955975,0.6317047682740523,0.6154687086521949,1.0755013730971468
1587,0.39833365860077147,0.44056563351324396,-0.0010908352944988264,-0.0012522322996725288,0.5262735227525254,0.6444376028173169,-0.001294638011578364,-5.5437046071915574e-05,0.5385154817942384,0.24478018851802616,0.13181792115346935,-0.16552698258790646,-0.1793324243219096,0.30247719155298936,0.8339980523324619,0.63003936913356,0.6140483033875773,1.0787386294119587
1588,0.39742976718399786,0.43954165333116796,-0.0009038914167736056,-0.0010239801820760008,0.5252951458438124,0.6444574633374169,-0.0009783769087129413,1.986052010005679e-05,0.5390927012275779,0.24810666634012096,0.1337524929498652,-0.16820162223652257,-0.18228334996659712,0.29768227739389913,0.8337139742757896,0.6286650147424326,0.6128805782675671,1.0817793531687978
1589,0.3967414373464067,0.4387695940067018,-0.0006883298375911506,-0.0007720593244661678,0.5246798863944053,0.6445036333621881,-0.0006152594494071018,4.617002477114163e-05,0.5396312456298308,0.25089374414946636,0.1353901036761086,-0.17061979187155585,-0.1847926159012523,0.29355593265986224,0.8334591143268266,0.6275117468176973,0.6119069934774736,1.0843097198391063
1590,0.3961656239181237,0.43824806335280075,-0.0005758134282830007,-0.0005215306539010367,0.5241472378284262,0.6445037491066038,-0.0005326485659791214,1.1574441571848837e-07,0.5401406051196488,0.25261307352068824,0.13644657839259888,-0.17276387593379772,-0.18676950460850167,0.2900624000998863,0.8338888615528381,0.6265513566337494,0.611079396917217,1.0864555120691213
1591,0.3957851014656443,0.4380071092854476,-0.00038052245247943706,-0.0002409540673531385,0.5237648554843068,0.6444867351295899,-0.00038238234411935856,-1.7013977013924375e-05,0.5408136638114794,0.2534481641714574,0.1370682302518592,-0.17479017793180565,-0.18843479533206978,0.2872305769491533,0.8346608572413295,0.6258185599278855,0.6104583586052451,1.0880586337783908
1592,0.395530108985198,0.43794029301273313,-0.0002549924804462478,-6.68162727144872e-05,0.5233770824365718,0.6443093180477762,-0.0003877730477350738,-0.00017741708181362448,0.5414892708871035,0.25368185691744755,0.13736600373951519,-0.17645879586594485,-0.18968597428039202,0.28500090347164037,0.8357718409751176,0.625275687954118,0.6100225135831506,1.0893999002062105
1593,0.3954537479067602,0.4379904941394475,-7.636107843783657e-05,5.02011267143887e-05,0.5230250750298395,0.6440381871599037,-0.0003520074067322465,-0.00027113088787256157,0.5421936585622027,0.2533933654220839,0.13738827585358881,-0.17795846096353193,-0.19073608377465734,0.28331340608428923,0.8373456242163084,0.6249120344029668,0.6097401668367735,1.0906824230160748
1594,0.3955850879373713,0.43822199480057356,0.00013134003061110455,0.0002315006611260384,0.5229986401276746,0.6439207697979716,-2.643490216491795e-05,-0.00011741736193204844,0.5426621092253618,0.2516710778815786,0.13657235795423775,-0.17923944083601026,-0.19107954301760244,0.2819611164569851,0.840086072588591,0.624508742419393,0.6094332956062467,1.0916953972857006
1595,0.3958741373169736,0.43853887935414104,0.0002890493796022797,0.0003168845535674869,0.5231508725358369,0.6436175323720769,0.00015223240816231165,-0.00030323742589477565,0.5431530847483292,0.24896943375113598,0.13522851594997432,-0.18035213189138893,-0.1909566796249148,0.28093657491225504,0.8434261112686676,0.6242348295922747,0.6091461295699171,1.0923291044389036
1596,0.3961498394785784,0.43885635397677203,0.0002757021616048294,0.0003174746226309866,0.5230224613363653,0.6429395608266412,-0.00012841119947160085,-0.000677971545435696,0.5436687676236719,0.2459287700794855,0.13370379135231922,-0.18143835991649537,-0.19009199398566717,0.2801159618256977,0.8472035606068389,0.6240008408107515,0.6089299635230485,1.0930610053816128
1597,0.3963846323226958,0.43918704339354114,0.00023479284411737078,0.00033068941676911434,0.5227965337272635,0.6421132646527574,-0.00022592760910178367,-0.0008262961738837449,0.5441199432055241,0.24311356239670912,0.13228293776379002,-0.1825664917526269,-0.18896639255183706,0.27934931949408026,0.8504587829438461,0.6237673363019712,0.6086465188942325,1.0934955859316335
1598,0.39666046374104175,0.4395604071094212,0.00027583141834597313,0.00037336371588003736,0.5221675325772939,0.641075715887326,-0.0006290011499696657,-0.0010375487654313842,0.5446734318304497,0.23883526192730414,0.1300872217560691,-0.18350279632433206,-0.1875360755745242,0.27874318422962135,0.854602896983412,0.6235556033011271,0.6084208252763695,1.0933549308341093
1599,0.3969699506658998,0.4398986148905392,0.00030948692485804896,0.0003382077811180384,0.5210842515838936,0.6399389383102702,-0.0010832809934002707,-0.0011367775770558808,0.5452115328930279,0.23382461788612519,0.12748387834582084,-0.1842946629180607,-0.18617353204118225,0.2782742713804779,0.8588365457708467,0.6233996461416235,0.6082291935227305,1.0925725003350166
1600,0.3973321131352045,0.4402671466606154,0.0003621624693047054,0.00036853177007617477,0.5195632338132347,0.6384325539157885,-0.001521017770658939,-0.0015063843944816968,0.5458351427101875,0.22921941466599405,0.1251160119161585,-0.18492566116882056,-0.1851461811874263,0.27795822811151594,0.8630002396795217,0.6233882341112648,0.6082093208625521,1.0921275119408345
1601,0.39760027938944675,0.4405849038176083,0.0002681662542422525,0.00031775715699289275,0.5182258269427745,0.6371936699672983,-0.0013374068704601338,-0.0012388839484901437,0.5464013825270332,0.22473079558821804,0.12279321740580243,-0.18544874665883262,-0.18429141888090278,0.2777015851214342,0.8665573080918334,0.6233837766819553,0.6081824063967787,1.0911942767905598
1602,0.3975949187033757,0.4408213222725405,-5.360686071043119e-06,0.00023641845493221902,0.5171054304131194,0.636165064191648,-0.001120396529655121,-0.0010286057756503375,0.54700075808271,0.2206854119341167,0.12071508762575697,-0.18592331774242504,-0.18365918299061562,0.27754938579255467,0.8696790902845061,0.6234938174360454,0.6081665438894142,1.0902669511202439
1603,0.3974313062914777,0.44087624394822184,-0.00016361241189799536,5.4921675681329774e-05,0.5164718394139128,0.6357798471346279,-0.000633590999206568,-0.0003852170570201041,0.5476820659872231,0.21726989270096472,0.11899482371128665,-0.18652060799345613,-0.18339218955632403,0.2774058882440861,0.8719345755296453,0.623703103893466,0.6081067772394799,1.0891041020720527
1604,0.39716975152429734,0.44075085235247974,-0.00026155476718037196,-0.00012539159574209702,0.51602747098242,0.6357056785147559,-0.00044436843149286975,-7.416861987197265e-05,0.5485019702810296,0.21423312053682303,0.11750728871390075,-0.1870931106320624,-0.18330730217172184,0.27728189862510316,0.8733125429368908,0.623932650224553,0.6080361403048778,1.0874446806920108
1605,0.3969168466845768,0.44045545808750836,-0.0002529048397205691,-0.00029539426497138255,0.5159140757789452,0.6358834061996601,-0.00011339520347475318,0.00017772768490420532,0.5492637217326972,0.2117830316944038,0.116324736188302,-0.18774154555396363,-0.18332543432661713,0.27717324269801236,0.873745410856551,0.624201454091829,0.6079804417509257,1.0854274584077734
1606,0.3967797631199473,0.44041695958672744,-0.00013708356462949212,-3.849850078091466e-05,0.5161391116764361,0.6364941400784172,0.00022503589749089947,0.0006107338787570971,0.5498859744087894,0.2100991716698288,0.11553058773614333,-0.18841570606983538,-0.18360588617065662,0.27705335157057676,0.8736640955672876,0.6244611473142665,0.607868298077462,1.08366051544881
1607,0.3967734961687597,0.44176697730377545,-6.266951187605674e-06,0.0013500177170480132,0.5170122291195316,0.6386557784057771,0.0008731174430954836,0.002161638327359938,0.5502618766032601,0.21077353916711689,0.11598064320040848,-0.18901006888186428,-0.18389525671369977,0.27713144719804134,0.8714870595644962,0.6248474568724202,0.6075695227498339,1.0821598826427783
1608,0.39687729188049103,0.4432798215745794,0.00010379571173135815,0.001512844270803948,0.5190244436421809,0.6403806278879817,0.002012214522649325,0.0017248494822045268,0.5503936029674069,0.21454537880437066,0.11808440404014471,-0.19032743432682162,-0.18422884878776857,0.2772295019630745,0.8683391753601553,0.6252175302653084,0.607223799517486,1.082791335374858
1609,0.3975324995176825,0.44611454667621786,0.0006552076371914572,0.002834725101638458,0.5198501782600184,0.6402594484488215,0.0008257346178375258,-0.00012117943916012397,0.5500907706010358,0.2221490616975865,0.12220214853752241,-0.19119674124305855,-0.18495454670578473,0.27830780227968677,0.8630713387528745,0.6259532157778783,0.6070280823311031,1.085146460818781
1610,0.3992949315048009,0.44915524741057783,0.0017624319871183958,0.003040700734359969,0.4896926574674659,0.6261724037296543,-0.030157520792552572,-0.014087044719167219,0.5487885114279966,0.23156610394745925,0.12708081748250688,-0.19203152009624036,-0.18572365806856173,0.2800860627504207,0.8550741511028925,0.6257453610117804,0.6060450958632041,1.0865855417897827
1611,0.40015465662081773,0.45085824999124746,0.0008597251160168407,0.0017030025806696325,0.42727699094228977,0.5881170762836462,-0.062415666525176106,-0.03805532744600815,0.5455813408414931,0.23891470908837173,0.1303474073311891,-0.1912605608295653,-0.18663676642175525,0.28039176102287394,0.8454790142775356,0.622958006973719,0.6026191772618077,1.0843487591424525
1612,0.4011267495009975,0.4524198117542762,0.0009720928801797979,0.0015615617630287404,0.36621463233844026,0.5527116538111952,-0.06106235860384951,-0.03540542247245093,0.5419351005176805,0.2450032905983534,0.13277588291758113,-0.19000922927432903,-0.18768960581403327,0.27973352674992485,0.8363323869423573,0.6193029279355194,0.5985546110691908,1.0812968079103074
1613,0.39899245724726135,0.451269080292032,-0.002134292253736181,-0.0011507314622442033,0.32619606034249815,0.5297747502314343,-0.04001857199594211,-0.02293690357976097,0.5389901880591274,0.25149474417329737,0.13555319945784766,-0.18963671359930726,-0.18881573277245864,0.2794183943419987,0.828819947170283,0.6162436841689063,0.5952726050132668,1.080280206703575
1614,0.39774154938062317,0.4496139356797533,-0.0012509078666381734,-0.001655144612278725,0.31377511621100707,0.5214115908179404,-0.012420944131491085,-0.00836315941349386,0.5379864794190685,0.2582215900060204,0.13891972411733305,-0.1900739420464188,-0.1889577106220477,0.2816747579148189,0.8245497783099704,0.6154612890150496,0.5943651508561881,1.0827429240460835
1615,0.395771377616843,0.44759474976846636,-0.0019701717637801708,-0.0020191859112869137,0.32012615314475645,0.526763569935488,0.006351036933749388,0.0053519791175475895,0.5379458223804602,0.26303918158975514,0.14150082885858403,-0.19094526614452725,-0.18880189514272777,0.2852739339370632,0.822203791860504,0.6160067015566879,0.5950793061366768,1.085218490637148
1616,0.3935208231550408,0.44545478319572684,-0.0022505544618022233,-0.0021399665727395156,0.3309992034195403,0.5361777660907379,0.010873050274783858,0.009414196155249854,0.5380034818662083,0.26579218392509374,0.14299712040452406,-0.19202030098550768,-0.1882417476284006,0.2880058658692963,0.8214203527550058,0.6168053222831849,0.5959844972622352,1.0871894094755679
1617,0.3918187698832217,0.4443268188079016,-0.001702053271819104,-0.0011279643878252532,0.3400461611272302,0.5431369355954265,0.009046957707689873,0.006959169504688667,0.5380441949186134,0.2670912896893355,0.14370691793067267,-0.19323041005121527,-0.18772574442597922,0.2894636294678648,0.8214678889956241,0.6174844670448356,0.5966050351603037,1.0885352271419488
1618,0.3896407707716545,0.44255108893734285,-0.002177999111567186,-0.0017757298705587399,0.35808715080709475,0.5545260111244464,0.01804098967986456,0.01138907552901991,0.5381080640467203,0.26841940495566763,0.14443864635326695,-0.19424897145558653,-0.18723176839132075,0.2902277202145722,0.8218119255310155,0.6184008930473663,0.5975369205050822,1.0902063179427672
1619,0.38840805983495735,0.4410423875134829,-0.0012327109366971345,-0.0015087014238599483,0.3841213875111836,0.5696050377232983,0.02603423670408883,0.015079026598851852,0.538403520346263,0.26682256622234085,0.1436582089619322,-0.19560228932382528,-0.18608508154035347,0.2923284001950863,0.8257321761389195,0.6197678668280912,0.5994775757695527,1.092526777426309
1620,0.3873823041008477,0.43972262344827795,-0.001025755734109679,-0.0013197640652049536,0.4088515429107712,0.5842616342896658,0.024730155399587617,0.01465659656636753,0.5387373112053258,0.2635632949069835,0.1419913808306046,-0.19676901661130083,-0.18552701285843867,0.29373230652512683,0.8326236648215859,0.621418646409621,0.6014636483035238,1.0961544714890823
1621,0.38737385696926124,0.43883291606348274,-8.447131586430956e-06,-0.000889707384795213,0.4305324504504489,0.5966878592944592,0.02168090753967772,0.0124262250047934,0.5396848236227972,0.25984351314138904,0.14023360055923853,-0.1979322087713944,-0.18532741694381633,0.29475968234546374,0.8398624266841411,0.6234350693206415,0.6035465129196921,1.0996681273321478
1622,0.3879424084159516,0.43840669802844545,0.0005685514466903796,-0.0004262180350372846,0.448526128930889,0.6062633662702986,0.01799367848044009,0.00957550697583942,0.5408113611240558,0.25728135773983596,0.1391406812711258,-0.19849504813979266,-0.18487633754382984,0.2953470822562076,0.8449900674709424,0.6253464610802744,0.6052869056929828,1.1022274611208611
1623,0.3885593173531893,0.4380480723639311,0.0006169089372377035,-0.00035862566451433375,0.4628820191381257,0.6135151282798643,0.01435589020723671,0.0072517620095656765,0.5419405247269702,0.2553917206946387,0.13840712312417633,-0.19881132523370176,-0.1843536247312171,0.2959316442066639,0.8489662332237535,0.6271039905538193,0.6066795364873457,1.1043066163771256
1624,0.3892013674930815,0.437928577637787,0.0006420501398921585,-0.00011949472614414258,0.47423874789021514,0.6196264088400071,0.011356728752089429,0.006111280560142762,0.5428667762704495,0.2538147840649936,0.13778761359514333,-0.19894049982795717,-0.18388849751212316,0.29644519781030026,0.8524681283741867,0.6286761380655177,0.6077556022711939,1.1062223656602814
1625,0.3900412935269067,0.4373754106788721,0.0008399260338252112,-0.0005531669589148858,0.45165918515903647,0.5996173338625754,-0.02257956273117867,-0.02000907497743165,0.5430077552781335,0.2510468404899027,0.13632038132408972,-0.19788665494289623,-0.1832574467743347,0.2958584508338586,0.8528451881435019,0.627516698304083,0.6065502271285751,1.1038146747223585
1626,0.3912182884762977,0.4369886198156221,0.001176994949390997,-0.00038679086324999723,0.4050174039111669,0.5659100507172081,-0.04664178124786955,-0.033707283145367306,0.5423314620343439,0.24769356846257967,0.1343320151208147,-0.1956152290048976,-0.1825816586289854,0.29439780624710077,0.8506808630075158,0.624305684582559,0.6036841868233098,1.098281405131533
1627,0.39146369176002976,0.4361756672429794,0.00024540328373207076,-0.0008129525726426889,0.3604065360745788,0.5350312661933232,-0.04461086783658813,-0.030878784523884928,0.5413700769132163,0.24398219912525396,0.13208466190589438,-0.19349717986098852,-0.1815765694130501,0.2924311295554314,0.846407597034748,0.6201424398713362,0.6002729743472494,1.0902890932613305
1628,0.3912686130081627,0.4357833646191471,-0.0001950787518670838,-0.00039230262383233017,0.32401490043012066,0.5134951156400823,-0.03639163564445813,-0.021536150553240874,0.5406818785673102,0.24063104611777197,0.13010484605657402,-0.19199923933228383,-0.18096432947953656,0.2909971156356891,0.8425510725129508,0.6170199047405155,0.5977251851493873,1.0830780578644306
1629,0.3913955012662211,0.4363045038648038,0.00012688825805839965,0.000521139245656721,0.31060889181374196,0.504624796338796,-0.013406008616378695,-0.008870319301286345,0.5416355081716739,0.23854246841921947,0.12920307110276943,-0.19212519840678743,-0.18078682246642977,0.29092934258521114,0.8418567636778008,0.6164902584653101,0.5977127889304443,1.080291823801632
1630,0.3910335776288561,0.4366635809431035,-0.00036192363736498034,0.0003590770782996855,0.3169064448653659,0.5053930673846341,0.006297553051623939,0.0007682710458380981,0.5431150140028199,0.23685150270720456,0.12863760720941234,-0.19311469815399904,-0.18076047194900555,0.2920060547932466,0.843829921026907,0.6176801840086396,0.5991594735197429,1.0805717857328752
1631,0.3909551506075992,0.43719984553241126,-7.842702125687717e-05,0.0005362645893077778,0.3340533012835416,0.5116196988331639,0.017146856418175704,0.006226631448529862,0.5449597243846984,0.23566113590408058,0.1284258276704727,-0.1946152822930511,-0.18073430984182906,0.2935745472372545,0.846673376870563,0.6198288386468176,0.6014821408354585,1.0822253007732419
1632,0.39168273773404905,0.4378370031104766,0.0007275871264498246,0.0006371575780653171,0.35300701250313254,0.5197108811089978,0.01895371121959094,0.00809118227583383,0.5465454348429839,0.23475860979189161,0.12830624647184377,-0.19610913770213304,-0.18066720089630212,0.29543904150749234,0.8494425607497659,0.622412858821321,0.603989096572579,1.0840941224507321
1633,0.3933049727319194,0.43885571635269255,0.001622234997870342,0.001018713242215974,0.3739846311846695,0.5297150225703777,0.02097761868153697,0.010004141461379956,0.5480135886515282,0.23394091279639975,0.12820279915396923,-0.19746993443157065,-0.18033596346904252,0.29743717822254556,0.8522923066551006,0.6249465967901804,0.6063851528316215,1.0861324586060412
1634,0.39522663524655327,0.4398171978309255,0.0019216625146338817,0.0009614814782329395,0.3941081976800646,0.5398695316543985,0.020123566495395095,0.010154509084020824,0.5495686458073998,0.23331226574643132,0.12822110593652247,-0.198729577483307,-0.18000293967648115,0.29922983442174517,0.854805551622538,0.6272430134478346,0.6084568429860241,1.0880248143610554
1635,0.3972493056215648,0.44064205353315816,0.002022670375011526,0.0008248557022326741,0.4116743202357729,0.5490655818249915,0.017566122555708275,0.009196050170592995,0.5509751535267409,0.23230981739487522,0.12799693730491052,-0.19939394851605233,-0.17922931657135777,0.30124340702589786,0.8571527118140911,0.6292789572205547,0.610319140084084,1.0893767252198379
1636,0.39912992003438325,0.4412387766396942,0.0018806144128184488,0.0005967231065360235,0.42667060423604053,0.5575057339509871,0.014996284000267646,0.008440152125995581,0.5520423692609389,0.23053447339413627,0.12726479688882186,-0.1990598527523534,-0.17780568895739218,0.30385421314902433,0.8592679859950769,0.631103797840987,0.6120151396779427,1.089724589342126
1637,0.4007176564019443,0.44189100845882384,0.0015877363675610434,0.0006522318191296561,0.4390965491926875,0.5648874340128972,0.01242594495664695,0.007381700061910079,0.5529226720733517,0.22847021674058418,0.1263263627293816,-0.19832017567248353,-0.17623579507110673,0.30649141352398335,0.8611834443577547,0.6327395765863485,0.6135387624390503,1.08958292976034
1638,0.401843736412023,0.4423255112722563,0.0011260800100786894,0.0004345028134324358,0.44939928109774535,0.5715401935502271,0.010302731905057871,0.006652759537329911,0.5536955042463015,0.22628675829545472,0.12529396073866275,-0.19731149532869274,-0.17468245157884668,0.30898811051394726,0.8628287976385985,0.6342256585204354,0.6148739315908155,1.0890506870814336
1639,0.40258948658194377,0.4428978645973536,0.0007457501699207891,0.0005723533250973079,0.4594092600543123,0.5783129491958169,0.010009978956566967,0.0067727556455897675,0.5543378458442064,0.22387411135663948,0.12410189262972551,-0.1960476546633484,-0.17290966431132337,0.3116837487318292,0.864125872456971,0.6357442169409394,0.6161947928367675,1.0879403538264159
1640,0.4044820133767734,0.44527339670230076,0.001892526794829652,0.0023755321049471756,0.46920356225491716,0.5851002378628231,0.009794302200604843,0.006787288667006175,0.5547513003434411,0.22124605211673679,0.12273653510761247,-0.19480684040900115,-0.1713203456695452,0.31503954206195284,0.8653321519396039,0.6377811375869122,0.6178061552026759,1.0865240907525149
1641,0.40888110420997165,0.44888377125909656,0.004399090833198227,0.0036103745567958034,0.4795302340989172,0.5919160464473942,0.010326671844000046,0.0068158085845710925,0.5553634406391209,0.2189136317697349,0.12157662774244554,-0.19342682610049147,-0.17003948551841475,0.31942620793071275,0.8660585897539983,0.6405336686517058,0.6200088498398629,1.0849258192978928
1642,0.414683828631512,0.45320565618944053,0.0058027244215403395,0.004321884930343967,0.49048399131040926,0.5979513886606752,0.010953757211492055,0.006035342213281059,0.5558297411543318,0.21703807458288069,0.12063621681603713,-0.19235506840046568,-0.16896913598755794,0.3241262638301389,0.866761057045962,0.6433708200556034,0.6225573524115451,1.0837591100749264
1643,0.420602237102287,0.45797728266399407,0.005918408470775016,0.004771626474553536,0.5019986612762565,0.6042897450810036,0.011514669965847213,0.006338356420328428,0.5562887076170346,0.21550880356302204,0.11988511381416693,-0.19145012911225368,-0.16805094153232694,0.3288482388579246,0.8666903514963605,0.6461286429109425,0.6251274280491448,1.082161272322869
1644,0.4257423478122364,0.46232362813474004,0.005140110709949408,0.0043463454707459714,0.5125364635275305,0.6100530486270135,0.010537802251273987,0.005763303546009846,0.5563494889801822,0.2142819942899559,0.11921567802087128,-0.19039236353180564,-0.16742579313267963,0.3339923247474898,0.8664001742013374,0.6489643220136369,0.6277836029212036,1.0806488458149173
1645,0.42975290146171286,0.46598903049467305,0.004010553649476445,0.003665402359933012,0.5206578159686439,0.6148830982515601,0.00812135244111345,0.004830049624546584,0.5561247208688647,0.21294848624310342,0.11842591747139315,-0.18919368309476847,-0.16664781638040044,0.33927798776713347,0.8656022738246651,0.6514917034505237,0.6302609197884588,1.0785236085513024
1646,0.43332653578133196,0.46928844422182925,0.003573634319619101,0.0032994137271561974,0.5278310381081344,0.6190189895646869,0.007173222139490454,0.00413589131312686,0.5558394040861486,0.2115394470424756,0.11758196018480303,-0.18767325708439314,-0.1655375812666738,0.34457906405413335,0.8649986717578538,0.6537445789652063,0.6326152795624872,1.0765168919512342
1647,0.4353546363401882,0.4717193783051812,0.002028100558856216,0.002430934083351932,0.5331393078521265,0.6223724205332828,0.005308269743992122,0.0033534309685958608,0.5554844492915387,0.21035242631289372,0.11684750168755675,-0.1861542876169582,-0.1644257018585646,0.3497776531535761,0.8645806059237571,0.6557335936880565,0.6347225208227817,1.0749162370718843
1648,0.43661417799815694,0.47350189602413023,0.0012595416579687657,0.0017825177189490504,0.5370049364354529,0.624931880089952,0.003865628583326397,0.0025594595566692524,0.5548292450036014,0.20941439374744053,0.11618922997577934,-0.1846828367100217,-0.16341176949488034,0.3546304821795743,0.8639764294002827,0.6574769042355753,0.636679412961665,1.073376762181642
1649,0.43750017007075676,0.47495331999353574,0.0008859920725998172,0.0014514239694055076,0.5395334380550255,0.6268824601713409,0.0025285016195726318,0.0019505800813888197,0.5538993791644621,0.20882086380617898,0.11566574681882923,-0.18342358854520407,-0.16260708245527733,0.35868096740669336,0.8633578308123581,0.658949884508022,0.6383155323414804,1.0721664342465818
1650,0.4383091896996729,0.4762278839514612,0.0008090196289161633,0.0012745639579254675,0.5412659199255386,0.6284525791000606,0.001732481870513114,0.0015701189287197215,0.5527907177442424,0.20836300629144452,0.11518113579919571,-0.18234522984192536,-0.16191529282964587,0.3621613444802752,0.8629462817112418,0.6602092303181392,0.6397925015798518,1.071298372780262
1651,0.4389928841111395,0.477245561158108,0.0006836944114665955,0.0010176772066468054,0.5424887437604663,0.6298765298259555,0.0012228238349276666,0.0014239507258949624,0.5516994732470565,0.20806763582541593,0.11479080508464234,-0.18147540757844965,-0.16139444268791894,0.3651865224575343,0.8625882183326887,0.6613044604042836,0.6411009759806839,1.0706460237514994
1652,0.4394829078531624,0.47804337636848926,0.0004900237420228937,0.0007978152103812475,0.5432574448020001,0.6310907652002367,0.0007687010415338147,0.001214235374281114,0.5506477306731967,0.2079098614069524,0.11448509336831718,-0.18073583565349635,-0.16093422243884642,0.36786312447685027,0.862259567458284,0.6623117645250811,0.6423051674603852,1.07016059275007
1653,0.43976934547143304,0.4786042796783168,0.00028643761827062963,0.000560903309827554,0.5442422937598727,0.6320758476753059,0.0009848489578725417,0.0009850824750692322,0.5500865157561803,0.20761958488597057,0.11420873405266806,-0.17986146415969395,-0.1603652819664634,0.3702545337078922,0.8616400263338094,0.6631110274250803,0.6434176530675142,1.069251547001997
1654,0.43999703051390826,0.4791199193646938,0.00022768504247522303,0.0005156396863769674,0.5453043858498124,0.6330700692392794,0.0010620920899397923,0.0009942215639735519,0.5499065958747534,0.20750739534551987,0.11410968539329149,-0.1790764392163756,-0.16000153352774732,0.3722544730845551,0.8608655272379513,0.6637773511006558,0.6443776246403646,1.0683652730620743
1655,0.44026424689141386,0.47960004042684123,0.0002672163775055969,0.00048012106214745387,0.5462978092423212,0.633971560525433,0.000993423392508741,0.0009014912861535773,0.5498855512748918,0.2074566488630959,0.11407741372572514,-0.1784163056462386,-0.15976990781914518,0.37396229508537887,0.8601765970687507,0.6644085383431926,0.6451599630998841,1.0676260351466735
1656,0.44047208272445193,0.4800195923394098,0.00020783583303807251,0.00041955191256853874,0.5470067045901057,0.6348006183987608,0.0007088953477845106,0.0008290578733277654,0.5499552163603276,0.20743994147608102,0.11408267789625184,-0.17786032218579292,-0.15958474241278453,0.37539752340129906,0.859696386324779,0.6650088996934074,0.6457669920002045,1.0671294946836258
1657,0.44052921428163194,0.4802519883531918,5.713155718001239e-05,0.00023239601378205466,0.547428875036823,0.6355484339081598,0.0004221704467173293,0.0007478155093990635,0.5499663437926908,0.20728474894251314,0.11399963549989979,-0.17702815511749498,-0.15924602050833747,0.3766449493031334,0.8591031904528282,0.6655015936435882,0.6460710367415885,1.066381380521521
1658,0.4404150417530731,0.4803057747924345,-0.00011417252855883131,5.378643924269788e-05,0.5478999826477866,0.6363629309834071,0.00047110761096358367,0.000814497075247278,0.5498492984350682,0.20719867009465132,0.11392804338822318,-0.17612133609194006,-0.15878281733930963,0.3777777889342831,0.8585028440073363,0.6659651239384227,0.6462504142435531,1.0656951774269428
1659,0.44013280897507057,0.4800587627359353,-0.00028223277800254465,-0.00024701205649924063,0.5480980100780326,0.6371905345149471,0.000198027430245995,0.0008276035315399888,0.5498985468687677,0.20692025995307312,0.11378515026590258,-0.17511873374557704,-0.15826380609793667,0.3787677826085409,0.8578747543631762,0.6663100121609402,0.6462786964381276,1.0647886701330078
1660,0.43967407577473216,0.4795834770485224,-0.0004587332003384015,-0.00047528568741289634,0.5480568376184091,0.6380539337493569,-4.117245962353966e-05,0.0008633992344098118,0.5500894426562073,0.20639033209653893,0.11353314275261463,-0.1740137498037352,-0.1577685124086609,0.3795978031956562,0.8574769059473994,0.6665424801058676,0.6461938487911187,1.0638606692369383
1661,0.4391158561899621,0.47886246213955963,-0.0005582195847700921,-0.0007210149089627582,0.5480003364982211,0.6386114418156609,-5.650112018795728e-05,0.0005575080663039467,0.550250918961342,0.2058498474272326,0.11326906771488679,-0.1729304727717125,-0.15735388673586953,0.38024620752663874,0.8571015051961717,0.6667467135823995,0.646067682187676,1.0629444919163602
1662,0.4383615469932955,0.47795188068419653,-0.0007543091966665805,-0.000910581455363102,0.5480385688594259,0.6391383048721674,3.823236120481521e-05,0.0005268630565065102,0.5503032230082714,0.20527530152625145,0.11296366003389091,-0.17186870953655048,-0.15696077735597133,0.3806640970928237,0.8567579660612168,0.666872211443143,0.6458193450934676,1.0620263218331027
1663,0.4375719440381665,0.47700968480374195,-0.0007896029551289763,-0.0009421958804545771,0.5477697793853173,0.6396501379235827,-0.00026878947410857723,0.0005118330514153335,0.5500927651557573,0.20473770429260638,0.11262472988596162,-0.17089974772122604,-0.1565917683887849,0.380916893105853,0.8566636805656233,0.6669034928237287,0.6454984302741562,1.0613943398888033
1664,0.43647260943633365,0.4759638597630993,-0.0010993346018328687,-0.0010458250406426561,0.5470522378038923,0.6399891205392483,-0.0007175415814250075,0.00033898261566556176,0.5496543282974553,0.20466213584425827,0.11249342880539832,-0.16998345348893273,-0.15628939312431456,0.3810232820682607,0.8567763792246723,0.6667083147386625,0.6450401166341672,1.0614323799158514
1665,0.43499323986347194,0.474789151780685,-0.0014793695728617107,-0.0011747079824143136,0.5462028485425662,0.6397978191542429,-0.0008493892613261611,-0.000191301385005338,0.5491366077660887,0.2046849912386159,0.11240002174940512,-0.16892202920108051,-0.155750961458259,0.3810723974377501,0.8569815685991784,0.6663056561404438,0.6443498793646314,1.0616617398974053
1666,0.4335982297155345,0.4735688119386765,-0.0013950101479374144,-0.0012203398420084777,0.5451733129317651,0.6390273592798967,-0.0010295356108011022,-0.0007704598743462077,0.5484765427282561,0.20459005343194286,0.11221284518294121,-0.16750821026742066,-0.1548933607706867,0.38102228093451784,0.8577139049608066,0.6657361618892715,0.6434789686187387,1.0623005565164179
1667,0.4318609011984879,0.4723879571754915,-0.0017373285170466102,-0.0011808547631850241,0.5442037144338903,0.638180643118072,-0.0009695984978748129,-0.0008467161618247454,0.5477329749118561,0.2037473701031656,0.11159915315707387,-0.16583334028829944,-0.1539001944035435,0.3811733966168004,0.8584956159602247,0.6652467716222794,0.6426958293392911,1.0622400827354215
1668,0.430129654499834,0.4713749048385397,-0.001731246698653932,-0.0010130523369517586,0.5430167630785788,0.6373934723933589,-0.0011869513553114386,-0.0007871707247131265,0.546809694126227,0.20267017861818273,0.1108220183787163,-0.16403710020107665,-0.15293854534235402,0.38158263387927915,0.8598046337013154,0.6649599756623745,0.6420711105508999,1.0624717549872926
1669,0.42856868188954755,0.47048918104717097,-0.0015609726102864263,-0.0008857237913687532,0.541679332943516,0.6365186554790062,-0.0013374301350628226,-0.0008748169143526496,0.5457928193384358,0.20170093170757408,0.11008692017986617,-0.1620754134640575,-0.1519966307146104,0.3822585901561501,0.8624771543358375,0.6647873648076706,0.6415724914246581,1.0641747009150442
1670,0.4273122671231305,0.46994287643345933,-0.00125641476641708,-0.0005463046137116345,0.5404193647380359,0.6357815582604808,-0.001259968205480133,-0.0007370972185254399,0.543929108964015,0.20338606867171405,0.11062760310829939,-0.16038097875867338,-0.15176350405197955,0.3830143674296314,0.863838731041523,0.6647254004601931,0.6412083777378801,1.0672212751292367
1671,0.4262561861878839,0.4695552435355984,-0.0010560809352465617,-0.00038763289786092336,0.5392009580739962,0.6349450110347273,-0.0012184066640397173,-0.0008365472257534368,0.5413388707266015,0.20700486635091236,0.11205978058531396,-0.1591614071127149,-0.15281563886595892,0.38360589847322024,0.8645737263983557,0.6646622164990216,0.6409721783532056,1.0715750573318368
1672,0.42525180658989725,0.4692380473232166,-0.0010043795979866599,-0.0003171962123817984,0.5377350037922124,0.6339018149315324,-0.0014659542817837545,-0.001043196103194921,0.5385927435505921,0.2119921517454608,0.11417743461978117,-0.15837345283580914,-0.15483932522238653,0.3841223210673142,0.8652560101983677,0.6646444413657778,0.6407988252822088,1.0772443819933069
1673,0.42458210586911493,0.4690287273939413,-0.000669700720782318,-0.00020931992927530896,0.5360107614093261,0.6326583228140155,-0.0017242423828862652,-0.0012434921175169533,0.5356392709430396,0.21824809023187822,0.11690224793651398,-0.15822264803771158,-0.15806466667030764,0.3846257419001967,0.8655577944991312,0.664808752215083,0.6407375451543833,1.0838011312936189
1674,0.42422188585223064,0.4689395692662083,-0.00036022001688429395,-8.915812773302445e-05,0.5336503451251126,0.6309798781669146,-0.0023604162842135734,-0.001678444647100874,0.5326648785320172,0.2241585013998821,0.1194013609200872,-0.158160246870355,-0.16145767448152998,0.38537956226210307,0.8658981641636476,0.6651034006052787,0.6408179204526189,1.0900497416933126
1675,0.4243112905028324,0.46917059214001555,8.940465060175429e-05,0.00023102287380727393,0.5317996099812351,0.629649760351507,-0.0018507351438774577,-0.0013301178154075943,0.5299694418860262,0.22870641801431793,0.1212074127108003,-0.1588008233636525,-0.16463925239961205,0.38575182207682646,0.866455929686261,0.6652090024030349,0.640843932487745,1.0951529470914214
1676,0.4243434532214516,0.4692924115488061,3.216271861922193e-05,0.00012181940879052444,0.530186116464776,0.6280543468321554,-0.001613493516459119,-0.0015954135193515517,0.5277497762072354,0.23146796923743634,0.12215716896420027,-0.15922322554276563,-0.16679702431885918,0.38616048954336457,0.8668103751024956,0.6652123526542759,0.6406864347602003,1.098267263935058
1677,0.42438046865644347,0.4692644798239335,3.701543499184945e-05,-2.7931724872587438e-05,0.5289784719844406,0.6267218622444006,-0.0012076444803353903,-0.001332484587754812,0.5262657660741257,0.2305820996293479,0.12134746530441914,-0.15853684695693376,-0.1673907990816185,0.3874239098773153,0.8660845750745108,0.6653456918567738,0.6405140613139528,1.0966546035576668
1678,0.4243237242018362,0.46901757491740126,-5.6744454607238204e-05,-0.0002469049065322304,0.5278309912615171,0.6259009279429745,-0.0011474807229234774,-0.0008209343014261572,0.5264053527619782,0.22727234802973234,0.11963738053763433,-0.15762576868673758,-0.16674655290715376,0.388658887902988,0.8648587944936783,0.6655977191648218,0.6403795834339853,1.0921207898984333
1679,0.4242607825245681,0.4687679532038019,-6.29416772681135e-05,-0.00024962171359937946,0.5269754482481896,0.6254549524424226,-0.0008555430133274644,-0.0004459755005519206,0.5273316627880146,0.22015047219731337,0.11609231456737583,-0.1563385247113482,-0.16486745083909096,0.38987394604814096,0.8637345715582208,0.6658474538684351,0.6401796953338778,1.0838742221832853
1680,0.42525119472046863,0.4693809271863562,0.000990412195900514,0.0006129739825543323,0.5212158029987707,0.6232538617762334,-0.005759645249418965,-0.0022010906661891205,0.52975125528346,0.21085690269442758,0.11170170888755539,-0.1551286422431845,-0.16178961187851923,0.3914973476792777,0.8653801327614523,0.6669099081761513,0.6407026493214102,1.0762237140222948
1681,0.42566041111706976,0.46881617075312226,0.00040921639660113085,-0.0005647564332339483,0.4743842049639681,0.598685110922602,-0.04683159803480258,-0.024568750853631416,0.5310877401736251,0.20029593626756334,0.10637471615830066,-0.15230684031937813,-0.15817529384422857,0.3913323708087631,0.8639192357983941,0.6652457624198606,0.6385755902740938,1.06419977202136
1682,0.425857870480576,0.46757423211971233,0.00019745936350623605,-0.0012419386334099336,0.4073034698546168,0.5662936323528377,-0.06708073510935131,-0.03239147856976432,0.5312526636754902,0.18975673430617265,0.10080877055051649,-0.14821380548686144,-0.15399324780770826,0.38929873841358265,0.8600427971701918,0.661035814832074,0.6340364219376999,1.0497828088150747
1683,0.4255768280073696,0.4665189138018016,-0.0002810424732063721,-0.001055318317910725,0.343820189304813,0.5326854868582421,-0.06348328054980379,-0.033608145494595565,0.5307862796953434,0.1800942391979229,0.09559155121842879,-0.1445753109194858,-0.1493285384078408,0.38634672144436005,0.8558330837638287,0.6556883460436355,0.6287903584408596,1.0359106606141413
1684,0.4251673186166253,0.46600926502861423,-0.00040950939074430037,-0.0005096487731873767,0.29299800609667365,0.5061302398561099,-0.05082218320813936,-0.026555247002132187,0.530550989145434,0.17189196114745103,0.09119745001292866,-0.1414387506161049,-0.14535009680151365,0.3834795178534551,0.8522403089116044,0.6508465974464893,0.6239533665461043,1.024116688178984
1685,0.4253916040936314,0.46691857046458035,0.00022428547700609203,0.0009093054359661235,0.26201865642791206,0.48885723628619165,-0.03097934966876159,-0.017273003569918288,0.5323672282548783,0.16549478255379813,0.08810399867880929,-0.13930320453674713,-0.1422601758849234,0.38264120630861403,0.8520833008718676,0.6491213515753474,0.6217208411282087,1.0175636439937723
1686,0.42637875070812115,0.46856985796305833,0.0009871466144897312,0.0016512874984779824,0.24831396222574662,0.4843039107421554,-0.01370469420216544,-0.0045533255440362574,0.5347626679729343,0.16044092929666953,0.0857978194027439,-0.13757024621980346,-0.13965525741330478,0.3834745202682298,0.8536283697791276,0.6497263068962975,0.6216002328407738,1.014055556744735
1687,0.4276998509667757,0.4699194667432892,0.0013211002586545617,0.001349608780230882,0.25314441245243147,0.48944835627422817,0.0048304502266848515,0.005144445532072772,0.537071522722665,0.15655858479215137,0.0840831575296262,-0.13626988032530477,-0.13763638801113498,0.3848151279398883,0.8551667252238789,0.6514015792182611,0.6223285054302771,1.0117106094011485
1688,0.42842003651545335,0.4708391218365835,0.0007201855486776432,0.0009196550932942804,0.2725388524299712,0.5011749733808125,0.019394439977539757,0.011726617106584347,0.5393908355590268,0.153362445422935,0.08272229758005256,-0.13559263573161626,-0.13581941493383917,0.38642708606197734,0.8572257467891853,0.6537244125765773,0.6236137231863991,1.0105708856056426
1689,0.42831694374506524,0.47128894060733934,-0.00010309277038811349,0.00044981877075583876,0.29930736761599824,0.5158869521277095,0.02676851518602702,0.014711978746897003,0.5409060713790841,0.15068481125285138,0.08150632927127864,-0.1352634146528987,-0.13388886313651507,0.3882289424018688,0.8591638543618093,0.6563538893720461,0.625180787811367,1.009828526915522
1690,0.42779369762894576,0.4714786368600537,-0.0005232461161194801,0.0001896962527143664,0.3274562576095711,0.5304212106162056,0.028148889993572845,0.014534258488496099,0.5416206478688346,0.14809510209135804,0.08021136514092254,-0.13501904589839897,-0.13175568753605552,0.3900098661064661,0.860704896678231,0.6586810240892678,0.6267328436389253,1.008775937241757
1691,0.42662376270921754,0.47157138105061164,-0.0011699349197282216,9.274419055793626e-05,0.35423537725920107,0.5429578394343538,0.02677911964962998,0.01253662881814821,0.5431514841387882,0.1458435761293268,0.0792151548267522,-0.13507502247429276,-0.1296273025526229,0.3916552367579168,0.8616395562246784,0.6604810028326574,0.6281334267024994,1.007453870607757
1692,0.42532568019050626,0.4712601408231418,-0.0012980825187112743,-0.00031124022746981117,0.37743969452620996,0.5536746809810577,0.02320431726700889,0.010716841546703826,0.544303336095537,0.1416838871990066,0.07711901247340305,-0.1334412470695138,-0.12624783982420168,0.39484200118598767,0.8617300209372751,0.6616101715517717,0.6293095354574713,1.0033822197040403
1693,0.42416175701603726,0.47071096651754635,-0.001163923174469006,-0.000549174305595479,0.3970068867574703,0.5627376581984103,0.019567192231260355,0.009062977217352608,0.5465120761960067,0.13105320180948468,0.07162215741303574,-0.12749653636294656,-0.11869045207162814,0.40230336591009397,0.8633605986196793,0.6629215056174581,0.630623550908646,0.9943847316565745
1694,0.42293013786816647,0.46997487758684997,-0.0012316191478707883,-0.0007360889306963769,0.41366129502742777,0.5704049449377674,0.016654408269957455,0.0076672867393571265,0.5484977092167684,0.11448510513467558,0.06279481790581044,-0.11823601972430645,-0.10813887100353557,0.41253951077609496,0.8663923178059524,0.6644011892454668,0.6320973883060048,0.9808546519046432
1695,0.4219063071949135,0.46923709890113874,-0.0010238306732529567,-0.0007377786857112323,0.42801064800187727,0.5769662959639639,0.014349352974449503,0.0065613510261964825,0.5501086528373068,0.09797914127189572,0.053899173411238725,-0.10939499029824289,-0.09791192659535516,0.4221642918563526,0.8692281888282263,0.665908646489,0.6337600857631633,0.9671879898255974
1696,0.42099963624513403,0.4685466727174649,-0.0009066709497794756,-0.0006904261836738201,0.44020052339672255,0.5826001144597817,0.012189875394845284,0.005633818495817788,0.5514358969844799,0.08331802670912952,0.0459445507933257,-0.10178967688898523,-0.08936676737471805,0.43018649152901645,0.8717649263113532,0.6673257719266869,0.6351072857230573,0.9550620640090965
1697,0.4202511728021252,0.46798690283398103,-0.0007484634430088288,-0.0005597698834838849,0.45022239049708,0.5876157985329163,0.010021867100357462,0.005015684073134685,0.5524363240045858,0.06975528288522725,0.038535352057014936,-0.09392204120382602,-0.08107262451996897,0.4377455044764919,0.8741730875036485,0.6684235500038355,0.6362627105627017,0.9438963939760142
1698,0.41970446016843266,0.46751722187722267,-0.0005467126336925476,-0.0004696809567583671,0.45880795338769154,0.5926104171561695,0.00858556289061152,0.004994618623253122,0.5515575886338893,0.0652462652836796,0.03598707274723337,-0.08818447635047293,-0.07508464746558506,0.4435363217442294,0.8707939751175537,0.6698222383030643,0.637338821255848,0.9359950815318262
1699,0.419604319141522,0.4669372283590148,-0.00010014102691063842,-0.0005799935182078664,0.466874754835671,0.5979109226023893,0.008066801447979444,0.00530050544621985,0.5502132062683879,0.07159331260072345,0.03939158607341903,-0.08794135118623811,-0.0748780646345724,0.44416806380639834,0.8633102897837809,0.6721222510514613,0.6382618619530719,0.9348477872539649
1700,0.42028642841791847,0.4666254477438565,0.0006821092763964476,-0.0003117806151582969,0.4742172785967385,0.6025123050921525,0.007342523761067532,0.004601382489763162,0.5499357490217195,0.08068597035213591,0.04437209954114611,-0.09042733337264211,-0.077477000194803,0.443011226530078,0.8576148591345778,0.6751776432675097,0.6397678625608382,0.9382364499163833
1701,0.42087956671666793,0.46530980095525026,0.0005931382987494627,-0.0013156467886062395,0.48019162682032723,0.6070795580788942,0.005974348223588721,0.0045672529867417655,0.5505641333668181,0.0893978573556476,0.04921925385986255,-0.09380782271434539,-0.08069364620548287,0.4405261155331385,0.8526933518534794,0.6775944090637758,0.6405807616976165,0.9420158693841156
1702,0.421445560258173,0.4641808947013428,0.0005659935415050499,-0.0011289062539074357,0.4861505829068379,0.6114072339424382,0.005958956086510647,0.004327675863543989,0.5511445628823023,0.09744613454879966,0.053706907230468205,-0.09723756047054126,-0.08402110352206135,0.43763501328244103,0.8483600359339195,0.6789208960195117,0.6408050294118851,0.9457182731136403
1703,0.4222888101338828,0.46318077911708716,0.0008432498757098283,-0.0010001155842556675,0.4914389651323063,0.6150006370529703,0.005288382225468402,0.003593403110532023,0.5517052283775411,0.10491123976924702,0.0578800794962634,-0.10074482258833695,-0.08754966192416049,0.43500799496646464,0.8449985203845322,0.6799745334287347,0.6411309983076551,0.949805610085533
1704,0.42330846893333446,0.46227567749351633,0.0010196587994516504,-0.0009051016235708254,0.4958700275091817,0.6179883794669514,0.004431062376875405,0.0029877424139811426,0.5522292380284389,0.11167818578117518,0.06167195943833681,-0.10417049546813398,-0.09044149089440112,0.43248903642507747,0.8423352253023859,0.6807428474478194,0.6415058580179834,0.9538926132038057
1705,0.4245566899418055,0.4614693422577302,0.001248221008471051,-0.0008063352357861597,0.49967761086340823,0.6204222459619485,0.0038075833542265403,0.0024338664949971056,0.5526424692133883,0.11743484983028461,0.06489948538191194,-0.107176153295583,-0.09285451080258607,0.43064623121653045,0.8404969200391581,0.6816123659817616,0.642061437225405,0.957796059349886
1706,0.42547077544520223,0.4604873030642712,0.0009140855033967221,-0.0009820391934589612,0.50158086812443,0.6219419052044904,0.0019032572610218068,0.0015196592425419375,0.5529047136709323,0.12215865139465348,0.06754209417178812,-0.10964722846051977,-0.09491043257653102,0.4292188144412287,0.8391314574192246,0.6822802435513463,0.642691600457964,0.9611415471262139
1707,0.42636273253706486,0.4594226555002762,0.0008919570918626274,-0.0010646475639949915,0.5024498209315498,0.6226317370576955,0.0008689528071197383,0.0006898318532050363,0.5530588122770104,0.12613177469027795,0.06975828950059659,-0.11164191219153086,-0.09685765260972279,0.42800868877852816,0.8377670954298166,0.6826973779260767,0.6431409077685536,0.9637370395854384
1708,0.4257702302836459,0.458209634965435,-0.0005925022534189472,-0.001213020534841236,0.5028344875487311,0.6218974260668195,0.00038466661718128403,-0.0007343109908759526,0.5533345538335408,0.1292102146741101,0.07149647648743473,-0.11334884050786771,-0.0986324346395098,0.426674395844731,0.8368520511367279,0.6824193002751201,0.6430019198766702,0.9658864301800448
1709,0.4243586738033785,0.4571194585412417,-0.0014115564802674174,-0.0010901764241932899,0.5037410575607648,0.6209784886066253,0.0009065700120337583,-0.0009189374601942246,0.5542694250385062,0.13127925648772665,0.07276407801293483,-0.11451468455611859,-0.10008562780391879,0.425470593593634,0.8374620537262292,0.6818363201104273,0.6428998886525799,0.9685570426345772
1710,0.4228969947737559,0.4563034288980552,-0.0014616790296225757,-0.0008160296431865,0.5050721416104059,0.6208116272769345,0.001331084049641107,-0.00016686132969079281,0.5556310787261657,0.13201535863786323,0.07335183612837759,-0.11457837823363369,-0.10117805720072269,0.42469991506172616,0.8388673030967378,0.6814383198451452,0.6427638958012707,0.9706980757373488
1711,0.42167343440660754,0.4555939379666018,-0.0012235603671483797,-0.0007094909314533937,0.5065131727289922,0.6210955222352842,0.001441031118586289,0.00028389495834968415,0.5566921082557634,0.1289289829306005,0.07177374732290734,-0.11230890951421665,-0.10019239309105973,0.4258669225330562,0.8420934387529884,0.6811841654608911,0.6424627421198836,0.9708475793203102
1712,0.42064748903263377,0.4552352028254993,-0.001025945373973769,-0.0003587351411025175,0.5081308183690161,0.6221478357799204,0.0016176456400238681,0.0010523135446361964,0.5574647133156505,0.11560673741473941,0.0644466767302654,-0.10504124249031124,-0.09445598036171618,0.43149732836652965,0.8504521043153228,0.6811330680678682,0.6425163156331475,0.9659196398007781
1713,0.41951612937511706,0.4547114593896374,-0.0011313596575167062,-0.0005237434358618676,0.5095645310690585,0.6234198048904147,0.0014337127000424443,0.0012719691104943198,0.5583500730295853,0.099966487644545,0.055816295676842834,-0.09739253157429587,-0.08797073634511562,0.43650909382881065,0.8600436494016976,0.6806400291564658,0.6424487951872458,0.9599025783992666
1714,0.41843526847914286,0.4541449039233726,-0.0010808608959742005,-0.0005665554662648287,0.5108969508284229,0.6245937298395173,0.0013324197593643783,0.0011739249491026227,0.5588977764498108,0.08539453355683242,0.04772681492588239,-0.09119034665244737,-0.08260898364074146,0.43993854451444825,0.8692222557938534,0.6797842070954419,0.6421634648522648,0.9545243418677046
1715,0.41758234677167716,0.45365539005966715,-0.0008529217074657036,-0.0004895138637054375,0.512089826963016,0.6256539981409037,0.0011928761345930683,0.0010602683013863912,0.5594928443836865,0.07257630087709559,0.04060592101257245,-0.08628177284374049,-0.07837106807560583,0.44236736245819475,0.877687966999924,0.6789924202821661,0.641783686452471,0.9501733512949844
1716,0.4169745066635685,0.4531684478923145,-0.0006078401081086593,-0.0004869421673526775,0.5131769102506925,0.626893781003011,0.0010870832876764824,0.0012397828621072415,0.560289101459875,0.06171608913848108,0.03457885212901712,-0.08159481125195274,-0.0743608981904274,0.44497772027532717,0.8845060121975569,0.6786997810387023,0.6413504672147511,0.9461232262335494
1717,0.41649199711169793,0.4527056396952188,-0.0004825095518705691,-0.00046280819709565435,0.5139612387414643,0.6280983757258699,0.0007843284907718129,0.0012045947228589426,0.5608544905902444,0.05231850755656043,0.029343069904076553,-0.07666166763911804,-0.07018685978799256,0.44820728195735576,0.8897429040805392,0.6788281046068513,0.6409639844437165,0.9419405709549826
1718,0.41579142508574335,0.45214093975163866,-0.0007005720259545822,-0.0005646999435801603,0.5146929286660273,0.6294876131335444,0.0007316899245630726,0.0013892374076744929,0.5609385311041581,0.05761095841638218,0.03231620638958816,-0.0766782029415174,-0.07122491661814775,0.44789472456702656,0.8859658405946581,0.6793721031940254,0.6404812763510401,0.9434571707879147
1719,0.41506601256452996,0.4518552373285682,-0.0007254125212133866,-0.00028570242307046634,0.5145625124785308,0.6304924546713028,-0.00013041618749654038,0.001004841537758372,0.5602153367382927,0.06895004015786334,0.03862686996515621,-0.07940799016237163,-0.07511849021614446,0.4461538615210497,0.8799843895039341,0.68025993878082,0.6401555001994736,0.9488275590660489
1720,0.41460952621658714,0.4518918795443223,-0.0004564863479428194,3.664221575411242e-05,0.5134731644871431,0.631003116303377,-0.0010893479913877124,0.0005106616320742496,0.558123426200099,0.08272718449844936,0.04617197965216228,-0.08301260751503571,-0.08039096850992922,0.4433104296410514,0.874280956095181,0.6810608434513143,0.639749768397348,0.9569148648600617
1721,0.4152362866980355,0.45191284202078574,0.0006267604814483296,2.0962476463437518e-05,0.5110997550036904,0.6307709258234232,-0.00237340948345266,-0.00023219047995381992,0.5550829794217395,0.09610656356356855,0.053347117644850416,-0.08677232164349301,-0.0859773209706231,0.44008686954982046,0.8696811165665386,0.6816491064801787,0.6393310557306929,0.9657029633866574
1722,0.4161958485301735,0.45180499977540944,0.0009595618321380228,-0.0001078422453762995,0.508613789075841,0.6303708563428609,-0.002485965927849443,-0.00040006948056225955,0.5522686280739765,0.10759810060056907,0.059423055402041985,-0.09035270861735029,-0.09126118191534294,0.43670904321877224,0.8664344005312185,0.6818130491757405,0.6388368137665925,0.9739532707106188
1723,0.4166594538922714,0.4512372897346879,0.0004636053620978853,-0.0005677100407215363,0.5054298828091218,0.6290964674742785,-0.003183906266719161,-0.0012743888685824434,0.5502373789867072,0.11535585219902172,0.0634731017647677,-0.09245354060593253,-0.09533377558273544,0.434185637194944,0.8634865683662357,0.6817979288845897,0.6381229236462578,0.9787706505134705
1724,0.4171776141180222,0.45067516750641645,0.0005181602257507967,-0.0005621222282714555,0.5039775333834112,0.6285721628582274,-0.0014523494257105973,-0.00052430461605113,0.5487363817573035,0.12017462840039829,0.06594419076746305,-0.09410723376639145,-0.0988964824289698,0.4316444275466588,0.8624723994348196,0.6818048617893494,0.6374446868084342,0.9825823469977559
1725,0.41769598280579673,0.450315698285374,0.0005183686877745508,-0.00035946922104246326,0.5042953949351856,0.6288104291940042,0.0003178615517743788,0.00023826633577683776,0.5474559972100793,0.1238572813402657,0.06780641146786451,-0.09549567902351765,-0.10202133996370812,0.42923973584954583,0.8619898495966333,0.6817531129492366,0.6369534427784144,0.9857874897801997
1726,0.41805966933883043,0.45020642816976086,0.00036368653303370246,-0.00010927011561312483,0.5052597169054912,0.6292280612660349,0.0009643219703056038,0.00041763207203071584,0.5464312386862913,0.12625760926934373,0.06899110182661727,-0.09670307019553452,-0.10449594176761577,0.4273744546575806,0.8623550155804357,0.6818060964381105,0.6366563449686122,0.9885580982163109
1727,0.4182202256815154,0.45021800247255434,0.00016055634268496988,1.1574302793471158e-05,0.5067421338805,0.6294061664847593,0.0014824169750088378,0.00017810521872441143,0.5454553726479977,0.12867112037007725,0.07018435391049585,-0.09807986161846736,-0.10661007123085278,0.42576730173678884,0.8635112311082951,0.6820783870402871,0.636585723870334,0.9921302836740064
1728,0.4182865650399989,0.45037042923692006,6.633935848349148e-05,0.00015242676436572067,0.5080286097087251,0.629529558619854,0.0012864758282250532,0.00012339213509471314,0.5440978001314479,0.13389012850325557,0.07284932437793823,-0.09929757893870607,-0.10833811226679546,0.424360711381448,0.8632537509262097,0.6823089989049064,0.6365089300370195,0.9970873182128394
1729,0.4182754739140043,0.4504932185704562,-1.1091125994566742e-05,0.00012278933353615518,0.5088342828180717,0.6295550456898568,0.0008056731093466496,2.548707000271655e-05,0.541719246849601,0.1414883234707583,0.07664694802859191,-0.10079829913395172,-0.11028337738823053,0.4232408772681525,0.8609965266345228,0.6823250686306308,0.6363664387271801,1.0024222600683275
1730,0.41819960700638975,0.4505412228402452,-7.58669076145746e-05,4.800426978901484e-05,0.5098229331713251,0.6295092408000181,0.0009886503532533508,-4.580488983862985e-05,0.5389715519032136,0.15093486274730278,0.08134959721121231,-0.10343170949226389,-0.11333068375986782,0.4222931570207838,0.8575125776962074,0.6823489427258694,0.6361829521403192,1.0083726105021953
1731,0.41814843823758197,0.4506106835335324,-5.1168768807785536e-05,6.946069328717108e-05,0.5107370779726854,0.6292201674564419,0.0009141448013603171,-0.0002890733435761961,0.5359439057108565,0.16354715167378664,0.08765209923593505,-0.10725023396769287,-0.11812063528577241,0.4214810359435235,0.85190460663261,0.6824193190895059,0.636137873478472,1.015357599923797
1732,0.4182191389087702,0.4508130732341279,7.070067118825074e-05,0.00020238970059549555,0.5111628595083225,0.6282643570955465,0.0004257815356371042,-0.000955810360895426,0.5333096923382212,0.17718498487620835,0.09449446977128305,-0.11120140287491118,-0.12342466520274205,0.42096012673660604,0.845596221969761,0.682706793873228,0.6362433207542758,1.0226745425406691
1733,0.4185517202693455,0.45125487589983304,0.0003325813605752903,0.0004418026657051488,0.5108299068730908,0.6264035302108539,-0.00033295263523169805,-0.001860826884692579,0.5309712479882672,0.19096370415436204,0.10139623631530387,-0.11524551961524239,-0.12892945328439667,0.4208642786012263,0.8386651662540117,0.68322940829102,0.6368414444873163,1.029514628084302
1734,0.4188670202283769,0.45188498364463564,0.00031529995903140096,0.0006301077448025993,0.5111760399723951,0.6254269278919999,0.00034613309930431324,-0.0009766023188539918,0.5291803871908837,0.2035577259462774,0.10771875623194686,-0.11865772462422186,-0.13424218618294706,0.42111898512374024,0.8313016856900963,0.6837702542037567,0.6376511469098932,1.0347403769278818
1735,0.4196904251485675,0.45267600542454606,0.000823404920190618,0.0007910217799104169,0.5126477305128331,0.6251055176947741,0.0014716905404379421,-0.0003214101972258687,0.5279520827590574,0.21502755459437306,0.11352424529868617,-0.121260499276733,-0.1391520142420591,0.42178960498481727,0.8246620476554049,0.6843475477770913,0.6388088554266054,1.0395660774573843
1736,0.4201318287752534,0.4533259570767564,0.00044140362668587674,0.0006499516522103232,0.5149560621635981,0.6252826192264591,0.0023083316507650498,0.00017710153168504217,0.5279920430055353,0.2241012839731995,0.11832369476517322,-0.1225613396018712,-0.14361757273576214,0.4232247275436795,0.8186470650905482,0.6849159048592245,0.6400722649344189,1.0426120840301547
1737,0.4207215844476493,0.45409125895658603,0.0005897556723958863,0.0007653018798296496,0.5174010897136841,0.6259984264697002,0.002445027550086021,0.0007158072432410512,0.5289161356732918,0.23116733161564063,0.122268131732051,-0.12334810757214726,-0.14757672773165056,0.4247827860379992,0.8129921865635402,0.6853804353658428,0.6414109253176556,1.0440063690137138
1738,0.4211942310957155,0.45476092038195637,0.0004726466480662328,0.0006696614253703381,0.5190608819604017,0.6259840496602331,0.0016597922467175286,-1.437680946703157e-05,0.5299153521874166,0.23673474606484496,0.12544937633595096,-0.12432647151538727,-0.15104045310703684,0.4261168849198477,0.8082091401413659,0.6858153518057849,0.6426239397355836,1.0447690503891025
1739,0.4215714505154241,0.45521493882734015,0.0003772194197085854,0.0004540184453837859,0.5204548728767693,0.6255158228844476,0.0013939909163676045,-0.0004682267757855074,0.5311611350298099,0.24074642297020757,0.12787514327922214,-0.12535084297623547,-0.15437563088572553,0.42749848518116,0.8043993401656048,0.6863042946084361,0.6438041638636569,1.0449484109734224
1740,0.42169497963533226,0.45549258672091314,0.00012352911990815008,0.00027764789357298536,0.5214635244330269,0.6247865259529393,0.0010086515562576226,-0.0007292969315083608,0.5325162219698343,0.24387771867093783,0.12986884136926993,-0.1263563296481725,-0.15683204130048448,0.42872359439963736,0.8011693830839648,0.6867720245766457,0.644790660807665,1.044826623251982
1741,0.4218118354717967,0.4558950214501746,0.00011685583646442455,0.0004024347292614361,0.5225719898505837,0.6243644452501462,0.0011084654175568254,-0.00042208070279303733,0.5337989817633165,0.24656053486830057,0.13161376245571754,-0.12743893155778827,-0.15862870010498747,0.42968015063421927,0.7984292263720304,0.6871461896955008,0.645631984951088,1.0447452213405886
1742,0.4217624601261622,0.45616774020187645,-4.937534563448365e-05,0.00027271875170187254,0.5234856952466617,0.6240635858530142,0.0009137053960779351,-0.0003008593971319806,0.5349317913208932,0.249032428009335,0.13321536281202495,-0.1282100122472772,-0.15999312153764436,0.43043509411677594,0.7957872111039711,0.6874675560898373,0.6462964532803714,1.044549007293062
1743,0.4218012853309015,0.4563869703026273,3.882520473930118e-05,0.0002192301007508668,0.5241678904447011,0.6239997522599218,0.0006821951980394703,-6.383359309247716e-05,0.5359328483477236,0.2507234692337666,0.13437094301407537,-0.1283191452827619,-0.16064309608739927,0.4312624449878939,0.7935883085409267,0.6877706174414249,0.6469226872780475,1.0440191585933207
1744,0.42174495451072397,0.4564876579197119,-5.633082017753033e-05,0.00010068761708459384,0.5245864373769051,0.6240207915767929,0.0004185469322040003,2.1039316871140912e-05,0.5368806791014528,0.25221682096973774,0.13541033812304232,-0.12842922414006216,-0.16103334398122204,0.43202013288050833,0.7917588347746711,0.6880609433688888,0.6475780538533017,1.0436627860634986
1745,0.4216019328947313,0.45645284654126633,-0.00014302161599266672,-3.4811378445576135e-05,0.5249375899849634,0.6242573649941198,0.0003511526080582916,0.00023657341732685744,0.5374425758213062,0.25381737413442446,0.13641226334300524,-0.12860707145642641,-0.1612579939734898,0.4325078949515968,0.7902146526491338,0.6882511907874553,0.6482369740608738,1.043700114870904
1746,0.42135808605899044,0.4563419739419174,-0.00024384683574085741,-0.00011087259934894345,0.5251001797040422,0.6244173037267707,0.00016258971907878728,0.00015993873265096603,0.5378585678086389,0.2551014491437694,0.13720850008237617,-0.12880162338480988,-0.16123260404512504,0.432888679363588,0.7888019151231948,0.6883955139498839,0.6488004268835559,1.0435536763530162
1747,0.42116469228477726,0.456308457153954,-0.00019339377421317971,-3.351678796337243e-05,0.5252339168936991,0.6246415711075528,0.00013373718965692394,0.00022426738078207276,0.5381728715297311,0.2563281588690434,0.1379488613124822,-0.12893819763716313,-0.1611240788792532,0.433331008473876,0.7875446263672977,0.6886506714190312,0.6493423147308547,1.0435075651200854
1748,0.42083040760129736,0.4563156862154486,-0.0003342846834799018,7.229061494584688e-06,0.5254290673715827,0.6249192302700987,0.00019515047788354334,0.0002776591625458513,0.5383906490513565,0.2575705757667694,0.13867358946360256,-0.12913187784126992,-0.1609510596795082,0.4336628056181991,0.786301615361207,0.6888653067146384,0.6498047082149929,1.0434941018452757
1749,0.420448950502516,0.4562991583444179,-0.0003814570987813459,-1.652787103068043e-05,0.5257353187589326,0.6251044633135765,0.00030625138734996504,0.0001852330434778393,0.5382453498798849,0.25855653995008687,0.13916685530916695,-0.1294289033302695,-0.16079694403416006,0.43387679417421854,0.7852775664362361,0.6890547569792985,0.6501544473892491,1.0434476129638794
1750,0.4205770913053896,0.45656417307014996,0.00012814080287359975,0.0002650147257320379,0.5228316846428387,0.6241669685046376,-0.002903634116093956,-0.000937494808938899,0.537750660843107,0.2594487563239006,0.13951874016809976,-0.12967129307524936,-0.1606768865066378,0.433866187193799,0.7846011229787032,0.6891527527526505,0.6503093242892328,1.0436608916330041
1751,0.4209545662391833,0.458418334291751,0.0003774749337936978,0.0018541612216010361,0.48336370714774957,0.5973923828767651,-0.039467977495089124,-0.026774585627872494,0.5359641171919544,0.2596844010869134,0.1391815207770689,-0.13003417069465054,-0.15984954000877477,0.43236306581572537,0.7831987950068237,0.6867686731133866,0.6487055627038348,1.0424919059756073
1752,0.4205817819553208,0.45931820312920363,-0.00037278428386250395,0.0008998688374526331,0.43292978144700844,0.5681925757815449,-0.05043392570074112,-0.029199807095220187,0.5333309340186695,0.25956498411079587,0.13843403541435187,-0.12971502742136495,-0.15909015273358168,0.4295436763481551,0.7803069193508553,0.6826297385156938,0.6454456050516553,1.0394803983632281
1753,0.4205608652203326,0.4603995852570728,-2.0916734988218888e-05,0.0010813821278691793,0.40081332659297203,0.5487383881902478,-0.032116454854036414,-0.019454187591297134,0.5316851271860462,0.2602358824945051,0.13836354828246392,-0.1297317447410068,-0.15848611858632905,0.4278083262310943,0.778860815463789,0.6801352423964188,0.6435896457143845,1.03870271607796
1754,0.42097083648313405,0.46157860834721526,0.00040997126280145624,0.0011790230901424503,0.37668816697135066,0.5345846040906834,-0.024125159621621373,-0.01415378409956436,0.5306119565503933,0.2621958026894368,0.13912422786434295,-0.13002974197109105,-0.1581021886562219,0.42687458546531915,0.7781441989134628,0.678753736270242,0.642706370879416,1.0399428818132068
1755,0.4213978091526607,0.4627229162469163,0.00042697266952662627,0.001144307899701047,0.36612427152114874,0.5274363673451049,-0.010563895450201921,-0.007148236745578518,0.5298299784353712,0.2653950392678838,0.14061424793215738,-0.13068800013292034,-0.15783762616935587,0.42641927160920756,0.7774395259604336,0.678170466194065,0.6424964029072221,1.0424303018128278
1756,0.42140844348532613,0.463297071171993,1.06343326654601e-05,0.0005741549250766753,0.36614191654308287,0.5277223975330807,1.7645021934131755e-05,0.00028603018797579427,0.5290188293291551,0.2686300895343088,0.14211037548802616,-0.13140630578500961,-0.15779643334295249,0.4260787185085651,0.7775201149994807,0.6778548800940669,0.6424500181822655,1.045741546064551
1757,0.4209598690545313,0.4633372594035718,-0.0004485744307948236,4.018823157880824e-05,0.3733892258712401,0.5325106961539604,0.007247309328157259,0.004788298620879705,0.5282744826250175,0.27166830889770716,0.14351543532854968,-0.13226674984547018,-0.15785121498013252,0.42592657877995616,0.7778752192731149,0.677845139474397,0.6426070444567689,1.049134037873738
1758,0.42010108061997214,0.4627763665076534,-0.0008587884345591656,-0.0005608928959183745,0.3842556242884884,0.5396660651204339,0.01086639841724829,0.007155368966473508,0.5275215734521213,0.27416621947836983,0.14462859548664928,-0.1330626832114595,-0.15799347104567596,0.42587066623298114,0.7782783623578624,0.6779995731363705,0.6428515490159178,1.0520383202761676
1759,0.4189745030624525,0.46169688258828245,-0.001126577557519659,-0.0010794839193709604,0.3964977000270686,0.5480384790674486,0.01224207573858016,0.008372413947014712,0.526625078244389,0.27608152579921963,0.14539145512584434,-0.1337109371240626,-0.15823888970949826,0.42589434755984285,0.778596725894542,0.6783065984752649,0.6431190196192141,1.054278076889057
1760,0.4176637980470212,0.46036695258652743,-0.0013107050154312905,-0.0013299300017550197,0.4088169830035855,0.5561867914429901,0.01231928297651691,0.008148312375541478,0.5257725529073173,0.27757267557665755,0.14594009425525378,-0.13423961232541629,-0.158493741068905,0.4259614368041257,0.7791045569501364,0.6786713570167653,0.6433973200843401,1.0562848860504706
1761,0.4165247146608944,0.4590037369399176,-0.0011390833861267824,-0.00136321564660985,0.42020333962690415,0.5636802429981974,0.01138635662331866,0.007493451555207309,0.5251375606054304,0.2787528957606893,0.14638361569146818,-0.13462971715750502,-0.15874364380567532,0.42612359579389597,0.7795954215417534,0.6790590592621494,0.6436788922175058,1.057964686730981
1762,0.41567202618368276,0.45778345319369906,-0.0008526884772116494,-0.00122028374621852,0.4306533024045381,0.570480452443951,0.010449962777633937,0.006800209445753547,0.5246351192703306,0.2796852509901858,0.1467327050113885,-0.13498352323392954,-0.1589784488817165,0.4263335511103534,0.780008596074054,0.6794208738258475,0.6439554554998208,1.0593182695960102
1763,0.4148939348540994,0.456594186371918,-0.0007780913295833414,-0.0011892668217810543,0.4400470010315209,0.5766693738328067,0.009393698626982805,0.006188921388855739,0.5241267741490832,0.2804295200417962,0.14698061971568233,-0.1353096307290585,-0.15913058022476917,0.4264714663677137,0.7802827639849708,0.6796804450523913,0.6441693920388643,1.0603446998480872
1764,0.41426907991395256,0.45553680635906835,-0.0006248549401468573,-0.0010573800128496624,0.4482790698890189,0.5818585954158659,0.008232068857497998,0.005189221583059234,0.5236703797131882,0.28100833543028336,0.14715574171734744,-0.13562053116206277,-0.1592495114340543,0.42655808884180835,0.7804286496667667,0.6798843958099581,0.6444005758178406,1.061074906634418
1765,0.4137287090923539,0.4546239194796141,-0.0005403708215986902,-0.0009128868794542333,0.45544883303292844,0.5859751093951728,0.007169763143909547,0.004116513979306902,0.5232657304867042,0.28145478119700357,0.1472756416820256,-0.1359093006751796,-0.1593415686420562,0.4265940454512844,0.7804848090630687,0.6800564353832318,0.6445705713227565,1.0615833615736086
1766,0.4131849683065184,0.4537470316676797,-0.000543740785835467,-0.0008768878119344015,0.4617772890585983,0.5894708820213177,0.0063284560256698374,0.0034957726261448663,0.5227625884656562,0.2817740677543418,0.1473009410217569,-0.13618664476821304,-0.15941842524578476,0.4265784469526666,0.7804402433309401,0.6801424404862282,0.6447122333798209,1.0618642316256384
1767,0.4126102397001652,0.4527903072286932,-0.0005747286063532142,-0.0009567244389865337,0.4676093359092266,0.592526556081677,0.005832046850628325,0.003055674060359337,0.5221866968635442,0.28191469634978045,0.14721210408418092,-0.13642647710330977,-0.15946522437480515,0.42649988227336033,0.7803405131533903,0.680117809234701,0.6448078779946025,1.0619122116972584
1768,0.41214257775066826,0.4519029875297109,-0.0004676619494969336,-0.0008873196989822585,0.4729775489773767,0.595204019222723,0.005368213068150107,0.0026774631410459993,0.5216076297586882,0.2819895602384175,0.1470879061326558,-0.1367222528452508,-0.15951394649822193,0.42641496438110726,0.7804499728189794,0.6800454309065382,0.6450055707288943,1.06210332060288
1769,0.4116775132406578,0.45093250949167735,-0.0004650645100104378,-0.0009704780380335731,0.4775431498495005,0.5972696531083006,0.004565600872123821,0.002065633885577567,0.5210429779034277,0.28217920224379656,0.14702749183952135,-0.1370786330020786,-0.15965750275747387,0.42636369045459965,0.7809294755987474,0.6800898700065057,0.645271790243425,1.0627793193935107
1770,0.4112579179663273,0.44993552611228094,-0.0004195952743304976,-0.00099698337939641,0.481512956396343,0.5987327541370918,0.00396980654684248,0.0014631010287912138,0.5207046108260774,0.2828783921346654,0.1472960830875875,-0.13779246855136074,-0.16007464762334134,0.42646739783148596,0.7816634519754562,0.6804414289043033,0.6456652209068654,1.0642195475187861
1771,0.4110457565735668,0.44897986540863144,-0.0002121613927605348,-0.0009556607036494968,0.4850851914111737,0.5999806788122813,0.0035722350148306714,0.0012479246751895268,0.5206636618667012,0.28484200050871655,0.14830687903830514,-0.13922388288725848,-0.16104732009667835,0.42679190357088564,0.7822087478050358,0.6811626385072891,0.6461318285930753,1.066733859743048
1772,0.41080285338129036,0.4479248643622876,-0.00024290319227643353,-0.0010550010463438175,0.4880056177165181,0.6006211597772668,0.002920426305344448,0.0006404809649854792,0.5205936353611442,0.2869054557894854,0.14936115423439425,-0.14115878051689232,-0.16198988335488482,0.42725745525415393,0.7832708735059823,0.6820172479818893,0.646548917650167,1.0698707791010613
1773,0.41040088395205904,0.4468681709170223,-0.0004019694292313192,-0.001056693445265322,0.49039015448223505,0.6008474633453934,0.002384536765716927,0.0002263035681265846,0.5206646017617772,0.2886883802910732,0.1503098205575041,-0.1434050550172238,-0.16295547939631094,0.42788154690378377,0.7848583492184088,0.682920510009761,0.6469969483304491,1.0732580819029032
1774,0.4099314965588446,0.4459131910748241,-0.0004693873932144488,-0.0009549798421982225,0.4920132183162297,0.6005676002017015,0.0016230638339946313,-0.00027986314369188303,0.5207635364042414,0.2901840915438548,0.15111729372062999,-0.14535958249522649,-0.1637057709719589,0.42857931772420804,0.7863691420957767,0.6838130567706413,0.6474141705249808,1.0762820235645063
1775,0.4094635235049492,0.44511213744072553,-0.00046797305389539856,-0.0008010536340985475,0.4931036708899746,0.5999912949825388,0.0010904525737449045,-0.0005763052191627427,0.5209732785835487,0.2912779333065721,0.1517480198937651,-0.146763257027768,-0.16416782362617127,0.4293917164258003,0.7879761224851576,0.6847050931628565,0.6478330538765519,1.0790013944355152
1776,0.40871067314931725,0.4443752924681586,-0.0007528503556319399,-0.0007368449725669302,0.493786692090333,0.5994432195723233,0.0006830212003584024,-0.0005480754102155094,0.521746692813468,0.2915565864629388,0.15211868475502224,-0.1478376064734211,-0.1640894306968154,0.4302101585560818,0.7898051465461959,0.6855526083666913,0.6482518587514055,1.0811254688928957
1777,0.4079567404460188,0.4437819343732434,-0.0007539327032984322,-0.0005933580949151751,0.49387558924764524,0.5988247492116506,8.889715731225101e-05,-0.0006184703606726405,0.523128734140756,0.29061583389099466,0.15202949330465626,-0.14844492079094815,-0.1635554893398041,0.43112332625013317,0.7914947261135145,0.6864549397636951,0.6486882497077243,1.0818900043051993
1778,0.40736444376358966,0.44334796197937243,-0.0005922966824291609,-0.00043397239387099606,0.4937510420269791,0.5984719230557147,-0.0001245472206661269,-0.0003528261559359036,0.5248209970627926,0.2884800000228823,0.15140036124468353,-0.1479056941333396,-0.16168905123607316,0.43193694676914257,0.7924817167623743,0.6872615094829465,0.648976091015804,1.0807575107305984
1779,0.40705794385093463,0.44304718827715955,-0.00030649991265502274,-0.00030077370221287536,0.4937184999263033,0.5982178182579441,-3.25421006758253e-05,-0.0002541047977706601,0.5269713492237498,0.28472020078038324,0.1500393883564955,-0.14655339470666456,-0.15878638944245232,0.43273558031378284,0.7941672302096644,0.6879642831277512,0.6490882866046768,1.0787034184469162
1780,0.4071556394710139,0.44311231017558966,9.769562007927446e-05,6.51218984301094e-05,0.4935297456815163,0.5975099181418182,-0.00018875424478698166,-0.0007079001161258702,0.5295934161895726,0.28013941736946457,0.14835999105405123,-0.1449631434810593,-0.15544033750042494,0.43370560796954566,0.7963037606024101,0.6888347093059674,0.6494354292859682,1.0762787250546282
1781,0.4075144735393417,0.4434345146572578,0.00035883406832781795,0.0003222044816681424,0.4934829197673535,0.5967841083780921,-4.682591416282911e-05,-0.0007258097637260486,0.5322177556355928,0.27392097515325003,0.14578560661757572,-0.14227640591465382,-0.15128880786914808,0.4346764173970242,0.7997597899601134,0.6896132169640071,0.6497823433465906,1.073541980668202
1782,0.40829229653954613,0.44393112102742976,0.0007778230002044029,0.0004966063701719592,0.4934324004895805,0.596020329647479,-5.051927777299792e-05,-0.0007637787306131738,0.5348467763050545,0.2663412918725014,0.14245178135493097,-0.13873357834809108,-0.14661694935167097,0.435613537594207,0.8042663833728437,0.6902531396656079,0.6500659806098096,1.0704966676097993
1783,0.40916063535201674,0.44435781172879135,0.0008683388124706148,0.00042669070136158727,0.4934953233035673,0.5955135611860565,6.292281398684318e-05,-0.0005067684614225021,0.5373867186515489,0.2582921665404593,0.1388027798305768,-0.13417127225684353,-0.1417827897611981,0.43640958283170683,0.8087241171534343,0.6906330412849553,0.6502713229772997,1.0669294167238856
1784,0.4100729522522376,0.4447645856275475,0.0009123169002208664,0.000406773898756152,0.49418716787095407,0.5954793416577484,0.0006918445673867457,-3.421952830806596e-05,0.5398700413410512,0.2506922571320717,0.135341239221773,-0.12912853412845574,-0.13673378138227898,0.43734930483461265,0.8125969428364141,0.690876152592068,0.6505320311964019,1.0632175791714102
1785,0.4109631807265653,0.4451927718718709,0.0008902284743276812,0.0004281862443233919,0.4950545629456335,0.5958178653966786,0.0008673950746794223,0.0003385237389301743,0.5423891517582172,0.24330055295944514,0.13196358054197865,-0.1242279287897612,-0.13154326255058607,0.4382318140804247,0.816147485324453,0.691192528088195,0.6507827105037913,1.0593870376887886
1786,0.4116583639529177,0.44560830392867723,0.0006951832263524249,0.00041553205680633365,0.495913080484438,0.5965469876149514,0.0008585175388045041,0.0007291222182728152,0.5450182134580163,0.2364966396021265,0.1288949760047753,-0.11927660884530222,-0.12654949402266358,0.4390525979031089,0.8190838742875273,0.6915700997153866,0.6509868719724619,1.055526706190279
1787,0.4121352513819865,0.44605410525288536,0.0004768874290687619,0.00044580132420812824,0.49647873881600646,0.597388359481645,0.0005656583315684638,0.000841371866693641,0.5474343461270184,0.2302624401518487,0.126053568362139,-0.11456604369676696,-0.12183795882295119,0.4402030872412225,0.8214415994091134,0.6920053823449825,0.6511633460054328,1.0516542507146494
1788,0.41220123619315213,0.4463373543529198,6.598481116565358e-05,0.00028324910003446613,0.4968627138191,0.5981814896976131,0.0003839750030935618,0.000793130215968052,0.5496040839532076,0.22446215154232568,0.12336531518058597,-0.11015775293856225,-0.11733142026634144,0.44162632512990085,0.823402491676093,0.6924398947423254,0.65122255175359,1.047816239096688
1789,0.41202837680440346,0.44639560191108923,-0.00017285938874866957,5.824755816941085e-05,0.49704011852932933,0.599288669358718,0.00017740471022931192,0.0011071796611049622,0.5515037852317562,0.21963115340844241,0.12112741245957254,-0.10655110436435436,-0.11385054130970518,0.442842171560251,0.8252812248637911,0.6930171951210023,0.6513266758226033,1.0448632745252444
1790,0.4119594375489823,0.4462938774794434,-6.89392554211743e-05,-0.00010172443164585543,0.4971270371727882,0.600581727388487,8.691864345888867e-05,0.0012930580297689787,0.5529678929737769,0.21602683238327883,0.11945590232878096,-0.10415265883269206,-0.11179673260649242,0.44378319966488955,0.8266649378884235,0.6936429420207778,0.6515275666933112,1.0426383342510182
1791,0.4121673361083825,0.44647355792190674,0.0002078985594002325,0.00017968044246335912,0.4973609585768921,0.6017499290853637,0.0002339214041038873,0.0011682016968767028,0.5541529097415199,0.2126374309153963,0.11783365106172827,-0.10281811965565621,-0.1107540548222833,0.44431783378921985,0.8287894486386883,0.6943409838317445,0.6517957327787182,1.0413711377365875
1792,0.4134100991742221,0.44683125484835345,0.0012427630658395916,0.0003576969264467156,0.46936026139691067,0.5923941241037983,-0.028000697179981437,-0.009355804981565408,0.5544745615117423,0.2096094525813128,0.11622310930873976,-0.10143501759204052,-0.11080311233718367,0.4426034438503095,0.8288681665238579,0.6938029797213603,0.6504614564720888,1.0384251905025617
1793,0.4149053673579212,0.4467306172378838,0.0014952681836991055,-0.00010063761046963382,0.41835631265448625,0.5616827409145069,-0.05100394874242442,-0.030711383189291452,0.552964670426581,0.20686610346932896,0.1143896467273485,-0.10008882201300363,-0.11041891923664607,0.43820866576873774,0.8256042717718916,0.6903457455672095,0.6466585057672267,1.0324280220111464
1794,0.41619756200507246,0.4464275598439025,0.0012921946471512458,-0.000303057393981343,0.37015269758753067,0.5321252571150242,-0.048203615066955585,-0.029557483799482642,0.5510293880020257,0.20418845957715612,0.11251384191787671,-0.09891429958256466,-0.10983017069419894,0.4332511403759989,0.8223433642979018,0.6862641850972325,0.6423283224996633,1.026496025734462
1795,0.4185541329590203,0.4473039356234132,0.002356570953947812,0.0008763757795107185,0.3362225467627256,0.5114834343534789,-0.03393015082480505,-0.02064182276154536,0.5509693675843814,0.2016697116361823,0.11111383348111192,-0.09816997066699505,-0.11015060456671583,0.43061056924922125,0.8237005416696123,0.6845952857768469,0.6403468603502683,1.0253396320380546
1796,0.4210975892010954,0.4489554978909395,0.002543456242075137,0.0016515622675263297,0.32445124107861134,0.5005492043290337,-0.011771305684114275,-0.010934230024445157,0.5528631172864487,0.19947476755225818,0.1102822418089312,-0.09857303770333906,-0.11093509200637801,0.430090816763464,0.8286737530988195,0.6853284286596373,0.640874251563816,1.028122530740113
1797,0.4228555007820508,0.4495564676866199,0.0017579115809553958,0.0006009697956803617,0.3266550322656459,0.4967919612747,0.002203791187034565,-0.0037572430543337254,0.5545598277740343,0.1981636187125076,0.10989358226428762,-0.09965154170249564,-0.11170856509374968,0.43035054614072693,0.832952325822515,0.6869090879962614,0.6421923250969719,1.0310929894547907
1798,0.42397996115219194,0.4493857319634858,0.0011244603701411338,-0.00017073572313408558,0.3361076921258334,0.4973046109636208,0.009452659860187507,0.0005126496889207854,0.5560291577086117,0.19741538666050396,0.10976871116355992,-0.10069755816532851,-0.11239797035030606,0.43133660324187506,0.8376495668444844,0.6892379958364652,0.6439103985283255,1.0350435466332686
1799,0.4239494536550387,0.4479778936737674,-3.050749715322043e-05,-0.0014078382897184105,0.3476834041345809,0.5002399379276092,0.011575712008747463,0.0029353269639884605,0.5569879875524921,0.19708675911730422,0.10977495733399006,-0.10148283605693964,-0.11308195821645392,0.43258931558750785,0.8423635438567233,0.6917070016920869,0.6456700901126455,1.0394296090875303
1800,0.42343680160115127,0.44601039292454264,-0.0005126520538874524,-0.0019675007492247487,0.3592507375935657,0.5038660599072177,0.011567333458984808,0.003626121979608432,0.5578048727847631,0.19741395367734954,0.11011846531693108,-0.10222349310112712,-0.11376042256224356,0.43392323495752255,0.847163654936944,0.6942584983372131,0.6475561610805278,1.044558388218651
1801,0.42241464776255494,0.4444638072595004,-0.0010221538385963291,-0.0015465856650422327,0.37135527177752836,0.507833836981505,0.012104534183962679,0.003967777074287304,0.5575623125704788,0.19688973770830048,0.10977829747803503,-0.10300035776821533,-0.11462627823024119,0.43521657778649275,0.8537890783571088,0.6967636113681741,0.6494525324668017,1.0506630079296653
1802,0.4211710165381877,0.4434694939437834,-0.0012436312243672143,-0.0009943133157170325,0.3839574000459567,0.5127968000682159,0.012602128268428325,0.004962963086710959,0.5568253653901324,0.19482379592727622,0.10848283135389816,-0.1039499599975388,-0.11564147406001396,0.43667050121043366,0.8619175293067503,0.6990338727315338,0.651573362877306,1.0567308187712747
1803,0.4193570916474996,0.44290644439764276,-0.0018139248906881011,-0.0005630495461406149,0.39732430032603266,0.5189270787974193,0.013366900280075977,0.006130278729203353,0.5565446886774691,0.1922525384772457,0.10699712917427184,-0.10592979945830004,-0.11635126247835972,0.43767084731022543,0.8687483175128797,0.7013873628416867,0.6538101303978773,1.0609938989058278
1804,0.41699755697983093,0.4423261104381361,-0.0023595346676686946,-0.0005803339595066848,0.4105584442781765,0.5263407919769865,0.01323414395214384,0.007413713179567183,0.5565943968107241,0.18884776381313342,0.10511160718862508,-0.10750127020915559,-0.11662368133179485,0.4380562305332769,0.8750435488685113,0.7036393049712678,0.6560423006169877,1.0638865563022328
1805,0.41421617593367793,0.4411697049867276,-0.0027813810461529975,-0.0011564054514084932,0.42336964312389647,0.5342318754786228,0.012811198845719962,0.007891083501636365,0.5567503135665761,0.18396467927182183,0.10242239286976142,-0.10883165053131859,-0.11657984764021431,0.4377098032736529,0.8809225052747189,0.7053278607863077,0.6576488023548911,1.0648833326325646
1806,0.4113717808900187,0.4396915977906114,-0.0028443950436592425,-0.0014781071961161851,0.4334060267507374,0.5408567807049488,0.01003638362684095,0.006624905226325972,0.5572926289940888,0.17870857816895214,0.09959297335157097,-0.1097749697635457,-0.11562529219163792,0.4368513208104758,0.8866987294926756,0.7063677384957746,0.6589228537374099,1.065404623932735
1807,0.4085699151136127,0.4379894304345291,-0.0028018657764060095,-0.001702167356082307,0.44216037599231295,0.5466208140213497,0.008754349241575532,0.005764033316400852,0.5578767948623534,0.1718370523742892,0.09586390401716281,-0.11007111696159104,-0.11471948530371777,0.43594100971930977,0.8928247569587908,0.7071458504098913,0.6600028374830312,1.064660439357767
1808,0.4058212877550759,0.4353524679309723,-0.0027486273585367593,-0.0026369625035567723,0.4500138791360403,0.5516722125899746,0.007853503143727347,0.00505139856862491,0.5586524529599776,0.16235402155346768,0.09069947238876179,-0.10932190116231053,-0.11337294099865772,0.4351775619794617,0.899551847193636,0.7074462662897347,0.6608078830485108,1.061905640211354
1809,0.4032698060937929,0.4324835137978557,-0.002551481661282995,-0.002868954133116608,0.4562949929609361,0.5562837911770769,0.006281113824895823,0.004611578587102372,0.5598965665765855,0.1520847580357236,0.08515173385283241,-0.10824501346567199,-0.11181808406282383,0.4348042123824592,0.9050636778295853,0.7073209682890118,0.6613675837429748,1.05714830149108
1810,0.40095925783237546,0.4294667107314807,-0.0023105482614174666,-0.003016803066375029,0.4615947859469037,0.5606011589489435,0.005299792985967555,0.0043173677718665315,0.5613513750044371,0.14351986653703025,0.08056507442101524,-0.10845784789730914,-0.11094525442050826,0.43403224225185605,0.9087576986804223,0.706801715515213,0.6618278318199133,1.0522754169797026
1811,0.39804110924502834,0.42648040445367774,-0.0029181485873471247,-0.0029863062778029414,0.46617504539147797,0.5639031421307377,0.004580259444574297,0.003301983181794199,0.5628426510743254,0.13783765478418908,0.07758091103660066,-0.10955868628946352,-0.11043376374237888,0.4329999083741164,0.910670702653378,0.7059649003508011,0.6619618224092328,1.048501864665074
1812,0.3953599324285104,0.42416500320244854,-0.002681176816517916,-0.002315401251229199,0.4698862249825726,0.5659939703898332,0.0037111795910946266,0.0020908282590955674,0.5646217680862868,0.13488577029034304,0.07615944211101423,-0.11091455674323947,-0.11061603987508639,0.4318868310177351,0.9115309017132781,0.7051743032145465,0.6620946969767793,1.0464035685451765
1813,0.3932506055195159,0.4223785113714222,-0.0021093269089945132,-0.00178649183102636,0.47353489218857236,0.5682249245400228,0.003648667205999767,0.00223095415018959,0.5661266585599719,0.1324581616212755,0.0749880964376494,-0.11200257901224818,-0.11078053536914939,0.43095835899104823,0.9126779998399327,0.7048099195428382,0.6625378699409381,1.0451178170241173
1814,0.3924165438569763,0.42185591476824136,-0.0008340616625396313,-0.0005225966031808249,0.4767880238217989,0.570017852596161,0.003253131633226547,0.0017929280561381766,0.5680772324789475,0.13137895791483423,0.07463339481822714,-0.11499288002432756,-0.11295908202406095,0.4290375890821133,0.912874029888064,0.7046523226361708,0.6631366116369886,1.044232830836255
1815,0.3921454327654873,0.4220838634652566,-0.0002711110914889736,0.00022794869701525666,0.477269953876797,0.5701923909836017,0.00048193005499808095,0.000174538387440748,0.5705780898679169,0.13443133406874494,0.07670357381134031,-0.1198349471641364,-0.1163350472911388,0.42700329982955054,0.9093881032923065,0.7043373311140365,0.6640588695319486,1.0438035231294656
1816,0.3922308096945067,0.423042233324239,8.537692901938732e-05,0.0009583698589823997,0.4760889624965086,0.5695463931341549,-0.0011809913802883765,-0.0006459978494468555,0.5725158118193306,0.14120517156831522,0.08084219343352185,-0.12576678100450484,-0.12113994831841958,0.42554092332544,0.9053451830837155,0.704199103706532,0.6650971055882815,1.0465398929823682
1817,0.3930446768396995,0.424621118697271,0.0008138671451928259,0.0015788853730319685,0.4737838925477367,0.5685425786690277,-0.002305069948771943,-0.0010038144651272063,0.5742021555500851,0.14901357383300579,0.08556391530113368,-0.13192457652740872,-0.12599890351945575,0.4247451373347737,0.9015695510472871,0.7046270129621222,0.6666206951455877,1.050575176538603
1818,0.39335305128788706,0.4259555052281503,0.0003083744481875428,0.0013343865308793057,0.4711333267702364,0.5671209915146267,-0.00265056577750028,-0.001421587154400994,0.5758158552014743,0.15584930843300618,0.0897405028179098,-0.13759672653742513,-0.13029915830177324,0.42378354607458946,0.8978223192725759,0.7047659111017095,0.667487377659032,1.0536641073145134
1819,0.3935458631573618,0.427279219416985,0.0001928118694747294,0.0013237141888347015,0.46932913302001456,0.5661686332623896,-0.0018041937502218386,-0.0009523582522370511,0.5766400404957217,0.1599563371095916,0.0922372287084222,-0.14208558452544323,-0.1337622898952764,0.4229972926560394,0.8962310718900985,0.7051298957722268,0.6681317941671125,1.0561771205534796
1820,0.39371901239482626,0.4286929039273405,0.00017314923746447608,0.0014136845103555062,0.46741614332830744,0.5655384702960631,-0.001912989691707112,-0.000630162966326564,0.5778065128883874,0.1571013628743821,0.09077419065245987,-0.14512906932341121,-0.13658524408509595,0.42219788718988344,0.8996212249606713,0.7055858030675094,0.6687124500257122,1.0567035859756257
1821,0.39361257591155036,0.4293997813903461,-0.00010643648327590682,0.0007068774630056285,0.4668797446239746,0.5661302520363073,-0.0005363987043328633,0.0005917817402442127,0.5798081350818286,0.14310130350199912,0.08297129991127286,-0.14503589108567802,-0.13741831731394355,0.42139257280475106,0.9112673499782654,0.705500205636773,0.6689078925792947,1.0543350295402705
1822,0.3924083583902106,0.42946918020258523,-0.0012042175213397566,6.93988122391076e-05,0.4678992433191364,0.5679182734465533,0.0010194986951618246,0.0017880214102460323,0.5819874139851922,0.12376460709217356,0.07202944362446746,-0.14149965274373685,-0.13537802518362976,0.42132428506114233,0.9247754154764605,0.7049745175483612,0.6691297181565049,1.0484910791539377
1823,0.390344925320767,0.4286850090438294,-0.002063433069443621,-0.000784171158755842,0.4680086208759824,0.5691122069620701,0.00010937755684597983,0.0011939335155167763,0.583240387900429,0.10764111005094404,0.06278064278014536,-0.13729425011394225,-0.13252078177109072,0.4221128385037649,0.9341055693753969,0.7041566793873684,0.6689696982878361,1.0416919636737374
1824,0.38787021211504297,0.4271886442335906,-0.0024747132057240107,-0.0014963648102387928,0.46832334544835125,0.570593573160905,0.000314724572368863,0.001481366198834877,0.5835540571055599,0.10035970600782347,0.058565313610786617,-0.1356347462906376,-0.13180272934268655,0.4208025694922231,0.93802283006892,0.7033818546990237,0.668471206244254,1.0383315226398315
1825,0.38562859903145796,0.425320069020888,-0.0022416130835850034,-0.0018685752127026167,0.4688015237014125,0.5717213819038275,0.0004781782530612344,0.0011278087429225092,0.5831651055864542,0.09957739569558849,0.05807006247484199,-0.13595038678449659,-0.13261277776464778,0.4174088385861889,0.9378525733748472,0.7022612004055196,0.6670875564565121,1.0373819509391906
1826,0.38354337105938024,0.42321198405220317,-0.002085227972077719,-0.002108084968684809,0.46841454586589415,0.5717817309674533,-0.00038697783551833176,6.0349063625841914e-05,0.5825418128871488,0.10354189215494251,0.06031748156570586,-0.13732456965718806,-0.1342293283187967,0.4127612493681589,0.9343735198782793,0.7006198177234607,0.6651354297736299,1.037862338166441
1827,0.38267257230777885,0.42152773646431,-0.0008707987516013982,-0.0016842475878931507,0.46675860672728847,0.5714316253356234,-0.0016559391386056777,-0.00035010563182991117,0.5819837161755584,0.11062877457907408,0.06438414534547768,-0.13993466532655335,-0.13799099682062543,0.40750593950213604,0.9296728791941473,0.698880292875126,0.6634524196611253,1.0402348848339626
1828,0.3830811576381848,0.4205848937704019,0.0004085853304059417,-0.0009428426939080969,0.4648751473466225,0.5709828360551875,-0.001883459380665975,-0.0004487892804359017,0.581421101354136,0.11973933030010567,0.0696189732984941,-0.141963866782316,-0.1415830479651463,0.4037648758948385,0.924142721947392,0.697702022660407,0.6623485595215515,1.0437934928394828
1829,0.38404107430159123,0.4202333506099179,0.000959916663406446,-0.0003515431604840247,0.4632701193712111,0.5699390751468723,-0.0016050279754113994,-0.001043760908315261,0.5814125748866408,0.13228307519276095,0.07691104336174626,-0.14395505934523056,-0.14493657442316135,0.4014866688286954,0.9152438824583515,0.6975404582776706,0.6619296530420177,1.0474173376602633
1830,0.3848229013971119,0.4202771967687104,0.0007818270955206597,4.3846158792493206e-05,0.46098846479726163,0.5682079090689413,-0.0022816545739494654,-0.0017311660779310012,0.5821271595921462,0.14716401499790152,0.08566817004490442,-0.14534345756201114,-0.1470432362403447,0.4003624953075815,0.9055157261583272,0.6979012400066931,0.6622926614511366,1.0525505265909954
1831,0.3861163312277672,0.42093011672428987,0.0012934298306552794,0.0006529199555794785,0.4569231278435803,0.5638570119406898,-0.004065336953681331,-0.00435089712825143,0.5839365149345306,0.16140812851802938,0.0942521000489229,-0.14636457860212485,-0.14906779752873012,0.3998076632049954,0.897782931737218,0.6987048036593684,0.6636226881811255,1.0590476177987307
1832,0.38540573264616984,0.4204696867918136,-0.0007105985815973326,-0.0004604299324762473,0.4065179443196104,0.5351533354546402,-0.05040518352396989,-0.028703676486049656,0.5823186908333892,0.17176996863597618,0.10002486326059397,-0.1462401967722891,-0.1498832428147865,0.39674700882425823,0.8856708785727865,0.6946847498951522,0.660096461936331,1.0572871587509545
1833,0.3860759728407993,0.421911445429747,0.0006702401946294678,0.001441758637933388,0.3384736729960936,0.4986840921319772,-0.06804427132351681,-0.03646924332266299,0.5786812440171539,0.17771733465655293,0.10284168830246691,-0.14358052271788807,-0.1482973198325285,0.39336698244727514,0.8722244154209172,0.6884179370476714,0.6539604138836504,1.0497791455872394
1834,0.3873520003265459,0.4240550240706508,0.001276027485746567,0.0021435786409038093,0.2820377639214427,0.4722302757778722,-0.0564359090746509,-0.026453816354104986,0.5745462124634607,0.1797581669952834,0.10327937400651435,-0.13837477624324765,-0.14420848440275208,0.3914717761485922,0.8602004498895169,0.6821478022592827,0.6478232057530438,1.0398000762482842
1835,0.38887762553285055,0.4275031964360211,0.0015256252063046705,0.003448172365370261,0.25011169677000333,0.4582221114562028,-0.03192606715143936,-0.014008164321669403,0.5733552431543024,0.18154734756937718,0.10409112360965891,-0.13411377525262005,-0.14150471793652605,0.39216144260838315,0.853334737851216,0.6795783558956466,0.6452649117992941,1.0347401175169704
1836,0.3898212315148792,0.430819282946976,0.0009436059820286391,0.003316086510954941,0.23562824816565617,0.45115638010865594,-0.014483448604347166,-0.007065731347546844,0.5731008334841686,0.18237538665969205,0.10451948610166704,-0.13052915379774208,-0.13921516328532849,0.3935741273107973,0.849435100787009,0.6785362960396675,0.6440372191473309,1.031679505069592
1837,0.39018211502047956,0.4330334004022921,0.0003608835056003734,0.002214117455316078,0.23813029018027954,0.4506053286447112,0.002502042014623368,-0.0005510514639447406,0.5735813847956254,0.18225393614671165,0.10453746507948435,-0.12784810766145985,-0.1374338624028947,0.3947673906845436,0.8472845889197463,0.6782598816021751,0.643677087005994,1.0294118382302508
1838,0.39049683428527243,0.4348330698823854,0.00031471926479287315,0.0017996694800933022,0.2479433646167125,0.45467541270000283,0.009813074436432978,0.004070084055291634,0.5745113248298205,0.1814116040141452,0.10422302096166933,-0.12549894370913312,-0.13578238782189367,0.39559841434298637,0.8462303611053503,0.6784764456950598,0.6438698218257141,1.0275173546325445
1839,0.3912861696522863,0.4370302567927695,0.0007893353670138659,0.002197186910384119,0.264835381470977,0.4613507781371239,0.016892016854264502,0.00667536543712105,0.5758516369081822,0.18022655583465508,0.10378375719171003,-0.12348964483366101,-0.1343381650567474,0.3966938850146464,0.846194277652709,0.6795067602931407,0.6449638032219698,1.026298796462322
1840,0.39224731216882813,0.43931189068273796,0.0009611425165418352,0.0022816338899684374,0.2835920013124897,0.46821073390060075,0.018756619841512667,0.006859955763476866,0.577331502874712,0.17869133670921739,0.10316413797302366,-0.12163956600419495,-0.1330107957893381,0.39776603601141075,0.8467743320487411,0.6808979494127949,0.6463354534816251,1.0253510983678673
1841,0.3931530421465167,0.44147403000537505,0.000905729977688563,0.002162139322637091,0.3030636861996184,0.47498336022652743,0.019471684887128693,0.006772626325926678,0.578765269009559,0.17730472443745662,0.10261781653571032,-0.12018042302174625,-0.13199495892794205,0.39889988654050756,0.8472902341353208,0.6824980419577915,0.6479617008845779,1.0244868368856057
1842,0.3943819575934066,0.44363119936133794,0.001228915446889911,0.0021571693559628846,0.32539057879258254,0.482077222221096,0.022326892592964165,0.007093861994568573,0.580289461730775,0.1749431227947062,0.10151765056004093,-0.11915003440326455,-0.1309843869881983,0.3999450748628212,0.8479736087418062,0.6839196012169894,0.6497201836847183,1.0228123691141389
1843,0.3953051538340923,0.4455695844448061,0.0009231962406857086,0.0019383850834681637,0.348107137239558,0.491267967856066,0.022716558446975454,0.009190745634970021,0.5816702446219647,0.17166339145037754,0.09985148689757718,-0.11846743913148973,-0.13018906053889745,0.4006473057638228,0.849280407206756,0.6854267388480847,0.651766854516402,1.0208391563916777
1844,0.39623288887886526,0.44749396204246755,0.0009277350447729482,0.001924377597661453,0.36986218429369633,0.502578219804666,0.021755047054138332,0.01131025194859997,0.5825547948168108,0.16805363209053775,0.09790044916072303,-0.11793839432031565,-0.12953303137576755,0.401368755741984,0.8506974296025916,0.6870540091232235,0.6541999564972343,1.0186451719993768
1845,0.3968896946838052,0.4489176168347686,0.0006568058049399306,0.0014236547923010545,0.38836910110367145,0.5148911149885625,0.018506916809975127,0.012312895183896555,0.5829788716522851,0.16494956307991693,0.0961621101638674,-0.11730337283089569,-0.12931845517589102,0.4016521357426681,0.8525696808538279,0.6886065909919027,0.6564918885419675,1.0174161848876266
1846,0.39759545405844054,0.45026899939551396,0.0007057593746353508,0.0013513825607453511,0.40343222422407365,0.5264042518072649,0.0150631231204022,0.011513136818702363,0.5834411265995687,0.1641750335174923,0.09578646651496765,-0.11741434212299906,-0.12976746164923503,0.4019607339523163,0.8545482633985381,0.6899256615386906,0.6589734725975714,1.018626803156577
1847,0.3976141403512696,0.4513119267874141,1.8686292829028783e-05,0.0010429273919001503,0.415192126762922,0.5361239140440238,0.011759902538848344,0.009719662236758908,0.5831186359219492,0.16559723201644222,0.09656283204587833,-0.11883534426108792,-0.1312203540621489,0.40243800607482993,0.8565943131187848,0.6908849847027663,0.6611778223747119,1.0220955048429192
1848,0.3983934619418054,0.45207110824997543,0.0007793215905358419,0.0007591814625613202,0.4247105778937,0.5443071314454409,0.009518451130777983,0.008183217401417031,0.5820322927237914,0.16944677549802384,0.09862349523776838,-0.12156595417637003,-0.13349874198565037,0.40300202386528183,0.857988740077293,0.691496364292879,0.6628818674545518,1.027338611553153
1849,0.3996056877232336,0.4522172026138133,0.0012122257814282111,0.00014609436383788976,0.4324917933433361,0.5509649067237136,0.007781215449636114,0.006657775278272715,0.5812763710752837,0.1739620970859891,0.10112005649878993,-0.12488618978113694,-0.13647788252727588,0.40349486206556495,0.859654890115995,0.6918835247082391,0.6646649546366235,1.0335199241835846
1850,0.4013514415745355,0.4520964682533338,0.0017457538513018789,-0.00012073436047949082,0.4397117247205682,0.556819606689514,0.007219931377232092,0.005854699965800458,0.5806985902668943,0.17190350288668618,0.09982412178823966,-0.1258183125897639,-0.13794585890205627,0.40454351035889985,0.8659185957799305,0.6924658218823883,0.6665027381724729,1.0377213178524058
1851,0.4037261296277878,0.45243270681531567,0.002374688053252305,0.00033623856198183866,0.44400677388255116,0.560791027735505,0.004295049161982978,0.003971421045991019,0.5815578433340528,0.15083529187487096,0.08771944704141234,-0.12303609723928022,-0.13493575242633032,0.40912773555884313,0.8836315610615937,0.6939771011121673,0.6698098230463142,1.0343573941808664
1852,0.4058666530352874,0.4524341994992082,0.002140523407499595,1.4926838925455321e-06,0.44707886483750303,0.5643785157862452,0.003072090954951867,0.003587488050740162,0.582629277320745,0.1271181623196123,0.07406276304661687,-0.11798432341990152,-0.1287948669741164,0.41435285022359797,0.9009343161639385,0.6959492857325167,0.6731654348412107,1.0279440935011548
1853,0.4063752914742405,0.4511437032838311,0.0005086384389531018,-0.0012904962153771349,0.44958348258574593,0.5665399621247128,0.002504617748242899,0.0021614463384675986,0.5829199136067655,0.10611354187432342,0.06185569666188851,-0.11376045430332794,-0.12272778623534741,0.4190441011990601,0.9149985314807217,0.6973069276134819,0.6753655260716452,1.02101728348963
1854,0.4062992344725656,0.44989850768169604,-7.60570016749007e-05,-0.0012451956021350408,0.4511824083004743,0.5682451973896291,0.0015989257147283609,0.0017052352649162827,0.5832674492996299,0.0892828689223917,0.052075791222516606,-0.10988649660585299,-0.11776728350351513,0.4225750768092655,0.9254459625790266,0.6980345634595626,0.6763950581653563,1.014652757930625
1855,0.40630197771152593,0.449237995996311,2.7432389603232465e-06,-0.0006605116853850568,0.45227942546342426,0.5694660733187358,0.0010970171629499648,0.0012208759291066906,0.5838566716184481,0.07666001469071938,0.044758461023544756,-0.10737055655332649,-0.11422459913110382,0.424978508069584,0.9326191314963687,0.698428163163251,0.6768108206252047,1.0092212314122935
1856,0.40628404132543616,0.4488342579278212,-1.7936386089767442e-05,-0.00040373806848975624,0.4530030971359415,0.5706418660161748,0.0007236716725172454,0.0011757926974390598,0.5845782374642673,0.0673581136397903,0.03937608735046644,-0.10593828722316866,-0.1122319888185335,0.4263951641985565,0.9386892033880383,0.6985020641411694,0.6769401524100467,1.0060017986127678
1857,0.4063398018403397,0.4486184521770729,5.5760514903524516e-05,-0.0002158057507483102,0.45334119428768443,0.5715481597038445,0.0003380971517429332,0.0009062936876697014,0.5852797969221364,0.05965843952364086,0.03491687936908808,-0.10491936465045971,-0.11086287032131548,0.42734523418846293,0.9439814301925723,0.698575486066015,0.677009803306564,1.0036000921931165
1858,0.40628842784945884,0.44816978078159364,-5.1373990880843046e-05,-0.00044867139547927204,0.4535578911091852,0.5722227088258849,0.00021669682150077252,0.0006745491220403466,0.5857610934781601,0.052437189660944045,0.030715665554716255,-0.10375055921082527,-0.10948057518001267,0.4280967601831261,0.9490933941335673,0.6985304653870222,0.6772730068730647,1.0014898139858412
1859,0.40583765799979005,0.4475523748497503,-0.0004507698496687973,-0.00061740593184334,0.4531486379080419,0.5725401813900306,-0.00040925320114332253,0.00031747256414571545,0.5856303601646412,0.04529259180481329,0.026524716851442885,-0.1033779921740227,-0.10872763473058819,0.42922287540490506,0.9554615955377319,0.698912241207376,0.6784293096946925,1.0007046309483416
1860,0.4068097539566231,0.4474248905372165,0.0009720959568330634,-0.00012748431253378767,0.4519969424167179,0.5722941891934699,-0.0011516954913239896,-0.00024599219656074034,0.5859257694854111,0.03877603590530571,0.022719878675410178,-0.10323104718118083,-0.10940652455927849,0.42942002836825854,0.9643912059876438,0.6999566668285763,0.6803461549880476,1.0030946182128293
1861,0.4089143336491204,0.44780600800495823,0.002104579692497277,0.0003811174677417206,0.45082782925186743,0.572134598501578,-0.001169113164850466,-0.00015959069189186437,0.5876794881885387,0.0338832533215564,0.019912492970174868,-0.10398543301974682,-0.1119549550003646,0.43015875399656106,0.9746421964803091,0.7031530676149303,0.6838279566911758,1.008418974268841
1862,0.4135714845907607,0.44983259489377914,0.00465715094164032,0.0020265868888209027,0.4489980389659843,0.5715945866703765,-0.0018297902858831483,-0.0005400118312014479,0.5905285096596804,0.029900182269276158,0.01765691007402845,-0.10630001188750124,-0.11691590991787362,0.4295530703727606,0.9843872351729218,0.7080028331777554,0.6880751780456286,1.014136883833204
1863,0.4191984072220437,0.45356880033065106,0.0056269226312830045,0.00373620543687192,0.44445679958041806,0.568820289154879,-0.00454123938556622,-0.0027742975154975147,0.5937947540948947,0.027059514401610637,0.01606779770003165,-0.10865443935063532,-0.12168273612501988,0.4299521942103574,0.9955633784599343,0.7138725899121359,0.6933146073277991,1.0224344885561145
1864,0.4255941756186044,0.4581321568842925,0.006395768396560697,0.004563356553641429,0.4365440672777503,0.5652336788815568,-0.007912732302667758,-0.0035866102733221883,0.5984676099373417,0.025099958073510745,0.01502151191778146,-0.11335979470428138,-0.12824344731543783,0.430658925426353,1.0062613424183537,0.7216627822286167,0.7002474121813491,1.0311654170957536
1865,0.4315822380077538,0.46232968196137303,0.005988062389149396,0.004197525077080544,0.428283572288574,0.5609117631124397,-0.008260494989176304,-0.004321915769117113,0.6034175577952648,0.023573845834221313,0.014224872481127903,-0.11981342610272211,-0.1359581102831302,0.43015384119886085,1.016789156494305,0.7294957068800997,0.7080066518112696,1.040175109986393
1866,0.4356755131993119,0.46535887257291036,0.00409327519155811,0.0030291906115373357,0.420896889306294,0.5559681703575317,-0.007386682982280013,-0.004943592754908077,0.6107916658214031,0.02231753948007808,0.01363136711607182,-0.1288529302513209,-0.1473253789532138,0.428301768282684,1.030319039210888,0.7371837724041851,0.7160420524866355,1.052487081489248
1867,0.4389740670099526,0.4673412353953207,0.003298553810640703,0.001982362822410322,0.41432934995271625,0.5512689800389831,-0.006567539353577734,-0.004699190318548596,0.6181921308451545,0.02074704394481611,0.01282565930498393,-0.13782551003567747,-0.15867047809307233,0.4260778610250671,1.041923840951496,0.7440437628466076,0.7240757904739807,1.062535355213965
1868,0.44152184848291026,0.4685497294344458,0.0025477814729576442,0.0012084940391250965,0.4068307970395013,0.546336605260518,-0.00749855291321494,-0.004932374778465087,0.6240885964944286,0.019587709851714614,0.012224466349896665,-0.14554873212479363,-0.16921565576604589,0.42310660950321843,1.0515200597190861,0.7491915431138733,0.7311687546568945,1.0709672220045863
1869,0.4427280009945174,0.4686060801850958,0.0012061525116071614,5.635075065002493e-05,0.3992791233828123,0.5404142334572193,-0.0075516736566890175,-0.005922371803298687,0.6294688762384415,0.01793243006952401,0.011287906604087716,-0.15210649277091906,-0.1782500819317118,0.4194171647186795,1.0592855438885744,0.7525364214369843,0.7376839523630943,1.077021417447969
1870,0.44406456292925583,0.4689883030235807,0.0013365619347384117,0.00038222283848488026,0.39116174597423375,0.5335629513592128,-0.008117377408578541,-0.00685128209800645,0.634270183774815,0.015874288961441267,0.010068588176867871,-0.1568342096770251,-0.18464740394336696,0.4159328971711905,1.0681911424548103,0.7563426686527946,0.7447374754963871,1.08376053916525
1871,0.4450538959530144,0.46850692834605684,0.0009893330237585873,-0.0004813746775238492,0.38450453079874314,0.5262594957628797,-0.006657215175490616,-0.007303455596333164,0.6386683046694822,0.013421506868362241,0.008571891037726724,-0.16312327217887446,-0.19136810806529744,0.41063334542698465,1.0801270165385155,0.76021181856489,0.7514436859942163,1.0929910530883427
1872,0.44489916922679235,0.46793037873365934,-0.0001547267262220764,-0.0005765496123975034,0.37618312073487015,0.5190001382029884,-0.008321410063872992,-0.007259357559891266,0.6432549813010852,0.011135773564366727,0.007163141815919837,-0.16930593574312922,-0.19753291895848646,0.4051212866387966,1.0913043401286429,0.764215422845792,0.7574852312025355,1.1014661770267495
1873,0.44190896308135474,0.4663262544718116,-0.0029902061454376017,-0.0016041242618477503,0.3667871215700278,0.5111293331624971,-0.00939599916484235,-0.007870805040491313,0.6472248974543245,0.008889010835850338,0.005753189126703614,-0.1727649270071949,-0.2019274405132714,0.4001349581809986,1.1006650702798486,0.7672769459604628,0.7630352097275243,1.1079952119939391
1874,0.43913082767998035,0.46391010505243235,-0.002778135401374393,-0.002416149419379232,0.3598436685160395,0.5027720352802987,-0.006943453053988302,-0.008357297882198411,0.6511659694068002,0.007205095512577583,0.004691713004116168,-0.1769677751053584,-0.20618045999575466,0.39737506719672894,1.108241244358269,0.7716449821639676,0.7690374393244372,1.112923389197121
1875,0.43625293918003466,0.46152926979644077,-0.002877888499945691,-0.002380835255991587,0.3518542584213543,0.49582246966836163,-0.007989410094685179,-0.0069495656119370475,0.654845584836697,0.006177864953804579,0.004045547588716294,-0.18086009420855587,-0.21028306226225243,0.3962697804618691,1.1094535013670719,0.7765441425814675,0.7745977243708396,1.1122564362942835
1876,0.43422733202468106,0.4587686061872903,-0.0020256071553536037,-0.002760663609150449,0.34335640662686046,0.4882012289803294,-0.00849785179449386,-0.007621240688032216,0.6599205663006823,0.00518562805092437,0.0034221025999907136,-0.18422019675943918,-0.21357252524314774,0.39440279216700325,1.114272140922796,0.7803764761022888,0.7789582306168078,1.1151170280507599
1877,0.4334053634272929,0.4570463042354462,-0.0008219685973881452,-0.0017223019518441407,0.33709446881950067,0.4818861723834889,-0.006261937807359785,-0.006315056596840507,0.6653866501170796,0.004784718547147752,0.0031836878458397027,-0.18757062785920323,-0.21654112377146617,0.39321600839920345,1.119302967346682,0.7839733450491996,0.7824453748935651,1.1184559069670659
1878,0.43378246829765676,0.45611691816949956,0.00037710487036385354,-0.0009293860659466135,0.33450234437582227,0.4780141249797265,-0.0025921244436784008,-0.003872047403762402,0.670946916908062,0.004991057112128594,0.0033487343814947355,-0.190864850953189,-0.21955296421376017,0.3921244748196832,1.1248682925557938,0.787229252842367,0.7847153693058401,1.122767621979173
1879,0.43447934753625944,0.4557909498773731,0.0006968792386026768,-0.00032596829212644396,0.3334643052438959,0.4755350389944314,-0.0010380391319263493,-0.0024790859852951153,0.6755122517128058,0.0055074784673972,0.003720369180771275,-0.1928042742325337,-0.22167875399186793,0.39211136474548486,1.128253127307388,0.7896401532494424,0.7867411284747625,1.1249814802980311
1880,0.43516602809946686,0.4556520576622828,0.0006866805632074202,-0.000138892215090336,0.3327955273906405,0.47373546194396077,-0.00066877785325542,-0.0017995770504706243,0.6791428521644676,0.005865824606245983,0.003983732853382412,-0.1943340243967111,-0.22353735495813062,0.3921794740486714,1.1315214390306583,0.7911294161924843,0.788124851469268,1.1275796284575819
1881,0.4361543651988721,0.45575400316664105,0.000988337099405212,0.00010194550435826955,0.3294307002286137,0.4677642640522633,-0.0033648271620267955,-0.005971197891697477,0.6823768305086518,0.006037867600691532,0.004120100956390766,-0.19623935347612784,-0.2255176961877631,0.39286804708099704,1.1353995626041058,0.7917659138553138,0.7894170527527915,1.131160058256907
1882,0.43625487356027387,0.4554550326790973,0.00010050836140179653,-0.0002989704875437371,0.31860559731543736,0.45265171550026584,-0.010825102913176343,-0.015112548551997451,0.6839341124678715,0.006109723300708417,0.0041786481830942855,-0.19745103057156246,-0.22649731043142277,0.3940656308875596,1.136377128959975,0.7911904709154577,0.7898864162244396,1.132035222123705
1883,0.4357605071409705,0.45505027278746935,-0.0004943664193033936,-0.00040475989162797044,0.3020981072174944,0.43415681740896395,-0.016507490097942945,-0.018494898091301892,0.684634034925043,0.005693709962120184,0.0038981076250592553,-0.19970580904610638,-0.22732658390272267,0.39385084045303714,1.1371065932722422,0.7897795465784587,0.7891769268651959,1.1330317512652885
1884,0.43479271333409847,0.45427048186478597,-0.0009677938068720082,-0.0007797909226833766,0.2820310152412587,0.4183503628917386,-0.02006709197623574,-0.015806454517225343,0.6830216439720069,0.004341559722142489,0.0029653792588204123,-0.19929724859104034,-0.22541880494222166,0.3970844539946515,1.133725590995569,0.787205504305613,0.7872166891243098,1.1310301762279296
1885,0.43531390171087236,0.45478763744762885,0.0005211883767738956,0.0005171555828428764,0.26473637733441713,0.4073265729529708,-0.017294637906841548,-0.011023789938767792,0.6778939917081155,0.00587267811607484,0.003981053210122869,-0.19916215621440583,-0.22327906136598846,0.4036120034565738,1.121442833960244,0.7855967681275492,0.7856960431988221,1.1259837898344718
1886,0.43721740623647026,0.4565155348320523,0.0019035045255978988,0.0017278973844234713,0.2617143028553853,0.40294120333579975,-0.0030220744790318554,-0.004385369617171064,0.6731454062937128,0.026751476182051506,0.018007633303523642,-0.20622835693610447,-0.22823579201289296,0.4051772187486646,1.1018168790153782,0.7838849495177265,0.783848957268811,1.1275624844456764
1887,0.43920021497597794,0.4579516367081513,0.00198280873950768,0.001436101876098994,0.26903562228492167,0.4054723547134972,0.007321319429536399,0.002531151377697438,0.6689430382288086,0.047165458557712224,0.031551005147050976,-0.21386969981033668,-0.2342725272761595,0.40641207103462157,1.0851375335524232,0.78340888297139,0.78334159837099,1.131044401035802
1888,0.44113923931886184,0.4601778950621652,0.0019390243428838994,0.0022262583540139103,0.27999737524343626,0.4122292611295343,0.010961752958514592,0.006756906416037101,0.6654140115819119,0.06171110000943096,0.04106343061640802,-0.2190796540887478,-0.23812128752991915,0.40771110481139794,1.0725959865571661,0.783902651853486,0.7826218251992166,1.132916175862474
1889,0.4429557200980901,0.46238255160705644,0.0018164807792282467,0.0022046565448912148,0.29273907394515924,0.42134310236639333,0.012741698701722981,0.009113841236859044,0.6632209725095154,0.07069011364508104,0.046883165918498816,-0.222110017153422,-0.2401244482102311,0.409932521864268,1.0655436960603817,0.7856922189255454,0.7820686194249389,1.134826579490548
1890,0.4446487716220046,0.46414946788325195,0.0016930515239145238,0.0017669162761955182,0.30632792811362997,0.4321786050656555,0.013588854168470721,0.010835502699262145,0.6611217403372739,0.07271183019863303,0.048071371724028616,-0.22043579313274902,-0.23740596127338104,0.4155646874103032,1.0622109458505569,0.7876534949849348,0.7820729113978391,1.1335834432668808
1891,0.4464581630596438,0.4655760807815719,0.0018093914376391962,0.0014266128983199677,0.31986059861625477,0.44320369940480964,0.0135326705026248,0.011025094339154162,0.659647537774681,0.07266348320672056,0.0479322877834451,-0.21784779410688618,-0.23429497951351,0.41960324980798336,1.0586273935811024,0.7875911408039769,0.7813529939777965,1.1300297636663983
1892,0.44630151270788776,0.4651992725830916,-0.00015665035175604913,-0.000376808198480294,0.33255987635953815,0.4535638388229517,0.012699277743283388,0.010360139418142067,0.6580418353194368,0.06741961695423943,0.044364928477101134,-0.21281954431709205,-0.22980601880142815,0.4227451453919944,1.0600855252388983,0.785833363646119,0.7786270614392241,1.1263518914126538
1893,0.44513092158632805,0.46405307873901713,-0.0011705911215597053,-0.0011461938440744945,0.34459474808568824,0.4641082342495853,0.012034871726150087,0.010544395426633602,0.6557570375619136,0.06029943922768566,0.039541781634591794,-0.20700616874073466,-0.22368815066744924,0.4253337230984004,1.0603805307460983,0.7834011902852394,0.7748140298116826,1.1196367960157576
1894,0.4444845332542521,0.4636929699981919,-0.0006463883320759756,-0.0003601087408252601,0.3542344698069602,0.4734378391226957,0.009639721721271977,0.009329604873110409,0.6532908320969388,0.0544856890772831,0.035595001154673366,-0.20238515712760632,-0.21853625473620245,0.42776268155728864,1.0596539971888255,0.781414576818385,0.7718228068293461,1.1131805716600178
1895,0.44445111505093154,0.4641339755858199,-3.3418203320534356e-05,0.00044100558762805164,0.36358617488668526,0.4824552453139047,0.009351705079725048,0.009017406191208999,0.6507193399968276,0.049618597568407585,0.03228778106128238,-0.19863387543903385,-0.21370747259537481,0.4288319821894687,1.0601947265155927,0.7787452912650644,0.7692926538163831,1.1089274912959457
1896,0.4448753241096276,0.46431246684422744,0.00042420905869605674,0.00017849125840752045,0.37230106769528737,0.49048654074153186,0.008714892808602104,0.00803129542762715,0.6483787353343443,0.045277111416030545,0.029356716239518087,-0.1946939340054008,-0.2086959127857972,0.42949831293096447,1.0596632920187892,0.7755039039763194,0.766288677829548,1.1041103973621853
1897,0.4449590732105327,0.4646362890532655,8.374910090508392e-05,0.00032382220903803827,0.3815657088239527,0.4984889833530967,0.009264641128665319,0.008002442611564853,0.6456522227290566,0.04253146740084257,0.02746053646328242,-0.19159741446356443,-0.20455946642548667,0.42983201626999196,1.057389520820712,0.7725623998852118,0.7628638119378932,1.0991472696368279
1898,0.44536617647705673,0.4652152044708237,0.0004071032665240448,0.0005789154175582234,0.389927959728737,0.5058499229489046,0.008362250904784319,0.007360939595807914,0.6425923005575355,0.040291913748749374,0.025891273549674652,-0.1890827680133158,-0.200030916486182,0.43087424187282514,1.0541016100652367,0.7692018019407062,0.7590615333814015,1.0936867011643752
1899,0.4453059707625424,0.4654061812352709,-6.0205714514316444e-05,0.0001909767644471816,0.396512563879132,0.5120697459377572,0.006584604150394968,0.006219822988852597,0.6395564185741862,0.03917891385088891,0.02505712582610109,-0.18707643483303324,-0.19543850154113668,0.4327222433575916,1.0502166755893798,0.766316619973541,0.7557268472342771,1.0887712754426966
1900,0.4455672908167481,0.46504761309677495,0.0002613200542057048,-0.0003585681384959405,0.4040529240615487,0.5184790293689648,0.007540360182416717,0.006409283431207613,0.636599182565223,0.03930004806525744,0.02501837847311686,-0.18519228866036289,-0.1917002936859046,0.4337284181450715,1.045396760830954,0.7634165986944214,0.7524649228850554,1.0841862638227986
1901,0.4448451620858053,0.46377510591895754,-0.0007221287309427948,-0.0012725071778174057,0.4105713823539895,0.5244012873631678,0.0065184582924407986,0.005922257994202984,0.6337021442725248,0.04094614850574083,0.025947662107789204,-0.1841997527936563,-0.18899871613422803,0.4328837215836296,1.0394781241893079,0.7593033288290715,0.7482966588414985,1.0800241823689738
1902,0.443335975225303,0.4627865534173083,-0.0015091868605023318,-0.0009885525016492536,0.4166255078784659,0.5310358594539045,0.006054125524476428,0.006634572090736701,0.6298854235367654,0.043780358385595214,0.02757660958430202,-0.1825008619450677,-0.18498052543286544,0.43090878183780146,1.0317773004741122,0.7543017368987537,0.742934665600227,1.0752522920435525
1903,0.44120528738715453,0.46177236088454127,-0.0021306878381484595,-0.001014192532767022,0.4241684847700445,0.5377161973495501,0.007542976891578568,0.006680337895645594,0.6260350220530682,0.04988217482050774,0.031227988413811563,-0.1808557110610203,-0.18231293437235813,0.42726214540303475,1.0221535102659485,0.7489507964059251,0.7367029066077648,1.071788414370474
1904,0.43929107652072974,0.46070025524585173,-0.0019142108664247925,-0.0010721056386895356,0.43016418836045217,0.5439690326862885,0.005995703590407686,0.0062528353367383716,0.6226522196778764,0.05849509786881555,0.03642210252829262,-0.18020786981208647,-0.18041821391912077,0.42329586332232305,1.0115830098214282,0.7447373274005465,0.7310454600854461,1.0698487608202536
1905,0.4367386292844299,0.45948601110649817,-0.0025524472362998263,-0.0012142441393535597,0.43464922768861086,0.5493959933486993,0.004485039328158691,0.005426960662410774,0.6201314725769036,0.06827055554004154,0.04233672014068924,-0.1793671947929084,-0.17865150524607457,0.4196894075024597,1.0006332054611113,0.7412545468208782,0.7258537996593639,1.0686882405516653
1906,0.43435950322861283,0.4586721864936835,-0.0023791260558170824,-0.0008138246128146509,0.43740575608901816,0.5548259455425113,0.0027565284004072987,0.005429952193812038,0.6183608126666206,0.07673826908786738,0.04745193843580348,-0.17908224264151168,-0.17691043773324838,0.41706926598566796,0.9922143148773499,0.7385893077320195,0.7215712559078917,1.068742105165375
1907,0.43210133587691163,0.45811206607278987,-0.0022581673517012013,-0.0005601204208936506,0.43909970858137004,0.5593564545993164,0.00169395249235188,0.0045305090568050765,0.6171111030898503,0.08462776771501011,0.05222473508664151,-0.178165233217271,-0.17499953126790904,0.4150854330502849,0.9842049354743111,0.736034663721164,0.7177182544217464,1.0686370692173082
1908,0.4292258683727479,0.45763438677772506,-0.002875467504163731,-0.00047767929506481455,0.44013516979810574,0.563176655622411,0.0010354612167357002,0.0038202010230946604,0.6159183605365892,0.09285827111075834,0.0571931141048004,-0.17704469429988232,-0.17310314231854237,0.41370334663263025,0.9753902685925804,0.7339699378967116,0.7139159694726087,1.0680661399504274
1909,0.42677063655355996,0.4573430015837808,-0.002455231819187942,-0.0002913851939442824,0.44091749654410006,0.5664352087188413,0.0007823267459943217,0.0032585530964303056,0.6144767903235568,0.09920863629582873,0.06096140440343796,-0.17580931647606304,-0.17108452988333436,0.41276296731953466,0.9683773871758017,0.732361181089944,0.7104595220853808,1.0674216383944604
1910,0.4243027967622072,0.4566576278992544,-0.002467839791352733,-0.0006853736845263692,0.44264530386959916,0.5696801716419544,0.0017278073254990978,0.0032449629231130483,0.6136823177036208,0.10374479833147368,0.0636663482897535,-0.1738351328577266,-0.16865606786405718,0.41171902849593905,0.9626755564508185,0.7302282945736457,0.7066378014196535,1.066285272565124
1911,0.4221394810613808,0.45561120430980395,-0.0021633157008264514,-0.0010464235894504514,0.444498662170363,0.5731014647218757,0.00185335830076383,0.0034212930799213392,0.6124822158096487,0.10645776814563032,0.0652034897239855,-0.17144235703344948,-0.16636992881793947,0.41131066102315034,0.9578633063564223,0.728239002338488,0.7034225363390965,1.0642123537640527
1912,0.4204295200689167,0.454762180005821,-0.0017099609924640657,-0.0008490243039829259,0.4446761381913814,0.5749115458128304,0.00017747602101841897,0.0018100810909547072,0.6113750897519985,0.10831045993098706,0.06621831716138746,-0.16888733998491884,-0.16367482646202852,0.4118246354362548,0.9524744591338337,0.7264137190022516,0.7007376469787433,1.0606969691342645
1913,0.41910429669604865,0.45430733711975646,-0.0013252233728680562,-0.0004548428860645659,0.44571081582971606,0.5766149948536148,0.0010346776383346468,0.001703449040784344,0.610285556082891,0.11032839327293177,0.06733182484030306,-0.16731704391236574,-0.1618816991446262,0.41229647280884263,0.9468921307105053,0.7250641284342868,0.6985627164166659,1.0571471811306024
1914,0.4182302608282663,0.45400930985155213,-0.0008740358677823412,-0.0002980272682043261,0.44645928547204383,0.5780086235147028,0.0007484696423277759,0.0013936286610880533,0.6094136268321779,0.11218727106439107,0.06836845174375521,-0.166219943435419,-0.1601583182370668,0.41307301704934174,0.9410517726473918,0.7242015211172051,0.6968620802336258,1.0531758497652863
1915,0.4172237752247921,0.4536559991884433,-0.0010064856034742165,-0.0003533106631088412,0.44764116297256845,0.5791359683706538,0.0011818775005246196,0.0011273448559510069,0.6088210724183655,0.11370685378378474,0.06922712866196211,-0.16519501176176368,-0.15842197184466006,0.4139081187395672,0.9359550886854177,0.7234561901080395,0.6954237225247873,1.0496071916481038
1916,0.4162144703349934,0.45324265289951104,-0.0010093048897986678,-0.0004133462889322481,0.448621172217735,0.5800967766458299,0.0009800092451665576,0.0009608082751760838,0.6082649593864237,0.11567858808841759,0.07036323168548016,-0.1643090124630924,-0.15680469622934942,0.4145520407632455,0.9310903891655685,0.7227447834974666,0.6939913182362039,1.046723085287002
1917,0.4153854348412903,0.452777686487549,-0.0008290354937031119,-0.00046496641196203115,0.4496020477217208,0.5810138653958232,0.0009808755039857897,0.0009170887499933,0.607582929452777,0.11755109928454295,0.07142204126369685,-0.16343457879908446,-0.15527433905783913,0.41503268250853,0.9271802252611457,0.7221290819642643,0.6927767705581064,1.044692908960445
1918,0.4146613730614948,0.4522984751268289,-0.000724061779795504,-0.00047921136072009984,0.4503840043980302,0.5816018672176849,0.0007819566763094254,0.0005880018218616945,0.6067140564884547,0.1194561092429871,0.07247570061114068,-0.1627181932908792,-0.15402974573903738,0.41522181166102146,0.9239637071287216,0.7216877820314904,0.6917197851551197,1.0433876341337356
1919,0.41406029969470787,0.4518603149533375,-0.0006010733667869417,-0.0004381601734914087,0.4508688966002777,0.5817815815540914,0.00048489220224745555,0.00017971433640651124,0.6057175406653104,0.12121390239555237,0.07342138685347895,-0.16222963421218353,-0.15307499407453015,0.41523195399346136,0.9217888801429036,0.7213877885574641,0.6909140535744939,1.0429749138756048
1920,0.4134841417292066,0.4512642749684899,-0.0005761579655012561,-0.000596039984847585,0.4513204086511343,0.5818635096497171,0.0004515120508566395,8.192809562568293e-05,0.6043735903137568,0.12282147887348183,0.07423005815441144,-0.16166158129268657,-0.15204872578475248,0.4152005941123231,0.9198601172253349,0.7209912290967168,0.6901020225340355,1.0426579617830747
1921,0.41285549236138946,0.45067490298581425,-0.0006286493678171468,-0.0005893719826756683,0.4515397522833283,0.5818491201638714,0.00021934363219400232,-1.4389485845756056e-05,0.6030911903332072,0.12412455141157516,0.07485842346038224,-0.16079450964516323,-0.15072785320589374,0.4150594342941975,0.9177910667581669,0.7202550855943961,0.6890029583506309,1.0418960299447164
1922,0.41205961076869796,0.45004222259756127,-0.0007958815926915053,-0.0006326803882529819,0.4516996773680334,0.5817942777246363,0.0001599250847050815,-5.484243923503662e-05,0.6018674411150317,0.1251685787994917,0.07533489223005527,-0.15981681809429638,-0.14926178296199466,0.41500612942629855,0.9156725360031466,0.719575303004746,0.687778399885327,1.040824579665745
1923,0.4111875423864071,0.4494313437863343,-0.0008720683822908692,-0.0006108788112269559,0.4519382602771456,0.5818076876113921,0.00023858290911221713,1.3409886755799683e-05,0.6007388794651125,0.125897486223196,0.0756315148011972,-0.1587790329498192,-0.1476395691172524,0.41497222938571543,0.9137132380611098,0.718904468997928,0.6864159431717218,1.039596552624987
1924,0.4102973498172363,0.44877047120607555,-0.0008901925691707779,-0.0006608725802587645,0.45261271604638176,0.581947663611395,0.0006744557692361375,0.0001399760000029282,0.5999744860878059,0.12632738512812358,0.07579320797106227,-0.15776001581193969,-0.14605669678555575,0.4148937609333923,0.9115344365836181,0.7181126776838139,0.684953058304966,1.0378490852910303
1925,0.40918852271172246,0.44808392122934104,-0.0011088271055138543,-0.0006865499767345074,0.4533378773683526,0.58219684216709,0.0007251613219708686,0.00024917855569495106,0.5999217370964275,0.1261344401838448,0.0756707924627776,-0.15687257423707987,-0.1445332393824344,0.41479163244937023,0.9105388026634454,0.71724566162758,0.6836493180623107,1.036661449161377
1926,0.40805216552644463,0.44744048997353,-0.0011363571852778254,-0.0006434312558110666,0.45423660314889414,0.5824653643144984,0.0008987257805415094,0.00026852214740835656,0.5998904015103257,0.1258879654236627,0.07551898212331902,-0.1562728600345717,-0.14298487435317758,0.4147155548476696,0.9093684086707019,0.7164339562225602,0.6825559972213566,1.035245185141376
1927,0.40707914609037626,0.44690716630482824,-0.0009730194360683675,-0.0005333236687017351,0.4550969270500952,0.5828351132986971,0.0008603239012010544,0.0003697489841987256,0.6000119439472268,0.1259138825037985,0.07554983341104685,-0.15576465760223518,-0.14158801724114464,0.4147125950824079,0.9079090838187686,0.7157948957204527,0.6816122816138662,1.0338120286539423
1928,0.4060615549917689,0.44659903485554797,-0.0010175910986073844,-0.0003081314492802689,0.4556959007022805,0.5830400276146226,0.0005989736521853084,0.00020491431592550846,0.6000080273598728,0.1259843006581221,0.07559159171619297,-0.15519823370091362,-0.1404427621756928,0.41471109723706057,0.906310158827688,0.7150972907904566,0.6808747247042194,1.0322832771007524
1929,0.4053069546394101,0.44650281540392217,-0.000754600352358803,-9.621945162580081e-05,0.4563642097960616,0.5831253344765914,0.0006683090937811276,8.530686196883686e-05,0.5995093367599272,0.12587845410353193,0.07546530853197338,-0.1544531089875725,-0.13928362663947183,0.41487581393155337,0.9050278001971044,0.714424184963753,0.6801665986537353,1.0308944833459797
1930,0.40467417599334154,0.4466260986957916,-0.0006327786460685325,0.0001232832918694471,0.4569054118018947,0.5832475735738235,0.0005412020058330747,0.0001222390972320797,0.5986494600987594,0.126228167503409,0.07556642432517158,-0.15289735173169056,-0.13754740647077782,0.41591974304499263,0.9031707358840662,0.7140289843412488,0.6796205714257315,1.0293873289748672
1931,0.40435941922812657,0.4468743526391988,-0.0003147567652149741,0.0002482539434071618,0.4574686287346554,0.5835234061437835,0.0005632169327606795,0.0002758325699599995,0.597881693610766,0.12629738976818713,0.07551089729322276,-0.15093327311390892,-0.13535208141007796,0.4184204399942561,0.902007910589745,0.714310095975123,0.6795124744417587,1.0282947734263528
1932,0.40431570582029075,0.44704138301570023,-4.371340783582145e-05,0.00016703037650145358,0.45798642751587954,0.5837692054820061,0.0005177987812241547,0.00024579933822255207,0.5967031777674755,0.12485931930543644,0.07450395260343783,-0.14754015324380024,-0.1319769653182867,0.42178897204485727,0.9015120608402614,0.7147735254481387,0.6794399149506982,1.0263624447836337
1933,0.4044909642162987,0.44720854341309896,0.00017525839600796012,0.00016716039739872457,0.45902179134694526,0.5840088270900291,0.0010353638310657276,0.000239621608023044,0.5960797196055401,0.11979905613227394,0.0714097877883342,-0.1422857798993816,-0.1271299182270757,0.4264450023308799,0.9030030138130821,0.7152497094465026,0.6795321806289215,1.0227937733051544
1934,0.4044130064341477,0.44739733303822166,-7.7957782151028e-05,0.00018878962512269837,0.4596667216914563,0.5836538394327404,0.0006449303445110188,-0.00035498765728869675,0.5962055997427321,0.10957691964019776,0.06533037309204527,-0.13586740509471906,-0.12146918246985253,0.43119607686481926,0.9091918112297526,0.7155111098209854,0.6800201294794671,1.0187587234159772
1935,0.40531006808744546,0.4482598105625488,0.0008970616532977815,0.0008624775243271654,0.45781009197408207,0.5818299289197985,-0.0018566297173742141,-0.0018239105129419508,0.5975623071924353,0.09728121908419468,0.058131589722444144,-0.13005122792451218,-0.11658316073689728,0.4356390767203909,0.9188911450813599,0.7163482751294593,0.681673530894528,1.0161592266267783
1936,0.40704976257914893,0.4486395194448151,0.0017396944917034696,0.0003797088822662942,0.4142334712138606,0.5568647990606542,-0.04357662076022145,-0.02496512985914423,0.5959487022456231,0.08448808343320771,0.050350563677240064,-0.12443403866460181,-0.11288482796554986,0.4361874800471595,0.9246641318679167,0.7128461033240654,0.6798983681394533,1.0091292606273417
1937,0.40919189033936015,0.44939481498564904,0.002142127760211221,0.0007552955408339224,0.35278943629358317,0.5201062237618822,-0.061444034920277446,-0.03675857529877202,0.59237837040513,0.07258915065413868,0.043000242773591144,-0.11941872412100893,-0.11003455781047498,0.4336149639429561,0.9271290638690476,0.7063700373031783,0.6753634920128024,0.9996813388697836
1938,0.4103713219196754,0.4503535395617926,0.0011794315803152489,0.0009587245761435437,0.2987237505348684,0.49058274875790714,-0.05406568575871479,-0.029523475003975064,0.588835156593487,0.06238865342802747,0.036736632510949344,-0.11517282847940379,-0.10810914998674392,0.4299589360654213,0.9282289135396579,0.699784209672454,0.6702803389341412,0.9905656456322687
1939,0.41143189814141107,0.45279716791847086,0.0010605762217356651,0.0024436283566782735,0.2671213436958526,0.47259055678329354,-0.03160240683901577,-0.017992191974613603,0.5880400219097066,0.05374241215896211,0.031602689223436564,-0.11260777394367012,-0.10742542869499169,0.4283261954504454,0.9340278498088759,0.6973058932918255,0.6686828491103792,0.9877054361963161
1940,0.41249269949659784,0.45610444649449355,0.001060801355186769,0.0033072785760226986,0.24877473361111188,0.4646637326520957,-0.018346610084740728,-0.00792682413119783,0.5888049478011246,0.04672619986011625,0.027512617669580665,-0.11125814661025396,-0.10751374006777001,0.4285089797076453,0.9422374544821307,0.6975029662664871,0.6700087674168059,0.9888853483001648
1941,0.4129840392780213,0.45907613033844646,0.000491339781423461,0.0029716838439529103,0.24507073645441702,0.46491022244903674,-0.003703997156694866,0.00024648979694102957,0.5899065044824578,0.040135909896029505,0.023676434310989654,-0.11035350015528217,-0.10749578618075936,0.42978787037236904,0.950568231564002,0.6984269419042018,0.6716316514070202,0.9906080186556051
1942,0.41295236058063084,0.46144873559312316,-3.1678697390458144e-05,0.0023726052546766963,0.2508067491839275,0.46945220654549696,0.005736012729510465,0.004541984096460228,0.5899832338730736,0.03501314542635851,0.020657168766711212,-0.10668263000661785,-0.10482819742660074,0.4338774204894348,0.9569907969215214,0.6994481881132563,0.6726922495457502,0.9918849053518867
1943,0.4123943012346765,0.4630757484523703,-0.0005580593459543204,0.0016270128592471567,0.2614328569563635,0.4758750232490565,0.010626107772436,0.006422816703559542,0.5876471584063813,0.04276356435124533,0.02512988707433774,-0.10644037622273908,-0.10426607040816983,0.4362274431210852,0.9512668474761607,0.7000370031104914,0.6733615514762037,0.9939497807645923
1944,0.41145810679816813,0.46400264045594797,-0.0009361944365083863,0.0009268920035776507,0.27370548610675055,0.4828359505744248,0.012272629150387071,0.0069609273253682935,0.5841675333386147,0.05590548897390896,0.03265817159397752,-0.10758977279788629,-0.10514343047821884,0.43731465547012877,0.9407909254129972,0.700562549269475,0.6735262729630391,0.9966483974373309
1945,0.4103066055811187,0.4644486211833602,-0.0011515012170494332,0.00044598072741225403,0.28740938907772606,0.49034875910680026,0.013703902970975512,0.007512808532375459,0.5814435693382346,0.06843577780410386,0.03979154291685648,-0.10906695245345888,-0.10617253830872855,0.4372600065593416,0.930323520410123,0.7008881213487363,0.6732374239861085,0.9987216113062317
1946,0.409346860867876,0.46498159254654087,-0.0009597447132427273,0.0005329713631806454,0.30365766916483367,0.49810910067081626,0.016248280087107603,0.0077603415640160045,0.5799959665220163,0.0751891875718974,0.04360942551776781,-0.10904962368935323,-0.10557313394755474,0.43817289281812616,0.9241255268082702,0.701716576952582,0.6731086209625066,0.9992796226224501
1947,0.4079293034521883,0.46531524114505063,-0.0014175574156876647,0.0003336485985097615,0.3205340315524815,0.5061595221256707,0.016876362387647836,0.008050421454854462,0.578779521419964,0.0776892169261903,0.04496492779203219,-0.10738161469743672,-0.10334877888455594,0.44026680275065183,0.9207515713677922,0.7024937884053218,0.6729309002474854,0.9984088345629101
1948,0.40696541263781055,0.4657098511326642,-0.0009638908143777547,0.00039460998761359223,0.3367471897548255,0.5143327154817723,0.01621315820234398,0.00817319335610156,0.5787130145274201,0.08080149832998731,0.04676087867687926,-0.10580313579733534,-0.10156475391432722,0.4421728125326215,0.9181864899664042,0.7033303856123779,0.6728820901796343,0.998958776036055
1949,0.40621019447495677,0.46565690225004774,-0.000755218162853788,-5.294888261647701e-05,0.35210021570495376,0.522423981795373,0.015353025950128274,0.008091266313600687,0.5788351881851381,0.08787811151623567,0.05086694321685483,-0.10584232778651441,-0.10140318228866828,0.4429035565876579,0.9149366544821752,0.7038956699164419,0.6728651345179336,1.0027894383260239
1950,0.40456986522847177,0.4645735036799358,-0.001640329246484995,-0.0010833985701119708,0.36740945420051796,0.5304368328621782,0.015309238495564204,0.008012851066805271,0.5787786986426007,0.09741321475725774,0.05638069366779782,-0.10737845605982281,-0.10312882000041237,0.4424068445136548,0.9090764299578326,0.7043218410274974,0.6723196333497133,1.0064681855507034
1951,0.4035540527787897,0.4636547200127665,-0.0010158124496820742,-0.0009187836671692984,0.3820136709687606,0.5384312659217801,0.01460421676824264,0.007994433059601902,0.5786324485173134,0.1055093517345271,0.061051134535623865,-0.10885249567927527,-0.1050295220896301,0.4417543417123245,0.9039771817980439,0.7046618561411019,0.6716889746893254,1.0094697442018274
1952,0.40304803418226254,0.46234071627436724,-0.000506018596527158,-0.0013140037383992387,0.39426688039218405,0.5453184790650828,0.01225320942342345,0.006887213143302651,0.5787692726941497,0.11057837005974232,0.06399936281518159,-0.1096230161675133,-0.10592672988437897,0.44121177921923355,0.9002747168910762,0.7044665878178381,0.6709520555137738,1.0108385119215164
1953,0.40284440491087015,0.4608938960555692,-0.0002036292713923915,-0.0014468202187980506,0.40446856704971784,0.5528471726444226,0.010201686657533793,0.007528693579339829,0.5793677397782465,0.11374188033767045,0.0658983761293639,-0.1089966874402705,-0.10529455895011973,0.4403566709138933,0.897813819898186,0.7039033057592256,0.6693869171195569,1.0115400996578792
1954,0.40330064437277663,0.4594144171148121,0.00045623946190648246,-0.0014794789407570619,0.4122847433068836,0.5605065653439616,0.007816176257165741,0.007659392699538969,0.5812718760951509,0.11674733022546113,0.0678619396692539,-0.10789940480828052,-0.10466766823375359,0.4382507437864053,0.8948004119478596,0.703193699544738,0.6668426281151854,1.0115304738570932
1955,0.404041871993611,0.45760390189169015,0.0007412276208343949,-0.0018105152231219779,0.4176559188660466,0.5664109683038189,0.0053711755591629995,0.00590440295985728,0.5836518440009534,0.11882261495186866,0.0693510383256734,-0.10624114919691706,-0.10281504846268058,0.4364917716136851,0.8910805108136362,0.7027492162429243,0.6646274992137647,1.0098861489016142
1956,0.4050890592389803,0.4564719921648958,0.0010471872453692854,-0.0011319097267943334,0.42255499310667655,0.5709133794949662,0.004899074240629964,0.00450241119114736,0.5859462023059351,0.11953313844461803,0.0700399885213335,-0.10377979677367605,-0.10064701953920316,0.43504642351892,0.8882252700046953,0.7024966304846013,0.6628285121530634,1.007743272884785
1957,0.4063306860376996,0.4561702795976456,0.0012416267987193086,-0.0003017125672502008,0.4262553569071109,0.5737183607342662,0.0037003638004343697,0.002804981239299953,0.5882340078707292,0.1202696907020991,0.07074672218706873,-0.10148787030811084,-0.09877302592498975,0.43401762388283666,0.8878473122538335,0.7026944585588655,0.662055758486647,1.008103475284719
1958,0.40782273203112196,0.45634607779446706,0.0014920459934223418,0.0001757981968214528,0.4307401210572172,0.5772091554922819,0.004484764150106291,0.003490794758015725,0.5907204343931466,0.12059387275554558,0.07123726489930773,-0.0991332084943767,-0.09719442886343284,0.4329964411445901,0.8872322693489254,0.702682072830575,0.6613669744255333,1.0078114656719204
1959,0.40853709880331845,0.4561432379061514,0.0007143667721964952,-0.00020283988831565347,0.43484436953289385,0.5811246333530804,0.004104248475676642,0.003915477860798489,0.593071928276785,0.11987719609105653,0.07109579984213717,-0.09712545678611671,-0.09590335031647496,0.43217791868780453,0.8870750088410578,0.7025712829069213,0.6609358265770278,1.0069355771591142
1960,0.40942907262366557,0.4558198661952469,0.0008919738203471139,-0.00032337171090451866,0.4392444394234994,0.5849364376966775,0.00440006989060554,0.0038118043435970694,0.5944805065568696,0.1166204597112661,0.06932858996404846,-0.09379659478885798,-0.09306660361673917,0.43320457475583457,0.8877072181949223,0.7022882338031334,0.6611374271352288,1.0043069985347308
1961,0.41038556006051274,0.45542442894039503,0.0009564874368471754,-0.0003954372548518603,0.4436915294597727,0.5884230131664232,0.004447090036273305,0.003486575469745734,0.595746485806096,0.1071306047645993,0.06382268131079184,-0.08857217722371794,-0.08789972744301137,0.43639931586572556,0.8922739842378608,0.7018156296917732,0.6615488634624787,0.9993746404983801
1962,0.4105863347973756,0.4547074224182014,0.00020077473686286318,-0.0007170065221936417,0.4469588988553637,0.5900904892670048,0.0032673693955910244,0.0016674761005815997,0.5956247469825897,0.09584808186626209,0.0570894895103589,-0.08304649922330484,-0.08261328393134415,0.4396140093705772,0.8978360028546538,0.7007284319940539,0.6620328457217045,0.9936468589150713
1963,0.410356657489508,0.4540102597423797,-0.00022967730786760399,-0.0006971626758217053,0.4491532023778253,0.5916255604786513,0.0021943035224615826,0.0015350712116465326,0.5945289682652143,0.08474162558602878,0.05038135122877878,-0.07815493280541946,-0.07824872395964112,0.4418873401577244,0.9031832123261809,0.6989128481110305,0.662603636921224,0.9878820332281477
1964,0.4098527913948886,0.4531496302712184,-0.0005038660946193874,-0.0008606294711612783,0.45197085809537735,0.5930554222892369,0.002817655717552048,0.0014298618105855754,0.5926531865953155,0.0742679587837581,0.04401514243512379,-0.07401776303259693,-0.0747180814201191,0.44356387758030097,0.9079852835220018,0.6963287050871112,0.6630855342993464,0.9822045071871202
1965,0.4091525245495779,0.45218002278505415,-0.0007002668453107153,-0.000969607486164259,0.45486651837452713,0.5941932447830892,0.002895660279149781,0.001137822493852303,0.5903118254078271,0.06480104215645348,0.03825282148370561,-0.07083172795224477,-0.07229652479886829,0.4447247042495681,0.9121105418759231,0.693284709327276,0.6632556685231704,0.9768545455110867
1966,0.4082748899368912,0.450850298780133,-0.0008776346126866952,-0.0013297240049211512,0.457642315420527,0.594986073134576,0.002775797045999895,0.0007928283514867518,0.5879349277792218,0.05616732002498243,0.033022729242440485,-0.06849783187730141,-0.07037717481877535,0.4458129592187917,0.9155462044629007,0.6903534981535582,0.6629735895887584,0.9716465590698985
1967,0.4074298623441777,0.4497498134984272,-0.0008450275927134876,-0.0011004852817058097,0.46025642265775496,0.5960807741608923,0.002614107237227936,0.0010947010263163692,0.5854735405985554,0.04953983128747279,0.029004260424531785,-0.06632268045960946,-0.0690207518369703,0.44664131086753567,0.9185052352086414,0.6879976230835457,0.662266346677949,0.9679655634197742
1968,0.40681366888706705,0.44900890741736554,-0.0006161934571106698,-0.000740906081061643,0.46269231382103293,0.5974343940106112,0.00243589116327797,0.0013536198497188234,0.5834763701006319,0.046060571508498405,0.026875255068539237,-0.06503739664410663,-0.06826848171852327,0.4469181567347942,0.9196813720714386,0.6862112957057823,0.6614352414151984,0.965649195090313
1969,0.4063630175024093,0.44846132434121366,-0.0004506513846577742,-0.0005475830761518807,0.464714478779013,0.5986313935094197,0.002022164957980077,0.001196999498808582,0.582125192883239,0.04490212041204969,0.02613865550573085,-0.06461070045517879,-0.06829568271885447,0.4465878942766712,0.9197977668431081,0.6847836603703805,0.6605555052717432,0.9645932047703201
1970,0.40603762569088775,0.4481273834169446,-0.00032539181152152485,-0.00033394092426908273,0.46635499028405436,0.5995850664048082,0.0016405115050413532,0.0009536728953885021,0.5813804526414076,0.044879008167321495,0.0260917780824148,-0.06466770242414453,-0.06849437421712831,0.4460838375634651,0.9197453244038293,0.6837006962842341,0.6597291037692803,0.9645066862288293
1971,0.4058423821289518,0.44791349966452987,-0.00019524356193595382,-0.00021388375241471191,0.46805001331719154,0.6005605800214278,0.0016950230331371774,0.0009755136166195166,0.5810422846954512,0.04601897238602829,0.026738968854514756,-0.06504897324022141,-0.06879195264293107,0.4455228477661328,0.9188691793086629,0.6829887854652699,0.6590542625278946,0.9647624809481281
1972,0.40575265712049385,0.44778532943692334,-8.972500845794151e-05,-0.00012817022760652774,0.46980374364189836,0.6014932698905385,0.0017537303247068259,0.0009326898691107699,0.5808416867152192,0.047621275372508313,0.027660421910897657,-0.06553791887160257,-0.06907960642013329,0.4450133957526829,0.9176447455783908,0.6825099405214728,0.6584724230468034,0.965134859437886
1973,0.40573140572666233,0.4477983180514283,-2.1251393831522858e-05,1.298861450493849e-05,0.4713745438777401,0.6023897276325461,0.0015708002358417184,0.0008964577420075281,0.5805776361474813,0.04930862947368377,0.02862748754150335,-0.06597800430642427,-0.06941679362930712,0.4445878565411707,0.916412992153935,0.6822069537487542,0.6580138328441566,0.9655838789644909
1974,0.40562675474299775,0.4478218034837963,-0.00010465098366457815,2.348543236802003e-05,0.4727457414339656,0.6032358182078491,0.0013711975562255008,0.000846090575303049,0.5801846029474409,0.05068351120511396,0.029405792824521215,-0.06630536448553213,-0.06987091832982335,0.4442046233361736,0.9153019336803265,0.6819213863796685,0.6575783340301132,0.9658362825878944
1975,0.4055045237515608,0.44781491540097246,-0.0001222309914369335,-6.888082823841568e-06,0.4739431878665831,0.6043054351659002,0.0011974464326175438,0.0010696169580510784,0.5795985962414677,0.05238986750153788,0.030365093661167845,-0.06686390320677782,-0.07063851935745948,0.44359763138166297,0.9137196783814545,0.6814469948037952,0.657116148594106,0.9659487378984868
1976,0.4052428617231368,0.44774184904948944,-0.00026166202842403674,-7.306635148301988e-05,0.4747233222436216,0.6054493379093583,0.0007801343770384994,0.0011439027434581028,0.578360898881953,0.05598651215642764,0.032380409496056875,-0.06815218281730227,-0.0720494952091965,0.442722325446663,0.9099805902763688,0.680726498863213,0.6566149568070622,0.9657940667865202
1977,0.40496338104541685,0.4480309359408353,-0.00027948067771993435,0.00028908689134587995,0.4753216319400931,0.6058381964392829,0.0005983096964714552,0.00038885852992465164,0.5766778955422331,0.061841185492664444,0.03566244470774661,-0.07014314796547912,-0.07347048553995383,0.44149410015204993,0.9040930138708236,0.6797273637557559,0.6562997435807286,0.9657560103107661
1978,0.4047340401833267,0.44921793155482925,-0.00022934086209014382,0.0011869956139939353,0.4759867938214442,0.6060596191653669,0.0006651618813511284,0.00022142272608394187,0.5743287925253451,0.07002367751332901,0.04021661415441441,-0.07222951077827862,-0.07517326039712385,0.4400414528133895,0.895950393094539,0.678714151015115,0.656327919595344,0.9657986976534692
1979,0.40491655809315075,0.45130389636215434,0.0001825179098240426,0.0020859648073250914,0.47674395556597515,0.6063298348426126,0.0007571617445309431,0.00027021567724572204,0.5723026211218901,0.07981465538392744,0.04567813648016206,-0.0737295392332044,-0.07703401944194659,0.43912494453933826,0.8871154482710494,0.6780761764153771,0.6569773889204086,0.9667868826844552
1980,0.4055059013252584,0.4540147775274227,0.0005893432321076308,0.002710881165268353,0.4774530997599443,0.6063695013526933,0.0007091441939691689,3.966651008069366e-05,0.5704769874947972,0.08904655594840845,0.05079901098423497,-0.07484553561593449,-0.07914396465621407,0.4386113042155521,0.880012103068902,0.6776797936763309,0.6582413224402724,0.9689468567586087
1981,0.4062132346326788,0.45689610287888804,0.0007073333074203991,0.002881325351465347,0.4778935168571591,0.60576177649778,0.0004404170972147625,-0.0006077248549133385,0.5693642886593,0.09674342652204068,0.055082252224184954,-0.07561403352028644,-0.0807552489823249,0.43817154811793146,0.8739596366856115,0.6772045207713518,0.6596105498230532,0.9706174735440091
1982,0.40673855457903313,0.459592004492553,0.0005253199463543523,0.0026959016136649527,0.477929847912389,0.6042465361154193,3.6331055229932296e-05,-0.0015152403823606164,0.5679519903334894,0.10245432698655739,0.058189138930293406,-0.0765897342883531,-0.08206622405546769,0.43801443010574964,0.868821874514993,0.6765265327868003,0.6608881516698515,0.9712071356467634
1983,0.4072030396045872,0.46164710428619293,0.00046448502555407334,0.0020550997936399362,0.47785027548166753,0.6035321217569914,-7.957243072148623e-05,-0.000714414358427895,0.5667948705072763,0.1055753336686742,0.059839557575498685,-0.07673148570243164,-0.08242485010243457,0.43841097435374327,0.8649632093820944,0.6759587172970218,0.6617115117928718,0.9704808489664077
1984,0.4076943180795572,0.46329841573319336,0.0004912784749699917,0.0016513114470004253,0.47770260322510055,0.6018566387459341,-0.00014767225656697747,-0.0016754830110573549,0.5666332336155556,0.10586341505382678,0.05998572919353556,-0.07578813951164759,-0.08110346613711791,0.4394142518519872,0.8625740542281508,0.6751908078394895,0.6624208426655511,0.9683881316471016
1985,0.40804973095828706,0.4653607745699565,0.00035541287872986604,0.002062358836763145,0.46806941235355476,0.5947466273519925,-0.009633190871545794,-0.007110011393941629,0.56760686427033,0.09999234627737416,0.056756342121533354,-0.07278088685585486,-0.07693536312439271,0.4422748719058319,0.8645167337595671,0.6741183213771992,0.6632565736288591,0.9644738089218156
1986,0.4099920313704423,0.46765581691208574,0.0019423004121552623,0.0022950423421292387,0.4196472396572713,0.5654956493193615,-0.04842217269628346,-0.029250978032630992,0.5669195883670014,0.09002350676125778,0.05103608939644623,-0.06802503740091108,-0.07262737945079356,0.44204369110506864,0.8659925408031058,0.6693241847305013,0.6602765910846168,0.9559927857153627
1987,0.41191309419304956,0.47007284327087673,0.0019210628226072335,0.0024170263587909857,0.3568938659487331,0.5299452260506585,-0.06275337370853817,-0.035550423268702946,0.5659680319439137,0.07945068270902006,0.04496654652942441,-0.06261050634975718,-0.06886865935630068,0.4412566973997242,0.8672731247787533,0.6636525674555408,0.6565468456640233,0.9467040759888373
1988,0.4124509747429647,0.47149238381143393,0.0005378805499151595,0.001419540540557207,0.3036333337144051,0.49917452715656463,-0.05326053223432803,-0.030770698894093895,0.5635321922878448,0.07358338337883377,0.04146660535143116,-0.05892704805005802,-0.06632142883542883,0.4384605569186687,0.8642442465208444,0.6571498833784178,0.6518006362449729,0.9378082674361391
1989,0.4123869713614066,0.4710489714121523,-6.40033815580976e-05,-0.00044341239928163967,0.2640385128733775,0.47514824974604175,-0.03959482084102761,-0.024026277410522878,0.5607355579687056,0.07685323114303089,0.04309433944668532,-0.056474581384881366,-0.0651678718262841,0.43572152471782033,0.8545612306047607,0.6514023679406898,0.6476732348680695,0.9313968876355158
1990,0.4120201585345697,0.47056795023957904,-0.0003668128268369264,-0.0004810211725732594,0.2397025818149267,0.46208448251065837,-0.024335931058450777,-0.013063767235383383,0.5600014467862525,0.08606128680552064,0.04819444512337818,-0.056545694648074595,-0.0675546996486205,0.4341641339569584,0.8452027500552618,0.6489367766107598,0.6473682787191671,0.9312463003069288
1991,0.41105714398548376,0.4705302191614295,-0.0009630145490859277,-3.77310781495277e-05,0.23799211539939277,0.45955800799300595,-0.0017104664155339344,-0.0025264745176524217,0.5604628523661065,0.09787514278632199,0.05485538170176198,-0.058113958976140564,-0.07129109993086935,0.4342086617319307,0.8369136621459872,0.649809522599096,0.6492401131455288,0.9347721441610397
1992,0.4099721977305355,0.4700723041375843,-0.0010849462549482602,-0.0004579150238452345,0.2526599906636805,0.46374732341264635,0.014667875264287727,0.004189315419640405,0.5612689655140907,0.11005007213317783,0.061767690140939774,-0.06112958424378608,-0.0756116769583365,0.43465784808560537,0.8298290182930503,0.6517502739975822,0.6521248015579767,0.9398662013658605
1993,0.40920247754674105,0.46954307126556455,-0.0007697201837944534,-0.0005292328720197248,0.27762665420097365,0.47396423041928887,0.024966663537293154,0.010216907006642517,0.5615692023891741,0.11965279350427284,0.06719332381183105,-0.0644631217311977,-0.07904090712465597,0.4353410613578282,0.8252600887706855,0.6535495697351316,0.6547474026249501,0.9449042885622152
1994,0.40880929057986903,0.4689143370469777,-0.0003931869668720167,-0.000628734218586835,0.30483917637305236,0.4865852837274247,0.0272125221720787,0.012621053308135843,0.561741401042781,0.12683083737533593,0.07124613228265032,-0.06699612614792225,-0.08108041172169321,0.4360970678247235,0.8221452374380321,0.655256093437205,0.6569031657182457,0.9489707163017834
1995,0.40851265595289293,0.4682647962336501,-0.0002966346269761,-0.0006495408133276315,0.3312633194744377,0.5001678921569686,0.026424143101385356,0.013582608429543841,0.5617783476975772,0.1316672228169364,0.07396779488002726,-0.06908619986640974,-0.08220921870651211,0.43652425662029265,0.820038829609569,0.656571588523326,0.658661697818905,0.9517022198274097
1996,0.4086080793970982,0.46767662994964493,9.542344420526705e-05,-0.0005881662840051538,0.3554176334751571,0.5129670642780322,0.02415431400071938,0.012799172121063629,0.5618082427066292,0.13435129224917108,0.07547966340387158,-0.07072557249644168,-0.08246707607855731,0.4364590307273592,0.8189293651340106,0.6573890664603518,0.6602983136746113,0.9532771228424844
1997,0.40895910605364855,0.4671860213567146,0.00035102665655034615,-0.0004906085929303194,0.3772145131597396,0.5250428556135346,0.021796879684582493,0.012075791335502406,0.5620681039085527,0.12536269633889108,0.07046237303206417,-0.06870817870184165,-0.07882060210359385,0.4389533198984146,0.8254772147409387,0.6577562168971431,0.6617607628709774,0.9508393070685126
1998,0.40953568843978555,0.46706563651714356,0.0005765823861370034,-0.00012038483957105273,0.39601654237038636,0.5362648953175666,0.018802029210646776,0.011222039704032016,0.5630943359133578,0.11067039204622728,0.0623178709145413,-0.06500049821471166,-0.07346269513872587,0.4426310723698231,0.8360931323367802,0.6581573033170337,0.6633756550490806,0.9467627905994542
1999,0.40993911384317755,0.46696709853519325,0.0004034254033919993,-9.85379819503085e-05,0.4121981904166946,0.5475941236248506,0.016181648046308228,0.011329228307284,0.5643781013988775,0.0956565014057068,0.05398643464981186,-0.06164325395770425,-0.06846259395637351,0.4459613910890831,0.8470481303450303,0.6584955780644621,0.6646770955760475,0.9427002736123768
2000,0.4099097136832092,0.46640127857800956,-2.940015996832912e-05,-0.0005658199571836886,0.4259392276942454,0.5587579349703851,0.013741037277550827,0.011163811345534458,0.5652945514283735,0.0819276250472423,0.04631324005067281,-0.058750708147315714,-0.0639874195180894,0.44861347155958425,0.8564471896029049,0.6585907398474704,0.6652344969715338,0.9383667267357605
2001,0.40943040345390247,0.4654071854700885,-0.0004793102293067508,-0.0009940931079210347,0.43899950195694076,0.5704363324182459,0.013060274262695348,0.011678397447860811,0.5666531030170711,0.07014487891986144,0.039747813300696225,-0.05634708364112753,-0.059605593854376256,0.45052071991890075,0.864167659258239,0.658418618309112,0.6654554522067716,0.9343033242133568
2002,0.40883092714516206,0.46398797705352607,-0.0005994763087404098,-0.0014192084165624563,0.45045020970884364,0.5818840286724154,0.011450707751902878,0.011447696254169526,0.5672130462596616,0.060827120797116316,0.034501936482536764,-0.05406044250287517,-0.05563987377259177,0.45191174350126523,0.869809226048558,0.6581088495441532,0.6655002906385546,0.9306286134027084
2003,0.4082449529739624,0.4624855612049795,-0.0005859741711996547,-0.0015024158485465455,0.46042758681052287,0.5929702500769978,0.00997737710167923,0.011086221404582375,0.5665352413614599,0.05660305471767086,0.032067625266271584,-0.05392307559826417,-0.05385482763421097,0.45162970215470954,0.872607676729388,0.6578699822085651,0.6657330876101414,0.9292054069808546
2004,0.4075693303138653,0.46105772655348903,-0.0006756226600971305,-0.0014278346514904894,0.46879397518971544,0.6029831208040146,0.008366388379192569,0.010012870727016843,0.5654177236562078,0.05454352266964451,0.030839874428061166,-0.05472549110599393,-0.053005749952628425,0.4509651252507565,0.874299057956403,0.6578554650781615,0.66607306212957,0.9288338657654361
2005,0.40703882881323716,0.4597057969188847,-0.0005305015006281111,-0.001351929634604343,0.4764706858746153,0.6125679628155162,0.0076767106848998345,0.00958484201150156,0.5645035145261748,0.0557152343920842,0.031451445626981135,-0.05679088567462481,-0.05385229001892597,0.44977120786645525,0.874478336485844,0.658375253092419,0.6664298997273446,0.9301730114525638
2006,0.40644304115127033,0.45848553117947677,-0.000595787661966829,-0.001220265739407922,0.4833022731127006,0.6204923708894947,0.0068315872380853015,0.00792440807397854,0.564074677682805,0.06025989680467339,0.03399108186729523,-0.061028012113734924,-0.05664076532203465,0.4470547565097943,0.872974291794446,0.659062615050605,0.6665449271799524,0.9331902370444058
2007,0.40626005840836604,0.4573179183279274,-0.00018298274290429184,-0.0011676128515493711,0.48961159691208983,0.6269627604844614,0.006309323799389255,0.006470389594966708,0.5638326987760532,0.06545190142091499,0.036903922218178696,-0.06508217700349955,-0.059797693146111774,0.44425864166201356,0.8709492828524033,0.6597623783312251,0.6665181350859648,0.9363279124775169
2008,0.40624247970707356,0.45617446278875173,-1.757870129248662e-05,-0.001143455539175664,0.4949020153320382,0.6311393461257643,0.005290418419948373,0.004176585641302855,0.5635848621410493,0.0709422507647373,0.03998197861722022,-0.06880558310307272,-0.0627171177835646,0.4417700883462228,0.8689059769065065,0.6604789754511295,0.6664525949541605,0.939751590692358
2009,0.4058987137438485,0.4551471061877277,-0.00034376596322505115,-0.0010273566010240431,0.49887552815371833,0.6336141090722379,0.003973512821680125,0.002474762946473641,0.5631003620125627,0.07582580720913965,0.04269753948936132,-0.07153221649223793,-0.06504180307943333,0.43994570279605977,0.8665693651294059,0.6610604285906908,0.6659236637976222,0.9422808429151435
2010,0.40534218086402835,0.45421490782086754,-0.0005565328798201596,-0.0009321983668601486,0.5016574215350472,0.6348507280250967,0.0027818933813288926,0.001236618952858759,0.5624148820794299,0.07922052097495334,0.04455479996239939,-0.07321711450993222,-0.06640661808575389,0.43895592255064564,0.8651761149935793,0.6616928142944325,0.665230948292776,0.9442697251091751
2011,0.4050182591078707,0.45378350498022807,-0.0003239217561576413,-0.0004314028406394721,0.5037553621391079,0.6352386551169018,0.002097940604060655,0.0003879270918051292,0.5618260683278042,0.08087876515506034,0.04543979863827537,-0.07441157187501482,-0.06723513623281638,0.43863510741574663,0.8646267675098953,0.6622546321617507,0.6648993298242954,0.9453676115222128
2012,0.4048961663560906,0.4539610839064824,-0.0001220927517801007,0.00017757892625430705,0.5053329667397249,0.6352323940894645,0.0015776046006170663,-6.261027437282074e-06,0.5611506393901212,0.07975559125125015,0.04475490102557618,-0.07436084938967515,-0.0667532327454678,0.43966156616736857,0.864596707273028,0.6627201576007055,0.6647702532641472,0.944203641686603
2013,0.4051093553161997,0.45445777715151975,0.00021318896010907862,0.0004966932450373718,0.5066771237563564,0.6349575811921282,0.0013441570166314865,-0.0002748128973363295,0.5603173937640222,0.0772946435184914,0.043309533208200274,-0.07453034138186404,-0.06607138720780023,0.4412151214199599,0.8655514465343449,0.6632607955515986,0.6648502496127877,0.9426833427354864
2014,0.40549813032947296,0.45475024041113277,0.00038877501327327924,0.00029246325961301833,0.5077682504252518,0.6341260845769201,0.0010911266688953258,-0.0008314966152080938,0.5594532068280719,0.07272390574979908,0.040685622284787545,-0.07317429813232029,-0.06362600298242849,0.44527081832679466,0.8667883621825613,0.6641906657023909,0.6654856524125128,0.9393357417129617
2015,0.4063934936152943,0.4552212795402113,0.0008953632858213489,0.00047103912907853207,0.5110281342205384,0.6353008935444887,0.0032598837952866333,0.001174808967568608,0.5579802289896999,0.0763898048941634,0.042624000827323795,-0.07529605874650647,-0.06407092719621495,0.4488087238300978,0.863490587791366,0.6654950488441332,0.666300361192277,0.9397097013413013
2016,0.40740739856348246,0.4553894750618934,0.001013904948188149,0.00016819552168212404,0.5125307400438629,0.634763322055639,0.0015026058233245099,-0.0005375714888496974,0.5563003323527661,0.08429113837749454,0.046891188293793205,-0.07940526282038235,-0.06633625086941533,0.45463396494852093,0.8636745491347957,0.6672599495940685,0.6677254038175396,0.9478182841128688
2017,0.40890009030926666,0.4565424063895771,0.0014926917457842026,0.0011529313276836817,0.5128123726088057,0.6330120626113347,0.0002816325649428464,-0.0017512594443043206,0.5546398478804356,0.09114271211469263,0.05055137998270346,-0.08223295934246577,-0.06921767594666607,0.46366492854822544,0.8693284024932749,0.669318517594408,0.6698301969210614,0.9603547105881527
2018,0.4103574073283003,0.45834114208500804,0.0014573170190336215,0.0017987356954309308,0.5112727583348238,0.630617332732795,-0.0015396142739819707,-0.0023947298785397253,0.5533185544180665,0.08585547033465425,0.047505424734454085,-0.0767173597379998,-0.06462979960491654,0.4785754698918347,0.8774030510448143,0.6709576460031548,0.6724961511575115,0.963174608166827
2019,0.41169248657466995,0.46058948464435,0.0013350792463696637,0.002248342559341976,0.5078757208292118,0.6279558150229174,-0.003397037505611933,-0.0026615177098775478,0.5525035610394876,0.0803571700298132,0.04439762259652738,-0.07057428717311555,-0.05949087260045747,0.4909468444873995,0.8850599794252817,0.6727328918019976,0.6752115364278475,0.9653516755783551
2020,0.4123983866913872,0.4624991447114707,0.0007059001167172285,0.0019096600671206776,0.5029465084866471,0.6254390404949713,-0.004929212342564715,-0.002516774527946075,0.5526297479425005,0.07477602776066726,0.04132345737351897,-0.06459383058535441,-0.054232992118384026,0.5009592968777089,0.8914210206643152,0.6744761424156825,0.6778217543652919,0.9661456738431287
2021,0.4120114507925559,0.46321325361569293,-0.00038693589883126434,0.0007141089042222437,0.4953979457017479,0.622826168590606,-0.007548562784899238,-0.0026128719043653215,0.5545701806810087,0.0675883339406234,0.03748247456537987,-0.05867384475766596,-0.0500125354157566,0.5067197531885637,0.8990547692346791,0.6763452862305959,0.6802946187538498,0.9666091185829989
2022,0.41115266868280986,0.4633213820648401,-0.000858782109746048,0.00010812844914714903,0.4868337463183441,0.6196431899506818,-0.008564199383403803,-0.0031829786399242277,0.5577257580068011,0.05769357072358454,0.03217719046393018,-0.05267695867189072,-0.04731159440913957,0.5088709965427564,0.9089439363120354,0.6777359658167158,0.6822185458627973,0.9666215666377111
2023,0.4101863824524463,0.4632491738223109,-0.0009662862303635444,-7.220824252918145e-05,0.4791557113567226,0.6168057925771199,-0.007678034961621505,-0.002837397373561923,0.5627488987654934,0.04591862515593925,0.025840655739330295,-0.04510696053237283,-0.04519292727030253,0.5074639292284161,0.9224995895415166,0.6782978042276187,0.6833411198682191,0.9684090328306048
2024,0.40923280566532094,0.46296721171646,-0.0009535767871253764,-0.0002819621058509081,0.47203237140868537,0.614082965571519,-0.007123339948037211,-0.002722827005600892,0.5684401927031302,0.035272968521130606,0.020050573023362925,-0.03855651528593097,-0.04390034291930909,0.5021486704028846,0.9323422505914235,0.6778111783759981,0.6836241698306622,0.9675949729018744
2025,0.4084118529705008,0.4623710972959248,-0.0008209526948201318,-0.0005961144205351987,0.4671253305900182,0.612238578184877,-0.004907040818667163,-0.0018443873866419436,0.5750717193991695,0.026961533907234516,0.015504815661672361,-0.03282833654921588,-0.04352122191542614,0.49348664298170253,0.937113590782497,0.6765597295450727,0.6830885826322467,0.9640244216044531
2026,0.4079999697118688,0.46200953847692144,-0.0004118832586320065,-0.0003615588190033492,0.4643702454575669,0.6110900837195398,-0.002755085132451318,-0.0011484944653372686,0.5809610411875383,0.020970359133339066,0.012182961676181268,-0.02773594804148226,-0.04237270870557233,0.48432012455094225,0.9383275797987886,0.6747741989418399,0.6819834739942622,0.9592029819175167
2027,0.4080189039883747,0.46197105967183594,1.893427650589974e-05,-3.847880508550672e-05,0.4630940999350872,0.6101688161268461,-0.001276145522479677,-0.0009212675926936198,0.5865276367858049,0.01658853019690249,0.00972963141413918,-0.023150154822878737,-0.04110887339869779,0.4761379383451561,0.9385883711402632,0.6731874572066343,0.6808757755097893,0.9550255987407661
2028,0.40823273667515375,0.46213994091948485,0.00021383268677904743,0.000168881247648911,0.4624481425347852,0.6096047486012258,-0.0006459574003019886,-0.0005640675256203265,0.5911052221742226,0.013375535810836517,0.00790634906716379,-0.01957457462591833,-0.04023954788195348,0.4693198877947992,0.9393256989860029,0.6718365234963489,0.6796968932698565,0.9524783399476289
2029,0.40840960166585444,0.4622113614570501,0.00017686499070068695,7.142053756525879e-05,0.4619025396547008,0.6089873911664693,-0.0005456028800844281,-0.0006173574347565491,0.5946592282748995,0.010851544802014957,0.006452971257556711,-0.015161105046715957,-0.0387039534426624,0.46316050461887426,0.9381809210480697,0.6703940104285473,0.6781204388729846,0.9487111808202395
2030,0.4087260134819211,0.4621679693081236,0.0003164118160666751,-4.339214892651322e-05,0.461689058340935,0.608796187429642,-0.00021348131376580648,-0.000191203736827239,0.5976205197989146,0.009028791501835508,0.005395791070482959,-0.011432636748973784,-0.03656266521157068,0.45854315680108787,0.9360811276962313,0.6694528831968415,0.6766903268117238,0.9446588512793687
2031,0.40896772309384827,0.4621391147188632,0.00024170961192715446,-2.885458926038531e-05,0.46133271364928863,0.6082577783940715,-0.00035634469164635973,-0.000538409035570564,0.5996463246623712,0.007667420015798423,0.004597740232116224,-0.007965743556566797,-0.03405958620156577,0.4555727029833675,0.9342297602711321,0.6688656225102683,0.6752715431643647,0.9412999196781054
2032,0.4090673044896488,0.46196468141122954,9.958139580051872e-05,-0.00017443330763367015,0.4605799470250477,0.6069291397666483,-0.0007527666242409525,-0.001328638627423162,0.6008746676717457,0.006695352178116095,0.004023067514970807,-0.005412847577201322,-0.03167961252365662,0.4550697937663593,0.9329955262954878,0.6691916415591431,0.6744079815241097,0.9389776483651547
2033,0.40899691816671685,0.46133299307399184,-7.03863229319368e-05,-0.0006316883372377013,0.46065548121567346,0.6060927354909345,7.553419062578115e-05,-0.0008364042757138535,0.5998928645743191,0.005874035597761111,0.0035237920413524358,-0.005873832437545327,-0.03243853874032353,0.45494574610514515,0.9344396435692942,0.6705656620837745,0.673891614522355,0.9395394174638028
2034,0.40937691155402567,0.46057708131308145,0.00037999338730881904,-0.0007559117609103883,0.4623598506196751,0.6054042800202262,0.0017043694040016488,-0.0006884554707082824,0.5936865546232853,0.005626018179742996,0.0033400913493795864,-0.013136177820921354,-0.03755595902501228,0.4546616395473065,0.9398633163658309,0.6718310318084975,0.6738696432456736,0.9449293765308359
2035,0.4099661951519086,0.4596528245986582,0.0005892835978829059,-0.000924256714423255,0.46508480305651256,0.6052337510871066,0.002724952436837458,-0.0001705289331195292,0.5857939344744952,0.005887358205583379,0.0034487787269093916,-0.021966675365924445,-0.04294251224669069,0.45505769710050675,0.9457027554990021,0.6725762578247232,0.6734703130468513,0.9512700117395841
2036,0.41078447475984214,0.4584168692998728,0.0008182796079335697,-0.0012359552987853961,0.46833151366043413,0.6051755682414688,0.0032467106039215654,-5.818284563785525e-05,0.5784143538807905,0.0061355358511491825,0.0035488820050548807,-0.030960485934855876,-0.04820505013973792,0.45547922580110756,0.950718472762113,0.673210283696113,0.6728062529071398,0.9566928576215317
2037,0.4116735219160336,0.4571675278769797,0.0008890471561914803,-0.0012493414228931243,0.47190851075984463,0.6055194207930621,0.003576997099410506,0.0003438525515933044,0.5724575875265387,0.006243636849377457,0.003574217288186418,-0.04029348827934936,-0.0524889127177543,0.4561492112196283,0.9537275956444471,0.67368995409007,0.6719812211133759,0.9598942163190037
2038,0.41233483245992386,0.4558202438964874,0.0006613105438902367,-0.0013472839804922754,0.4763245594721366,0.6071902537360117,0.004416048712291953,0.0016708329429495627,0.5670865175708409,0.006359040738728175,0.0036061262676164683,-0.04897854593882521,-0.056449522918447535,0.45721526587764383,0.9544489865649711,0.6743271413312867,0.6711616045522075,0.9607687271107826
2039,0.41307591823277007,0.4546986814779402,0.0007410857728462061,-0.0011215624185472173,0.481420675144988,0.6092133719938054,0.005096115672851398,0.0020231182577937767,0.5627254687270388,0.006361494103145589,0.003579774750996895,-0.05860374819184715,-0.06070441498661309,0.4572611207344455,0.9540731543167733,0.6748987403621786,0.6703301674614314,0.9604084132715842
2040,0.414400313361612,0.4540827217183742,0.0013243951288419153,-0.0006159597595659649,0.48665689965802383,0.610826933435327,0.005236224513035848,0.0016135614415215827,0.5589199728720727,0.006319429407125024,0.0035320553127972973,-0.06839136938857436,-0.06534640382545097,0.45640477410765806,0.9542085075532881,0.6754823491636626,0.6697013437835849,0.960501312410417
2041,0.4155786565692401,0.45387234706686846,0.0011783432076281075,-0.0002103746515057514,0.4899823356307423,0.6116796187086773,0.003325435972718449,0.000852685273350251,0.5544785843106312,0.006461922960661023,0.003582997895151687,-0.07768503912619311,-0.06793403313880582,0.4560882732664802,0.9551160836171801,0.6760701977812388,0.6689884380337728,0.9615519874688035
2042,0.4167390406706933,0.4539935874824978,0.0011603841014531935,0.00012124041562933119,0.49274989128702723,0.6127612309939217,0.002767555656284948,0.0010816122852443932,0.5483792707637574,0.006390712246388285,0.0035045341213354214,-0.08365079176374599,-0.0692544223692094,0.45818058453653104,0.9554829147543769,0.677040113465479,0.6685789136500585,0.9618465874166316
2043,0.4166091795042165,0.4540896445608986,-0.0001298611664767857,9.605707840082411e-05,0.49285308682061135,0.6118753716563258,0.0001031955335841217,-0.0008858593375958845,0.5382287694000765,0.009122381810655132,0.004909928335946553,-0.08666436731878988,-0.06939314359147213,0.4650814360373562,0.9536616701196012,0.6791151339017099,0.669748805483468,0.9627686829850284
2044,0.41516418691897683,0.45465100368806344,-0.0014449925852396683,0.0005613591271648177,0.49296206709875323,0.610209467015876,0.00010898027814187916,-0.0016659046404498001,0.5236324862491877,0.05397699183293878,0.028264106433733834,-0.09959513876476168,-0.08508132464805672,0.466523067076462,0.9324941074627014,0.6807669062833615,0.6728291723720364,0.9864532758358502
2045,0.4150939970825674,0.4570297210010632,-7.018983640943999e-05,0.0023787173129997674,0.49227279066849866,0.6106094215134736,-0.0006892764302545706,0.00039995449759766544,0.5124952905069095,0.11150439703677291,0.057145478352158705,-0.1193127804439851,-0.10966570942525634,0.4644893548308017,0.9092783044461549,0.6831811372220552,0.6772073009044086,1.0207159563676231
2046,0.4154372074553854,0.45967580016748777,0.0003432103728180369,0.002646079166424564,0.48938422528685255,0.6095569584107587,-0.002888565381646113,-0.0010524631027148956,0.5048762587833959,0.16244426548479526,0.08201425301878017,-0.13832901953703094,-0.13310858317877897,0.46313520723478746,0.8929392805752088,0.6861442074305414,0.6821235822875373,1.0552673334164409
2047,0.415189896850536,0.4619664256041869,-0.0002473106048494489,0.002290625436699112,0.48524339564444136,0.6082398226239565,-0.004140829642411192,-0.0013171357868022593,0.50054802192812,0.20676145236962948,0.10349403599460323,-0.15688452918675427,-0.15574486430915713,0.46133323288983547,0.8816865062769674,0.6892207988735894,0.6865619516801563,1.0883002261656742
2048,0.4150359826214752,0.4640043779472577,-0.0001539142290608031,0.0020379523430708035,0.4821631172927497,0.6073057851858421,-0.0030802783516916676,-0.0009340374381143768,0.49794942033245354,0.24474447263129206,0.12187036827632393,-0.1733344353829369,-0.17562734453920786,0.4592339907347302,0.8731576255630927,0.6922920722859395,0.6905274904522346,1.1177391472595393
2049,0.4152144288069451,0.4659843932389359,0.00017844618546991597,0.0019800152916782388,0.4810858491280159,0.6066590123862838,-0.0010772681647338023,-0.0006467727995582706,0.4964617921654038,0.2763060844848368,0.13717541388954754,-0.18697410077963386,-0.19209066609674608,0.45712627932875505,0.866847989396334,0.6951088942339492,0.6938473107089383,1.1429834386650448
2050,0.4151507297281775,0.4675574493782406,-6.369907876757619e-05,0.001573056139304696,0.47741344263901275,0.6061169174027808,-0.0036724064890031327,-0.0005420949835029942,0.4957334321888954,0.3011890009892899,0.1493094571979653,-0.197361829377467,-0.20501494289991834,0.4551755632812732,0.8627443765112578,0.6974281495573917,0.6964764405717219,1.163760266010853
2051,0.4151532840437394,0.4690904875765502,2.5543155618978908e-06,0.0015330381983095775,0.4732376242856888,0.6047436820174759,-0.004175818353323979,-0.0013732353853049828,0.4956761304879058,0.3181226912199838,0.15768582460432048,-0.20446697978685113,-0.21439823309078387,0.4543963421473748,0.8618316778067862,0.6994149217505096,0.698665293357728,1.1797722926685201
2052,0.4151836991477559,0.47057820728950817,3.0415104016467964e-05,0.001487719712957969,0.4707053168154293,0.6038233807296611,-0.002532307470259454,-0.0009203012878147288,0.4961977339477406,0.328683354863411,0.1630919358695656,-0.20938912675794752,-0.2213789384177165,0.4541261214128372,0.8627322738106613,0.7011463453048566,0.7005363662516761,1.1912384539816483
2053,0.41462517800283355,0.47146379279216516,-0.0005585211449223304,0.0008855855026569937,0.46970172388265935,0.602625879563446,-0.00100359293276997,-0.001197501166215087,0.4973849770190345,0.3314109344135899,0.16483881999716016,-0.21162122336746633,-0.22460472949800409,0.4552643682083655,0.864739581295596,0.7032604725033377,0.7018467744230732,1.1959903209091438
2054,0.4135746336577659,0.47140233482754457,-0.0010505443450676277,-6.145796462059261e-05,0.4689665625917233,0.6012488239599305,-0.0007351612909360372,-0.0013770556035155312,0.5000893657417356,0.3087188973421,0.15438703756429878,-0.20041592792466698,-0.21221149475683665,0.4630877449282493,0.8733346424951727,0.7048691183054697,0.7013097642175005,1.1819137427523239
2055,0.4126047178290794,0.47076779766817467,-0.0009699158286864962,-0.0006345371593698967,0.46820393060862686,0.5999476758705696,-0.0007626319830964512,-0.0013011480893608818,0.5064864550245697,0.2643816435744686,0.1339057214276019,-0.17786495007076936,-0.18818626297791136,0.47690949824738355,0.8872428820044821,0.7055868007909593,0.7003583010307839,1.1514400283133241
2056,0.4116715935780059,0.469629044901626,-0.0009331242510735027,-0.0011387527665486785,0.4676366633614499,0.5986863824151935,-0.0005672672471769835,-0.0012612934553761779,0.5133655459312125,0.22148432494561882,0.11370242139091367,-0.15524149245869,-0.16489032824824762,0.48785804853509157,0.8966856402064182,0.7052895499344972,0.6992801760287682,1.1179436996685308
2057,0.41133034063232665,0.46843042396347173,-0.0003412529456792712,-0.00119862093815426,0.46687720081673256,0.5979211112011268,-0.0007594625447173153,-0.0007652712140666651,0.5188032824412411,0.18447650267636265,0.09570701512177733,-0.1366416927633935,-0.14587968344596128,0.4946736686603712,0.903119395247866,0.7043798418698715,0.6982745202261035,1.0873274468912586
2058,0.41162180306806984,0.46718437239157223,0.00029146243574318387,-0.001246051571899498,0.46593694966144344,0.5974747304113796,-0.000940251155289118,-0.00044638078974723605,0.5229783062645641,0.15308224826739267,0.08005869491805252,-0.12286791104241221,-0.1317071316461147,0.4984447862248966,0.9100131687509444,0.7031586733224371,0.6972150608073365,1.0628223585252505
2059,0.4119794864217152,0.46601365067106615,0.0003576833536453883,-0.001170721720506085,0.46505241344456194,0.5971403368912346,-0.0008845362168815041,-0.00033439352014497103,0.525901949464924,0.1265603868510593,0.06655835417000702,-0.11296741066953678,-0.12044875346634197,0.5004336557834105,0.9166017499543723,0.7014306736905696,0.6956030379880799,1.0429440531190453
2060,0.41258056101721496,0.4650943771071823,0.0006010745954997398,-0.0009192735638838267,0.4642407857230907,0.596900454922794,-0.0008116277214712531,-0.00023988196844060283,0.5291129881551866,0.10589215907833469,0.05602891671214204,-0.10473009327243912,-0.11099425986002448,0.5025948340416464,0.9214272490216746,0.6999350358256077,0.6943763025888714,1.027181533519829
2061,0.4131747166050131,0.4646235611413611,0.0005941555877981286,-0.0004708159658212141,0.4644804292054535,0.5969039962906114,0.00023964348236282795,3.5413678174389673e-06,0.5283413412202498,0.09932845342683527,0.05247932830486726,-0.09832572184130445,-0.10316683998479134,0.5063264947223078,0.9181883045218915,0.6996150222584253,0.6940493993728016,1.017468769955343
2062,0.4133910869317024,0.4644256741280942,0.000216370326689308,-0.00019788701326689528,0.46441686635737134,0.5966956630167743,-6.356284808217705e-05,-0.00020833327383706912,0.5236964311356804,0.1266587123489924,0.06633071562940805,-0.10537425503130551,-0.10992197695428463,0.5028328804324925,0.9066368019158725,0.7005186046511043,0.6950921647092257,1.0332758190531162
2063,0.4136460774537237,0.4650763384254647,0.00025499052202132555,0.0006506642973704846,0.4649029158944712,0.5970399615724139,0.000486049537099853,0.000344298555639555,0.5195499888171408,0.15726305360009984,0.08170601773928128,-0.11668129898938202,-0.12157609760288055,0.49870342289533365,0.8986899415096276,0.7021606137727596,0.6972292942370512,1.0559381577142088
2064,0.41475588388929324,0.4676010642735759,0.0011098064355695159,0.002524725848111198,0.4663946080228441,0.5980428449005091,0.0014916921283729123,0.0010028833280951721,0.5159019876261501,0.18809194655898515,0.09703700908625205,-0.1298228732321407,-0.1349656553885309,0.49566808815486885,0.8936616994143078,0.7046498545211627,0.7000980609207615,1.0817276004748182
2065,0.4162044707883257,0.47046796872701213,0.0014485868990324335,0.0028669044534362365,0.46782500114021525,0.598958139804619,0.0014303931173711426,0.000915294904109909,0.5124562326386781,0.2145084711808377,0.10992620301041456,-0.14220714218440608,-0.14759633999337932,0.4936783956452252,0.8902405594410933,0.7072278483790065,0.7030837706262112,1.1046994698761508
2066,0.4174006967742249,0.4729654423206239,0.0011962259858992463,0.002497473593611743,0.46967436655080397,0.5999649643298826,0.0018493654105887214,0.0010068245252635721,0.5093951504528609,0.23830481591990083,0.1213913175591592,-0.15291726387170093,-0.15848887083013383,0.49195908779269465,0.8875792330382324,0.7092588841760826,0.7055352853702649,1.1258094798186211
2067,0.4183274201042405,0.4750711344505533,0.0009267233300155886,0.0021056921299294484,0.47135933926258966,0.6009053733090025,0.0016849727117856927,0.0009404089791199555,0.5063690698952629,0.25828954537451715,0.13078983685496454,-0.16232917933617325,-0.16827187717104167,0.4902692173963844,0.8856196344371006,0.7107639270511749,0.7073917575229915,1.1438148720538288
2068,0.4192249458921254,0.47685980760367125,0.0008975257878848786,0.0017886731531179256,0.4718415007613001,0.601098222636488,0.0004821614987104428,0.00019284932748553363,0.5036704781536345,0.27417357633285183,0.1380931362886595,-0.1700443801717002,-0.17634635548610414,0.4891695948508394,0.88415786923179,0.7120581569554854,0.7089758956694736,1.1582205059063913
2069,0.4203145329364972,0.4782489541875004,0.001089587044371787,0.0013891465838291595,0.4716844305013333,0.6009644622528053,-0.00015707025996680724,-0.00013376038368273502,0.5011628447019602,0.28570358258431955,0.143184020189499,-0.17614547015629248,-0.18272818892299217,0.4884514933660591,0.8831972555842436,0.7129126049850448,0.7103276056459176,1.1687733496028967
2070,0.4209811460329305,0.47903324641939105,0.0006666130964333439,0.0007842922318906376,0.4708882111414688,0.6003867098057568,-0.000796219359864514,-0.0005777524470484963,0.4992908754691623,0.2946944413963431,0.14713824564067587,-0.180762794930588,-0.18768766524568084,0.4877549974517268,0.8820572509119893,0.7129322241964,0.7107918624166014,1.1766106120725275
2071,0.4209058961807869,0.47915429302556756,-7.524985214363289e-05,0.00012104660617651142,0.4698957297323965,0.5997940547211535,-0.0009924814090722656,-0.0005926550846032663,0.49941603363030523,0.2972157081744612,0.1484342901091117,-0.1839410897585478,-0.19067772133532532,0.4865335684139198,0.8815837030377546,0.7130954443347517,0.7107940563939515,1.1786579356029412
2072,0.41910761260803653,0.4779450902646456,-0.0017982835727503588,-0.0012092027609219569,0.46891048350166387,0.5991842386074333,-0.0009852462307326504,-0.0006098161137202407,0.5031546656879153,0.27019827846458183,0.13595152447029693,-0.1727908548978911,-0.17846963781650838,0.49144939950611827,0.8924009065237936,0.7123394860540153,0.7089814349337004,1.162456538539955
2073,0.41655992331980635,0.47622281273944106,-0.0025476892882301816,-0.0017222775252045408,0.46819286325346704,0.5985074798182195,-0.0007176202481968263,-0.0006767587892138049,0.5087510224573314,0.23073927317149437,0.11738884114705926,-0.15259057835894935,-0.15550725100108526,0.5008557036981431,0.9045480648288756,0.711411517871705,0.7067848937269238,1.1351409377620942
2074,0.41476376239739476,0.4749158518099534,-0.0017961609224115826,-0.0013069609294876772,0.46362791238649365,0.5957543123351156,-0.004564950866973394,-0.0027531674831039465,0.5174101493480708,0.19373472196014127,0.10024031142330367,-0.12884493213314288,-0.13130144572410513,0.5098565535843094,0.9127632178501959,0.7101040798501096,0.7048725160626357,1.1063719903815135
2075,0.41224446120724567,0.47288946326915254,-0.0025193011901490925,-0.0020263885408008386,0.42257989601133605,0.5706199836438881,-0.04104801637515759,-0.025134328691227448,0.524408859655365,0.16138385406673358,0.0846311228779236,-0.10591883885784655,-0.11067570530673217,0.5134809189251738,0.9153519742510126,0.7048870307381659,0.6997431753456604,1.076602890801067
2076,0.4098666759959245,0.47128886954001814,-0.0023777852113211484,-0.001600593729134403,0.367798580126756,0.5334982359715835,-0.05478131588458007,-0.037121747672304584,0.5289813214709606,0.13425667618883855,0.07101927398667066,-0.08752950002558126,-0.09365806681006389,0.513291126234422,0.9138893205383434,0.6975374646598258,0.6924414539424527,1.048009255731134
2077,0.4079338689321548,0.469749785339362,-0.001932807063769748,-0.0015390842006561267,0.32062217080888045,0.504933524103608,-0.047176409317875534,-0.02856471186797549,0.5326244286974597,0.11204489494203887,0.05967784815697035,-0.07341728709854939,-0.08026270508448181,0.5122413918938648,0.913017365259473,0.6913142583861276,0.6859314832929615,1.0249352878078355
2078,0.40632043493554026,0.46908325677248014,-0.0016134339966145106,-0.0006665285668818743,0.28983618738979533,0.4869506370690485,-0.030785983419085117,-0.017982887034559525,0.5359143860058796,0.09425635839183935,0.05051333843471272,-0.06252668845489198,-0.06966006325984965,0.51190863051484,0.9137486321970466,0.6871127511657361,0.6815528759562514,1.0078959661994664
2079,0.4057018534935775,0.46978363481325763,-0.0006185814419627511,0.000700378040777494,0.27121021820635693,0.477142148735048,-0.018625969183438396,-0.009808488334000498,0.5403280737396955,0.08018407219163315,0.04332570527190982,-0.05341890976602891,-0.060712485775024,0.5138758105037416,0.9174013275094276,0.6861153264125618,0.680461990977757,0.9975059366063765
2080,0.4049413505755528,0.47029518945777554,-0.000760502918024708,0.0005115546445179087,0.26206234462727457,0.47175006993909135,-0.009147873579082366,-0.005392078795956656,0.5443579733139163,0.06877675912416306,0.03743917720792881,-0.047083451551362655,-0.05321685105886073,0.5165367816148249,0.9214208550249143,0.6864241022171507,0.680532966493375,0.9901421489127161
2081,0.40419214393108877,0.4703029406141797,-0.00074920664446404,7.75115640416768e-06,0.26275108943187225,0.4703520510276026,0.0006887448045976852,-0.0013980189114887742,0.5480354100907324,0.059254299601877766,0.0324734543819542,-0.0428011078989752,-0.04655760721617009,0.5197368451565761,0.9249574993891493,0.687318524029292,0.6812097764354754,0.9841747800657105
2082,0.403761549626572,0.47007667187595936,-0.0004305943045167515,-0.00022626873822034765,0.27029395044739096,0.4715692779798454,0.007542861015518709,0.0012172269522428003,0.5499723898550737,0.060777901522271124,0.03342616775057977,-0.04364383266543561,-0.04504914624114357,0.5195163818060301,0.9220818440501051,0.6883234077545427,0.6820377638530638,0.9828443775963502
2083,0.4036922762634097,0.4697551233258816,-6.927336316231436e-05,-0.00032154855007776595,0.2828256168590263,0.47447058218579147,0.012531666411635334,0.002901304205946087,0.5496524673371405,0.07854389721282264,0.04317184689730271,-0.05406935661969546,-0.05305117725573735,0.5122556001857373,0.9130303730548974,0.6895344409177858,0.6831557616727549,0.991571308336277
2084,0.4039490955281528,0.4695039294317206,0.00025681926474308003,-0.0002511938941610059,0.2981709761713208,0.4788656750989264,0.015345359312294526,0.004395092913134946,0.5490097864580227,0.09944051943710137,0.05459381834143788,-0.0663260248471863,-0.0627453925033577,0.5041164814405261,0.9036880381215829,0.6907324849297134,0.6842364615917077,1.0031278039704952
2085,0.4040811886718692,0.46921011742521357,0.00013209314371642744,-0.00029381200650702155,0.3148373956846139,0.484255748351174,0.016666419513293063,0.005390073252247607,0.5483356116069656,0.11905073601231791,0.06527975814357376,-0.078258417706887,-0.07215233273656703,0.49643354684149993,0.8954991310140146,0.691764756714813,0.6850926515471573,1.0145463894602784
2086,0.40431276401192856,0.46840534938373757,0.00023157534005935343,-0.0008047680414760006,0.3328310567777644,0.49077965469751633,0.017993661093150537,0.006523906346342312,0.5479839412682408,0.13445751747606874,0.07368056035967951,-0.08811377943912738,-0.07998624810109496,0.4902703829102265,0.8895130231702968,0.6928318541606185,0.6856271191272473,1.0239626532878157
2087,0.40472988958350115,0.46733514462128206,0.00041712557157258523,-0.0010702047624555067,0.35225774135806814,0.4976062025664722,0.01942668458030372,0.006826547868955868,0.5478263526457928,0.145461493126879,0.07968763923010919,-0.09535912193562916,-0.0862513686363751,0.48458593590165555,0.8858666980386315,0.6933741450094197,0.6853880410706017,1.0313157197424514
2088,0.4052415793969799,0.46522565834018414,0.0005116898134787662,-0.0021094862810979165,0.37139685765637037,0.5060930309842153,0.019139116298302228,0.00848682841774312,0.5479294345542165,0.1526931848360046,0.08366509042747447,-0.10083766757518436,-0.09099945937879132,0.4787257693515361,0.8833168095091503,0.6931611694230507,0.6841324411227905,1.0359934128646073
2089,0.40481719347480666,0.46255498613953294,-0.00042438592217325377,-0.002670672200651203,0.38738290631998,0.5158315331478489,0.015986048663609642,0.009738502163633589,0.5479723399016501,0.1558963916790622,0.08542691053059984,-0.10381740169633916,-0.0936678732754287,0.4736324100084063,0.881564079181585,0.6923106541934482,0.6820627562280259,1.037441634672099
2090,0.4045525454717391,0.4599547574722487,-0.0002646480030675802,-0.0026002286672842656,0.40150091670773874,0.5265934426052258,0.014118010387758728,0.010761909457376873,0.5476510622432887,0.1549077873829873,0.08483541431005051,-0.1039006024983135,-0.09416544252076944,0.46975334588139467,0.8807038191278685,0.6911202777927953,0.6795533945182728,1.0355919278602796
2091,0.40337743269538345,0.4563403742631682,-0.0011751127763556246,-0.003614383209080474,0.41376772211779733,0.537939815242391,0.01226680541005859,0.011346372637165203,0.5481892109393767,0.1477242064283677,0.08098081615861248,-0.100583512928551,-0.09166321844467656,0.4683238112801668,0.8820107551511374,0.6903593058834112,0.6758369176372708,1.0297147489118859
2092,0.4027444459192267,0.4524654307107825,-0.000632986776156752,-0.0038749435523857123,0.4223209117919348,0.5480423216369109,0.008553189674137485,0.010102506394519928,0.5492406033488808,0.1363889399800251,0.07491034368474328,-0.09526335395440902,-0.08756567648349033,0.4689608122900707,0.8853266692689213,0.6900753995466895,0.672302872832879,1.021695115587082
2093,0.40426316071889534,0.4504731259212261,0.0015187147996686412,-0.001992304789556365,0.421933046851733,0.5535631854565783,-0.00038786494020182083,0.005520863819667432,0.5507088016755078,0.12648215194137158,0.06965483432897225,-0.09106244557717508,-0.08519298092499622,0.46945099269289575,0.8894784582939025,0.6904753418564666,0.6695889450143209,1.0159358468691995
2094,0.4072291691644125,0.4500010084907297,0.002966008445517143,-0.0004721174304964104,0.380437761145314,0.5355338557100747,-0.04149528570641897,-0.01802932974650362,0.549870559747124,0.11844356548261477,0.06512862965037051,-0.08797176491839853,-0.08427644476082204,0.46767717829156774,0.8909760669616289,0.6884068068140997,0.6649402766517228,1.009388799337272
2095,0.4107777755976451,0.45061270674137544,0.003548606433232626,0.0006116982506457203,0.3265662123803979,0.5052116619646061,-0.05387154876491612,-0.03032219374546863,0.5476811217961308,0.11218727263376854,0.06144285132731072,-0.08566721895640281,-0.08384990321676264,0.46404193306627445,0.8898866740889033,0.6845234970829073,0.6587212986055118,1.0020348203807676
2096,0.4104809521488066,0.450074452668731,-0.0002968234488385235,-0.0005382540726444618,0.2767270945182776,0.4784812604088309,-0.04983911786212031,-0.02673040155577522,0.5445482802911787,0.10743176480424821,0.05850178277279974,-0.08414393604205543,-0.08338023464476235,0.45910071070746694,0.8865508500399842,0.6790426330699769,0.6514041398114786,0.9939337798435078
2097,0.40970888848823933,0.4501690897396445,-0.0007720636605672571,9.463707091350582e-05,0.24540703514514572,0.46385197418293367,-0.03132005937313187,-0.014629286225897209,0.5443479540463243,0.10518716866071354,0.05725842005238506,-0.0835560029324473,-0.08314768049071673,0.4551720523693367,0.8850863292794301,0.6752670175076014,0.6463826083799381,0.9902148500646707
2098,0.40788792641767174,0.4499093835738084,-0.0018209620705675889,-0.0002597061658360933,0.23499446544901517,0.4574779700312244,-0.010412569696130552,-0.006374004151709245,0.5465080141122735,0.10356180544451739,0.05659735663136483,-0.08321108101705998,-0.08290367983354235,0.45352269990524974,0.8854234299132734,0.6743830495591951,0.644319055426853,0.9889162118306315
2099,0.4054912450747899,0.4493912482418864,-0.0023966813428818456,-0.000518135331921965,0.23526136011800886,0.4574210538278273,0.0002668946689936835,-5.691620339715042e-05,0.5484521577312094,0.10368720137914912,0.056867469325504766,-0.08366789750845312,-0.08326017519547689,0.4525220548318945,0.8845323032996064,0.6744662274541874,0.6436447706993635,0.9881372068158606
2100,0.4037332383248764,0.4485427026976135,-0.0017580067499134988,-0.0008485455442729384,0.24996581436357287,0.4604228650717766,0.01470445424556402,0.003001811243949326,0.5495712431450378,0.10344258456164226,0.056849069791677434,-0.083317564374166,-0.0827589176007586,0.4535303181015454,0.8847127783915727,0.6759700046575923,0.6447678443629979,0.9880624234134655
2101,0.4027294727867633,0.44838420980139226,-0.0010037655381130994,-0.00015849289622121843,0.2682590792183632,0.46507501706945475,0.018293264854790298,0.004652151997678156,0.5505520022610149,0.10435553822227973,0.057453150515301976,-0.08356532165239595,-0.08326195131778766,0.45459476157343204,0.8851258837788131,0.6781274588482205,0.6463754080963426,0.9893800834777876
2102,0.4019883188444786,0.44832979507482823,-0.0007411539422846891,-5.441472656403379e-05,0.2862087995352791,0.4735169259316796,0.01794972031691594,0.008441908862224845,0.5508440495136473,0.10465433344153768,0.05764821683208814,-0.08326145163170115,-0.08338210281303793,0.4558566700786945,0.8857323696494518,0.6802339188793385,0.6480717371647523,0.9902817700114818
2103,0.40119531187161056,0.4480797186768485,-0.0007930069728680489,-0.00025007639797974823,0.3029544858355689,0.48422596012903696,0.016745686300289775,0.010709034197357359,0.5512600207797317,0.10481156884880662,0.057778427621549416,-0.08290956024819526,-0.08344520247257613,0.45686855117776576,0.8859323629985566,0.6817774940135839,0.6495377290310452,0.9906393581845342
2104,0.4006798444644031,0.44756777450391366,-0.0005154674072074816,-0.0005119441729348195,0.3192062566843608,0.49714967296184825,0.016251770848791924,0.012923712832811296,0.5518705735835456,0.10458710320752802,0.05771854463657997,-0.08237712060446867,-0.0833105764455626,0.45772267488615326,0.8863065824295405,0.6828893033292087,0.6509699324313639,0.9907895105419363
2105,0.40007703869052164,0.44708448437225895,-0.000602805773881443,-0.00048329013165471224,0.33706447976769277,0.5110658372187543,0.01785822308333196,0.01391616425690606,0.5525146066581752,0.10435448066065854,0.05765737483524191,-0.08166985573958559,-0.0833692390124504,0.4584738075343131,0.8865132697093566,0.6840068255681903,0.652336946749327,0.9907645780740123
2106,0.39960092154500415,0.44698185955662967,-0.0004761171455174851,-0.00010262481562928194,0.35946002017870227,0.5249633639161824,0.022395540411009496,0.013897526697428053,0.5532439054409051,0.10523571860842043,0.058221019954802646,-0.08245933389086767,-0.08434013237952337,0.45830661323647226,0.8862513092705556,0.685140905799477,0.6535983999873208,0.9913828461995835
2107,0.39975028218387687,0.4472392550090193,0.00014936063887271978,0.00025739545238961936,0.3822737496029721,0.5377931403292189,0.022813729424269846,0.012829776413036509,0.554061080027553,0.10513397542719827,0.0582506439727837,-0.08382300060345518,-0.08513968980547451,0.4584939797699422,0.8877323034762216,0.6863110891213261,0.6551813672340671,0.9927618855102227
2108,0.40018302556382296,0.44784315747129866,0.0004327433799460878,0.0006039024622793709,0.40156900596912465,0.5490493822820016,0.019295256366152536,0.011256241952782742,0.5547633981572283,0.10553700345539334,0.058548066668245156,-0.08559675063458046,-0.08645593110294487,0.458668607351463,0.8899376925293134,0.6872147714430713,0.6569415674595044,0.9953692424206966
2109,0.400482597943937,0.4481479763515442,0.00029957238011402154,0.0003048188802455276,0.4165656182211913,0.557753087013617,0.014996612252066666,0.008703704731615414,0.5554629564300324,0.10644820802529201,0.0591280363364078,-0.0874654527734244,-0.08779048312654711,0.4589289963683502,0.8926424719047897,0.6878726150292659,0.6588266928469317,0.9989854382364517
2110,0.40122535425459227,0.4488396029471857,0.0007427563106552904,0.0006916265956415368,0.4286955842041611,0.5643975904699613,0.012129965982969781,0.006644503456344264,0.5558375448108076,0.10747357526221185,0.05973784820578738,-0.08889873571829449,-0.08911692911286709,0.4588385293121489,0.8954243534714906,0.6880330776691064,0.6606852668739028,1.0027926944938272
2111,0.4029764063208502,0.45010094035225223,0.0017510520662579188,0.0012613374050665094,0.43761161089625966,0.5693822431672156,0.008916026692098566,0.004984652697254344,0.5561127460603916,0.10893642661439311,0.060580935350536484,-0.09035032475089537,-0.0904587428429945,0.4584724695306604,0.8976748075120371,0.6882213324134662,0.6623609033493193,1.0065089724060199
2112,0.4045088164859102,0.4511587408955124,0.0015324101650600053,0.0010578005432601567,0.44680222798916397,0.5749575846782298,0.009190617092904307,0.005575341511014131,0.556276745426143,0.10962274799940717,0.06098058548178045,-0.09130903070722814,-0.09079696241219243,0.458384682625277,0.8992776671731498,0.6881213875764304,0.6637751106483596,1.008802061072232
2113,0.4047540656027349,0.45145839264362325,0.0002452491168247195,0.0002996517481108629,0.45243354476521663,0.5796395512565548,0.005631316776052664,0.004681966578324981,0.5560233535590713,0.10939720090740974,0.060827398518513445,-0.09147689389395879,-0.09049879656671919,0.45841561673119063,0.8999256532736185,0.6875909224123147,0.6645392377541034,1.0092293656523625
2114,0.40439679985938115,0.4511949526630957,-0.00035726574335376293,-0.0002634399805275245,0.4564792845436543,0.583524912312914,0.00404573977843764,0.003885361056359282,0.5555238684793292,0.10805477145581553,0.06002700464678445,-0.09113010308139577,-0.0899958944539375,0.4586935288963641,0.9007474842467375,0.6870401610680695,0.6648195597251079,1.0087144341766503
2115,0.4038112694927918,0.4508692676541107,-0.0005855303665893707,-0.0003256850089850549,0.45931292471970164,0.5865584599767145,0.0028336401760473695,0.0030335476638004844,0.5549753777670452,0.10650194582985399,0.059105957619848604,-0.09040170558425588,-0.08936823891106926,0.4590062727212685,0.9008494738380798,0.6864100374092258,0.6648199343567398,1.0072656077768751
2116,0.4030921419434248,0.4505746808070624,-0.0007191275493669824,-0.00029458684704825044,0.4611557742796948,0.5886181205766612,0.0018428495599931427,0.0020596605999466666,0.5542822567413204,0.10445424824959923,0.05789713644600598,-0.08947826417404114,-0.08864300121843066,0.45926880759210387,0.9009154021039416,0.6857740002936189,0.664693747408195,1.005278731843083
2117,0.4024661468368878,0.4507767524153443,-0.0006259951065369918,0.0002020716082818952,0.4625401258779322,0.592157979539272,0.00138435159823741,0.0035398589626107757,0.5538421029393491,0.10232565130154368,0.056672253901485496,-0.08834995250550304,-0.0878607804277826,0.45954397662365026,0.9012075849933119,0.6850299811160122,0.6647778550028428,1.0034357565466108
2118,0.40187855662234145,0.4508648780396194,-0.0005875902145463519,8.812562427507054e-05,0.46290982888988036,0.5959077338864482,0.0003697030119481637,0.0037497543471762818,0.5539492069350131,0.09863928226381494,0.05464115218267919,-0.0859765369614539,-0.08655028570116365,0.45987333119019447,0.9012051557862121,0.6835959746145176,0.6644109285771905,0.9997454502756947
2119,0.40131792476526834,0.45100117771561654,-0.0005606318570731128,0.00013629967599715354,0.4625853271015586,0.5990707027733275,-0.0003245017883217738,0.0031629688868792805,0.5550544252816558,0.09406037278281212,0.052208626156742086,-0.08266700402389167,-0.08506768358052076,0.46050279692554086,0.9007991413909334,0.6819992390530928,0.6638776045820717,0.9947627309212258
2120,0.40100449398192467,0.4511048202661194,-0.00031343078334367114,0.0001036425505028804,0.46245962020495407,0.6015810840522416,-0.00012570689660451606,0.00251038127891412,0.5561513133466538,0.08978809568044369,0.04993576733557377,-0.07972748150026476,-0.08390791628994555,0.4610893073818011,0.9004099549247769,0.6807115292900757,0.6632811316296361,0.9901033419567227
2121,0.40084283254726005,0.45158373668166174,-0.00016166143466461724,0.0004789164155423187,0.4631402672025052,0.6037493216674747,0.0006806469975511042,0.002168237615233104,0.5569815107112672,0.08386955918184495,0.04671379377579203,-0.07706341957329332,-0.08274407637416505,0.4617518026661413,0.9006925532505736,0.6794922245355485,0.6629309242806135,0.9844725024872386
2122,0.4003017029048649,0.4523017779318755,-0.0005411296423951661,0.0007180412502137412,0.46471808294406824,0.6058589272737082,0.0015778157415630711,0.002109605606233411,0.557474312632769,0.07750381514920326,0.04320638607671928,-0.07507782881865599,-0.08154432742192352,0.4625699900053553,0.9025478746093394,0.6787067146951665,0.6630388922970141,0.9799679353215093
2123,0.4009976525550441,0.45359760768768653,0.0006959496501792173,0.001295829755811051,0.4671435998497093,0.607753205109445,0.0024255169056410786,0.0018942778357368129,0.5579417717219769,0.07133898337252785,0.03980299877571284,-0.07311309462864005,-0.08025774834280636,0.4641447096094882,0.9050999992069927,0.6784385068421809,0.6638474596425281,0.9763589566250399
2124,0.4019018064440094,0.45476639146650627,0.0009041538889653089,0.0011687837788197375,0.46936285001869316,0.6102195519567605,0.002219250168983833,0.0024663468473155037,0.5585647721724614,0.06566505018738483,0.03667818379760985,-0.0711608445096867,-0.07930444124588415,0.46528630973249996,0.9075038808165334,0.6781297514927018,0.6641613291383196,0.9730895651885049
2125,0.40260265186595456,0.4557161846009346,0.000700845421945151,0.0009497931344283339,0.4717296372059589,0.6129262896074018,0.0023667871872657398,0.002706737650641333,0.5592421651552042,0.06025004832553111,0.0336943674762757,-0.0686751843464487,-0.07708821124948416,0.4667444480491891,0.9102375261987269,0.6778178395758006,0.6644680987538154,0.9704088848198069
2126,0.40303377335564633,0.4562117906738402,0.0004311214896917659,0.0004956060729056078,0.47288218003825744,0.6147767545585473,0.001152542832298542,0.0018504649511454918,0.5600133633695362,0.05636367852964142,0.03156441318526381,-0.06685429832604799,-0.07529622487603949,0.4677894815879592,0.9124689010920867,0.6775166765724293,0.664693714990855,0.9687511220415546
2127,0.4029719207204253,0.4564001361029856,-6.18526352210158e-05,0.00018834542914536456,0.47200737212135946,0.6149644961157716,-0.0008748079168979794,0.00018774155722434127,0.5608786007318082,0.05268806678383139,0.029551609172979408,-0.06523583441253704,-0.07364741219130509,0.4684802945535644,0.9156022288234067,0.6771609909786217,0.6647753311184101,0.9682072166042317
2128,0.4027413823133528,0.4563612470089226,-0.00023053840707248918,-3.8889094062966034e-05,0.4718379864688766,0.6151720973170436,-0.0001693856524828674,0.00020760120127194526,0.5615360569949046,0.04856877485600461,0.027273118325714094,-0.06371511838035701,-0.07184796659800578,0.46927395847866926,0.9193066914169548,0.6767668037819954,0.6649852957681598,0.9677922601119632
2129,0.402793794628675,0.45629142220217744,5.241231532215895e-05,-6.982480674516678e-05,0.47153407022314064,0.6154349381236758,-0.0003039162457359468,0.0002628408066321919,0.5616834094699548,0.04385624207053676,0.024633323572718756,-0.06174849111392739,-0.06939100933871338,0.47004513698724437,0.9229591534077988,0.6761013239958406,0.6651498093110528,0.9667332058974266
2130,0.4028411840110388,0.45605501325264,4.738938236381607e-05,-0.00023640894953746994,0.471630440967019,0.6162583318922469,9.637074387836009e-05,0.0008233937685711012,0.5613240842142456,0.039021642658205256,0.021903787829652608,-0.05857931799676417,-0.06655296038590085,0.4707980836893483,0.925763484404268,0.6754526380190351,0.6652452827708265,0.9647034706922987
2131,0.4035457269619142,0.4559054384157919,0.0007045429508754086,-0.0001495748368480765,0.47248103497679567,0.6171877451067074,0.0008505940097766618,0.000929413214460495,0.5610437986304065,0.03441130907278885,0.01930625155804243,-0.055240039653841305,-0.06422043745918164,0.47100253361790245,0.9284358036538173,0.6748108578806574,0.6652897623710065,0.962763442376631
2132,0.40422580769483246,0.455869942093969,0.0006800807329182534,-3.549632182286988e-05,0.47251346904726965,0.6178647197353457,3.243407047398561e-05,0.0006769746286383604,0.560725793150392,0.03034905099019834,0.017017495687840653,-0.052124002046742765,-0.06261264070470693,0.4709089055341984,0.9315095657160947,0.6743233045234666,0.6655731953769574,0.9617702907700796
2133,0.404457935110405,0.45529588696036866,0.00023212741557254724,-0.0005740551336003707,0.47289951251472023,0.6182262371317512,0.0003860434674505808,0.0003615173964054419,0.5604002440111554,0.02677620604741546,0.015005392402664599,-0.049461149191555025,-0.06149646494703084,0.470278921097818,0.9349111663757699,0.6734969313322835,0.6656930567058357,0.9615928359585185
2134,0.40438402422064146,0.4546559365911085,-7.391088976355098e-05,-0.0006399503692601782,0.47419464647166293,0.6190371434413935,0.0012951339569426956,0.0008109063096423119,0.5601153785434081,0.02383453732060988,0.01335009089374039,-0.04747318516137518,-0.06054687921300935,0.46943860826150824,0.93813461537171,0.6726598904632971,0.6658486401781422,0.9618658102327547
2135,0.40463192656206787,0.45438360758666774,0.0002479023414264092,-0.00027232900444074115,0.47572285819096793,0.6197990394947194,0.001528211719305006,0.0007618960533258834,0.5598243321732399,0.02147998851856716,0.012025020227495721,-0.04567528038582571,-0.05988685631838866,0.4686579583710439,0.9405870374021453,0.6718994552471987,0.6661393093260894,0.9619514075444475
2136,0.40472765572730507,0.4542070955837436,9.572916523720165e-05,-0.00017651200292412295,0.4757950556546251,0.6203097148869079,7.219746365716428e-05,0.0005106753921885199,0.5594969566586092,0.01959328927874364,0.010962385722388822,-0.04405368038232125,-0.05905303829125244,0.46820539310164533,0.9423887171143328,0.671042745589092,0.6664147477889995,0.9618529938712355
2137,0.40465434932222233,0.4541685270783865,-7.330640508274033e-05,-3.85685053571061e-05,0.4756957426300472,0.6209425782930089,-9.931302457788505e-05,0.0006328634061010252,0.559134643243186,0.018140516912206358,0.010142991451953484,-0.04272048758776039,-0.05818695838582531,0.46796403308531553,0.9437334083495762,0.6702559934173777,0.6666905043414529,0.9617301747065569
2138,0.4049710243873491,0.454316875334406,0.00031667506512678134,0.00014834825601950374,0.4758259276742201,0.6215015666182779,0.00013018504417289245,0.0005589883252690164,0.5588741677590775,0.017067843875116395,0.009538777041147544,-0.0416977342217402,-0.05732987930234499,0.4678145007582074,0.9446390221985809,0.6696344398276123,0.6669010453875706,0.9615482139442687
2139,0.4054692130135903,0.4546816734033526,0.0004981886262411805,0.0003647980689465702,0.4763426648965499,0.6222643877565964,0.0005167372223298106,0.0007628211383184924,0.5587044497897754,0.01622143318566015,0.009062986902795857,-0.04096938950383438,-0.056622424268930736,0.4678728026528881,0.945635849663514,0.6693463074797961,0.6671748833174259,0.9616827010555581
2140,0.4060199767419672,0.455163856715821,0.000550763728376924,0.0004821833124684094,0.47692662568523675,0.6227625621228561,0.0005839607886868325,0.0004981743662596516,0.5584813394933139,0.015548175296550787,0.008683365766294537,-0.04049626612446064,-0.055986479448573594,0.46796462213945444,0.9464501091471119,0.6691718103640512,0.6673499493869433,0.9618074697783662
2141,0.40641345853180383,0.45563966191631255,0.00039348178983661386,0.0004758052004915636,0.4776912371772313,0.6231655320320205,0.0007646114919945268,0.0004029699091644412,0.5582289860232887,0.015028756891405488,0.008389487720679798,-0.040115373967088655,-0.055405019309247655,0.4681396268841496,0.9469067733492679,0.6690411655885625,0.6675889192955334,0.9617276786015437
2142,0.4067050115502874,0.45599987560170313,0.000291553018483548,0.00036021368539057574,0.47885255595006615,0.6236841162688055,0.001161318772834874,0.0005185842367849691,0.5577855121985669,0.014571196275772039,0.008127602178027356,-0.03970188942364581,-0.05487042856109804,0.4682282748451795,0.9469268674724381,0.6689002708577261,0.6675715933551235,0.9612742359311166
2143,0.40693081542221926,0.4563984096813104,0.00022580387193188445,0.00039853407960727116,0.4799850165941803,0.6243352678632119,0.0011324606441141527,0.0006511515944064294,0.55744411208278,0.014178801137444312,0.007903889210460955,-0.03936267790013494,-0.05443630206005821,0.46830973506809437,0.9465889924994724,0.6689033683312732,0.6673646732943743,0.9605279231317889
2144,0.4073560575601696,0.4570268284777972,0.0004252421379503657,0.0006284187964867849,0.48129069619222986,0.6249282293942449,0.0013056795980495584,0.0005929615310329428,0.5573087853250048,0.013808916301779273,0.007695830370799264,-0.03917478016775515,-0.05406539849325516,0.4684340599645473,0.9463095206577772,0.6689049052501294,0.6672834231811932,0.9598592040880239
2145,0.40813144086870573,0.4577994103338104,0.0007753833085361039,0.0007725818560131992,0.48244588625063184,0.625456709662677,0.001155190058401978,0.0005284802684321077,0.5573262654615603,0.013427945423646226,0.0074837466757824,-0.0390102390305691,-0.05370811710849039,0.46869261012656305,0.9459854370630786,0.6689438998536442,0.6673652687953885,0.9591353142022425
2146,0.408789864081764,0.45869247229231963,0.0006584232130582568,0.0008930619585092447,0.48349062984223656,0.6258601942684285,0.0010447435916047243,0.0004034846057515695,0.5575382243805769,0.013032130343499725,0.007265910811611074,-0.03893082092791937,-0.05310960163751282,0.4692120842355419,0.9454432606549268,0.6690103569458937,0.6677229887215882,0.9581791567335308
2147,0.4094274862558051,0.4596107509404849,0.0006376221740411192,0.0009182786481652938,0.48477180588702695,0.6259709575892664,0.0012811760447903886,0.00011076332083781448,0.5580037377404989,0.012702290953889972,0.007087925830137932,-0.039540430082166914,-0.05235572851474294,0.4698789433905511,0.9445125060936058,0.668982965276502,0.6683573657128044,0.956902135854031
2148,0.4101846843657166,0.4607378996645802,0.0007571981099114833,0.0011271487240952505,0.48451850585724004,0.6248290423459252,-0.000253300029786907,-0.0011419152433411739,0.5587976756528006,0.01237770163958244,0.006916630906122527,-0.03992134104743981,-0.05141687906336143,0.47057282709193804,0.9435879355730851,0.668702550420429,0.6690160113156819,0.9556301319886048
2149,0.41091144073506963,0.461270769775803,0.0007267563693530432,0.0005328701112228273,0.48454785433768505,0.6247337192249177,2.9348480445001712e-05,-9.532312100746232e-05,0.559549098950462,0.011982453663710996,0.006704771150745151,-0.04035448478366276,-0.05052471627345346,0.47143913468027304,0.9421391794217134,0.6682270913692393,0.6696766123241283,0.9537522679232397
2150,0.41154916918840456,0.4618925270321248,0.0006377284533349292,0.0006217572563217977,0.4846337908939655,0.6253746124105665,8.593655628047481e-05,0.0006408931856487499,0.560054715226071,0.011660432747402697,0.00653048034175937,-0.04020073794621101,-0.049519382813242516,0.4727490514665967,0.940183895467988,0.6679415339011597,0.6701771457227282,0.9514484518602351
